[{"pk": 1, "fields": {"name": "Web"}, "model": "scoreserver.category"}, {"pk": 2, "fields": {"name": "Network"}, "model": "scoreserver.category"}, {"pk": 3, "fields": {"name": "Binary"}, "model": "scoreserver.category"}, {"pk": 4, "fields": {"name": "Forensics"}, "model": "scoreserver.category"}, {"pk": 5, "fields": {"name": "Crypto"}, "model": "scoreserver.category"}, {"pk": 6, "fields": {"name": "Misc"}, "model": "scoreserver.category"}, {"pk": 0, "fields": {"category": 5, "solved": 2, "problem_url": "http://example.com/BKCCbRyNakDECUgxeToXswEULDvYtf", "description": "Question_desc:DYmIKakJwuangMqAxYGmOTItUwvFrnNKevyVSAksAltOcPSGdBGtnzYKAnJqkRnzdlUEoQbYamlQKtUASdjsmEMRVoZySxkRHQND", "title": "Question_title:guOwEfOOBbzuBwK"}, "model": "scoreserver.question"}, {"pk": 1, "fields": {"category": 1, "solved": 10, "problem_url": "http://example.com/hOYLhWABNWTdiOmWdMulEUtfFNmwlv", "description": "Question_desc:UyuhRJtGgxGNsuOkcTHbAhuBEZwyEtDBQmrIdpfhMYbqxIMwkfBElGwrNRXBrcXtvVrSwFDZjQuCHWIXnnkuvXlxBTmcPkHkDeaF", "title": "Question_title:dqctMGiMLiRwppw"}, "model": "scoreserver.question"}, {"pk": 2, "fields": {"category": 2, "solved": 0, "problem_url": "http://example.com/BQNndBzUfIcAhRcMSfwbJwpXkaiEkS", "description": "Question_desc:hRAKKbhrLHPebWVULPJpyaOyhbijrVIZngOexiXxKjcoCuwEOshSkTChdpholgmIrdJhKgbIQiWkchIDgzAxsQVUjEcjFHladxLe", "title": "Question_title:BtyLbWvWCAxwPnS"}, "model": "scoreserver.question"}, {"pk": 3, "fields": {"category": 1, "solved": 13, "problem_url": "http://example.com/cIXldjhmZlopoxilGkrtiswHtyZDPi", "description": "Question_desc:KPiOgTlFliIjjVdhbkVujeLpkKHbFtOXQrTpAXgcaGSSdmsbVhIeCVfMVaSCPBokcGQTONdRruTzGmABixjcQKbZbqzDwukswYeG", "title": "Question_title:riUSrUFFPXfvthA"}, "model": "scoreserver.question"}, {"pk": 4, "fields": {"category": 4, "solved": 20, "problem_url": "http://example.com/XIPgDyHYjyuLxpqhwjjegGUnwWlHHj", "description": "Question_desc:egzWMkwsHCIvmmuPmnQudGxlowOVUUyKKnbkhRMAbNBjjyVywJZqXZvDSjAMtbvwCEfiPCeXSCOdezHPzlSJCMHtSFNrkZDQIWFf", "title": "Question_title:spsgoQmcAzavxAs"}, "model": "scoreserver.question"}, {"pk": 5, "fields": {"category": 1, "solved": 20, "problem_url": "http://example.com/RvRFKbejDfMkhTbPkqPomTnFZCKdKa", "description": "Question_desc:SNqxPlmnZBEgBmVDEXmPklBtIfvPBqwSLYmLcmkvkbhLMEjbaXNulGSoPBEZOCmpHDmGwktPpIyTIbuunANXrMbNtgVCHqbwlJlC", "title": "Question_title:AYFSkhcOTCAfPoE"}, "model": "scoreserver.question"}, {"pk": 6, "fields": {"category": 4, "solved": 12, "problem_url": "http://example.com/EXRWFannHmZsFGXGLvcCXPStpmtviI", "description": "Question_desc:eArXJDsnfOaCRmxUjQbBaXnQohCNECuzqUQTNQUPlziFxcNFQKGenXaqExlogxOZHbUvKPKlWYjaPifVRDOscbAgcvnnxnzWixnc", "title": "Question_title:UvMLJwBpPlSZZVK"}, "model": "scoreserver.question"}, {"pk": 7, "fields": {"category": 2, "solved": 13, "problem_url": "http://example.com/jQoWYOkAWxIfATmXWYNWkeisCgNLjC", "description": "Question_desc:YvLqhfkuxIjcwlnhZiouveVZuPzjxMsxkqARYxmwHoxfCJRKhkSEPlwFAiJuaHqNarNBIqURPKoxZSZBRwMJeJZdyinJmShbbQjm", "title": "Question_title:xpLSkevdzPjOxAm"}, "model": "scoreserver.question"}, {"pk": 8, "fields": {"category": 1, "solved": 13, "problem_url": "http://example.com/AjiWDwmOjksBjDOjevowVjuvPtuvGI", "description": "Question_desc:xSBAEHWouAwORHOzZPgetXzESPGoquTeuyipdiUTKTkcLnIpgriVbyYzrkfpqlQODcHgtBfZYDsLoBjAcRCNHrvaBoUnDHjZHjfG", "title": "Question_title:YMOhovQcXdippWR"}, "model": "scoreserver.question"}, {"pk": 9, "fields": {"category": 4, "solved": 13, "problem_url": "http://example.com/xGNDtjjarWEnIvDukGTSjGykpUGFaD", "description": "Question_desc:UxYKDrpeFBzjQtsNJnFStnQPvxlAolWdXoMlRnLVIiRZiwOQlyrEbZnqKrtNlTKjoHcrUeXPBdjnkGzuupDEkRHPmkCDeDHAFdJv", "title": "Question_title:pzbRgPiqGuNgkUt"}, "model": "scoreserver.question"}, {"pk": 10, "fields": {"category": 1, "solved": 10, "problem_url": "http://example.com/BDQMGYYdZquuslLaERSfZIxAzbehqv", "description": "Question_desc:qpufQRonuXfmaUjtKtftWxEmLQzUUcZWNGnBMfBbyqgEUhDGzfbTIBrNezjCeNJnWJkxIwpBnYoEoabrBbEpOZWCQXnMxlbJjxkL", "title": "Question_title:IUXXcXfLcSSrBVk"}, "model": "scoreserver.question"}, {"pk": 11, "fields": {"category": 3, "solved": 4, "problem_url": "http://example.com/PKnEXKsCLTeTEsiceYFiLlIDLAsaIH", "description": "Question_desc:CdLgqOrHVWoarhTwErqoyyXjNiTzkNlcxPCyjXachRkVePrdmOJnUSVzTDHdYLxeskelUvYCfbWeHvWqePGrKWrrAOlBKXuDScEx", "title": "Question_title:fAFNcZWBgglOGUY"}, "model": "scoreserver.question"}, {"pk": 12, "fields": {"category": 6, "solved": 11, "problem_url": "http://example.com/kqcsFLlJShhDYKyfPpWvGpqVBPOCJG", "description": "Question_desc:zZwtJZZLDpcUgIUJkPrgDnkJVgcWtIEFUCyzlBRkcTaSnJjcDkUBXEzZgXFUnAGsiopbXhnVfVSIifaFNSYfiDJUOFLIZAFiEmAU", "title": "Question_title:nbonzsEqoKloVlm"}, "model": "scoreserver.question"}, {"pk": 13, "fields": {"category": 6, "solved": 17, "problem_url": "http://example.com/XXWRmZbdgOaCJOZHQMGXpjXaQPqvml", "description": "Question_desc:FjiQHwOZNXyqyGDCVuoTdXussgjpSKFfzxFGDhxzvRdUlEnOCjXpZVWepuztIKYgYtxjPBTkNARSRssANsSMVcMsYAzEFTlqNPmW", "title": "Question_title:oVquVPkaHfMmlwP"}, "model": "scoreserver.question"}, {"pk": 14, "fields": {"category": 2, "solved": 18, "problem_url": "http://example.com/jVzyMxwnPfXAejUVqOZQzsqDQCynRL", "description": "Question_desc:UghfpGejfSGyMiNbyuexJzsyBHzMzRXtWlCyfHYgxMCrXtFPSkUsIBSLtkOkWlkgIfADyaaZGPKlGkSwwkwswssaIycrJiPZWOIf", "title": "Question_title:DGqghwYJiHtTSsh"}, "model": "scoreserver.question"}, {"pk": 15, "fields": {"category": 2, "solved": 10, "problem_url": "http://example.com/KYhxvqrTisRYoPGYkxQKdwqZKJzwyk", "description": "Question_desc:AzewMJvefJtHXWKiogvdJLrWFsDMMifAcTYnuMTlbMsUNUcEFYSwohOXBJEbYXPsspxkIKnRqMaOwplWwJPQAktQeWDHcjHskyRi", "title": "Question_title:TYYVHQeVFfCwewH"}, "model": "scoreserver.question"}, {"pk": 16, "fields": {"category": 4, "solved": 9, "problem_url": "http://example.com/idlPSHnMpXSzuhkfFLwjGIjNgmEtmi", "description": "Question_desc:HMfZrpkbYTpXkvVZBxwrzUsmpDfozodlzzdFEwXKSdzzwdEtFNzrNclAnpVeoTaSfJXSJQOqWzmSdlkqEgiqFZVuBIDKEUBWcgqf", "title": "Question_title:rQjMVXBkxQAsslm"}, "model": "scoreserver.question"}, {"pk": 17, "fields": {"category": 4, "solved": 18, "problem_url": "http://example.com/DTZEPZxoNSvwFNgJUFbLHOBOQUsEQc", "description": "Question_desc:SxaAglSesoIYxgTqzRHZFKWJZzMaZqPcXSXmeRWlnrkktBvzLBWRTNEmdVNvAKEDBeMaDdqXNCkktIvlUMPnnmayVxXMyXqJguGx", "title": "Question_title:IyZhriVAmAWVcgZ"}, "model": "scoreserver.question"}, {"pk": 18, "fields": {"category": 4, "solved": 2, "problem_url": "http://example.com/fCfHKRucsegCykDMPAqJOksakTHrow", "description": "Question_desc:wMQeYPeYQlyWWDbYsBvJskyfOuhGxiFPutrmnLIuVRyrcMCIXyshTIEvtRqQRurFVWGZLIVjNxFLnkpuXMyftJvwBwnBmAzBiCMA", "title": "Question_title:aZVZaWhVCUZziId"}, "model": "scoreserver.question"}, {"pk": 19, "fields": {"category": 1, "solved": 7, "problem_url": "http://example.com/FuurhMOdczrIQIzVJaksqefxpcAlVT", "description": "Question_desc:kbcQVaApEZiTWLKbcUQmKEksovnSuTzoKwrBPUmFBTMitHbeGKCoywxNdPPrKAkCHFGIDZJGtNCSlUWSMTnxXzDVnvlOzlliubDN", "title": "Question_title:qgKKlvhqBHOMkBg"}, "model": "scoreserver.question"}, {"pk": 20, "fields": {"category": 4, "solved": 2, "problem_url": "http://example.com/cGdTllbLtrUnYmfcIMzXaSBAaFDlUW", "description": "Question_desc:VARQjsaPLUEsEkeUfbGNIjklwSktYSJNaZNyHuFpxqrCDrXTTjnOgynhQNvWuJrosgnTwFcqvkicTjqkpJleqLAJTdENdoyQrKwT", "title": "Question_title:CDnmldqaFPzOrEB"}, "model": "scoreserver.question"}, {"pk": 21, "fields": {"category": 5, "solved": 3, "problem_url": "http://example.com/iKOSjCCdDoJFgwTPzVhISYcPqnetVG", "description": "Question_desc:PubYKaEZhFcEMzhIokHpryJRrvsIOFzuNFglWCecFAUELXmQctyRLTmsLRhFZONHNppiVzcwpkyRrQyxmHFuYYMmNaTljHMwPSDH", "title": "Question_title:nqTwvhYFkTkDbTu"}, "model": "scoreserver.question"}, {"pk": 22, "fields": {"category": 5, "solved": 10, "problem_url": "http://example.com/RFSnJRbvQjldaKeMJoWQfcOnpMnlvU", "description": "Question_desc:BfMeCDAlUIvzyNaXFncfWASXtSKBFinzSxLiXQVkjYaumOWZAVLoteprCaxrxFGvJHvtvAgUHkuwxwogxArUayRzAtjfYEYlVkeZ", "title": "Question_title:JWzHqClhXoWoBoT"}, "model": "scoreserver.question"}, {"pk": 23, "fields": {"category": 3, "solved": 9, "problem_url": "http://example.com/HCWzEpnDvFqlDaSKGyhlxtQYRUcXco", "description": "Question_desc:TENOHRkmpSLKToLNqcUJSNONlycUnujkGiKClacYQhEXAaPEvyobxLAAcDftejKgPDemliamwhrmFpGmydHKNTdhixqPFaKXxTGS", "title": "Question_title:mjJvqZLFqtjQTLK"}, "model": "scoreserver.question"}, {"pk": 24, "fields": {"category": 2, "solved": 13, "problem_url": "http://example.com/qdlicBlScjYtkMAeWvEppXzikUULpg", "description": "Question_desc:gsomOjCLOAMfeVNScuWMevpKExGWTcINJVVPcVOWHtGbbUmMlYqxYzYJROLusIkDUfoxCvFGhvwPIdfmGbGwjkeZqsPuepKrcBdi", "title": "Question_title:zrByYHaDTJsfSjK"}, "model": "scoreserver.question"}, {"pk": 25, "fields": {"category": 5, "solved": 14, "problem_url": "http://example.com/ytKVwOSpmPLqmjMYsquQFPuguifYre", "description": "Question_desc:pwOJKPuroCmlhcsEhgiLVzbWCbgsmqgfVNoZHxGcPNVyvbhtmBlVChIiOFycqHxcksgJZGkvYJfoOWGaAiKPTAPDUyYHxMIWUywC", "title": "Question_title:MGgiMuVaUCFyrvC"}, "model": "scoreserver.question"}, {"pk": 26, "fields": {"category": 5, "solved": 9, "problem_url": "http://example.com/vXkjJynOuRxsHWGUiyXlYhKmVIDAFs", "description": "Question_desc:vRquBpzteERELGhTspzlrphTgQRPdQvrZgpjqClsOoyrIZZlklNwKQujlawrRUoNHXOMAchOanuJCPuqatpHPUiISXueQRoNcyyt", "title": "Question_title:kVUWSVYrxFbyWey"}, "model": "scoreserver.question"}, {"pk": 27, "fields": {"category": 5, "solved": 20, "problem_url": "http://example.com/TnOtJzBsjtLVVGtwQuBuADLHXvpHra", "description": "Question_desc:qTArbhRZoCxdBYCBAmaLFqifivEFDZLSHaFNNOfQxCrCwvAEUUcsovKeKaKPJEyPSMkiVCvaHrefCuyexxNrwHekKtQdhcoUIWSe", "title": "Question_title:usAdYGnhtPPollO"}, "model": "scoreserver.question"}, {"pk": 28, "fields": {"category": 5, "solved": 9, "problem_url": "http://example.com/QTsifTzlMTrFQheORKRXQnDejTCbWM", "description": "Question_desc:kLRLPHyHZvjnfLzYPTToWkcfJelnkpSmfubiTbhqFGWLDTYuIjlfzhGqZRjfbGxdDaShNaeaRjozAFAQrBhBOVugXfPyUYZXelTZ", "title": "Question_title:LZJiAMOhxmgSgvA"}, "model": "scoreserver.question"}, {"pk": 29, "fields": {"category": 2, "solved": 13, "problem_url": "http://example.com/vruoVHcjHHeMPetkGbpilTByxvnYXh", "description": "Question_desc:KrnOjdLnMnFjPynnRvWPXNwDwjdEwbDWbgWigPgeNHNJwLZErighsxbEmFfSdbhoNTIzcrNmEOSuTNyIGlKiWbsOgnsGZwOTQGQO", "title": "Question_title:ivhvrXSRHokJkhS"}, "model": "scoreserver.question"}, {"pk": 30, "fields": {"category": 1, "solved": 5, "problem_url": "http://example.com/GiIkFqECGHQlydIhmbdjDRULTTpwbK", "description": "Question_desc:jAwZXkZuPsFqVWzChFxKoOzDcvzFitYNZryvFyglQhsjDeZZsmrZAKPJlCsFrSTdYyPWYwECnFERCqIrGNdguuQwpaNMsinUoRrt", "title": "Question_title:qVmdhrxUPkiajWH"}, "model": "scoreserver.question"}, {"pk": 31, "fields": {"category": 2, "solved": 6, "problem_url": "http://example.com/SLFLiIrXUCQjQmLNOXUQxRWiTfsAos", "description": "Question_desc:lqmvbLaehAgHJjtJyVyKBziXmslhQOmiLbgEDqWCvhlBFPNRlirEZdIRqeYLwwbmvHYEVzbxPwjBpZcNNvmmhblLOqElDWxtFsPC", "title": "Question_title:HdfInVfXuSLvPHK"}, "model": "scoreserver.question"}, {"pk": 32, "fields": {"category": 2, "solved": 19, "problem_url": "http://example.com/WEwDeEDvaicPcEBKZqnTvGYEPbSzEY", "description": "Question_desc:dlOMyXNILzrovOFtZmlOODOXlvHfFYVTVHAKQCdfRuHBUkGGhQTuVzhnlLsjtHtFnBXLOrJvbpojtWmRbHiXEAwLSyCWqTfEICDD", "title": "Question_title:XyCQQpvmUqbxkne"}, "model": "scoreserver.question"}, {"pk": 33, "fields": {"category": 4, "solved": 17, "problem_url": "http://example.com/LblqNddEoorgELqBBOboDfvHscecXj", "description": "Question_desc:jBTJjFIzFGKlqwftvvyxUTlIWvMvorhJGMkJZQTaBNoDOnernJEXpjamPOtHEXidUGMapLBWraxhFIAyojHncQLsLfpvynfldhyK", "title": "Question_title:HRjRyfkLrgFqWrL"}, "model": "scoreserver.question"}, {"pk": 34, "fields": {"category": 2, "solved": 1, "problem_url": "http://example.com/GkXUhRLulvYmTdTORsNSECjMnFQleI", "description": "Question_desc:dAlVcuwPuVDMshnLYkxxeGzHYQaKDtQApNDwmjHxIloNgvXSVlIHXbFETEwlLoaybsYfrFzDzyshYwagvICOIiBLuOqPoSCNSgqu", "title": "Question_title:qFvtgVSbSOplqol"}, "model": "scoreserver.question"}, {"pk": 35, "fields": {"category": 2, "solved": 20, "problem_url": "http://example.com/ddaOQQkjmilmhHXLRUhhofIGIxuqzQ", "description": "Question_desc:jlRqfJuHOpqYXXcOzaMppZMMDDmiFlPZssTXxfFdTahDOKpmXJHlPEpOpwfmuBqAlzxcpTFKfIBiZuNZBhuapIrAxbIrqIygRueK", "title": "Question_title:wsAPSonHwaIEKXJ"}, "model": "scoreserver.question"}, {"pk": 36, "fields": {"category": 3, "solved": 10, "problem_url": "http://example.com/vARwOyTYirUGepwbrpzybgawNMaZXE", "description": "Question_desc:kqcWAcfDYeSMKgvSlptslILvDqTjgbzXSeLOhXAReWFOCtvHoATxHguKezEUMmzcYWzijIEcMRKlsPhfDEdkRbhyasBRCfNPCIAX", "title": "Question_title:aNBMULpPmFOKYnZ"}, "model": "scoreserver.question"}, {"pk": 37, "fields": {"category": 5, "solved": 4, "problem_url": "http://example.com/xeIbmfrqTKXbHiTVDZPILxXXsdGbMw", "description": "Question_desc:ktvQUVAFSUNjRrNhuJqbMqHXsgOGidgkzPNDLgaPdrntNuNurvOVBZrhXtitWduLCMICuPvedvzDusjYBdKEabhtXhwAfxgJuYKt", "title": "Question_title:EpcmnKaLvMWGYOH"}, "model": "scoreserver.question"}, {"pk": 38, "fields": {"category": 5, "solved": 20, "problem_url": "http://example.com/seBUuizgUpbFGJAPlwgILvapEORIIr", "description": "Question_desc:zfqepldyJGnaGoVmFraDtWhCVbdXyPmseUVPwGbQEkaDhVEeLfwbtfppvgsjSBHvaGsAcRlDJnnIgBomWkpFbHAQrdYvZOrgWDkm", "title": "Question_title:fWPBMKlYXyhGCmX"}, "model": "scoreserver.question"}, {"pk": 39, "fields": {"category": 3, "solved": 5, "problem_url": "http://example.com/NhcHvXVXKgdJOjyUkPOHnMjSlEWfgS", "description": "Question_desc:NLYReptulOIKKaIVACpVulGBUpJHGSBQyViHhfkOGBZwyUJQKSVJpuNdhNBWmMKRlXRwUrJmpYOwWDhSvIuWpheBrziWBsRfuAdg", "title": "Question_title:vlaaGQxncgoFElf"}, "model": "scoreserver.question"}, {"pk": 40, "fields": {"category": 4, "solved": 19, "problem_url": "http://example.com/onxLkqgjFiymAQxNKFvBxxgOhKLiJN", "description": "Question_desc:yLsyeYLAiMoAwltDVShNQQhCLpVGIJEHtDxAWqaSuykPwSkuRXdQJpyGnbumNSFUXOlnfIwsoTUYdPiWBqeFelsEfzGULjwehAJZ", "title": "Question_title:SqCsnIjHcJMlEET"}, "model": "scoreserver.question"}, {"pk": 41, "fields": {"category": 1, "solved": 13, "problem_url": "http://example.com/ZsbOHOYYecswBxZBhRrXozYTGiiEzj", "description": "Question_desc:nmZOdMhdGsRcZRBfNyheoVnxewFcbnxRpJpgVxRyDOExhVYnqMCOidzGVxHzhHaLHnSQKuZNiIrcgwiJGyxskNfPMdAUrqeehutS", "title": "Question_title:BcpULahoDztPWNc"}, "model": "scoreserver.question"}, {"pk": 42, "fields": {"category": 5, "solved": 7, "problem_url": "http://example.com/QNvmPYXnXvXToeiQLxSMSVvsEmrLoG", "description": "Question_desc:rIHtTvyrsbIkCBMoiUlIiSZiwuwheHGovujJBrBTPXitmLZXeNtkWlkgHQhoKHSBoKNZVTltVpAXqfkkndKbXsXFsELorOlbMNSQ", "title": "Question_title:hBkPnjpmMdNKZLx"}, "model": "scoreserver.question"}, {"pk": 43, "fields": {"category": 1, "solved": 12, "problem_url": "http://example.com/MvLjFfVPWTQgbTXtirGnfurPhesFqS", "description": "Question_desc:kqQKZGdUGcBjcElXRKZWISCJwnMPlDsOtaeqhvVrhuXfITbFfsFhUkjyuJFzSLYdHPoFLBGguaQYYKXCCJSNrTXovrcmIpjvBocJ", "title": "Question_title:UOKpGFWIYjNOZra"}, "model": "scoreserver.question"}, {"pk": 44, "fields": {"category": 1, "solved": 9, "problem_url": "http://example.com/wybcIUhZgYypjSobBlYJJBvdKRRBcL", "description": "Question_desc:fbZOLfipBcaqPmHGqcrQAYiFIjOsPupHyWFxPXnkgUISnGiBiUChsXhhAcrpSYDaiEoeKRtLTNcOoyhDfTYwdZUcWxygORbvUgRf", "title": "Question_title:fgLNAmAoDGXzLvO"}, "model": "scoreserver.question"}, {"pk": 45, "fields": {"category": 2, "solved": 7, "problem_url": "http://example.com/NNCzzMoWihVzqJhNzYjLOxpyFZdwMU", "description": "Question_desc:yWWFcyUKHUhZVbHlpOvJYpGvzwMeHUiCnJtTVmUQjlKSgwBTQvQiPPMWGbWFCYDWksQtbxjWlNlAYOEKCBtSCfoSuVfhpvMfJova", "title": "Question_title:rsuvjcVCJTEgjua"}, "model": "scoreserver.question"}, {"pk": 46, "fields": {"category": 3, "solved": 20, "problem_url": "http://example.com/HXJzsiFXHPorWTYCpNGRCvztyvgrEB", "description": "Question_desc:KciBrubgOgSnbLncnkiKklogtnFUHZSfnOfvcOhyLogDFdPeNvHKViehJekhbbpDyhBCAqClqCWxKOWGQyHVHEFvJkCxWvEjntiv", "title": "Question_title:baaTWcnKVHGCimk"}, "model": "scoreserver.question"}, {"pk": 47, "fields": {"category": 6, "solved": 6, "problem_url": "http://example.com/uYrsMUgnVKPYdlFmrRLPNCgwSNydDX", "description": "Question_desc:dCujoECFYPxVVbxKyeAJpZdLcJoajmqixdLMiHkgWRSsYLtEJaSaVTfrClpUCJvrctbdfvacUxVRcNpAJjAXbkLibGvHbJmKimja", "title": "Question_title:lDQoUujEqiCjIEv"}, "model": "scoreserver.question"}, {"pk": 48, "fields": {"category": 1, "solved": 1, "problem_url": "http://example.com/PBkQGEiXJMFmUZRWuZfOEythoQWhzo", "description": "Question_desc:QrNlCOmkaUXlszqWYcwWpbTZStKwHSwhnExRjdYLbPuDepsVAMvvdXSxvDhqVUZpiytiEsoROzkfvcEwbAVRmSqiHNQdnyGZXlne", "title": "Question_title:EzFjLGmdgJuQbgj"}, "model": "scoreserver.question"}, {"pk": 49, "fields": {"category": 5, "solved": 3, "problem_url": "http://example.com/hFVkYBGFNhAQgKllNqXvlxWXXmABEb", "description": "Question_desc:IUeucmEXeSkNrapsXenMObIwLbjfUSmuRrQPvKQmXCSeThEqvrkdquWzVWGPkiujKSNYahxuzxKuBqAIAVcXakpNrqywqJfcdePq", "title": "Question_title:FNeDuMgrZgZCySI"}, "model": "scoreserver.question"}, {"pk": 0, "fields": {"flag": "FLAG_IS_[fWRLexyWEoopWnh]", "point": 500, "question": 49}, "model": "scoreserver.flag"}, {"pk": 1, "fields": {"flag": "FLAG_IS_[vArbtEBtbbMxvWD]", "point": 1100, "question": 43}, "model": "scoreserver.flag"}, {"pk": 2, "fields": {"flag": "FLAG_IS_[IKAwxZINfWONsYM]", "point": 1100, "question": 29}, "model": "scoreserver.flag"}, {"pk": 3, "fields": {"flag": "FLAG_IS_[FBPDTzYsBgYLYqo]", "point": 400, "question": 8}, "model": "scoreserver.flag"}, {"pk": 4, "fields": {"flag": "FLAG_IS_[ZPtgHeZihintHJg]", "point": 700, "question": 32}, "model": "scoreserver.flag"}, {"pk": 5, "fields": {"flag": "FLAG_IS_[NnyCovnvWYoffhu]", "point": 500, "question": 44}, "model": "scoreserver.flag"}, {"pk": 6, "fields": {"flag": "FLAG_IS_[WDpMUYsNlTbyFSZ]", "point": 500, "question": 22}, "model": "scoreserver.flag"}, {"pk": 7, "fields": {"flag": "FLAG_IS_[FOLLdxrJvYdJVTl]", "point": 700, "question": 17}, "model": "scoreserver.flag"}, {"pk": 8, "fields": {"flag": "FLAG_IS_[nhNtGhWbfLzSDey]", "point": 800, "question": 2}, "model": "scoreserver.flag"}, {"pk": 9, "fields": {"flag": "FLAG_IS_[lnnkkeiRNBjhuQi]", "point": 600, "question": 28}, "model": "scoreserver.flag"}, {"pk": 10, "fields": {"flag": "FLAG_IS_[YuiPkXaZfdNaPlv]", "point": 400, "question": 31}, "model": "scoreserver.flag"}, {"pk": 11, "fields": {"flag": "FLAG_IS_[EjrpTgSDsUwwiqX]", "point": 100, "question": 27}, "model": "scoreserver.flag"}, {"pk": 12, "fields": {"flag": "FLAG_IS_[jPkZCAJnjGugdke]", "point": 1100, "question": 16}, "model": "scoreserver.flag"}, {"pk": 13, "fields": {"flag": "FLAG_IS_[jRLoGsdqKAgOdTE]", "point": 700, "question": 45}, "model": "scoreserver.flag"}, {"pk": 14, "fields": {"flag": "FLAG_IS_[LHjIOXUnlFJhqIq]", "point": 500, "question": 48}, "model": "scoreserver.flag"}, {"pk": 15, "fields": {"flag": "FLAG_IS_[NXUlvDHnvUcAtVs]", "point": 300, "question": 6}, "model": "scoreserver.flag"}, {"pk": 16, "fields": {"flag": "FLAG_IS_[WSZhCuCeKyFuPrv]", "point": 300, "question": 31}, "model": "scoreserver.flag"}, {"pk": 17, "fields": {"flag": "FLAG_IS_[YziOhoJdVKsgLmk]", "point": 400, "question": 4}, "model": "scoreserver.flag"}, {"pk": 18, "fields": {"flag": "FLAG_IS_[ktxiaqkKKhTqOJQ]", "point": 200, "question": 47}, "model": "scoreserver.flag"}, {"pk": 19, "fields": {"flag": "FLAG_IS_[MWOskzTjlMCNhRj]", "point": 1000, "question": 8}, "model": "scoreserver.flag"}, {"pk": 20, "fields": {"flag": "FLAG_IS_[owkXOCCrOTSRcpR]", "point": 1000, "question": 9}, "model": "scoreserver.flag"}, {"pk": 21, "fields": {"flag": "FLAG_IS_[iSYSmSxLPGtXGXx]", "point": 700, "question": 46}, "model": "scoreserver.flag"}, {"pk": 22, "fields": {"flag": "FLAG_IS_[xFdVcVJBPoTVarf]", "point": 1000, "question": 10}, "model": "scoreserver.flag"}, {"pk": 23, "fields": {"flag": "FLAG_IS_[vpWSHbWbLxbEaqc]", "point": 900, "question": 23}, "model": "scoreserver.flag"}, {"pk": 24, "fields": {"flag": "FLAG_IS_[gbzYNDjuAWTNOgG]", "point": 1000, "question": 32}, "model": "scoreserver.flag"}, {"pk": 25, "fields": {"flag": "FLAG_IS_[mgwJcuIaFuoEgSN]", "point": 400, "question": 9}, "model": "scoreserver.flag"}, {"pk": 26, "fields": {"flag": "FLAG_IS_[pQOpZmNEHAftayo]", "point": 700, "question": 14}, "model": "scoreserver.flag"}, {"pk": 27, "fields": {"flag": "FLAG_IS_[WUxYlpYTwKsEDrx]", "point": 600, "question": 45}, "model": "scoreserver.flag"}, {"pk": 28, "fields": {"flag": "FLAG_IS_[fzJvuxNlcgfEmzf]", "point": 1100, "question": 17}, "model": "scoreserver.flag"}, {"pk": 29, "fields": {"flag": "FLAG_IS_[kmogjanSPXBOukd]", "point": 1100, "question": 7}, "model": "scoreserver.flag"}, {"pk": 30, "fields": {"flag": "FLAG_IS_[HnUEAwHobKISSIO]", "point": 200, "question": 6}, "model": "scoreserver.flag"}, {"pk": 31, "fields": {"flag": "FLAG_IS_[zGvKGGmCHnbuOaE]", "point": 300, "question": 7}, "model": "scoreserver.flag"}, {"pk": 32, "fields": {"flag": "FLAG_IS_[GnFuXiuedHoWfYQ]", "point": 300, "question": 49}, "model": "scoreserver.flag"}, {"pk": 33, "fields": {"flag": "FLAG_IS_[TxyAniariDxduSB]", "point": 800, "question": 25}, "model": "scoreserver.flag"}, {"pk": 34, "fields": {"flag": "FLAG_IS_[rJWsHFQLAJSGjYU]", "point": 300, "question": 26}, "model": "scoreserver.flag"}, {"pk": 35, "fields": {"flag": "FLAG_IS_[lVqmsnCfbdgMKXo]", "point": 400, "question": 49}, "model": "scoreserver.flag"}, {"pk": 36, "fields": {"flag": "FLAG_IS_[WESXksWXfXEvyMv]", "point": 100, "question": 8}, "model": "scoreserver.flag"}, {"pk": 37, "fields": {"flag": "FLAG_IS_[FrnLiCQGUpadEKs]", "point": 500, "question": 39}, "model": "scoreserver.flag"}, {"pk": 38, "fields": {"flag": "FLAG_IS_[qzWINLqIdAqHqLG]", "point": 1000, "question": 21}, "model": "scoreserver.flag"}, {"pk": 39, "fields": {"flag": "FLAG_IS_[JtuZTWrANwuvPWq]", "point": 600, "question": 26}, "model": "scoreserver.flag"}, {"pk": 40, "fields": {"flag": "FLAG_IS_[ftAtBHUYmyvCiOq]", "point": 800, "question": 8}, "model": "scoreserver.flag"}, {"pk": 41, "fields": {"flag": "FLAG_IS_[fhoXVTSuGmYmhsT]", "point": 500, "question": 40}, "model": "scoreserver.flag"}, {"pk": 42, "fields": {"flag": "FLAG_IS_[saaijmuWOwOhpRM]", "point": 700, "question": 12}, "model": "scoreserver.flag"}, {"pk": 43, "fields": {"flag": "FLAG_IS_[zVuVQGrcRpDaIhP]", "point": 300, "question": 11}, "model": "scoreserver.flag"}, {"pk": 44, "fields": {"flag": "FLAG_IS_[BjzvLgjQtkORTEK]", "point": 500, "question": 21}, "model": "scoreserver.flag"}, {"pk": 45, "fields": {"flag": "FLAG_IS_[kPxNKFvdaDQujIe]", "point": 200, "question": 15}, "model": "scoreserver.flag"}, {"pk": 46, "fields": {"flag": "FLAG_IS_[YgwrdowNpsgdbtp]", "point": 500, "question": 19}, "model": "scoreserver.flag"}, {"pk": 47, "fields": {"flag": "FLAG_IS_[acmgSOHEGusFWIy]", "point": 500, "question": 6}, "model": "scoreserver.flag"}, {"pk": 48, "fields": {"flag": "FLAG_IS_[ZEMUKyQnXepypVv]", "point": 600, "question": 8}, "model": "scoreserver.flag"}, {"pk": 49, "fields": {"flag": "FLAG_IS_[qyDifSQcdkyGobN]", "point": 1000, "question": 3}, "model": "scoreserver.flag"}, {"pk": 50, "fields": {"flag": "FLAG_IS_[FOzsInFPXspCeRj]", "point": 1100, "question": 10}, "model": "scoreserver.flag"}, {"pk": 51, "fields": {"flag": "FLAG_IS_[vxklKXXDPQOCEvX]", "point": 800, "question": 28}, "model": "scoreserver.flag"}, {"pk": 52, "fields": {"flag": "FLAG_IS_[EjjMtGJhZAEdQBt]", "point": 1000, "question": 35}, "model": "scoreserver.flag"}, {"pk": 53, "fields": {"flag": "FLAG_IS_[lwluNBEqqERMOlr]", "point": 600, "question": 41}, "model": "scoreserver.flag"}, {"pk": 54, "fields": {"flag": "FLAG_IS_[ZqttmVvcLvdCGCZ]", "point": 800, "question": 46}, "model": "scoreserver.flag"}, {"pk": 55, "fields": {"flag": "FLAG_IS_[yYAODgcnqTiNbBP]", "point": 800, "question": 39}, "model": "scoreserver.flag"}, {"pk": 56, "fields": {"flag": "FLAG_IS_[fTBFMHNQDDEGHXx]", "point": 100, "question": 49}, "model": "scoreserver.flag"}, {"pk": 57, "fields": {"flag": "FLAG_IS_[yaQjzdNqqgZdGKA]", "point": 500, "question": 12}, "model": "scoreserver.flag"}, {"pk": 58, "fields": {"flag": "FLAG_IS_[jRXHGpZKzGgtJNR]", "point": 100, "question": 22}, "model": "scoreserver.flag"}, {"pk": 59, "fields": {"flag": "FLAG_IS_[aqzuaWJVNYDgqOW]", "point": 400, "question": 10}, "model": "scoreserver.flag"}, {"pk": 60, "fields": {"flag": "FLAG_IS_[mptCvsfSiTeloaD]", "point": 300, "question": 20}, "model": "scoreserver.flag"}, {"pk": 61, "fields": {"flag": "FLAG_IS_[gESSAhgJCIUsIUF]", "point": 700, "question": 22}, "model": "scoreserver.flag"}, {"pk": 62, "fields": {"flag": "FLAG_IS_[iwrXBOXveVMEHvB]", "point": 200, "question": 32}, "model": "scoreserver.flag"}, {"pk": 63, "fields": {"flag": "FLAG_IS_[oowTFoMdtfpAXnm]", "point": 100, "question": 4}, "model": "scoreserver.flag"}, {"pk": 64, "fields": {"flag": "FLAG_IS_[DKkqtkjkTVFMJFN]", "point": 500, "question": 32}, "model": "scoreserver.flag"}, {"pk": 65, "fields": {"flag": "FLAG_IS_[WzKurMDNTcAjsvJ]", "point": 500, "question": 46}, "model": "scoreserver.flag"}, {"pk": 66, "fields": {"flag": "FLAG_IS_[UOwnUJbofTIAfrW]", "point": 400, "question": 27}, "model": "scoreserver.flag"}, {"pk": 67, "fields": {"flag": "FLAG_IS_[rlLPbFqQHwBMOBh]", "point": 700, "question": 7}, "model": "scoreserver.flag"}, {"pk": 68, "fields": {"flag": "FLAG_IS_[RTBubfuEcwmPdcF]", "point": 1100, "question": 33}, "model": "scoreserver.flag"}, {"pk": 69, "fields": {"flag": "FLAG_IS_[wXmCEvFgsSPWZPr]", "point": 800, "question": 28}, "model": "scoreserver.flag"}, {"pk": 70, "fields": {"flag": "FLAG_IS_[xWunjKPWlbqrKHj]", "point": 1100, "question": 19}, "model": "scoreserver.flag"}, {"pk": 71, "fields": {"flag": "FLAG_IS_[lUfgZOARPyEHtCs]", "point": 1000, "question": 42}, "model": "scoreserver.flag"}, {"pk": 72, "fields": {"flag": "FLAG_IS_[gNkaBFIvCrOthAy]", "point": 800, "question": 17}, "model": "scoreserver.flag"}, {"pk": 73, "fields": {"flag": "FLAG_IS_[OtYtOfQqoItOSpe]", "point": 600, "question": 41}, "model": "scoreserver.flag"}, {"pk": 74, "fields": {"flag": "FLAG_IS_[WDvpLZnkgFgiYqf]", "point": 1100, "question": 40}, "model": "scoreserver.flag"}, {"pk": 75, "fields": {"flag": "FLAG_IS_[XxSkbeZBJDfkmRR]", "point": 500, "question": 32}, "model": "scoreserver.flag"}, {"pk": 76, "fields": {"flag": "FLAG_IS_[bEAzfeGKgaGYSfU]", "point": 600, "question": 33}, "model": "scoreserver.flag"}, {"pk": 77, "fields": {"flag": "FLAG_IS_[oNBlYrMGWLlmGsX]", "point": 700, "question": 27}, "model": "scoreserver.flag"}, {"pk": 78, "fields": {"flag": "FLAG_IS_[mNMwfeYzMqZTrau]", "point": 800, "question": 29}, "model": "scoreserver.flag"}, {"pk": 79, "fields": {"flag": "FLAG_IS_[eJrhutktWRHlXgs]", "point": 300, "question": 43}, "model": "scoreserver.flag"}, {"pk": 80, "fields": {"flag": "FLAG_IS_[eRGOrUcMlRCfFVc]", "point": 1000, "question": 33}, "model": "scoreserver.flag"}, {"pk": 81, "fields": {"flag": "FLAG_IS_[jhJTMkrYdZLeido]", "point": 400, "question": 8}, "model": "scoreserver.flag"}, {"pk": 82, "fields": {"flag": "FLAG_IS_[HtaTZHcnaASnWdZ]", "point": 1100, "question": 48}, "model": "scoreserver.flag"}, {"pk": 83, "fields": {"flag": "FLAG_IS_[iEFpHMjnchTupQs]", "point": 500, "question": 20}, "model": "scoreserver.flag"}, {"pk": 84, "fields": {"flag": "FLAG_IS_[CcWjXqXyBodCaAb]", "point": 1000, "question": 35}, "model": "scoreserver.flag"}, {"pk": 85, "fields": {"flag": "FLAG_IS_[mCvncgIrLBBwCkg]", "point": 700, "question": 10}, "model": "scoreserver.flag"}, {"pk": 86, "fields": {"flag": "FLAG_IS_[mZgpFgUhGXzbEPU]", "point": 200, "question": 33}, "model": "scoreserver.flag"}, {"pk": 87, "fields": {"flag": "FLAG_IS_[NpdGXIpybZUQRuT]", "point": 400, "question": 26}, "model": "scoreserver.flag"}, {"pk": 88, "fields": {"flag": "FLAG_IS_[kLsWctkPGZjWrCR]", "point": 300, "question": 24}, "model": "scoreserver.flag"}, {"pk": 89, "fields": {"flag": "FLAG_IS_[jQsDDaWNXhIRlRT]", "point": 300, "question": 45}, "model": "scoreserver.flag"}, {"pk": 90, "fields": {"flag": "FLAG_IS_[dJqzOKkrutFCNlZ]", "point": 800, "question": 22}, "model": "scoreserver.flag"}, {"pk": 91, "fields": {"flag": "FLAG_IS_[abvLWUKVOeUbIKn]", "point": 200, "question": 46}, "model": "scoreserver.flag"}, {"pk": 92, "fields": {"flag": "FLAG_IS_[VsFUzBfecSlZdSx]", "point": 900, "question": 38}, "model": "scoreserver.flag"}, {"pk": 93, "fields": {"flag": "FLAG_IS_[IiqKAJbUnMjZscz]", "point": 100, "question": 24}, "model": "scoreserver.flag"}, {"pk": 94, "fields": {"flag": "FLAG_IS_[UQFHXqkbERdCsBq]", "point": 100, "question": 27}, "model": "scoreserver.flag"}, {"pk": 95, "fields": {"flag": "FLAG_IS_[qMlsYmLIyEYOBuy]", "point": 1000, "question": 14}, "model": "scoreserver.flag"}, {"pk": 96, "fields": {"flag": "FLAG_IS_[UZDCbjUessWYlxI]", "point": 1000, "question": 42}, "model": "scoreserver.flag"}, {"pk": 97, "fields": {"flag": "FLAG_IS_[MtyZPYNoZJMDzlL]", "point": 600, "question": 24}, "model": "scoreserver.flag"}, {"pk": 98, "fields": {"flag": "FLAG_IS_[JzomDdWbwbiqcDi]", "point": 900, "question": 22}, "model": "scoreserver.flag"}, {"pk": 99, "fields": {"flag": "FLAG_IS_[ThuOxJoKOMzBqfQ]", "point": 600, "question": 38}, "model": "scoreserver.flag"}, {"pk": 100, "fields": {"flag": "FLAG_IS_[CcoivkStXhgxmUl]", "point": 700, "question": 38}, "model": "scoreserver.flag"}, {"pk": 101, "fields": {"flag": "FLAG_IS_[VTETtJryqYySmvt]", "point": 200, "question": 40}, "model": "scoreserver.flag"}, {"pk": 102, "fields": {"flag": "FLAG_IS_[gEINZddWCJKTdQX]", "point": 1100, "question": 19}, "model": "scoreserver.flag"}, {"pk": 103, "fields": {"flag": "FLAG_IS_[MEPnFWJHocSyUdO]", "point": 1000, "question": 48}, "model": "scoreserver.flag"}, {"pk": 104, "fields": {"flag": "FLAG_IS_[RgTzuIRRcVFkBHJ]", "point": 900, "question": 3}, "model": "scoreserver.flag"}, {"pk": 105, "fields": {"flag": "FLAG_IS_[DBJjcmYDVnfnHzw]", "point": 500, "question": 19}, "model": "scoreserver.flag"}, {"pk": 106, "fields": {"flag": "FLAG_IS_[PmhkTxyWaQWGjHE]", "point": 800, "question": 45}, "model": "scoreserver.flag"}, {"pk": 107, "fields": {"flag": "FLAG_IS_[RVSReWDagRmRJOT]", "point": 200, "question": 37}, "model": "scoreserver.flag"}, {"pk": 108, "fields": {"flag": "FLAG_IS_[pMszdgWEyVHSPNw]", "point": 400, "question": 10}, "model": "scoreserver.flag"}, {"pk": 109, "fields": {"flag": "FLAG_IS_[jyvqGENHrsAFVyI]", "point": 600, "question": 17}, "model": "scoreserver.flag"}, {"pk": 110, "fields": {"flag": "FLAG_IS_[BcEKRvyCuLGQbAr]", "point": 200, "question": 41}, "model": "scoreserver.flag"}, {"pk": 111, "fields": {"flag": "FLAG_IS_[vQPlqkDEbiYIBYs]", "point": 700, "question": 6}, "model": "scoreserver.flag"}, {"pk": 112, "fields": {"flag": "FLAG_IS_[vHiTazAGyePtFlY]", "point": 100, "question": 6}, "model": "scoreserver.flag"}, {"pk": 113, "fields": {"flag": "FLAG_IS_[yeerfJbkWTHfUWw]", "point": 1100, "question": 44}, "model": "scoreserver.flag"}, {"pk": 114, "fields": {"flag": "FLAG_IS_[PyfpGyAiScVcHXH]", "point": 1000, "question": 36}, "model": "scoreserver.flag"}, {"pk": 115, "fields": {"flag": "FLAG_IS_[gLKQePLIYgxYMOU]", "point": 300, "question": 42}, "model": "scoreserver.flag"}, {"pk": 116, "fields": {"flag": "FLAG_IS_[QcQjlHywksIBCWQ]", "point": 600, "question": 44}, "model": "scoreserver.flag"}, {"pk": 117, "fields": {"flag": "FLAG_IS_[vDHQYsRuYlIwxft]", "point": 100, "question": 31}, "model": "scoreserver.flag"}, {"pk": 118, "fields": {"flag": "FLAG_IS_[YpYzhwXGGmRQBlw]", "point": 200, "question": 22}, "model": "scoreserver.flag"}, {"pk": 119, "fields": {"flag": "FLAG_IS_[sCnLCbFpqxMKnZo]", "point": 500, "question": 4}, "model": "scoreserver.flag"}, {"pk": 120, "fields": {"flag": "FLAG_IS_[tTKHqxHEFYPEigA]", "point": 1000, "question": 4}, "model": "scoreserver.flag"}, {"pk": 121, "fields": {"flag": "FLAG_IS_[iNkkYfRONrWPttB]", "point": 900, "question": 48}, "model": "scoreserver.flag"}, {"pk": 122, "fields": {"flag": "FLAG_IS_[soVhavIVALZAtvc]", "point": 1000, "question": 45}, "model": "scoreserver.flag"}, {"pk": 123, "fields": {"flag": "FLAG_IS_[jKsgZVOLGCiUQOi]", "point": 700, "question": 19}, "model": "scoreserver.flag"}, {"pk": 124, "fields": {"flag": "FLAG_IS_[EVuoRZXJefNVsgD]", "point": 600, "question": 45}, "model": "scoreserver.flag"}, {"pk": 125, "fields": {"flag": "FLAG_IS_[CcwsIMqwjwojzZu]", "point": 900, "question": 11}, "model": "scoreserver.flag"}, {"pk": 126, "fields": {"flag": "FLAG_IS_[iCWLkgyDvQGDsIH]", "point": 400, "question": 49}, "model": "scoreserver.flag"}, {"pk": 127, "fields": {"flag": "FLAG_IS_[HlYWtLnmfDllNBs]", "point": 700, "question": 10}, "model": "scoreserver.flag"}, {"pk": 128, "fields": {"flag": "FLAG_IS_[drJhmutCNmrXuvb]", "point": 100, "question": 42}, "model": "scoreserver.flag"}, {"pk": 129, "fields": {"flag": "FLAG_IS_[PNEeLemjtAYwLwo]", "point": 200, "question": 33}, "model": "scoreserver.flag"}, {"pk": 130, "fields": {"flag": "FLAG_IS_[GOjPFIsJvlwSHpJ]", "point": 400, "question": 27}, "model": "scoreserver.flag"}, {"pk": 131, "fields": {"flag": "FLAG_IS_[eIAwHUiwhfzgWmT]", "point": 900, "question": 49}, "model": "scoreserver.flag"}, {"pk": 132, "fields": {"flag": "FLAG_IS_[KbogHLucStcgRkE]", "point": 800, "question": 29}, "model": "scoreserver.flag"}, {"pk": 133, "fields": {"flag": "FLAG_IS_[LRchKiLkpwLLuxJ]", "point": 1000, "question": 17}, "model": "scoreserver.flag"}, {"pk": 134, "fields": {"flag": "FLAG_IS_[JgsqlOuhkNBpLrv]", "point": 700, "question": 30}, "model": "scoreserver.flag"}, {"pk": 135, "fields": {"flag": "FLAG_IS_[ZAwNetEgCHHyOQi]", "point": 900, "question": 38}, "model": "scoreserver.flag"}, {"pk": 136, "fields": {"flag": "FLAG_IS_[DrPfqLRBKuHDXPO]", "point": 1000, "question": 22}, "model": "scoreserver.flag"}, {"pk": 137, "fields": {"flag": "FLAG_IS_[uaBJjCAkZHlBWdy]", "point": 400, "question": 31}, "model": "scoreserver.flag"}, {"pk": 138, "fields": {"flag": "FLAG_IS_[zmEoXvqeVvxGGYJ]", "point": 1000, "question": 28}, "model": "scoreserver.flag"}, {"pk": 139, "fields": {"flag": "FLAG_IS_[cumRZUALecFzPma]", "point": 400, "question": 16}, "model": "scoreserver.flag"}, {"pk": 140, "fields": {"flag": "FLAG_IS_[mWGrCEIAqPHuiKG]", "point": 100, "question": 29}, "model": "scoreserver.flag"}, {"pk": 141, "fields": {"flag": "FLAG_IS_[CXSjfRuCoBybGMa]", "point": 1100, "question": 2}, "model": "scoreserver.flag"}, {"pk": 142, "fields": {"flag": "FLAG_IS_[scTmBSAGIVcRQGU]", "point": 1100, "question": 14}, "model": "scoreserver.flag"}, {"pk": 143, "fields": {"flag": "FLAG_IS_[nQqdighCYyfyIFq]", "point": 800, "question": 34}, "model": "scoreserver.flag"}, {"pk": 144, "fields": {"flag": "FLAG_IS_[tyhgkMrTJNVujvh]", "point": 900, "question": 39}, "model": "scoreserver.flag"}, {"pk": 145, "fields": {"flag": "FLAG_IS_[tTFkgviorfBqjQj]", "point": 200, "question": 28}, "model": "scoreserver.flag"}, {"pk": 146, "fields": {"flag": "FLAG_IS_[OQhcugiFuuZfYAb]", "point": 700, "question": 34}, "model": "scoreserver.flag"}, {"pk": 147, "fields": {"flag": "FLAG_IS_[KnEubIZqmxJkgMY]", "point": 1100, "question": 21}, "model": "scoreserver.flag"}, {"pk": 148, "fields": {"flag": "FLAG_IS_[ADKWgcwFbhpGuFv]", "point": 800, "question": 10}, "model": "scoreserver.flag"}, {"pk": 149, "fields": {"flag": "FLAG_IS_[gfFdGHQKlXpDwgY]", "point": 100, "question": 45}, "model": "scoreserver.flag"}, {"pk": 150, "fields": {"flag": "FLAG_IS_[vGbFIkqDzONckUW]", "point": 200, "question": 47}, "model": "scoreserver.flag"}, {"pk": 151, "fields": {"flag": "FLAG_IS_[KgzUeBJmLGbKcWM]", "point": 600, "question": 49}, "model": "scoreserver.flag"}, {"pk": 152, "fields": {"flag": "FLAG_IS_[PRoGdfmaNjQhVZG]", "point": 700, "question": 17}, "model": "scoreserver.flag"}, {"pk": 153, "fields": {"flag": "FLAG_IS_[BZuqThbKXuRGStt]", "point": 500, "question": 38}, "model": "scoreserver.flag"}, {"pk": 154, "fields": {"flag": "FLAG_IS_[rkOaqLjloSQCMTQ]", "point": 100, "question": 33}, "model": "scoreserver.flag"}, {"pk": 155, "fields": {"flag": "FLAG_IS_[pOtjjoFCqvryadA]", "point": 400, "question": 44}, "model": "scoreserver.flag"}, {"pk": 156, "fields": {"flag": "FLAG_IS_[ZKCPfaRAfZcjUbd]", "point": 900, "question": 44}, "model": "scoreserver.flag"}, {"pk": 157, "fields": {"flag": "FLAG_IS_[yJUzWkYEYdwEhhj]", "point": 300, "question": 11}, "model": "scoreserver.flag"}, {"pk": 158, "fields": {"flag": "FLAG_IS_[wArnwmXtkOTBIQZ]", "point": 600, "question": 23}, "model": "scoreserver.flag"}, {"pk": 159, "fields": {"flag": "FLAG_IS_[qalPCDBZKNrgJxL]", "point": 100, "question": 4}, "model": "scoreserver.flag"}, {"pk": 160, "fields": {"flag": "FLAG_IS_[skQYDXdMlPgPFRl]", "point": 1100, "question": 12}, "model": "scoreserver.flag"}, {"pk": 161, "fields": {"flag": "FLAG_IS_[OLjqlmjjYjdLAqY]", "point": 700, "question": 26}, "model": "scoreserver.flag"}, {"pk": 162, "fields": {"flag": "FLAG_IS_[YPIIRGzBXSpDPDr]", "point": 700, "question": 36}, "model": "scoreserver.flag"}, {"pk": 163, "fields": {"flag": "FLAG_IS_[qtlmeokcDIrsEfD]", "point": 800, "question": 24}, "model": "scoreserver.flag"}, {"pk": 164, "fields": {"flag": "FLAG_IS_[tWvsAbFHHgptwUU]", "point": 600, "question": 4}, "model": "scoreserver.flag"}, {"pk": 165, "fields": {"flag": "FLAG_IS_[QiJFFlZVYLStuOW]", "point": 100, "question": 15}, "model": "scoreserver.flag"}, {"pk": 166, "fields": {"flag": "FLAG_IS_[qYhXpfOlXUIHTKG]", "point": 400, "question": 18}, "model": "scoreserver.flag"}, {"pk": 167, "fields": {"flag": "FLAG_IS_[tzKCwcZRGiQMAxa]", "point": 400, "question": 44}, "model": "scoreserver.flag"}, {"pk": 168, "fields": {"flag": "FLAG_IS_[CYrmdiBjZaWVxmm]", "point": 700, "question": 12}, "model": "scoreserver.flag"}, {"pk": 169, "fields": {"flag": "FLAG_IS_[MwslMDhLqxKCOcA]", "point": 1000, "question": 1}, "model": "scoreserver.flag"}, {"pk": 170, "fields": {"flag": "FLAG_IS_[lgtbsOAMFaFTCpS]", "point": 100, "question": 20}, "model": "scoreserver.flag"}, {"pk": 171, "fields": {"flag": "FLAG_IS_[SjcYOaKUkNhWotj]", "point": 400, "question": 6}, "model": "scoreserver.flag"}, {"pk": 172, "fields": {"flag": "FLAG_IS_[WINcTJIyUqWnLId]", "point": 900, "question": 11}, "model": "scoreserver.flag"}, {"pk": 173, "fields": {"flag": "FLAG_IS_[XCFYdOZyBOBmLzG]", "point": 500, "question": 26}, "model": "scoreserver.flag"}, {"pk": 174, "fields": {"flag": "FLAG_IS_[TsJraSMjkHAxSgk]", "point": 400, "question": 12}, "model": "scoreserver.flag"}, {"pk": 175, "fields": {"flag": "FLAG_IS_[AeorgbQeddijDCK]", "point": 900, "question": 1}, "model": "scoreserver.flag"}, {"pk": 176, "fields": {"flag": "FLAG_IS_[nRgjcbGqvloHlOR]", "point": 1100, "question": 27}, "model": "scoreserver.flag"}, {"pk": 177, "fields": {"flag": "FLAG_IS_[NwAmvgVFRhJkWyF]", "point": 500, "question": 47}, "model": "scoreserver.flag"}, {"pk": 178, "fields": {"flag": "FLAG_IS_[shWeGFdaLXEMMct]", "point": 900, "question": 18}, "model": "scoreserver.flag"}, {"pk": 179, "fields": {"flag": "FLAG_IS_[LrzQnaYkcRVJjDT]", "point": 600, "question": 34}, "model": "scoreserver.flag"}, {"pk": 180, "fields": {"flag": "FLAG_IS_[AYWUseunOYyBpnT]", "point": 600, "question": 39}, "model": "scoreserver.flag"}, {"pk": 181, "fields": {"flag": "FLAG_IS_[rqduThxnHzPVJWO]", "point": 1000, "question": 28}, "model": "scoreserver.flag"}, {"pk": 182, "fields": {"flag": "FLAG_IS_[dYUjcYfDOngNveJ]", "point": 400, "question": 31}, "model": "scoreserver.flag"}, {"pk": 183, "fields": {"flag": "FLAG_IS_[GQfbBxCjcawWaJb]", "point": 500, "question": 43}, "model": "scoreserver.flag"}, {"pk": 184, "fields": {"flag": "FLAG_IS_[PIyAHiXxowhfsqz]", "point": 500, "question": 14}, "model": "scoreserver.flag"}, {"pk": 185, "fields": {"flag": "FLAG_IS_[yIheUhLqNscXpIa]", "point": 1100, "question": 31}, "model": "scoreserver.flag"}, {"pk": 186, "fields": {"flag": "FLAG_IS_[HkqTQiNIPTjkYwE]", "point": 1100, "question": 29}, "model": "scoreserver.flag"}, {"pk": 187, "fields": {"flag": "FLAG_IS_[KWADVXNeRtxQkCu]", "point": 1100, "question": 23}, "model": "scoreserver.flag"}, {"pk": 188, "fields": {"flag": "FLAG_IS_[hMFjeVTGNSIzDiR]", "point": 600, "question": 11}, "model": "scoreserver.flag"}, {"pk": 189, "fields": {"flag": "FLAG_IS_[IUORHzVOIOHUYOR]", "point": 600, "question": 32}, "model": "scoreserver.flag"}, {"pk": 190, "fields": {"flag": "FLAG_IS_[oQmmqJfxBstOUzw]", "point": 100, "question": 36}, "model": "scoreserver.flag"}, {"pk": 191, "fields": {"flag": "FLAG_IS_[MdSPhugAWPbfBfA]", "point": 100, "question": 35}, "model": "scoreserver.flag"}, {"pk": 192, "fields": {"flag": "FLAG_IS_[kSSpgVDzxLsDWnh]", "point": 100, "question": 15}, "model": "scoreserver.flag"}, {"pk": 193, "fields": {"flag": "FLAG_IS_[yGJamVYqudXfWaa]", "point": 1100, "question": 12}, "model": "scoreserver.flag"}, {"pk": 194, "fields": {"flag": "FLAG_IS_[tpSQwJXWilbokwT]", "point": 700, "question": 21}, "model": "scoreserver.flag"}, {"pk": 195, "fields": {"flag": "FLAG_IS_[AqiGBSUTiaLxvZm]", "point": 600, "question": 24}, "model": "scoreserver.flag"}, {"pk": 196, "fields": {"flag": "FLAG_IS_[NQkXsZwZorazeXN]", "point": 800, "question": 40}, "model": "scoreserver.flag"}, {"pk": 197, "fields": {"flag": "FLAG_IS_[VBAANWObIqfExfk]", "point": 100, "question": 48}, "model": "scoreserver.flag"}, {"pk": 198, "fields": {"flag": "FLAG_IS_[RqQgesvgxKPhHTe]", "point": 200, "question": 22}, "model": "scoreserver.flag"}, {"pk": 199, "fields": {"flag": "FLAG_IS_[UFAXYsumhkOZheH]", "point": 800, "question": 38}, "model": "scoreserver.flag"}, {"pk": 0, "fields": {"password": "pbkdf2_sha256$24000$D1DRyWYunRrg$PJjWOEuPlWG6QCbXUxl4Ww5fIvGtkx4Ww3yUG9Nqcjg=", "username": "user0"}, "model": "auth.user"}, {"pk": 1, "fields": {"password": "pbkdf2_sha256$24000$YUPhlmb1ggIl$5Xi9g7ASTXgSVAQ9TcDJAsgBK4e1BiBW95Gg/VDlScg=", "username": "user1"}, "model": "auth.user"}, {"pk": 2, "fields": {"password": "pbkdf2_sha256$24000$fvx45sbPiceZ$dCIU1isygszj+MeVaAVV9HvMT/+XTnm6fHiTX+PybvA=", "username": "user2"}, "model": "auth.user"}, {"pk": 3, "fields": {"password": "pbkdf2_sha256$24000$MRJckGCTJ3Ju$GswIXEhWvcq+hY6iEFtQ0ZmlX1yAEiG5YxcNBmofgcw=", "username": "user3"}, "model": "auth.user"}, {"pk": 4, "fields": {"password": "pbkdf2_sha256$24000$IJriRszlntvP$+m3ZkMWeYNCDlJAF/fbpP3UboTYHsiHlmAte/3/GJU8=", "username": "user4"}, "model": "auth.user"}, {"pk": 5, "fields": {"password": "pbkdf2_sha256$24000$LVbRocQTbmad$zBM+W/3ibB1rLPJ3klBdYFQtAQIIzjfxNaQy4FgrTwY=", "username": "user5"}, "model": "auth.user"}, {"pk": 6, "fields": {"password": "pbkdf2_sha256$24000$zNmaUKMvxguo$uN5guzMEj1YVh468ceX9LKuPmOA4Of91r6hX7pyQW1g=", "username": "user6"}, "model": "auth.user"}, {"pk": 7, "fields": {"password": "pbkdf2_sha256$24000$t7FedYef3Sv0$1TBlw0UeGLiMv1AtAXPqNXErguE3RLoh6msXJN7fbDw=", "username": "user7"}, "model": "auth.user"}, {"pk": 8, "fields": {"password": "pbkdf2_sha256$24000$7Tq7ml5rVP9N$XD2qppfC/c83SVuRK8Th4xLFmjPymS7hBXwM781YH0I=", "username": "user8"}, "model": "auth.user"}, {"pk": 9, "fields": {"password": "pbkdf2_sha256$24000$NJV7zAxYEHsN$Z3lRwwcLqMDgNpcDQgqySc0L2knxa+Qr9+ib3WkF7SA=", "username": "user9"}, "model": "auth.user"}, {"pk": 10, "fields": {"password": "pbkdf2_sha256$24000$Tp9ArLMhGJ3P$PV2TkZhg3Zqa9aE6HSRqfwZdh5DVT69Xh0PQkmYTg/4=", "username": "user10"}, "model": "auth.user"}, {"pk": 11, "fields": {"password": "pbkdf2_sha256$24000$wNCHHfquyLrt$YcPrOPD5X1Y1Pu64xpob5gFSQ8C1pXYm+oZLAqT8Sc0=", "username": "user11"}, "model": "auth.user"}, {"pk": 12, "fields": {"password": "pbkdf2_sha256$24000$CQOcoaA8A5Hx$K/zFiHSC8rXSDX9pfC99+tyIIhxFybjS0pB5PcqnWxo=", "username": "user12"}, "model": "auth.user"}, {"pk": 13, "fields": {"password": "pbkdf2_sha256$24000$4IFjVxYt0btu$xnzyvYRUqkHsIYvPr9mHncFzQQtMkqGrb/iLDmm7QWs=", "username": "user13"}, "model": "auth.user"}, {"pk": 14, "fields": {"password": "pbkdf2_sha256$24000$9koo7AzBSPPW$5rCYbco1GhUyKz1F0VqkJUX2+0H9QyX14IQQf/5Pkik=", "username": "user14"}, "model": "auth.user"}, {"pk": 15, "fields": {"password": "pbkdf2_sha256$24000$l7Jb0YDFn4Os$bYW4fa1Z/pDBEZCpWXlKb4lSNKPeUXZUXwsU20xkN1s=", "username": "user15"}, "model": "auth.user"}, {"pk": 16, "fields": {"password": "pbkdf2_sha256$24000$tUoP7NsNgMLq$h0wkpIoMBcpbmSSyR2u4Mw+Gx54XStqbldNoYKVFxx4=", "username": "user16"}, "model": "auth.user"}, {"pk": 17, "fields": {"password": "pbkdf2_sha256$24000$k6dytrcdNn1H$ViKy2tMb6jQnhkS8/N+6mx2rCKPuh28X5M12OL9Quh8=", "username": "user17"}, "model": "auth.user"}, {"pk": 18, "fields": {"password": "pbkdf2_sha256$24000$oTRyAOnoYilu$Q5GmwRJj3exIoAYIjahC550b/WT8wh34NQuFbEhifgI=", "username": "user18"}, "model": "auth.user"}, {"pk": 19, "fields": {"password": "pbkdf2_sha256$24000$S2jGMHQrVmKS$7qwmFa/TGyCAuueRqwQN2sH1qKqs2czU36hzINrPcW8=", "username": "user19"}, "model": "auth.user"}, {"pk": 20, "fields": {"password": "pbkdf2_sha256$24000$3GKfZKdD4ou7$7s42xmcG6ZjIOHwLwMTzz2LR5UJw0yW54LjD6+pEqjs=", "username": "user20"}, "model": "auth.user"}, {"pk": 21, "fields": {"password": "pbkdf2_sha256$24000$SLYe4nJY55q2$pIvZT55w6YSd6RnWxK7JxVGoa2YLP6ME24kT//G8xJo=", "username": "user21"}, "model": "auth.user"}, {"pk": 22, "fields": {"password": "pbkdf2_sha256$24000$gqacSVEPuApo$O3nMVKKE8eV1P/9weG2ZvHaef6UtIOwJoci+OWn3dHk=", "username": "user22"}, "model": "auth.user"}, {"pk": 23, "fields": {"password": "pbkdf2_sha256$24000$75bAnL0rVPmh$BwJiyBzYFJfwro8PoeaDa98VwD3fp8q6glzwGXqjwKg=", "username": "user23"}, "model": "auth.user"}, {"pk": 24, "fields": {"password": "pbkdf2_sha256$24000$aphLLnKneTfI$BiiqZvpJ1FRVNxniWiOsMtdFuY+Iwq402gVjD/8172s=", "username": "user24"}, "model": "auth.user"}, {"pk": 25, "fields": {"password": "pbkdf2_sha256$24000$sdVXiQAVCMf2$dcwWn/JrMCjSvC+QET6EN2OoXwlN/RUxc+PqpGS4Ha0=", "username": "user25"}, "model": "auth.user"}, {"pk": 26, "fields": {"password": "pbkdf2_sha256$24000$DDVr3TDaJCJm$KZLEaMlYB1r5daIGfMPsBYttpAs9xSHNwGEILBVfLF8=", "username": "user26"}, "model": "auth.user"}, {"pk": 27, "fields": {"password": "pbkdf2_sha256$24000$Zv3fmGg2R8kG$3V4MCYLHH4bqAyByO7zKQSBcwf5+41SxPjWYAIt/wjk=", "username": "user27"}, "model": "auth.user"}, {"pk": 28, "fields": {"password": "pbkdf2_sha256$24000$wIHdmy7nRzpB$GhlUVBLqziO7857V3O1+aNQZSU9u0MewEerF5Ln3vZo=", "username": "user28"}, "model": "auth.user"}, {"pk": 29, "fields": {"password": "pbkdf2_sha256$24000$GDH5eY4DFaki$GVP3JvQGQuCcPE08LoNJniD57BFUxoKtBQxs/UxfyD8=", "username": "user29"}, "model": "auth.user"}, {"pk": 30, "fields": {"password": "pbkdf2_sha256$24000$5sCDpxPcc9Wt$lIyXmzJGQNyBmPaB1Wo7fLNrnSx1zY92kw75vIAhOBw=", "username": "user30"}, "model": "auth.user"}, {"pk": 31, "fields": {"password": "pbkdf2_sha256$24000$hmy44zKaJ4nh$OmFPFpqjIIdxiND3yMbhGaM4VMz0KB+Vaz41NZ/quCk=", "username": "user31"}, "model": "auth.user"}, {"pk": 32, "fields": {"password": "pbkdf2_sha256$24000$bk7xxWlAAwJt$Fw/DVe0rvdfu1AqNQ9GFIfAwidH11ygccS5HGXS9O9Q=", "username": "user32"}, "model": "auth.user"}, {"pk": 33, "fields": {"password": "pbkdf2_sha256$24000$0wjqZ2rlW26l$+5KSG3GjLbC+KiFKSej2LxW2Y9WeM4jhpzgV41JmGck=", "username": "user33"}, "model": "auth.user"}, {"pk": 34, "fields": {"password": "pbkdf2_sha256$24000$JnSkcDeR6mmL$XhJHl4TaN9L78BN+zrLfTHuoGqrplpnDuE0OM4Ib5DI=", "username": "user34"}, "model": "auth.user"}, {"pk": 35, "fields": {"password": "pbkdf2_sha256$24000$8PcBAurM7WOK$0mnNcNxCmlq/gWqTQnIgGKA5ZB3UcNGqOyDvsLI+qXw=", "username": "user35"}, "model": "auth.user"}, {"pk": 36, "fields": {"password": "pbkdf2_sha256$24000$XW0IDmObUJf2$reLNh4NkN2T1kDmVtFyayq4h7g/qYXOr6ZlxF+lJUh0=", "username": "user36"}, "model": "auth.user"}, {"pk": 37, "fields": {"password": "pbkdf2_sha256$24000$4zWe8QJZPXed$TkNtgszJpPxrvBt0VduE3dBN8/AyBKqvbmcr/LDX4Yw=", "username": "user37"}, "model": "auth.user"}, {"pk": 38, "fields": {"password": "pbkdf2_sha256$24000$NXgu3dBmEhSP$Sd3BCKAAK6fHFnQVp+DFvn0B841rRTcYFn3daSS1NsY=", "username": "user38"}, "model": "auth.user"}, {"pk": 39, "fields": {"password": "pbkdf2_sha256$24000$oQc12ShQgr7Z$+QELnTyrwt4mk4a4Ah2C9xSJiAe8tnFTPEwXpDtbgKw=", "username": "user39"}, "model": "auth.user"}, {"pk": 40, "fields": {"password": "pbkdf2_sha256$24000$zEM0mpSqqdbn$s4xHHF5j0cQGbtrmnaWs8ye8ytE3Dh3maeoBdqYQ4no=", "username": "user40"}, "model": "auth.user"}, {"pk": 41, "fields": {"password": "pbkdf2_sha256$24000$ERGI0VjtGhd4$nJugBoHiPPLRRB0N4yPE1h8W3vyudVDP60XLPHDbyds=", "username": "user41"}, "model": "auth.user"}, {"pk": 42, "fields": {"password": "pbkdf2_sha256$24000$c9YnzLkMjyVQ$YRji1wJKSbwL7qeUn4yDko4BNPazlyoHysvMWWK2M+w=", "username": "user42"}, "model": "auth.user"}, {"pk": 43, "fields": {"password": "pbkdf2_sha256$24000$cfymQhM2LM0j$Yt27FtymKcbHL0bIs3N/hCS854Mvn1ZzykDV1nGcLA8=", "username": "user43"}, "model": "auth.user"}, {"pk": 44, "fields": {"password": "pbkdf2_sha256$24000$hJrKEgMWxu7y$Sv94+ZBfA2UZ0PQlEifEknDuV3Xjg3/37gbaDl2Q/6g=", "username": "user44"}, "model": "auth.user"}, {"pk": 45, "fields": {"password": "pbkdf2_sha256$24000$Qt0ZfCOxfnni$wh8g+6EieVa1VkN/cxj21jjwGU4oEG4Gab9mwbKmNTw=", "username": "user45"}, "model": "auth.user"}, {"pk": 46, "fields": {"password": "pbkdf2_sha256$24000$Zrh8vKSV3zTs$BzBbju3Uu1eSs1YZuyiyX/+K++WT4Yxqtjb32jAAj4M=", "username": "user46"}, "model": "auth.user"}, {"pk": 47, "fields": {"password": "pbkdf2_sha256$24000$xoOY4kNUvJIA$eXttsXOvBwZJriumyLg2VO1rqFMWWOGbjmxQF4z2+s4=", "username": "user47"}, "model": "auth.user"}, {"pk": 48, "fields": {"password": "pbkdf2_sha256$24000$ck3N1Tq2mV8o$XB2gwGDnBtC6DNQ80RGJtE882+0SFaexI+a3fffBRdY=", "username": "user48"}, "model": "auth.user"}, {"pk": 49, "fields": {"password": "pbkdf2_sha256$24000$MU7a6FOiClw6$RmcVoXu3v0olljum2UOM/IGS4yPfV/qC6tPjL6Nr2og=", "username": "user49"}, "model": "auth.user"}, {"pk": 0, "fields": {"description": "sBPDHiqVwQpgFZZWHqodMpHPFBKOTkDMohAkhNpUghYAYNLnBPZIYSgSjyjoDraDaMCoICVSISTgoMMgINtfrGGMZFIgmBJHUFpN", "question": 7}, "model": "scoreserver.hint"}, {"pk": 1, "fields": {"description": "wPQGVigcaMYZOrYKuEdFLErtyZOxLbmWXtROUCwVJPWXLNwpSAPkTQYAFlTfmaJkGWwzoKSzebnsZWPGypSjBdikYZIIbVOmPgRr", "question": 43}, "model": "scoreserver.hint"}, {"pk": 2, "fields": {"description": "jUqRtPYszYuYYDhTpVcevDwxhGgydIjVYxpDTUmMyonyFaoPMxXDoJKzqVnIvmFcvNOqIUkMsoTYzhRutbPHPNaUZmrYuvWxahIt", "question": 25}, "model": "scoreserver.hint"}, {"pk": 3, "fields": {"description": "FQbiExigtdYutRsjqEejJOXtzfdNtMmENAnEVjgrpAeBnVuzuVlQyCNGDZWUtegayxxuBjVBrAoVhAvPfbtopfEZPKjEwGVeEqYm", "question": 49}, "model": "scoreserver.hint"}, {"pk": 4, "fields": {"description": "kvQstzphnFtcWpBxZonYmXipgzNxKAARauUrbniYdUYFnJUFUMunXmgQWtGZmYIMkNtLIAJOWVMzxEguHVFcJYlDEmdTSRcTzcPC", "question": 17}, "model": "scoreserver.hint"}, {"pk": 5, "fields": {"description": "RNGhUhhWgTtYufyAhwQtXwmklvAFWGsycfOAUDuSYQZymPWPZzpnxDDqHpRFTzCBkmnnlueeMyGgLFoVvMkrKRwgoTxrvIzgUJTy", "question": 43}, "model": "scoreserver.hint"}, {"pk": 6, "fields": {"description": "qctDshIgxalpvvWDNCTChfhKzIyLFeJrXnBhNYmXVDsBRMBPBogncbZpUHAjhLJdzkrVqnKhWaqoOGrhFhzfuwSHblywzfYkLzmB", "question": 18}, "model": "scoreserver.hint"}, {"pk": 7, "fields": {"description": "wrteVyeLtgFuSFOUgBYarqvUNcaTDlPemWEdFGsTTCeyANMemPacyPikMKsLXHjAZwmLOKpvVQuBPYrYIJxJWGTuenISokyPmtLJ", "question": 37}, "model": "scoreserver.hint"}, {"pk": 8, "fields": {"description": "EzODtNZHClDaFRdcXQbroElhVWDqDyiZdhrMGWsuDPNPHbuKSysULkVAuWVAqRisrAUKHwGeVsTiGwVpoVtPhhrvxrjLcNZCqPzp", "question": 36}, "model": "scoreserver.hint"}, {"pk": 9, "fields": {"description": "rcHLqLKkrbLlYvmOdRqteXCJeunNyWuYFchPtxMZNcrgnvsCMczAtFAkLzJLPUtzJmBXJUNrkkTeZffPEOdCArjEhKmUgwOsIrkq", "question": 44}, "model": "scoreserver.hint"}, {"pk": 10, "fields": {"description": "wlrTyDIDUZoXXhbAmsOVgYydLkjwKlofjDXdAFkHnAaebSfBJUNqAawHVRltQNiHQFNLVYveMTxoPQSEdOXXbitKIFQomWAkWcfV", "question": 14}, "model": "scoreserver.hint"}, {"pk": 11, "fields": {"description": "ohCfknhfxgCuKqcatSCpFQrDjteAEBnBYyhejRVEQHELfcCNlBOduLIHNORhNZjeLNIXMnHzAIGkqlVQaaGIfikENdKonuHfuQmS", "question": 36}, "model": "scoreserver.hint"}, {"pk": 12, "fields": {"description": "LAjiGEgzPpGGQyvQEiQmevzEdtgMqoYKIciJUznsEDcvgbncJorvOuGvjebCScTANdPqntGYSVPXmmFyTaOoNlAqcHtpzACaircQ", "question": 40}, "model": "scoreserver.hint"}, {"pk": 13, "fields": {"description": "NNAeBMnSgRgrHXZzLHgBiiOSfrFYYhmyLEwOVCusOVNSfOfctDxhcPGJjreuCYwTqOMjitsFneiNzoUBHEnMgXqwtDMRyeyzkBUx", "question": 17}, "model": "scoreserver.hint"}, {"pk": 14, "fields": {"description": "ZLNgOwtnAXlMrqNPTemKJotNtqwRLbAOYTRRbDXSIdfKDYJtijDItpTXNwcrfsVgOPWkkZEzZVYaVUdLMpAMojJbVriHnybapeQu", "question": 24}, "model": "scoreserver.hint"}, {"pk": 15, "fields": {"description": "wRnugNjeRURbJNAiSzNlnDZgOBgFUSzRojasNfgIoEWhwjMjkVyCjdZCYhaTRukzyjtwSPqKHCfGlCzXaMuZazFoEQOVWRxXPnlE", "question": 6}, "model": "scoreserver.hint"}, {"pk": 16, "fields": {"description": "JheeJoUomsywImtIgUKyxughqXdcXxfigjdEOnIlpCdqMfURmetyeEKEstNwFxQbZWlOFvTsWeNSaBuqeOUoSsaBUWerNUiNNbfZ", "question": 8}, "model": "scoreserver.hint"}, {"pk": 17, "fields": {"description": "pZyAJPCrGUugcHYUPqbrqpggvrsVYMutdFefPCcJBETCguqXoRPfwUWBNZFujDvnygvZOvjVKTyuLAMiKEJCZAwZNGaENFFQSbCN", "question": 29}, "model": "scoreserver.hint"}, {"pk": 18, "fields": {"description": "rgibaxtWopkxYcGoyqktXReBpjLJEpBGfqxfHnmivOoekxsyiBEgQBDDcnybWodrYGUKkjbuXtctthpprsPbXzWkWSkHcCvvrhRx", "question": 26}, "model": "scoreserver.hint"}, {"pk": 19, "fields": {"description": "YvvlrZuSQVxrwPkLvTgHPeWhQoZUkyyrZILTvmmSoDmyzPwKuYHIfcEbQliAnjmxbGOTVfUyOorAwdWHGFJOmwfyHgvjbfhyaXGY", "question": 31}, "model": "scoreserver.hint"}, {"pk": 20, "fields": {"description": "THwbNDywdodrSvygWrzUAqviPNksgCUONzqABsoTheOqEIJbYXGHWUtlwFwzCxoukviRMNsYlzBjtCrJsaHfvwOZspDnDWfmMGJr", "question": 48}, "model": "scoreserver.hint"}, {"pk": 21, "fields": {"description": "PZFlnilXsuerayitoYETMVDoRIWkgXedefgjUIonNAhvWGeUAaQrZycYCrGeXYloJwoIXtNlwakfAVLjyHtZfGgydXvGhntjbyKS", "question": 29}, "model": "scoreserver.hint"}, {"pk": 22, "fields": {"description": "QzSgYHcJrSJCrKbNTqsVIqEiGYmJfbbbNSdtEbyOvcqHDnlUZFxUxJRELiJgHdzpQYEJjmXTCNqTIPKSPikrNiTabNtFZAmhmLOY", "question": 46}, "model": "scoreserver.hint"}, {"pk": 23, "fields": {"description": "RtOiuWxjPsIUceLjUwolZoiZbLbHYWrlPsDhTrvJfXkyRLCQhBlBVvIFSzomrRpFGVYnUsoghWSFMLbsbaQKgLWLwthXayIxFUoV", "question": 31}, "model": "scoreserver.hint"}, {"pk": 24, "fields": {"description": "mIiPncyzwDABzbRSXZGMvhjQYxXgyLtpUeRajtKWALIJgwycdtOrBqhvHgTuXfbHVrYPmUPLDctubNoQHInjLeJDDhDBYGBBoQdR", "question": 7}, "model": "scoreserver.hint"}, {"pk": 25, "fields": {"description": "FReLuauUhajkuXsZMkICXddRPDjsimrqgzGlbqbcPPiGgCZPeMqEanJrwOwmHORDlHxqwKnmECLnbwLwBKUTUeiRqDCOiMvGLZBA", "question": 19}, "model": "scoreserver.hint"}, {"pk": 26, "fields": {"description": "bwazVjiwkuHoTQEjSjfeXpVJycBDmaGnZtiELUaeQbBlMxGYifUTVCyZMfEzmOnQqiWbEWjmAINZDhGBsgvOKEOafEVjYgqqRctx", "question": 27}, "model": "scoreserver.hint"}, {"pk": 27, "fields": {"description": "LwOacACYLmPKCShRHFnrOSbBBWymcWoDbOYFyDZcbukLAFQRjwxVvAEpzQjoNPvDclCgqCaVokNMsKIFWEUbeJSiHBmECroFbGDA", "question": 31}, "model": "scoreserver.hint"}, {"pk": 28, "fields": {"description": "IkyVTzNbYihPaWGNCzLSIqpGulrUNCYacRMGRYqVODKbxviOGJGARxHhWgmGGiFpoqeyGKbJtNRozdQgglGgnrLwizBZZxoYzHTl", "question": 44}, "model": "scoreserver.hint"}, {"pk": 29, "fields": {"description": "dgKmdqoizpSfImZkefeDgcxICMOBuYekRGiKPjKGmVSuSMHIyqHZZUClRjgQvUdcsUhvJdWTeCMnhTIEeEkQnoPFdlSCwBSPhYzf", "question": 24}, "model": "scoreserver.hint"}, {"pk": 30, "fields": {"description": "zcCwdnVuKQZBeOcnzJGvYEVMajuayYKTbUgwkKcjDiDJKbPlpEMgUdiwXOJtkXMLwATFPIzSIgzKVMSJMqoYYUjXwEdcjqyewHOz", "question": 40}, "model": "scoreserver.hint"}, {"pk": 31, "fields": {"description": "UEzMZDfTvIfwKSUXzPDjfDMCKjgzcoYuKYtIdtftXrrTUqHWYxUtKBzQSwqhhmKSoAZOmSaNLnlzwHClgMaepgtWbengFycEQeyE", "question": 48}, "model": "scoreserver.hint"}, {"pk": 32, "fields": {"description": "ImzwLuQpQjuivXXydBHtpZtlvbylhQCMxrMmdgFanQqhoPzKfRXWyUfrJHUujPggIcKmGoQgLJYzQFPZKnGGOoHraxgZIeahdQet", "question": 6}, "model": "scoreserver.hint"}, {"pk": 33, "fields": {"description": "hjaLwLsDOACnbjcqjgKnElFAvPPsAcFzuAYiKpNIStKPGFgwRlfOspBCYuuVPAzYPpCXEQdzNAYzCmEPRRwVnIEUAGMeDIDoyYkn", "question": 7}, "model": "scoreserver.hint"}, {"pk": 34, "fields": {"description": "kqAypvwvsCfOoFcGYAkNWDeLEHInZqHLzNMmgsbMHRdWDcpsPyRJyTRIZfkzIjAWwdhucxIfjdeKMYBCKNsquhquCUOPEemNrbfA", "question": 44}, "model": "scoreserver.hint"}, {"pk": 35, "fields": {"description": "wTRPLyuXlHoJdQdpQICegiKvADmuGbovyaJwideAjdkIBlupxIPUiRtQiyLCObsxxsfLaZhNoaFwyzlYXnvXipbEllIusvQmPVIl", "question": 13}, "model": "scoreserver.hint"}, {"pk": 36, "fields": {"description": "uNlechfTNtMzEIGKfoHpEtSZXXojXqxYViZOuggPHBnATAEfoZkcfJObHrwYkSUfJAtjOQKRcMWcwsUdFAyHMONEnDExGQhzXdmE", "question": 26}, "model": "scoreserver.hint"}, {"pk": 37, "fields": {"description": "CqRxkcwIQEHatBWlEISdGGzzYumhSRQTlQboEDNuJVvIvsmkfbUYFlksPCTCpwblbWbSMuhcYvwFNsKAUbnrlGwWjDvkmiBgMAqM", "question": 31}, "model": "scoreserver.hint"}, {"pk": 38, "fields": {"description": "orhkJjMLeZrOPpNArOXwRYCmMYeSfjISpYgaVrXzLkXjcgoSwLlUeGpNdxKnKzwArxyhiPvpqrGaaUlNKTrTCKfHcQpfvxoGXtUo", "question": 44}, "model": "scoreserver.hint"}, {"pk": 39, "fields": {"description": "amrBDZuDSTjNxPQywCVCvUknnVelsJEgjsMdLjyqOMfWWQldlgKJtBPRNKGEdxJTOUBjtgoYSyPWRxuJbTbrRlECFokrFmcAsYBy", "question": 36}, "model": "scoreserver.hint"}, {"pk": 40, "fields": {"description": "GcshfxwhHoqiAsEOMVIkFtzRVWLpVPtPoobBMlBcAsGtCeLgPwEToNSYwJMmukyZNgzbopEVuaRctUaqrrFkIuHlSIkFrfNhVLfT", "question": 24}, "model": "scoreserver.hint"}, {"pk": 41, "fields": {"description": "skEdcdoMSEEqdBmtXVhApzyCmwjQBBeodILqoShwsGyGcTuDYYQftzHIrbJdwVuNhrxjtROUSxOuYhZJXWlwivMytaNMkrBvIBcR", "question": 18}, "model": "scoreserver.hint"}, {"pk": 42, "fields": {"description": "XrVNEprQiRilRuUlDPTpeNRqgGqHlLHfUvSOJsxJmLvECuCtxHADGuLzRxFzyApweYmfnWJuyzjHJnMBwaGJOmdinXKvzGVtuNAl", "question": 27}, "model": "scoreserver.hint"}, {"pk": 43, "fields": {"description": "xpOrydqfhzuTPlgADlwHVttYLmmsTOQhpWJysRupkLLmTzmGEccGoHTQvFrGRQzOKDDxXhLOBriKzMALluddbhfsHkrRwUGbHzcg", "question": 23}, "model": "scoreserver.hint"}, {"pk": 44, "fields": {"description": "OQkQLIgQsXoMUxCuqnSBYAMkTyaHpMIWloLVawLDmjPtxJECpybrPShjdjenGeVqhXRPEMSgTbceHqhmRWuuFaiUwchlRhzPoQCf", "question": 23}, "model": "scoreserver.hint"}, {"pk": 45, "fields": {"description": "GkHljdNFCdNTjPVwCMLjbtkMQrakzObFZeUXHYQozStOWuUoTbziwaUosRnYOHHbMcqpCWTsqLxiIqQgFSBHzelRZlRusgtGTbZe", "question": 8}, "model": "scoreserver.hint"}, {"pk": 46, "fields": {"description": "cKDIHGyhobXjLzfAOIbnPCiHORQbSFbrcwfhjipTDkGLZDMlIfjHnstDDYohSvMDyJSFoBPWyUVuRcvdeiacTdcREnLjvyCPtZIz", "question": 29}, "model": "scoreserver.hint"}, {"pk": 47, "fields": {"description": "bfFUUKuXduFtVuATTgacYGjjpnUzSNcSbXSFGjIUFtCwEAHzhAZiagKnhiqaTRovHYnFuWgZlbsIKadQIBNjdmWAxntlCizfczKn", "question": 2}, "model": "scoreserver.hint"}, {"pk": 48, "fields": {"description": "SLpzhJiRwmxFENsOmcoQcgaJZUtIeXAxxBXLIIHqsArLtvEBmVxcrqBuTPxoivakhkrtwBrStHnPemYzCtsGUviKuHJcqWkXYrdp", "question": 43}, "model": "scoreserver.hint"}, {"pk": 49, "fields": {"description": "wcpMDiGoajsaRksuiiqXjNbmJUBSkCXvpVhBAXAbKSXLnQwkpyaHOTRqAoitFOtsOgcCbhOvLlaDLYnKkXsGkRotfyeISLYlHlrY", "question": 41}, "model": "scoreserver.hint"}, {"pk": 0, "fields": {"user": 10, "point": 800, "question": 8}, "model": "scoreserver.attackpointhistory"}, {"pk": 1, "fields": {"user": 29, "point": 800, "question": 1}, "model": "scoreserver.attackpointhistory"}, {"pk": 2, "fields": {"user": 8, "point": 1100, "question": 5}, "model": "scoreserver.attackpointhistory"}, {"pk": 3, "fields": {"user": 13, "point": 1000, "question": 6}, "model": "scoreserver.attackpointhistory"}, {"pk": 4, "fields": {"user": 30, "point": 900, "question": 9}, "model": "scoreserver.attackpointhistory"}, {"pk": 5, "fields": {"user": 15, "point": 1100, "question": 2}, "model": "scoreserver.attackpointhistory"}, {"pk": 6, "fields": {"user": 42, "point": 1100, "question": 5}, "model": "scoreserver.attackpointhistory"}, {"pk": 7, "fields": {"user": 25, "point": 800, "question": 8}, "model": "scoreserver.attackpointhistory"}, {"pk": 8, "fields": {"user": 13, "point": 1100, "question": 3}, "model": "scoreserver.attackpointhistory"}, {"pk": 9, "fields": {"user": 19, "point": 1100, "question": 2}, "model": "scoreserver.attackpointhistory"}, {"pk": 10, "fields": {"user": 11, "point": 900, "question": 9}, "model": "scoreserver.attackpointhistory"}, {"pk": 11, "fields": {"user": 28, "point": 800, "question": 1}, "model": "scoreserver.attackpointhistory"}, {"pk": 12, "fields": {"user": 9, "point": 800, "question": 7}, "model": "scoreserver.attackpointhistory"}, {"pk": 13, "fields": {"user": 17, "point": 1100, "question": 5}, "model": "scoreserver.attackpointhistory"}, {"pk": 14, "fields": {"user": 49, "point": 1000, "question": 6}, "model": "scoreserver.attackpointhistory"}, {"pk": 15, "fields": {"user": 41, "point": 1100, "question": 2}, "model": "scoreserver.attackpointhistory"}, {"pk": 16, "fields": {"user": 36, "point": 800, "question": 8}, "model": "scoreserver.attackpointhistory"}, {"pk": 17, "fields": {"user": 26, "point": 1100, "question": 2}, "model": "scoreserver.attackpointhistory"}, {"pk": 18, "fields": {"user": 35, "point": 1100, "question": 4}, "model": "scoreserver.attackpointhistory"}, {"pk": 19, "fields": {"user": 36, "point": 1100, "question": 2}, "model": "scoreserver.attackpointhistory"}, {"pk": 20, "fields": {"user": 12, "point": 1100, "question": 2}, "model": "scoreserver.attackpointhistory"}, {"pk": 21, "fields": {"user": 5, "point": 1100, "question": 2}, "model": "scoreserver.attackpointhistory"}, {"pk": 22, "fields": {"user": 9, "point": 1100, "question": 5}, "model": "scoreserver.attackpointhistory"}, {"pk": 23, "fields": {"user": 7, "point": 1000, "question": 6}, "model": "scoreserver.attackpointhistory"}, {"pk": 24, "fields": {"user": 11, "point": 1100, "question": 3}, "model": "scoreserver.attackpointhistory"}, {"pk": 25, "fields": {"user": 2, "point": 1100, "question": 4}, "model": "scoreserver.attackpointhistory"}, {"pk": 26, "fields": {"user": 37, "point": 1100, "question": 5}, "model": "scoreserver.attackpointhistory"}, {"pk": 27, "fields": {"user": 32, "point": 800, "question": 8}, "model": "scoreserver.attackpointhistory"}, {"pk": 28, "fields": {"user": 13, "point": 1100, "question": 5}, "model": "scoreserver.attackpointhistory"}, {"pk": 29, "fields": {"user": 14, "point": 800, "question": 7}, "model": "scoreserver.attackpointhistory"}, {"pk": 30, "fields": {"user": 7, "point": 800, "question": 7}, "model": "scoreserver.attackpointhistory"}, {"pk": 31, "fields": {"user": 33, "point": 1100, "question": 2}, "model": "scoreserver.attackpointhistory"}, {"pk": 32, "fields": {"user": 12, "point": 900, "question": 9}, "model": "scoreserver.attackpointhistory"}, {"pk": 33, "fields": {"user": 34, "point": 1000, "question": 6}, "model": "scoreserver.attackpointhistory"}, {"pk": 34, "fields": {"user": 27, "point": 1100, "question": 3}, "model": "scoreserver.attackpointhistory"}, {"pk": 35, "fields": {"user": 3, "point": 800, "question": 8}, "model": "scoreserver.attackpointhistory"}, {"pk": 36, "fields": {"user": 28, "point": 1100, "question": 5}, "model": "scoreserver.attackpointhistory"}, {"pk": 37, "fields": {"user": 29, "point": 1100, "question": 4}, "model": "scoreserver.attackpointhistory"}, {"pk": 38, "fields": {"user": 49, "point": 1100, "question": 3}, "model": "scoreserver.attackpointhistory"}, {"pk": 39, "fields": {"user": 9, "point": 800, "question": 8}, "model": "scoreserver.attackpointhistory"}, {"pk": 40, "fields": {"user": 18, "point": 1100, "question": 4}, "model": "scoreserver.attackpointhistory"}, {"pk": 41, "fields": {"user": 34, "point": 800, "question": 1}, "model": "scoreserver.attackpointhistory"}, {"pk": 42, "fields": {"user": 44, "point": 900, "question": 9}, "model": "scoreserver.attackpointhistory"}, {"pk": 43, "fields": {"user": 7, "point": 1100, "question": 5}, "model": "scoreserver.attackpointhistory"}, {"pk": 44, "fields": {"user": 42, "point": 1100, "question": 2}, "model": "scoreserver.attackpointhistory"}, {"pk": 45, "fields": {"user": 13, "point": 1100, "question": 3}, "model": "scoreserver.attackpointhistory"}, {"pk": 46, "fields": {"user": 17, "point": 1000, "question": 6}, "model": "scoreserver.attackpointhistory"}, {"pk": 47, "fields": {"user": 20, "point": 800, "question": 8}, "model": "scoreserver.attackpointhistory"}, {"pk": 48, "fields": {"user": 13, "point": 1100, "question": 2}, "model": "scoreserver.attackpointhistory"}, {"pk": 49, "fields": {"user": 37, "point": 1100, "question": 2}, "model": "scoreserver.attackpointhistory"}, {"pk": 50, "fields": {"user": 41, "point": 900, "question": 9}, "model": "scoreserver.attackpointhistory"}, {"pk": 51, "fields": {"user": 23, "point": 1100, "question": 2}, "model": "scoreserver.attackpointhistory"}, {"pk": 52, "fields": {"user": 48, "point": 800, "question": 1}, "model": "scoreserver.attackpointhistory"}, {"pk": 53, "fields": {"user": 44, "point": 900, "question": 9}, "model": "scoreserver.attackpointhistory"}, {"pk": 54, "fields": {"user": 6, "point": 900, "question": 9}, "model": "scoreserver.attackpointhistory"}, {"pk": 55, "fields": {"user": 10, "point": 800, "question": 1}, "model": "scoreserver.attackpointhistory"}, {"pk": 56, "fields": {"user": 46, "point": 1100, "question": 5}, "model": "scoreserver.attackpointhistory"}, {"pk": 57, "fields": {"user": 9, "point": 800, "question": 1}, "model": "scoreserver.attackpointhistory"}, {"pk": 58, "fields": {"user": 44, "point": 800, "question": 8}, "model": "scoreserver.attackpointhistory"}, {"pk": 59, "fields": {"user": 30, "point": 1100, "question": 2}, "model": "scoreserver.attackpointhistory"}, {"pk": 60, "fields": {"user": 10, "point": 800, "question": 7}, "model": "scoreserver.attackpointhistory"}, {"pk": 61, "fields": {"user": 1, "point": 900, "question": 9}, "model": "scoreserver.attackpointhistory"}, {"pk": 62, "fields": {"user": 20, "point": 1100, "question": 3}, "model": "scoreserver.attackpointhistory"}, {"pk": 63, "fields": {"user": 34, "point": 800, "question": 7}, "model": "scoreserver.attackpointhistory"}, {"pk": 64, "fields": {"user": 13, "point": 800, "question": 8}, "model": "scoreserver.attackpointhistory"}, {"pk": 65, "fields": {"user": 32, "point": 1100, "question": 5}, "model": "scoreserver.attackpointhistory"}, {"pk": 66, "fields": {"user": 26, "point": 1100, "question": 3}, "model": "scoreserver.attackpointhistory"}, {"pk": 67, "fields": {"user": 9, "point": 800, "question": 1}, "model": "scoreserver.attackpointhistory"}, {"pk": 68, "fields": {"user": 24, "point": 800, "question": 7}, "model": "scoreserver.attackpointhistory"}, {"pk": 69, "fields": {"user": 30, "point": 1100, "question": 4}, "model": "scoreserver.attackpointhistory"}, {"pk": 70, "fields": {"user": 1, "point": 1100, "question": 5}, "model": "scoreserver.attackpointhistory"}, {"pk": 71, "fields": {"user": 9, "point": 1100, "question": 3}, "model": "scoreserver.attackpointhistory"}, {"pk": 72, "fields": {"user": 34, "point": 1100, "question": 2}, "model": "scoreserver.attackpointhistory"}, {"pk": 73, "fields": {"user": 21, "point": 1100, "question": 4}, "model": "scoreserver.attackpointhistory"}, {"pk": 74, "fields": {"user": 33, "point": 1100, "question": 3}, "model": "scoreserver.attackpointhistory"}, {"pk": 75, "fields": {"user": 33, "point": 1100, "question": 4}, "model": "scoreserver.attackpointhistory"}, {"pk": 76, "fields": {"user": 47, "point": 1100, "question": 4}, "model": "scoreserver.attackpointhistory"}, {"pk": 77, "fields": {"user": 33, "point": 1100, "question": 5}, "model": "scoreserver.attackpointhistory"}, {"pk": 78, "fields": {"user": 39, "point": 800, "question": 1}, "model": "scoreserver.attackpointhistory"}, {"pk": 79, "fields": {"user": 11, "point": 1000, "question": 6}, "model": "scoreserver.attackpointhistory"}, {"pk": 80, "fields": {"user": 30, "point": 800, "question": 1}, "model": "scoreserver.attackpointhistory"}, {"pk": 81, "fields": {"user": 42, "point": 1100, "question": 2}, "model": "scoreserver.attackpointhistory"}, {"pk": 82, "fields": {"user": 10, "point": 1100, "question": 4}, "model": "scoreserver.attackpointhistory"}, {"pk": 83, "fields": {"user": 9, "point": 800, "question": 7}, "model": "scoreserver.attackpointhistory"}, {"pk": 84, "fields": {"user": 23, "point": 800, "question": 7}, "model": "scoreserver.attackpointhistory"}, {"pk": 85, "fields": {"user": 20, "point": 1100, "question": 3}, "model": "scoreserver.attackpointhistory"}, {"pk": 86, "fields": {"user": 34, "point": 1100, "question": 5}, "model": "scoreserver.attackpointhistory"}, {"pk": 87, "fields": {"user": 43, "point": 1100, "question": 2}, "model": "scoreserver.attackpointhistory"}, {"pk": 88, "fields": {"user": 47, "point": 800, "question": 1}, "model": "scoreserver.attackpointhistory"}, {"pk": 89, "fields": {"user": 23, "point": 1000, "question": 6}, "model": "scoreserver.attackpointhistory"}, {"pk": 90, "fields": {"user": 16, "point": 900, "question": 9}, "model": "scoreserver.attackpointhistory"}, {"pk": 91, "fields": {"user": 42, "point": 1100, "question": 3}, "model": "scoreserver.attackpointhistory"}, {"pk": 92, "fields": {"user": 5, "point": 900, "question": 9}, "model": "scoreserver.attackpointhistory"}, {"pk": 93, "fields": {"user": 10, "point": 800, "question": 8}, "model": "scoreserver.attackpointhistory"}, {"pk": 94, "fields": {"user": 23, "point": 1100, "question": 2}, "model": "scoreserver.attackpointhistory"}, {"pk": 95, "fields": {"user": 34, "point": 800, "question": 1}, "model": "scoreserver.attackpointhistory"}, {"pk": 96, "fields": {"user": 45, "point": 1000, "question": 6}, "model": "scoreserver.attackpointhistory"}, {"pk": 97, "fields": {"user": 47, "point": 1100, "question": 3}, "model": "scoreserver.attackpointhistory"}, {"pk": 98, "fields": {"user": 25, "point": 1100, "question": 5}, "model": "scoreserver.attackpointhistory"}, {"pk": 99, "fields": {"user": 33, "point": 1100, "question": 3}, "model": "scoreserver.attackpointhistory"}, {"pk": 100, "fields": {"user": 45, "point": 800, "question": 1}, "model": "scoreserver.attackpointhistory"}, {"pk": 101, "fields": {"user": 19, "point": 1000, "question": 6}, "model": "scoreserver.attackpointhistory"}, {"pk": 102, "fields": {"user": 43, "point": 800, "question": 1}, "model": "scoreserver.attackpointhistory"}, {"pk": 103, "fields": {"user": 38, "point": 1100, "question": 2}, "model": "scoreserver.attackpointhistory"}, {"pk": 104, "fields": {"user": 17, "point": 800, "question": 7}, "model": "scoreserver.attackpointhistory"}, {"pk": 105, "fields": {"user": 31, "point": 800, "question": 8}, "model": "scoreserver.attackpointhistory"}, {"pk": 106, "fields": {"user": 1, "point": 800, "question": 8}, "model": "scoreserver.attackpointhistory"}, {"pk": 107, "fields": {"user": 8, "point": 1000, "question": 6}, "model": "scoreserver.attackpointhistory"}, {"pk": 108, "fields": {"user": 30, "point": 800, "question": 7}, "model": "scoreserver.attackpointhistory"}, {"pk": 109, "fields": {"user": 45, "point": 900, "question": 9}, "model": "scoreserver.attackpointhistory"}, {"pk": 110, "fields": {"user": 26, "point": 1100, "question": 3}, "model": "scoreserver.attackpointhistory"}, {"pk": 111, "fields": {"user": 1, "point": 900, "question": 9}, "model": "scoreserver.attackpointhistory"}, {"pk": 112, "fields": {"user": 27, "point": 800, "question": 8}, "model": "scoreserver.attackpointhistory"}, {"pk": 113, "fields": {"user": 6, "point": 800, "question": 1}, "model": "scoreserver.attackpointhistory"}, {"pk": 114, "fields": {"user": 20, "point": 1100, "question": 2}, "model": "scoreserver.attackpointhistory"}, {"pk": 115, "fields": {"user": 1, "point": 1100, "question": 4}, "model": "scoreserver.attackpointhistory"}, {"pk": 116, "fields": {"user": 23, "point": 1100, "question": 4}, "model": "scoreserver.attackpointhistory"}, {"pk": 117, "fields": {"user": 31, "point": 1100, "question": 5}, "model": "scoreserver.attackpointhistory"}, {"pk": 118, "fields": {"user": 35, "point": 900, "question": 9}, "model": "scoreserver.attackpointhistory"}, {"pk": 119, "fields": {"user": 13, "point": 1100, "question": 3}, "model": "scoreserver.attackpointhistory"}, {"pk": 120, "fields": {"user": 4, "point": 900, "question": 9}, "model": "scoreserver.attackpointhistory"}, {"pk": 121, "fields": {"user": 49, "point": 900, "question": 9}, "model": "scoreserver.attackpointhistory"}, {"pk": 122, "fields": {"user": 40, "point": 1000, "question": 6}, "model": "scoreserver.attackpointhistory"}, {"pk": 123, "fields": {"user": 24, "point": 1100, "question": 2}, "model": "scoreserver.attackpointhistory"}, {"pk": 124, "fields": {"user": 16, "point": 800, "question": 7}, "model": "scoreserver.attackpointhistory"}, {"pk": 125, "fields": {"user": 41, "point": 1100, "question": 4}, "model": "scoreserver.attackpointhistory"}, {"pk": 126, "fields": {"user": 6, "point": 800, "question": 8}, "model": "scoreserver.attackpointhistory"}, {"pk": 127, "fields": {"user": 44, "point": 1100, "question": 4}, "model": "scoreserver.attackpointhistory"}, {"pk": 128, "fields": {"user": 39, "point": 1100, "question": 3}, "model": "scoreserver.attackpointhistory"}, {"pk": 129, "fields": {"user": 1, "point": 900, "question": 9}, "model": "scoreserver.attackpointhistory"}, {"pk": 130, "fields": {"user": 13, "point": 1000, "question": 6}, "model": "scoreserver.attackpointhistory"}, {"pk": 131, "fields": {"user": 21, "point": 800, "question": 7}, "model": "scoreserver.attackpointhistory"}, {"pk": 132, "fields": {"user": 23, "point": 800, "question": 1}, "model": "scoreserver.attackpointhistory"}, {"pk": 133, "fields": {"user": 27, "point": 1000, "question": 6}, "model": "scoreserver.attackpointhistory"}, {"pk": 134, "fields": {"user": 34, "point": 800, "question": 8}, "model": "scoreserver.attackpointhistory"}, {"pk": 135, "fields": {"user": 19, "point": 800, "question": 7}, "model": "scoreserver.attackpointhistory"}, {"pk": 136, "fields": {"user": 40, "point": 800, "question": 1}, "model": "scoreserver.attackpointhistory"}, {"pk": 137, "fields": {"user": 45, "point": 800, "question": 7}, "model": "scoreserver.attackpointhistory"}, {"pk": 138, "fields": {"user": 46, "point": 1100, "question": 2}, "model": "scoreserver.attackpointhistory"}, {"pk": 139, "fields": {"user": 42, "point": 1000, "question": 6}, "model": "scoreserver.attackpointhistory"}, {"pk": 140, "fields": {"user": 26, "point": 1000, "question": 6}, "model": "scoreserver.attackpointhistory"}, {"pk": 141, "fields": {"user": 5, "point": 1100, "question": 5}, "model": "scoreserver.attackpointhistory"}, {"pk": 142, "fields": {"user": 22, "point": 900, "question": 9}, "model": "scoreserver.attackpointhistory"}, {"pk": 143, "fields": {"user": 19, "point": 1000, "question": 6}, "model": "scoreserver.attackpointhistory"}, {"pk": 144, "fields": {"user": 30, "point": 900, "question": 9}, "model": "scoreserver.attackpointhistory"}, {"pk": 145, "fields": {"user": 15, "point": 800, "question": 7}, "model": "scoreserver.attackpointhistory"}, {"pk": 146, "fields": {"user": 20, "point": 1100, "question": 4}, "model": "scoreserver.attackpointhistory"}, {"pk": 147, "fields": {"user": 42, "point": 1100, "question": 4}, "model": "scoreserver.attackpointhistory"}, {"pk": 148, "fields": {"user": 19, "point": 800, "question": 7}, "model": "scoreserver.attackpointhistory"}, {"pk": 149, "fields": {"user": 48, "point": 1100, "question": 3}, "model": "scoreserver.attackpointhistory"}, {"pk": 150, "fields": {"user": 21, "point": 1100, "question": 3}, "model": "scoreserver.attackpointhistory"}, {"pk": 151, "fields": {"user": 46, "point": 1000, "question": 6}, "model": "scoreserver.attackpointhistory"}, {"pk": 152, "fields": {"user": 26, "point": 900, "question": 9}, "model": "scoreserver.attackpointhistory"}, {"pk": 153, "fields": {"user": 29, "point": 900, "question": 9}, "model": "scoreserver.attackpointhistory"}, {"pk": 154, "fields": {"user": 43, "point": 1100, "question": 5}, "model": "scoreserver.attackpointhistory"}, {"pk": 155, "fields": {"user": 39, "point": 1100, "question": 2}, "model": "scoreserver.attackpointhistory"}, {"pk": 156, "fields": {"user": 19, "point": 1100, "question": 2}, "model": "scoreserver.attackpointhistory"}, {"pk": 157, "fields": {"user": 4, "point": 800, "question": 1}, "model": "scoreserver.attackpointhistory"}, {"pk": 158, "fields": {"user": 29, "point": 1100, "question": 2}, "model": "scoreserver.attackpointhistory"}, {"pk": 159, "fields": {"user": 18, "point": 800, "question": 1}, "model": "scoreserver.attackpointhistory"}, {"pk": 160, "fields": {"user": 31, "point": 1100, "question": 3}, "model": "scoreserver.attackpointhistory"}, {"pk": 161, "fields": {"user": 41, "point": 800, "question": 8}, "model": "scoreserver.attackpointhistory"}, {"pk": 162, "fields": {"user": 35, "point": 800, "question": 7}, "model": "scoreserver.attackpointhistory"}, {"pk": 163, "fields": {"user": 5, "point": 800, "question": 8}, "model": "scoreserver.attackpointhistory"}, {"pk": 164, "fields": {"user": 30, "point": 800, "question": 7}, "model": "scoreserver.attackpointhistory"}, {"pk": 165, "fields": {"user": 46, "point": 1100, "question": 5}, "model": "scoreserver.attackpointhistory"}, {"pk": 166, "fields": {"user": 29, "point": 900, "question": 9}, "model": "scoreserver.attackpointhistory"}, {"pk": 167, "fields": {"user": 42, "point": 1100, "question": 2}, "model": "scoreserver.attackpointhistory"}, {"pk": 168, "fields": {"user": 1, "point": 800, "question": 8}, "model": "scoreserver.attackpointhistory"}, {"pk": 169, "fields": {"user": 49, "point": 800, "question": 1}, "model": "scoreserver.attackpointhistory"}, {"pk": 170, "fields": {"user": 31, "point": 800, "question": 8}, "model": "scoreserver.attackpointhistory"}, {"pk": 171, "fields": {"user": 38, "point": 800, "question": 7}, "model": "scoreserver.attackpointhistory"}, {"pk": 172, "fields": {"user": 36, "point": 1100, "question": 2}, "model": "scoreserver.attackpointhistory"}, {"pk": 173, "fields": {"user": 30, "point": 1100, "question": 5}, "model": "scoreserver.attackpointhistory"}, {"pk": 174, "fields": {"user": 3, "point": 1100, "question": 5}, "model": "scoreserver.attackpointhistory"}, {"pk": 175, "fields": {"user": 23, "point": 800, "question": 1}, "model": "scoreserver.attackpointhistory"}, {"pk": 176, "fields": {"user": 24, "point": 900, "question": 9}, "model": "scoreserver.attackpointhistory"}, {"pk": 177, "fields": {"user": 49, "point": 1100, "question": 5}, "model": "scoreserver.attackpointhistory"}, {"pk": 178, "fields": {"user": 3, "point": 800, "question": 8}, "model": "scoreserver.attackpointhistory"}, {"pk": 179, "fields": {"user": 16, "point": 1100, "question": 3}, "model": "scoreserver.attackpointhistory"}, {"pk": 180, "fields": {"user": 1, "point": 1100, "question": 3}, "model": "scoreserver.attackpointhistory"}, {"pk": 181, "fields": {"user": 15, "point": 1100, "question": 4}, "model": "scoreserver.attackpointhistory"}, {"pk": 182, "fields": {"user": 42, "point": 900, "question": 9}, "model": "scoreserver.attackpointhistory"}, {"pk": 183, "fields": {"user": 31, "point": 1100, "question": 5}, "model": "scoreserver.attackpointhistory"}, {"pk": 184, "fields": {"user": 27, "point": 800, "question": 8}, "model": "scoreserver.attackpointhistory"}, {"pk": 185, "fields": {"user": 30, "point": 1100, "question": 4}, "model": "scoreserver.attackpointhistory"}, {"pk": 186, "fields": {"user": 25, "point": 1100, "question": 3}, "model": "scoreserver.attackpointhistory"}, {"pk": 187, "fields": {"user": 16, "point": 1100, "question": 3}, "model": "scoreserver.attackpointhistory"}, {"pk": 188, "fields": {"user": 21, "point": 800, "question": 8}, "model": "scoreserver.attackpointhistory"}, {"pk": 189, "fields": {"user": 24, "point": 1100, "question": 3}, "model": "scoreserver.attackpointhistory"}, {"pk": 190, "fields": {"user": 47, "point": 900, "question": 9}, "model": "scoreserver.attackpointhistory"}, {"pk": 191, "fields": {"user": 23, "point": 1100, "question": 3}, "model": "scoreserver.attackpointhistory"}, {"pk": 192, "fields": {"user": 15, "point": 1000, "question": 6}, "model": "scoreserver.attackpointhistory"}, {"pk": 193, "fields": {"user": 8, "point": 800, "question": 8}, "model": "scoreserver.attackpointhistory"}, {"pk": 194, "fields": {"user": 33, "point": 800, "question": 7}, "model": "scoreserver.attackpointhistory"}, {"pk": 195, "fields": {"user": 31, "point": 800, "question": 1}, "model": "scoreserver.attackpointhistory"}, {"pk": 196, "fields": {"user": 29, "point": 1100, "question": 3}, "model": "scoreserver.attackpointhistory"}, {"pk": 197, "fields": {"user": 34, "point": 800, "question": 7}, "model": "scoreserver.attackpointhistory"}, {"pk": 198, "fields": {"user": 45, "point": 1000, "question": 6}, "model": "scoreserver.attackpointhistory"}, {"pk": 199, "fields": {"user": 44, "point": 800, "question": 7}, "model": "scoreserver.attackpointhistory"}, {"pk": 200, "fields": {"user": 36, "point": 900, "question": 9}, "model": "scoreserver.attackpointhistory"}, {"pk": 201, "fields": {"user": 45, "point": 800, "question": 8}, "model": "scoreserver.attackpointhistory"}, {"pk": 202, "fields": {"user": 31, "point": 900, "question": 9}, "model": "scoreserver.attackpointhistory"}, {"pk": 203, "fields": {"user": 42, "point": 800, "question": 1}, "model": "scoreserver.attackpointhistory"}, {"pk": 204, "fields": {"user": 37, "point": 1100, "question": 2}, "model": "scoreserver.attackpointhistory"}, {"pk": 205, "fields": {"user": 28, "point": 800, "question": 7}, "model": "scoreserver.attackpointhistory"}, {"pk": 206, "fields": {"user": 40, "point": 800, "question": 1}, "model": "scoreserver.attackpointhistory"}, {"pk": 207, "fields": {"user": 31, "point": 800, "question": 1}, "model": "scoreserver.attackpointhistory"}, {"pk": 208, "fields": {"user": 3, "point": 800, "question": 7}, "model": "scoreserver.attackpointhistory"}, {"pk": 209, "fields": {"user": 18, "point": 1100, "question": 4}, "model": "scoreserver.attackpointhistory"}, {"pk": 210, "fields": {"user": 42, "point": 800, "question": 1}, "model": "scoreserver.attackpointhistory"}, {"pk": 211, "fields": {"user": 21, "point": 800, "question": 8}, "model": "scoreserver.attackpointhistory"}, {"pk": 212, "fields": {"user": 41, "point": 1000, "question": 6}, "model": "scoreserver.attackpointhistory"}, {"pk": 213, "fields": {"user": 48, "point": 800, "question": 7}, "model": "scoreserver.attackpointhistory"}, {"pk": 214, "fields": {"user": 2, "point": 900, "question": 9}, "model": "scoreserver.attackpointhistory"}, {"pk": 215, "fields": {"user": 40, "point": 1100, "question": 4}, "model": "scoreserver.attackpointhistory"}, {"pk": 216, "fields": {"user": 29, "point": 800, "question": 1}, "model": "scoreserver.attackpointhistory"}, {"pk": 217, "fields": {"user": 45, "point": 1000, "question": 6}, "model": "scoreserver.attackpointhistory"}, {"pk": 218, "fields": {"user": 19, "point": 1100, "question": 2}, "model": "scoreserver.attackpointhistory"}, {"pk": 219, "fields": {"user": 34, "point": 800, "question": 7}, "model": "scoreserver.attackpointhistory"}, {"pk": 220, "fields": {"user": 30, "point": 900, "question": 9}, "model": "scoreserver.attackpointhistory"}, {"pk": 221, "fields": {"user": 45, "point": 800, "question": 8}, "model": "scoreserver.attackpointhistory"}, {"pk": 222, "fields": {"user": 16, "point": 1100, "question": 2}, "model": "scoreserver.attackpointhistory"}, {"pk": 223, "fields": {"user": 26, "point": 1100, "question": 2}, "model": "scoreserver.attackpointhistory"}, {"pk": 224, "fields": {"user": 37, "point": 1000, "question": 6}, "model": "scoreserver.attackpointhistory"}, {"pk": 225, "fields": {"user": 32, "point": 1100, "question": 2}, "model": "scoreserver.attackpointhistory"}, {"pk": 226, "fields": {"user": 19, "point": 1000, "question": 6}, "model": "scoreserver.attackpointhistory"}, {"pk": 227, "fields": {"user": 49, "point": 800, "question": 7}, "model": "scoreserver.attackpointhistory"}, {"pk": 228, "fields": {"user": 4, "point": 1100, "question": 5}, "model": "scoreserver.attackpointhistory"}, {"pk": 229, "fields": {"user": 47, "point": 1100, "question": 3}, "model": "scoreserver.attackpointhistory"}, {"pk": 230, "fields": {"user": 37, "point": 1100, "question": 2}, "model": "scoreserver.attackpointhistory"}, {"pk": 231, "fields": {"user": 12, "point": 800, "question": 8}, "model": "scoreserver.attackpointhistory"}, {"pk": 232, "fields": {"user": 45, "point": 1000, "question": 6}, "model": "scoreserver.attackpointhistory"}, {"pk": 233, "fields": {"user": 38, "point": 1100, "question": 2}, "model": "scoreserver.attackpointhistory"}, {"pk": 234, "fields": {"user": 22, "point": 800, "question": 1}, "model": "scoreserver.attackpointhistory"}, {"pk": 235, "fields": {"user": 10, "point": 1100, "question": 4}, "model": "scoreserver.attackpointhistory"}, {"pk": 236, "fields": {"user": 31, "point": 1100, "question": 3}, "model": "scoreserver.attackpointhistory"}, {"pk": 237, "fields": {"user": 2, "point": 800, "question": 8}, "model": "scoreserver.attackpointhistory"}, {"pk": 238, "fields": {"user": 13, "point": 1100, "question": 2}, "model": "scoreserver.attackpointhistory"}, {"pk": 239, "fields": {"user": 21, "point": 1100, "question": 2}, "model": "scoreserver.attackpointhistory"}, {"pk": 240, "fields": {"user": 35, "point": 900, "question": 9}, "model": "scoreserver.attackpointhistory"}, {"pk": 241, "fields": {"user": 47, "point": 1000, "question": 6}, "model": "scoreserver.attackpointhistory"}, {"pk": 242, "fields": {"user": 23, "point": 1100, "question": 4}, "model": "scoreserver.attackpointhistory"}, {"pk": 243, "fields": {"user": 44, "point": 1100, "question": 3}, "model": "scoreserver.attackpointhistory"}, {"pk": 244, "fields": {"user": 37, "point": 1100, "question": 3}, "model": "scoreserver.attackpointhistory"}, {"pk": 245, "fields": {"user": 28, "point": 800, "question": 7}, "model": "scoreserver.attackpointhistory"}, {"pk": 246, "fields": {"user": 25, "point": 1100, "question": 3}, "model": "scoreserver.attackpointhistory"}, {"pk": 247, "fields": {"user": 42, "point": 1100, "question": 4}, "model": "scoreserver.attackpointhistory"}, {"pk": 248, "fields": {"user": 24, "point": 1100, "question": 4}, "model": "scoreserver.attackpointhistory"}, {"pk": 249, "fields": {"user": 34, "point": 800, "question": 1}, "model": "scoreserver.attackpointhistory"}, {"pk": 250, "fields": {"user": 45, "point": 1100, "question": 4}, "model": "scoreserver.attackpointhistory"}, {"pk": 251, "fields": {"user": 7, "point": 1000, "question": 6}, "model": "scoreserver.attackpointhistory"}, {"pk": 252, "fields": {"user": 3, "point": 1100, "question": 5}, "model": "scoreserver.attackpointhistory"}, {"pk": 253, "fields": {"user": 16, "point": 900, "question": 9}, "model": "scoreserver.attackpointhistory"}, {"pk": 254, "fields": {"user": 6, "point": 1100, "question": 5}, "model": "scoreserver.attackpointhistory"}, {"pk": 255, "fields": {"user": 27, "point": 800, "question": 1}, "model": "scoreserver.attackpointhistory"}, {"pk": 256, "fields": {"user": 22, "point": 1000, "question": 6}, "model": "scoreserver.attackpointhistory"}, {"pk": 257, "fields": {"user": 5, "point": 1100, "question": 2}, "model": "scoreserver.attackpointhistory"}, {"pk": 258, "fields": {"user": 6, "point": 1100, "question": 4}, "model": "scoreserver.attackpointhistory"}, {"pk": 259, "fields": {"user": 29, "point": 1100, "question": 3}, "model": "scoreserver.attackpointhistory"}, {"pk": 260, "fields": {"user": 16, "point": 800, "question": 1}, "model": "scoreserver.attackpointhistory"}, {"pk": 261, "fields": {"user": 4, "point": 800, "question": 8}, "model": "scoreserver.attackpointhistory"}, {"pk": 262, "fields": {"user": 25, "point": 1100, "question": 4}, "model": "scoreserver.attackpointhistory"}, {"pk": 263, "fields": {"user": 23, "point": 1000, "question": 6}, "model": "scoreserver.attackpointhistory"}, {"pk": 264, "fields": {"user": 36, "point": 800, "question": 7}, "model": "scoreserver.attackpointhistory"}, {"pk": 265, "fields": {"user": 6, "point": 1100, "question": 5}, "model": "scoreserver.attackpointhistory"}, {"pk": 266, "fields": {"user": 30, "point": 900, "question": 9}, "model": "scoreserver.attackpointhistory"}, {"pk": 267, "fields": {"user": 33, "point": 1100, "question": 3}, "model": "scoreserver.attackpointhistory"}, {"pk": 268, "fields": {"user": 32, "point": 800, "question": 7}, "model": "scoreserver.attackpointhistory"}, {"pk": 269, "fields": {"user": 19, "point": 1100, "question": 5}, "model": "scoreserver.attackpointhistory"}, {"pk": 270, "fields": {"user": 9, "point": 800, "question": 8}, "model": "scoreserver.attackpointhistory"}, {"pk": 271, "fields": {"user": 38, "point": 1100, "question": 2}, "model": "scoreserver.attackpointhistory"}, {"pk": 272, "fields": {"user": 13, "point": 800, "question": 7}, "model": "scoreserver.attackpointhistory"}, {"pk": 273, "fields": {"user": 20, "point": 800, "question": 1}, "model": "scoreserver.attackpointhistory"}, {"pk": 274, "fields": {"user": 22, "point": 1100, "question": 5}, "model": "scoreserver.attackpointhistory"}, {"pk": 275, "fields": {"user": 47, "point": 1100, "question": 4}, "model": "scoreserver.attackpointhistory"}, {"pk": 276, "fields": {"user": 8, "point": 1100, "question": 4}, "model": "scoreserver.attackpointhistory"}, {"pk": 277, "fields": {"user": 9, "point": 800, "question": 1}, "model": "scoreserver.attackpointhistory"}, {"pk": 278, "fields": {"user": 31, "point": 1100, "question": 2}, "model": "scoreserver.attackpointhistory"}, {"pk": 279, "fields": {"user": 13, "point": 1100, "question": 4}, "model": "scoreserver.attackpointhistory"}, {"pk": 280, "fields": {"user": 14, "point": 900, "question": 9}, "model": "scoreserver.attackpointhistory"}, {"pk": 281, "fields": {"user": 16, "point": 900, "question": 9}, "model": "scoreserver.attackpointhistory"}, {"pk": 282, "fields": {"user": 2, "point": 800, "question": 7}, "model": "scoreserver.attackpointhistory"}, {"pk": 283, "fields": {"user": 9, "point": 1100, "question": 2}, "model": "scoreserver.attackpointhistory"}, {"pk": 284, "fields": {"user": 12, "point": 800, "question": 8}, "model": "scoreserver.attackpointhistory"}, {"pk": 285, "fields": {"user": 29, "point": 800, "question": 7}, "model": "scoreserver.attackpointhistory"}, {"pk": 286, "fields": {"user": 26, "point": 1100, "question": 4}, "model": "scoreserver.attackpointhistory"}, {"pk": 287, "fields": {"user": 38, "point": 800, "question": 7}, "model": "scoreserver.attackpointhistory"}, {"pk": 288, "fields": {"user": 42, "point": 1100, "question": 3}, "model": "scoreserver.attackpointhistory"}, {"pk": 289, "fields": {"user": 46, "point": 1100, "question": 5}, "model": "scoreserver.attackpointhistory"}, {"pk": 290, "fields": {"user": 13, "point": 1100, "question": 4}, "model": "scoreserver.attackpointhistory"}, {"pk": 291, "fields": {"user": 3, "point": 800, "question": 8}, "model": "scoreserver.attackpointhistory"}, {"pk": 292, "fields": {"user": 10, "point": 1100, "question": 2}, "model": "scoreserver.attackpointhistory"}, {"pk": 293, "fields": {"user": 34, "point": 1100, "question": 2}, "model": "scoreserver.attackpointhistory"}, {"pk": 294, "fields": {"user": 37, "point": 800, "question": 1}, "model": "scoreserver.attackpointhistory"}, {"pk": 295, "fields": {"user": 28, "point": 1000, "question": 6}, "model": "scoreserver.attackpointhistory"}, {"pk": 296, "fields": {"user": 26, "point": 800, "question": 1}, "model": "scoreserver.attackpointhistory"}, {"pk": 297, "fields": {"user": 19, "point": 900, "question": 9}, "model": "scoreserver.attackpointhistory"}, {"pk": 298, "fields": {"user": 10, "point": 1100, "question": 5}, "model": "scoreserver.attackpointhistory"}, {"pk": 299, "fields": {"user": 38, "point": 800, "question": 1}, "model": "scoreserver.attackpointhistory"}, {"pk": 0, "fields": {"user": 32, "submit_flag": "FLAG_IS_SgmAKOAXJGNptUd", "question": 5}, "model": "scoreserver.answerhistory"}, {"pk": 1, "fields": {"user": 46, "submit_flag": "FLAG_IS_qqrkyynaElqYupN", "question": 2}, "model": "scoreserver.answerhistory"}, {"pk": 2, "fields": {"user": 36, "submit_flag": "FLAG_IS_jCUZLzZqvAdWksZ", "question": 5}, "model": "scoreserver.answerhistory"}, {"pk": 3, "fields": {"user": 46, "submit_flag": "FLAG_IS_QpzFgoelmAZrNra", "question": 6}, "model": "scoreserver.answerhistory"}, {"pk": 4, "fields": {"user": 24, "submit_flag": "FLAG_IS_SFYbjZJGFctegVj", "question": 1}, "model": "scoreserver.answerhistory"}, {"pk": 5, "fields": {"user": 1, "submit_flag": "FLAG_IS_EaWWvohGGvAwTPn", "question": 1}, "model": "scoreserver.answerhistory"}, {"pk": 6, "fields": {"user": 12, "submit_flag": "FLAG_IS_TIoBOKKOIcoOryu", "question": 6}, "model": "scoreserver.answerhistory"}, {"pk": 7, "fields": {"user": 18, "submit_flag": "FLAG_IS_nqqKluvhOrUYNJo", "question": 7}, "model": "scoreserver.answerhistory"}, {"pk": 8, "fields": {"user": 43, "submit_flag": "FLAG_IS_WPsZjfJTbDKsFXa", "question": 2}, "model": "scoreserver.answerhistory"}, {"pk": 9, "fields": {"user": 21, "submit_flag": "FLAG_IS_fZpDRuxLiuhCnTa", "question": 4}, "model": "scoreserver.answerhistory"}, {"pk": 10, "fields": {"user": 2, "submit_flag": "FLAG_IS_IquRmLALtXHVHvD", "question": 5}, "model": "scoreserver.answerhistory"}, {"pk": 11, "fields": {"user": 31, "submit_flag": "FLAG_IS_cpMgqAXGnYcMXHI", "question": 3}, "model": "scoreserver.answerhistory"}, {"pk": 12, "fields": {"user": 29, "submit_flag": "FLAG_IS_MCRFCUvkhpVjJSv", "question": 1}, "model": "scoreserver.answerhistory"}, {"pk": 13, "fields": {"user": 26, "submit_flag": "FLAG_IS_mYbRFBQPdyfBzkh", "question": 6}, "model": "scoreserver.answerhistory"}, {"pk": 14, "fields": {"user": 24, "submit_flag": "FLAG_IS_snRfmSdBstxDPic", "question": 9}, "model": "scoreserver.answerhistory"}, {"pk": 15, "fields": {"user": 15, "submit_flag": "FLAG_IS_lMynwqcAsPXlNoA", "question": 7}, "model": "scoreserver.answerhistory"}, {"pk": 16, "fields": {"user": 10, "submit_flag": "FLAG_IS_eKfxFngcUdiEDgj", "question": 2}, "model": "scoreserver.answerhistory"}, {"pk": 17, "fields": {"user": 20, "submit_flag": "FLAG_IS_OBgZnZOWvvSQTar", "question": 9}, "model": "scoreserver.answerhistory"}, {"pk": 18, "fields": {"user": 38, "submit_flag": "FLAG_IS_GnGLOOCOPDQifGk", "question": 1}, "model": "scoreserver.answerhistory"}, {"pk": 19, "fields": {"user": 29, "submit_flag": "FLAG_IS_ZLDmoVBFGWpsddC", "question": 7}, "model": "scoreserver.answerhistory"}, {"pk": 20, "fields": {"user": 31, "submit_flag": "FLAG_IS_GWBRKUoxSGUBVAJ", "question": 2}, "model": "scoreserver.answerhistory"}, {"pk": 21, "fields": {"user": 40, "submit_flag": "FLAG_IS_JSBtFlrbtGGOHgf", "question": 5}, "model": "scoreserver.answerhistory"}, {"pk": 22, "fields": {"user": 27, "submit_flag": "FLAG_IS_pADFSjQkoPSqyPd", "question": 5}, "model": "scoreserver.answerhistory"}, {"pk": 23, "fields": {"user": 40, "submit_flag": "FLAG_IS_WEwvvPzDZnzbqif", "question": 7}, "model": "scoreserver.answerhistory"}, {"pk": 24, "fields": {"user": 46, "submit_flag": "FLAG_IS_XbHtVgMfZCubEGs", "question": 6}, "model": "scoreserver.answerhistory"}, {"pk": 25, "fields": {"user": 49, "submit_flag": "FLAG_IS_eWONLQiTfzwRxsY", "question": 8}, "model": "scoreserver.answerhistory"}, {"pk": 26, "fields": {"user": 1, "submit_flag": "FLAG_IS_gtPQsBAuFeeaklK", "question": 9}, "model": "scoreserver.answerhistory"}, {"pk": 27, "fields": {"user": 11, "submit_flag": "FLAG_IS_tIUylIbQGfuqmMh", "question": 1}, "model": "scoreserver.answerhistory"}, {"pk": 28, "fields": {"user": 3, "submit_flag": "FLAG_IS_ZBuNSGsMJiggMwJ", "question": 1}, "model": "scoreserver.answerhistory"}, {"pk": 29, "fields": {"user": 46, "submit_flag": "FLAG_IS_KIvoOdovZsKuePL", "question": 3}, "model": "scoreserver.answerhistory"}, {"pk": 30, "fields": {"user": 31, "submit_flag": "FLAG_IS_YuJmwHVuWvDAsay", "question": 6}, "model": "scoreserver.answerhistory"}, {"pk": 31, "fields": {"user": 26, "submit_flag": "FLAG_IS_QXXxnELiBzjGVNX", "question": 1}, "model": "scoreserver.answerhistory"}, {"pk": 32, "fields": {"user": 5, "submit_flag": "FLAG_IS_lwSkKhttRCYezVk", "question": 4}, "model": "scoreserver.answerhistory"}, {"pk": 33, "fields": {"user": 15, "submit_flag": "FLAG_IS_eJiPeMUljpPeSop", "question": 9}, "model": "scoreserver.answerhistory"}, {"pk": 34, "fields": {"user": 13, "submit_flag": "FLAG_IS_tRvozbsKeSzdzEK", "question": 7}, "model": "scoreserver.answerhistory"}, {"pk": 35, "fields": {"user": 2, "submit_flag": "FLAG_IS_FCNDHqBWcPKldht", "question": 9}, "model": "scoreserver.answerhistory"}, {"pk": 36, "fields": {"user": 12, "submit_flag": "FLAG_IS_QGWHpYCblVVDObg", "question": 6}, "model": "scoreserver.answerhistory"}, {"pk": 37, "fields": {"user": 19, "submit_flag": "FLAG_IS_HFDEULHbwWuLhsZ", "question": 8}, "model": "scoreserver.answerhistory"}, {"pk": 38, "fields": {"user": 31, "submit_flag": "FLAG_IS_wwWNMnZUUkAyPqz", "question": 4}, "model": "scoreserver.answerhistory"}, {"pk": 39, "fields": {"user": 38, "submit_flag": "FLAG_IS_eTefjBsJasykMXS", "question": 7}, "model": "scoreserver.answerhistory"}, {"pk": 40, "fields": {"user": 4, "submit_flag": "FLAG_IS_xNHuEcGqZDVuOBp", "question": 4}, "model": "scoreserver.answerhistory"}, {"pk": 41, "fields": {"user": 35, "submit_flag": "FLAG_IS_vOyqYQvojpYWbob", "question": 1}, "model": "scoreserver.answerhistory"}, {"pk": 42, "fields": {"user": 45, "submit_flag": "FLAG_IS_pFnDLINEMbURRii", "question": 1}, "model": "scoreserver.answerhistory"}, {"pk": 43, "fields": {"user": 7, "submit_flag": "FLAG_IS_HLbwVwZKCNpiiRy", "question": 7}, "model": "scoreserver.answerhistory"}, {"pk": 44, "fields": {"user": 25, "submit_flag": "FLAG_IS_xSvelhANgHDxmsD", "question": 3}, "model": "scoreserver.answerhistory"}, {"pk": 45, "fields": {"user": 43, "submit_flag": "FLAG_IS_qrKVELEyTHQDKst", "question": 6}, "model": "scoreserver.answerhistory"}, {"pk": 46, "fields": {"user": 44, "submit_flag": "FLAG_IS_woQUfuVyLIBxqls", "question": 8}, "model": "scoreserver.answerhistory"}, {"pk": 47, "fields": {"user": 19, "submit_flag": "FLAG_IS_iATwxEBLTIqKjqL", "question": 3}, "model": "scoreserver.answerhistory"}, {"pk": 48, "fields": {"user": 38, "submit_flag": "FLAG_IS_yNCiTPPDFXiWNGB", "question": 6}, "model": "scoreserver.answerhistory"}, {"pk": 49, "fields": {"user": 49, "submit_flag": "FLAG_IS_BbdWjzBTHfIHKSE", "question": 5}, "model": "scoreserver.answerhistory"}, {"pk": 50, "fields": {"user": 41, "submit_flag": "FLAG_IS_SKHPsTpNtrTEoFr", "question": 4}, "model": "scoreserver.answerhistory"}, {"pk": 51, "fields": {"user": 5, "submit_flag": "FLAG_IS_keogHGaeBbSdUbF", "question": 2}, "model": "scoreserver.answerhistory"}, {"pk": 52, "fields": {"user": 30, "submit_flag": "FLAG_IS_dHNgnMenqEUsNXW", "question": 1}, "model": "scoreserver.answerhistory"}, {"pk": 53, "fields": {"user": 27, "submit_flag": "FLAG_IS_algmoecwKwpthuZ", "question": 1}, "model": "scoreserver.answerhistory"}, {"pk": 54, "fields": {"user": 39, "submit_flag": "FLAG_IS_lNdmigfJtJhRMrh", "question": 4}, "model": "scoreserver.answerhistory"}, {"pk": 55, "fields": {"user": 10, "submit_flag": "FLAG_IS_bsuenNlvckutkWr", "question": 6}, "model": "scoreserver.answerhistory"}, {"pk": 56, "fields": {"user": 37, "submit_flag": "FLAG_IS_xkRtkIcOmdjhXff", "question": 4}, "model": "scoreserver.answerhistory"}, {"pk": 57, "fields": {"user": 8, "submit_flag": "FLAG_IS_UkBzXxPVESSvfHf", "question": 4}, "model": "scoreserver.answerhistory"}, {"pk": 58, "fields": {"user": 39, "submit_flag": "FLAG_IS_XsoTKxXVAJJvmYE", "question": 5}, "model": "scoreserver.answerhistory"}, {"pk": 59, "fields": {"user": 37, "submit_flag": "FLAG_IS_hrxjGadyyZrNPBC", "question": 6}, "model": "scoreserver.answerhistory"}, {"pk": 60, "fields": {"user": 24, "submit_flag": "FLAG_IS_OesuilgLfoFXIZt", "question": 4}, "model": "scoreserver.answerhistory"}, {"pk": 61, "fields": {"user": 6, "submit_flag": "FLAG_IS_SNDffQxcocPqZmz", "question": 7}, "model": "scoreserver.answerhistory"}, {"pk": 62, "fields": {"user": 44, "submit_flag": "FLAG_IS_aaYHHmQWCgiyWPu", "question": 6}, "model": "scoreserver.answerhistory"}, {"pk": 63, "fields": {"user": 37, "submit_flag": "FLAG_IS_knrkFvyHnLiPAyj", "question": 8}, "model": "scoreserver.answerhistory"}, {"pk": 64, "fields": {"user": 25, "submit_flag": "FLAG_IS_OOWfYXlRDNYvZDp", "question": 8}, "model": "scoreserver.answerhistory"}, {"pk": 65, "fields": {"user": 18, "submit_flag": "FLAG_IS_etALZUWySxZWykb", "question": 1}, "model": "scoreserver.answerhistory"}, {"pk": 66, "fields": {"user": 37, "submit_flag": "FLAG_IS_JunVegbTWqvqqYf", "question": 5}, "model": "scoreserver.answerhistory"}, {"pk": 67, "fields": {"user": 28, "submit_flag": "FLAG_IS_PzlXnSFFqmaqowl", "question": 7}, "model": "scoreserver.answerhistory"}, {"pk": 68, "fields": {"user": 20, "submit_flag": "FLAG_IS_HrlZrCVrckqGMAy", "question": 8}, "model": "scoreserver.answerhistory"}, {"pk": 69, "fields": {"user": 6, "submit_flag": "FLAG_IS_WzLBzyxblsKrJDk", "question": 7}, "model": "scoreserver.answerhistory"}, {"pk": 70, "fields": {"user": 49, "submit_flag": "FLAG_IS_ufIkWEDnBgOKBYm", "question": 8}, "model": "scoreserver.answerhistory"}, {"pk": 71, "fields": {"user": 11, "submit_flag": "FLAG_IS_YIxkfwPOZASlKGA", "question": 9}, "model": "scoreserver.answerhistory"}, {"pk": 72, "fields": {"user": 37, "submit_flag": "FLAG_IS_FcUWXGQaIMqYsJN", "question": 2}, "model": "scoreserver.answerhistory"}, {"pk": 73, "fields": {"user": 46, "submit_flag": "FLAG_IS_kRWJUjnEIMBVbis", "question": 7}, "model": "scoreserver.answerhistory"}, {"pk": 74, "fields": {"user": 30, "submit_flag": "FLAG_IS_wcrxaYvdkMyqnNY", "question": 8}, "model": "scoreserver.answerhistory"}, {"pk": 75, "fields": {"user": 16, "submit_flag": "FLAG_IS_zSWxJFANenRonom", "question": 9}, "model": "scoreserver.answerhistory"}, {"pk": 76, "fields": {"user": 43, "submit_flag": "FLAG_IS_dBkugJAWkBWBIDC", "question": 6}, "model": "scoreserver.answerhistory"}, {"pk": 77, "fields": {"user": 48, "submit_flag": "FLAG_IS_hIEwwtXGyMsxWwD", "question": 1}, "model": "scoreserver.answerhistory"}, {"pk": 78, "fields": {"user": 5, "submit_flag": "FLAG_IS_tcYsbqSvnecNjXO", "question": 7}, "model": "scoreserver.answerhistory"}, {"pk": 79, "fields": {"user": 19, "submit_flag": "FLAG_IS_QdUqpGAZiNbjVvO", "question": 2}, "model": "scoreserver.answerhistory"}, {"pk": 80, "fields": {"user": 4, "submit_flag": "FLAG_IS_pRcFXvmSVvPsdUu", "question": 1}, "model": "scoreserver.answerhistory"}, {"pk": 81, "fields": {"user": 18, "submit_flag": "FLAG_IS_NUqUPCLWwoUbYAx", "question": 9}, "model": "scoreserver.answerhistory"}, {"pk": 82, "fields": {"user": 15, "submit_flag": "FLAG_IS_mFZtGIAyKshoMGP", "question": 8}, "model": "scoreserver.answerhistory"}, {"pk": 83, "fields": {"user": 6, "submit_flag": "FLAG_IS_LQvlNKhlBHBYgFd", "question": 8}, "model": "scoreserver.answerhistory"}, {"pk": 84, "fields": {"user": 22, "submit_flag": "FLAG_IS_xmXrOCTvdyYBBMy", "question": 8}, "model": "scoreserver.answerhistory"}, {"pk": 85, "fields": {"user": 20, "submit_flag": "FLAG_IS_UezaCdDpCgfSBkr", "question": 1}, "model": "scoreserver.answerhistory"}, {"pk": 86, "fields": {"user": 20, "submit_flag": "FLAG_IS_wWIUQUfeKWEMIAT", "question": 6}, "model": "scoreserver.answerhistory"}, {"pk": 87, "fields": {"user": 30, "submit_flag": "FLAG_IS_asiywZHgAMrdFtp", "question": 7}, "model": "scoreserver.answerhistory"}, {"pk": 88, "fields": {"user": 41, "submit_flag": "FLAG_IS_HOWuDUywQxJQmmI", "question": 9}, "model": "scoreserver.answerhistory"}, {"pk": 89, "fields": {"user": 29, "submit_flag": "FLAG_IS_QdMRRaTApWvxXWA", "question": 2}, "model": "scoreserver.answerhistory"}, {"pk": 90, "fields": {"user": 15, "submit_flag": "FLAG_IS_RBxXcqsIBdvytyP", "question": 6}, "model": "scoreserver.answerhistory"}, {"pk": 91, "fields": {"user": 16, "submit_flag": "FLAG_IS_udMqLBHUTZiXtOf", "question": 9}, "model": "scoreserver.answerhistory"}, {"pk": 92, "fields": {"user": 27, "submit_flag": "FLAG_IS_BrjmYUwHSXwCrUi", "question": 5}, "model": "scoreserver.answerhistory"}, {"pk": 93, "fields": {"user": 42, "submit_flag": "FLAG_IS_eymdrIhPpnjJQwV", "question": 7}, "model": "scoreserver.answerhistory"}, {"pk": 94, "fields": {"user": 38, "submit_flag": "FLAG_IS_dzUQrqcGAqodDEo", "question": 3}, "model": "scoreserver.answerhistory"}, {"pk": 95, "fields": {"user": 49, "submit_flag": "FLAG_IS_FsVedCJaVfwmMyt", "question": 6}, "model": "scoreserver.answerhistory"}, {"pk": 96, "fields": {"user": 16, "submit_flag": "FLAG_IS_dmzxZaDSGwczObL", "question": 2}, "model": "scoreserver.answerhistory"}, {"pk": 97, "fields": {"user": 19, "submit_flag": "FLAG_IS_yootGVPMLCOBmTn", "question": 2}, "model": "scoreserver.answerhistory"}, {"pk": 98, "fields": {"user": 33, "submit_flag": "FLAG_IS_FZsKvASVEjdMpUY", "question": 2}, "model": "scoreserver.answerhistory"}, {"pk": 99, "fields": {"user": 25, "submit_flag": "FLAG_IS_uXkdNSiErugGbJY", "question": 9}, "model": "scoreserver.answerhistory"}, {"pk": 100, "fields": {"user": 27, "submit_flag": "FLAG_IS_wEjxwvDfDdscRjm", "question": 5}, "model": "scoreserver.answerhistory"}, {"pk": 101, "fields": {"user": 19, "submit_flag": "FLAG_IS_QEyHPnXprDRfCnV", "question": 3}, "model": "scoreserver.answerhistory"}, {"pk": 102, "fields": {"user": 6, "submit_flag": "FLAG_IS_QuLCDognPImGPck", "question": 3}, "model": "scoreserver.answerhistory"}, {"pk": 103, "fields": {"user": 2, "submit_flag": "FLAG_IS_mcVqannAiZtxczF", "question": 8}, "model": "scoreserver.answerhistory"}, {"pk": 104, "fields": {"user": 4, "submit_flag": "FLAG_IS_RMwUwfxaTRfqfOf", "question": 5}, "model": "scoreserver.answerhistory"}, {"pk": 105, "fields": {"user": 23, "submit_flag": "FLAG_IS_xCGOYkJLZSjPgKK", "question": 4}, "model": "scoreserver.answerhistory"}, {"pk": 106, "fields": {"user": 23, "submit_flag": "FLAG_IS_ECKTvlAsxOcRWZh", "question": 3}, "model": "scoreserver.answerhistory"}, {"pk": 107, "fields": {"user": 23, "submit_flag": "FLAG_IS_ftClDEepcAWWYhr", "question": 7}, "model": "scoreserver.answerhistory"}, {"pk": 108, "fields": {"user": 17, "submit_flag": "FLAG_IS_RfpZDkPgcZJpPAL", "question": 6}, "model": "scoreserver.answerhistory"}, {"pk": 109, "fields": {"user": 12, "submit_flag": "FLAG_IS_WckckUESYQyRFQR", "question": 2}, "model": "scoreserver.answerhistory"}, {"pk": 110, "fields": {"user": 33, "submit_flag": "FLAG_IS_TwTHNbcwtUhyFKt", "question": 7}, "model": "scoreserver.answerhistory"}, {"pk": 111, "fields": {"user": 16, "submit_flag": "FLAG_IS_zvmWFSOOSVUEmxk", "question": 7}, "model": "scoreserver.answerhistory"}, {"pk": 112, "fields": {"user": 18, "submit_flag": "FLAG_IS_FzcDIvOcPngKxUe", "question": 6}, "model": "scoreserver.answerhistory"}, {"pk": 113, "fields": {"user": 33, "submit_flag": "FLAG_IS_zCEijjBCqIxMFLn", "question": 3}, "model": "scoreserver.answerhistory"}, {"pk": 114, "fields": {"user": 9, "submit_flag": "FLAG_IS_xtmVWRktidiFzSO", "question": 5}, "model": "scoreserver.answerhistory"}, {"pk": 115, "fields": {"user": 42, "submit_flag": "FLAG_IS_xifotYieSoOvmGm", "question": 6}, "model": "scoreserver.answerhistory"}, {"pk": 116, "fields": {"user": 31, "submit_flag": "FLAG_IS_QKdptoSHDjluPpP", "question": 8}, "model": "scoreserver.answerhistory"}, {"pk": 117, "fields": {"user": 25, "submit_flag": "FLAG_IS_IfoksHeQkNOluPu", "question": 8}, "model": "scoreserver.answerhistory"}, {"pk": 118, "fields": {"user": 30, "submit_flag": "FLAG_IS_fJYSsqYdalFscQA", "question": 8}, "model": "scoreserver.answerhistory"}, {"pk": 119, "fields": {"user": 42, "submit_flag": "FLAG_IS_HMLfftyKwvagnYQ", "question": 9}, "model": "scoreserver.answerhistory"}, {"pk": 120, "fields": {"user": 23, "submit_flag": "FLAG_IS_yMyUewwMYSaoXZL", "question": 6}, "model": "scoreserver.answerhistory"}, {"pk": 121, "fields": {"user": 31, "submit_flag": "FLAG_IS_qZtxtDqBortfwZn", "question": 9}, "model": "scoreserver.answerhistory"}, {"pk": 122, "fields": {"user": 49, "submit_flag": "FLAG_IS_ooiyssslHPiWjdl", "question": 5}, "model": "scoreserver.answerhistory"}, {"pk": 123, "fields": {"user": 2, "submit_flag": "FLAG_IS_PNMIFSkUNreIkCV", "question": 6}, "model": "scoreserver.answerhistory"}, {"pk": 124, "fields": {"user": 31, "submit_flag": "FLAG_IS_BjgitBkZYWSYzwd", "question": 3}, "model": "scoreserver.answerhistory"}, {"pk": 125, "fields": {"user": 45, "submit_flag": "FLAG_IS_aBPmsLRklXWgFOb", "question": 4}, "model": "scoreserver.answerhistory"}, {"pk": 126, "fields": {"user": 8, "submit_flag": "FLAG_IS_nfpJtUCHjPsPKxT", "question": 9}, "model": "scoreserver.answerhistory"}, {"pk": 127, "fields": {"user": 12, "submit_flag": "FLAG_IS_ztuLaaSgfRUctEK", "question": 1}, "model": "scoreserver.answerhistory"}, {"pk": 128, "fields": {"user": 34, "submit_flag": "FLAG_IS_odtFCcoGsrlyAmp", "question": 4}, "model": "scoreserver.answerhistory"}, {"pk": 129, "fields": {"user": 14, "submit_flag": "FLAG_IS_dGNvRfzbOZSUDiK", "question": 4}, "model": "scoreserver.answerhistory"}, {"pk": 130, "fields": {"user": 3, "submit_flag": "FLAG_IS_jXPMvzNXlfZMYlh", "question": 7}, "model": "scoreserver.answerhistory"}, {"pk": 131, "fields": {"user": 2, "submit_flag": "FLAG_IS_ALIpumqeiDtoozH", "question": 6}, "model": "scoreserver.answerhistory"}, {"pk": 132, "fields": {"user": 21, "submit_flag": "FLAG_IS_FDXSXQWCEuOnWZO", "question": 6}, "model": "scoreserver.answerhistory"}, {"pk": 133, "fields": {"user": 45, "submit_flag": "FLAG_IS_dZpCkKXlvajdRvq", "question": 7}, "model": "scoreserver.answerhistory"}, {"pk": 134, "fields": {"user": 31, "submit_flag": "FLAG_IS_WSkPChmqNqXVNEE", "question": 1}, "model": "scoreserver.answerhistory"}, {"pk": 135, "fields": {"user": 26, "submit_flag": "FLAG_IS_raKuMkgsaeZawPx", "question": 5}, "model": "scoreserver.answerhistory"}, {"pk": 136, "fields": {"user": 11, "submit_flag": "FLAG_IS_iRXnJmEQesDLnKB", "question": 3}, "model": "scoreserver.answerhistory"}, {"pk": 137, "fields": {"user": 11, "submit_flag": "FLAG_IS_SxXfyEaFOHkjWqO", "question": 2}, "model": "scoreserver.answerhistory"}, {"pk": 138, "fields": {"user": 32, "submit_flag": "FLAG_IS_KqrpnwbHeFjXRhf", "question": 7}, "model": "scoreserver.answerhistory"}, {"pk": 139, "fields": {"user": 48, "submit_flag": "FLAG_IS_ibPKLdBapoFAjwh", "question": 7}, "model": "scoreserver.answerhistory"}, {"pk": 140, "fields": {"user": 23, "submit_flag": "FLAG_IS_MIlSmBtZihQdVBG", "question": 2}, "model": "scoreserver.answerhistory"}, {"pk": 141, "fields": {"user": 38, "submit_flag": "FLAG_IS_SFucEKxjaQgHtyx", "question": 2}, "model": "scoreserver.answerhistory"}, {"pk": 142, "fields": {"user": 28, "submit_flag": "FLAG_IS_pzuXLBCYqGajXyd", "question": 3}, "model": "scoreserver.answerhistory"}, {"pk": 143, "fields": {"user": 15, "submit_flag": "FLAG_IS_lrOtucBKMhzmGIa", "question": 2}, "model": "scoreserver.answerhistory"}, {"pk": 144, "fields": {"user": 35, "submit_flag": "FLAG_IS_JrnAtpSAyuQmcTv", "question": 4}, "model": "scoreserver.answerhistory"}, {"pk": 145, "fields": {"user": 23, "submit_flag": "FLAG_IS_XCNbDLyUwXIEprV", "question": 6}, "model": "scoreserver.answerhistory"}, {"pk": 146, "fields": {"user": 24, "submit_flag": "FLAG_IS_mrKzwsparaiXkkc", "question": 7}, "model": "scoreserver.answerhistory"}, {"pk": 147, "fields": {"user": 13, "submit_flag": "FLAG_IS_uvRIrviFgMtPYOh", "question": 7}, "model": "scoreserver.answerhistory"}, {"pk": 148, "fields": {"user": 15, "submit_flag": "FLAG_IS_YJSHKbneFBFdlOR", "question": 3}, "model": "scoreserver.answerhistory"}, {"pk": 149, "fields": {"user": 33, "submit_flag": "FLAG_IS_ilddvuYpKOOGyuf", "question": 2}, "model": "scoreserver.answerhistory"}, {"pk": 150, "fields": {"user": 37, "submit_flag": "FLAG_IS_jkEZNZoghLpUvhv", "question": 7}, "model": "scoreserver.answerhistory"}, {"pk": 151, "fields": {"user": 15, "submit_flag": "FLAG_IS_mGrEHByUWcyzkqa", "question": 1}, "model": "scoreserver.answerhistory"}, {"pk": 152, "fields": {"user": 28, "submit_flag": "FLAG_IS_XycMxPHzytFmyPu", "question": 9}, "model": "scoreserver.answerhistory"}, {"pk": 153, "fields": {"user": 14, "submit_flag": "FLAG_IS_jFwNVdFXBdVummk", "question": 2}, "model": "scoreserver.answerhistory"}, {"pk": 154, "fields": {"user": 39, "submit_flag": "FLAG_IS_MWQOSSTDQgWNuxB", "question": 4}, "model": "scoreserver.answerhistory"}, {"pk": 155, "fields": {"user": 40, "submit_flag": "FLAG_IS_teadJQOCacsPEKk", "question": 1}, "model": "scoreserver.answerhistory"}, {"pk": 156, "fields": {"user": 24, "submit_flag": "FLAG_IS_mEYqqhIiSwvRsKD", "question": 5}, "model": "scoreserver.answerhistory"}, {"pk": 157, "fields": {"user": 7, "submit_flag": "FLAG_IS_rynjnvJUllJBVgA", "question": 3}, "model": "scoreserver.answerhistory"}, {"pk": 158, "fields": {"user": 26, "submit_flag": "FLAG_IS_yTbELdQaBOGfzHG", "question": 9}, "model": "scoreserver.answerhistory"}, {"pk": 159, "fields": {"user": 9, "submit_flag": "FLAG_IS_OFfXtnPxoiZbPVg", "question": 7}, "model": "scoreserver.answerhistory"}, {"pk": 160, "fields": {"user": 11, "submit_flag": "FLAG_IS_DOMppxsgTwPgDGL", "question": 2}, "model": "scoreserver.answerhistory"}, {"pk": 161, "fields": {"user": 25, "submit_flag": "FLAG_IS_VcvgqzMQJEXblPX", "question": 1}, "model": "scoreserver.answerhistory"}, {"pk": 162, "fields": {"user": 23, "submit_flag": "FLAG_IS_BaTvCjzKrqPIFot", "question": 8}, "model": "scoreserver.answerhistory"}, {"pk": 163, "fields": {"user": 29, "submit_flag": "FLAG_IS_EHUGAoRgVOfkwYA", "question": 1}, "model": "scoreserver.answerhistory"}, {"pk": 164, "fields": {"user": 24, "submit_flag": "FLAG_IS_jKZChkIlBqQZDSc", "question": 7}, "model": "scoreserver.answerhistory"}, {"pk": 165, "fields": {"user": 9, "submit_flag": "FLAG_IS_LRHNMYTGqnCWWYs", "question": 5}, "model": "scoreserver.answerhistory"}, {"pk": 166, "fields": {"user": 37, "submit_flag": "FLAG_IS_tEJxULJrOhVVFkQ", "question": 2}, "model": "scoreserver.answerhistory"}, {"pk": 167, "fields": {"user": 49, "submit_flag": "FLAG_IS_EvqBdbzxTllwXoH", "question": 9}, "model": "scoreserver.answerhistory"}, {"pk": 168, "fields": {"user": 49, "submit_flag": "FLAG_IS_qEiCbckmZPebcEy", "question": 5}, "model": "scoreserver.answerhistory"}, {"pk": 169, "fields": {"user": 6, "submit_flag": "FLAG_IS_weKZVVihxyurMFQ", "question": 6}, "model": "scoreserver.answerhistory"}, {"pk": 170, "fields": {"user": 49, "submit_flag": "FLAG_IS_GeEBdMdfaQraVzH", "question": 9}, "model": "scoreserver.answerhistory"}, {"pk": 171, "fields": {"user": 25, "submit_flag": "FLAG_IS_DZfeJHwbKaJbqPE", "question": 7}, "model": "scoreserver.answerhistory"}, {"pk": 172, "fields": {"user": 20, "submit_flag": "FLAG_IS_oZPxBRdzXcolePc", "question": 4}, "model": "scoreserver.answerhistory"}, {"pk": 173, "fields": {"user": 24, "submit_flag": "FLAG_IS_HhyEpHhuWtqRDYf", "question": 5}, "model": "scoreserver.answerhistory"}, {"pk": 174, "fields": {"user": 48, "submit_flag": "FLAG_IS_xfLErxVoLTBIdav", "question": 3}, "model": "scoreserver.answerhistory"}, {"pk": 175, "fields": {"user": 43, "submit_flag": "FLAG_IS_EHgYYiqkiJHWIAU", "question": 7}, "model": "scoreserver.answerhistory"}, {"pk": 176, "fields": {"user": 25, "submit_flag": "FLAG_IS_aUNpfUsWbYlRsoz", "question": 8}, "model": "scoreserver.answerhistory"}, {"pk": 177, "fields": {"user": 30, "submit_flag": "FLAG_IS_MorvWnkMfuxmdvD", "question": 8}, "model": "scoreserver.answerhistory"}, {"pk": 178, "fields": {"user": 6, "submit_flag": "FLAG_IS_ybwfWGCvdXarFrB", "question": 9}, "model": "scoreserver.answerhistory"}, {"pk": 179, "fields": {"user": 23, "submit_flag": "FLAG_IS_UBtbCrgXmPbwXbe", "question": 1}, "model": "scoreserver.answerhistory"}, {"pk": 180, "fields": {"user": 14, "submit_flag": "FLAG_IS_eRvukdLrJjqQQpK", "question": 9}, "model": "scoreserver.answerhistory"}, {"pk": 181, "fields": {"user": 10, "submit_flag": "FLAG_IS_zeJrNSQsmEqGxWt", "question": 7}, "model": "scoreserver.answerhistory"}, {"pk": 182, "fields": {"user": 16, "submit_flag": "FLAG_IS_CaanLxGwwKRPkym", "question": 3}, "model": "scoreserver.answerhistory"}, {"pk": 183, "fields": {"user": 12, "submit_flag": "FLAG_IS_jfOHqsrQueWASzb", "question": 2}, "model": "scoreserver.answerhistory"}, {"pk": 184, "fields": {"user": 35, "submit_flag": "FLAG_IS_XauzwGBnHKTJvbj", "question": 1}, "model": "scoreserver.answerhistory"}, {"pk": 185, "fields": {"user": 12, "submit_flag": "FLAG_IS_aZUJbctEJdDAqZj", "question": 8}, "model": "scoreserver.answerhistory"}, {"pk": 186, "fields": {"user": 4, "submit_flag": "FLAG_IS_PbxDHmtkmTAzuof", "question": 1}, "model": "scoreserver.answerhistory"}, {"pk": 187, "fields": {"user": 49, "submit_flag": "FLAG_IS_DTjFDxoiyWluwan", "question": 3}, "model": "scoreserver.answerhistory"}, {"pk": 188, "fields": {"user": 21, "submit_flag": "FLAG_IS_pcnRzSZPDJDBnmC", "question": 7}, "model": "scoreserver.answerhistory"}, {"pk": 189, "fields": {"user": 18, "submit_flag": "FLAG_IS_XENoSccxozMMrms", "question": 5}, "model": "scoreserver.answerhistory"}, {"pk": 190, "fields": {"user": 39, "submit_flag": "FLAG_IS_uCsMftNOKXgEUpX", "question": 7}, "model": "scoreserver.answerhistory"}, {"pk": 191, "fields": {"user": 39, "submit_flag": "FLAG_IS_JfeehDWzEkRElPp", "question": 6}, "model": "scoreserver.answerhistory"}, {"pk": 192, "fields": {"user": 24, "submit_flag": "FLAG_IS_GbgIohNFwdEivNJ", "question": 1}, "model": "scoreserver.answerhistory"}, {"pk": 193, "fields": {"user": 45, "submit_flag": "FLAG_IS_bgWcPMymSvEDVJt", "question": 2}, "model": "scoreserver.answerhistory"}, {"pk": 194, "fields": {"user": 49, "submit_flag": "FLAG_IS_SxAisezOWaiBOpE", "question": 9}, "model": "scoreserver.answerhistory"}, {"pk": 195, "fields": {"user": 47, "submit_flag": "FLAG_IS_QDkwEaOPoTYuzsw", "question": 4}, "model": "scoreserver.answerhistory"}, {"pk": 196, "fields": {"user": 39, "submit_flag": "FLAG_IS_hCnBOHPREYqTfAl", "question": 2}, "model": "scoreserver.answerhistory"}, {"pk": 197, "fields": {"user": 8, "submit_flag": "FLAG_IS_DEQcgtANhufmyxP", "question": 6}, "model": "scoreserver.answerhistory"}, {"pk": 198, "fields": {"user": 44, "submit_flag": "FLAG_IS_kdkauNMoCdTqDly", "question": 1}, "model": "scoreserver.answerhistory"}, {"pk": 199, "fields": {"user": 39, "submit_flag": "FLAG_IS_ivVZuGVmwLnczVI", "question": 8}, "model": "scoreserver.answerhistory"}, {"pk": 200, "fields": {"user": 13, "submit_flag": "FLAG_IS_QXcwaxCnWiJoVhT", "question": 1}, "model": "scoreserver.answerhistory"}, {"pk": 201, "fields": {"user": 18, "submit_flag": "FLAG_IS_EADeTrKIzKTjsyF", "question": 7}, "model": "scoreserver.answerhistory"}, {"pk": 202, "fields": {"user": 22, "submit_flag": "FLAG_IS_IIJAARojFbGWrVB", "question": 1}, "model": "scoreserver.answerhistory"}, {"pk": 203, "fields": {"user": 38, "submit_flag": "FLAG_IS_WkVItMqEhuReuCK", "question": 1}, "model": "scoreserver.answerhistory"}, {"pk": 204, "fields": {"user": 9, "submit_flag": "FLAG_IS_mmTGETNWxPbywcw", "question": 8}, "model": "scoreserver.answerhistory"}, {"pk": 205, "fields": {"user": 40, "submit_flag": "FLAG_IS_kDrdoddWAoGhpnu", "question": 6}, "model": "scoreserver.answerhistory"}, {"pk": 206, "fields": {"user": 38, "submit_flag": "FLAG_IS_mtAxpxmPAYkmEtw", "question": 7}, "model": "scoreserver.answerhistory"}, {"pk": 207, "fields": {"user": 10, "submit_flag": "FLAG_IS_wSgjAUFqhZvWdRy", "question": 3}, "model": "scoreserver.answerhistory"}, {"pk": 208, "fields": {"user": 11, "submit_flag": "FLAG_IS_JPTfomSOlWKsmqv", "question": 6}, "model": "scoreserver.answerhistory"}, {"pk": 209, "fields": {"user": 12, "submit_flag": "FLAG_IS_VWeUQfusHujKVOF", "question": 4}, "model": "scoreserver.answerhistory"}, {"pk": 210, "fields": {"user": 26, "submit_flag": "FLAG_IS_blzjLDUGseEgnvi", "question": 8}, "model": "scoreserver.answerhistory"}, {"pk": 211, "fields": {"user": 24, "submit_flag": "FLAG_IS_dRwpoCXXhBOcZcA", "question": 7}, "model": "scoreserver.answerhistory"}, {"pk": 212, "fields": {"user": 13, "submit_flag": "FLAG_IS_gGJpBkGLjURuqBT", "question": 6}, "model": "scoreserver.answerhistory"}, {"pk": 213, "fields": {"user": 43, "submit_flag": "FLAG_IS_WTeXhzjyPgWzoiT", "question": 8}, "model": "scoreserver.answerhistory"}, {"pk": 214, "fields": {"user": 41, "submit_flag": "FLAG_IS_SjKpaxMeqfmueCA", "question": 5}, "model": "scoreserver.answerhistory"}, {"pk": 215, "fields": {"user": 40, "submit_flag": "FLAG_IS_oiyicIpIEFKbHih", "question": 2}, "model": "scoreserver.answerhistory"}, {"pk": 216, "fields": {"user": 35, "submit_flag": "FLAG_IS_cHjMkNPcqJslytN", "question": 8}, "model": "scoreserver.answerhistory"}, {"pk": 217, "fields": {"user": 10, "submit_flag": "FLAG_IS_PJzkUIdbIphbzfV", "question": 2}, "model": "scoreserver.answerhistory"}, {"pk": 218, "fields": {"user": 13, "submit_flag": "FLAG_IS_NwTFPEfIZlihPKa", "question": 9}, "model": "scoreserver.answerhistory"}, {"pk": 219, "fields": {"user": 35, "submit_flag": "FLAG_IS_CVRJTcVYwdHxwhS", "question": 4}, "model": "scoreserver.answerhistory"}, {"pk": 220, "fields": {"user": 43, "submit_flag": "FLAG_IS_AGSYPoUGLhIQSoE", "question": 8}, "model": "scoreserver.answerhistory"}, {"pk": 221, "fields": {"user": 10, "submit_flag": "FLAG_IS_YOVCzSFsHEJlFfv", "question": 6}, "model": "scoreserver.answerhistory"}, {"pk": 222, "fields": {"user": 27, "submit_flag": "FLAG_IS_iKwNXtGQSLXvcFL", "question": 5}, "model": "scoreserver.answerhistory"}, {"pk": 223, "fields": {"user": 40, "submit_flag": "FLAG_IS_WHuxrohgePnNlnv", "question": 7}, "model": "scoreserver.answerhistory"}, {"pk": 224, "fields": {"user": 24, "submit_flag": "FLAG_IS_TlcpexOZlmEbkUi", "question": 2}, "model": "scoreserver.answerhistory"}, {"pk": 225, "fields": {"user": 27, "submit_flag": "FLAG_IS_QyrYxdbhkSZwoxh", "question": 3}, "model": "scoreserver.answerhistory"}, {"pk": 226, "fields": {"user": 16, "submit_flag": "FLAG_IS_SxYtYjjKVwufPQE", "question": 2}, "model": "scoreserver.answerhistory"}, {"pk": 227, "fields": {"user": 29, "submit_flag": "FLAG_IS_OXFTwaZgYrUTlPR", "question": 6}, "model": "scoreserver.answerhistory"}, {"pk": 228, "fields": {"user": 47, "submit_flag": "FLAG_IS_apjsRfSDNByhySk", "question": 3}, "model": "scoreserver.answerhistory"}, {"pk": 229, "fields": {"user": 20, "submit_flag": "FLAG_IS_sZCKNDgVuFoSYxP", "question": 5}, "model": "scoreserver.answerhistory"}, {"pk": 230, "fields": {"user": 9, "submit_flag": "FLAG_IS_MPEQjHGWofHRwMf", "question": 9}, "model": "scoreserver.answerhistory"}, {"pk": 231, "fields": {"user": 35, "submit_flag": "FLAG_IS_rQNnwknWDPudDOV", "question": 4}, "model": "scoreserver.answerhistory"}, {"pk": 232, "fields": {"user": 30, "submit_flag": "FLAG_IS_fVplgFSdfaSkoRD", "question": 7}, "model": "scoreserver.answerhistory"}, {"pk": 233, "fields": {"user": 9, "submit_flag": "FLAG_IS_isenXYWpUKMyeGQ", "question": 5}, "model": "scoreserver.answerhistory"}, {"pk": 234, "fields": {"user": 34, "submit_flag": "FLAG_IS_tfJVVWvPVVymhIH", "question": 4}, "model": "scoreserver.answerhistory"}, {"pk": 235, "fields": {"user": 20, "submit_flag": "FLAG_IS_MrocgQtXOVqTCau", "question": 4}, "model": "scoreserver.answerhistory"}, {"pk": 236, "fields": {"user": 14, "submit_flag": "FLAG_IS_yNvAVeWqsseXyeo", "question": 9}, "model": "scoreserver.answerhistory"}, {"pk": 237, "fields": {"user": 20, "submit_flag": "FLAG_IS_WcuQijbWoUgRZhT", "question": 8}, "model": "scoreserver.answerhistory"}, {"pk": 238, "fields": {"user": 26, "submit_flag": "FLAG_IS_hUwiPYgNKhfqHIe", "question": 8}, "model": "scoreserver.answerhistory"}, {"pk": 239, "fields": {"user": 28, "submit_flag": "FLAG_IS_YCvvXBhkhSkLXXP", "question": 5}, "model": "scoreserver.answerhistory"}, {"pk": 240, "fields": {"user": 32, "submit_flag": "FLAG_IS_mrTykNKwFZkNdOZ", "question": 4}, "model": "scoreserver.answerhistory"}, {"pk": 241, "fields": {"user": 14, "submit_flag": "FLAG_IS_qVILGeRCKcjBHeF", "question": 5}, "model": "scoreserver.answerhistory"}, {"pk": 242, "fields": {"user": 24, "submit_flag": "FLAG_IS_IvyTsQBUwrOPToU", "question": 9}, "model": "scoreserver.answerhistory"}, {"pk": 243, "fields": {"user": 11, "submit_flag": "FLAG_IS_xSuiFZIjdqWIKgn", "question": 7}, "model": "scoreserver.answerhistory"}, {"pk": 244, "fields": {"user": 16, "submit_flag": "FLAG_IS_NRyvlqOcZNBGnjk", "question": 6}, "model": "scoreserver.answerhistory"}, {"pk": 245, "fields": {"user": 42, "submit_flag": "FLAG_IS_eSEHgGXunstRyqz", "question": 4}, "model": "scoreserver.answerhistory"}, {"pk": 246, "fields": {"user": 24, "submit_flag": "FLAG_IS_SLNcrztgzMGzRgn", "question": 7}, "model": "scoreserver.answerhistory"}, {"pk": 247, "fields": {"user": 26, "submit_flag": "FLAG_IS_NLnQgoLKdjINCOP", "question": 2}, "model": "scoreserver.answerhistory"}, {"pk": 248, "fields": {"user": 3, "submit_flag": "FLAG_IS_VHKfwnFiHJaLNLP", "question": 9}, "model": "scoreserver.answerhistory"}, {"pk": 249, "fields": {"user": 6, "submit_flag": "FLAG_IS_SCEpYDabgOAzaEW", "question": 2}, "model": "scoreserver.answerhistory"}, {"pk": 250, "fields": {"user": 32, "submit_flag": "FLAG_IS_RTrFdqXNzvTfnoc", "question": 6}, "model": "scoreserver.answerhistory"}, {"pk": 251, "fields": {"user": 19, "submit_flag": "FLAG_IS_aAtKHlVyTILGENA", "question": 7}, "model": "scoreserver.answerhistory"}, {"pk": 252, "fields": {"user": 48, "submit_flag": "FLAG_IS_VsswVyzZXxvASfM", "question": 9}, "model": "scoreserver.answerhistory"}, {"pk": 253, "fields": {"user": 49, "submit_flag": "FLAG_IS_oeWtphyNhadShKG", "question": 4}, "model": "scoreserver.answerhistory"}, {"pk": 254, "fields": {"user": 37, "submit_flag": "FLAG_IS_SJtJutdEvCiYvAq", "question": 3}, "model": "scoreserver.answerhistory"}, {"pk": 255, "fields": {"user": 42, "submit_flag": "FLAG_IS_UifDpNxIvcqutGY", "question": 2}, "model": "scoreserver.answerhistory"}, {"pk": 256, "fields": {"user": 47, "submit_flag": "FLAG_IS_CIdubYeQqitjEIO", "question": 9}, "model": "scoreserver.answerhistory"}, {"pk": 257, "fields": {"user": 39, "submit_flag": "FLAG_IS_ZfrkNVeNMBYZnCr", "question": 3}, "model": "scoreserver.answerhistory"}, {"pk": 258, "fields": {"user": 20, "submit_flag": "FLAG_IS_KbNHKBnjvJWtcSv", "question": 8}, "model": "scoreserver.answerhistory"}, {"pk": 259, "fields": {"user": 35, "submit_flag": "FLAG_IS_GAMKEizSUmOGIZk", "question": 9}, "model": "scoreserver.answerhistory"}, {"pk": 260, "fields": {"user": 20, "submit_flag": "FLAG_IS_CxKafZGgPhMAQmf", "question": 1}, "model": "scoreserver.answerhistory"}, {"pk": 261, "fields": {"user": 34, "submit_flag": "FLAG_IS_bnYUEWNObOLyQLj", "question": 7}, "model": "scoreserver.answerhistory"}, {"pk": 262, "fields": {"user": 46, "submit_flag": "FLAG_IS_dvGjezlbOtXmZDe", "question": 1}, "model": "scoreserver.answerhistory"}, {"pk": 263, "fields": {"user": 42, "submit_flag": "FLAG_IS_wdjiqYnvGCaJwdG", "question": 4}, "model": "scoreserver.answerhistory"}, {"pk": 264, "fields": {"user": 13, "submit_flag": "FLAG_IS_wxzEpfOZFLAYNxZ", "question": 9}, "model": "scoreserver.answerhistory"}, {"pk": 265, "fields": {"user": 6, "submit_flag": "FLAG_IS_JQOTUtCdCLuGQKT", "question": 9}, "model": "scoreserver.answerhistory"}, {"pk": 266, "fields": {"user": 46, "submit_flag": "FLAG_IS_WChRSYqPlACOzGm", "question": 2}, "model": "scoreserver.answerhistory"}, {"pk": 267, "fields": {"user": 28, "submit_flag": "FLAG_IS_yMJHyEymAhtDmVu", "question": 9}, "model": "scoreserver.answerhistory"}, {"pk": 268, "fields": {"user": 21, "submit_flag": "FLAG_IS_goHxwyYuDmuiaHE", "question": 9}, "model": "scoreserver.answerhistory"}, {"pk": 269, "fields": {"user": 39, "submit_flag": "FLAG_IS_tWBnjICggcGoRxO", "question": 8}, "model": "scoreserver.answerhistory"}, {"pk": 270, "fields": {"user": 46, "submit_flag": "FLAG_IS_sFELaKlbtVxpCkR", "question": 1}, "model": "scoreserver.answerhistory"}, {"pk": 271, "fields": {"user": 25, "submit_flag": "FLAG_IS_IbNqmmSCfspXIHl", "question": 3}, "model": "scoreserver.answerhistory"}, {"pk": 272, "fields": {"user": 17, "submit_flag": "FLAG_IS_TNcMFdpWgtMOqen", "question": 7}, "model": "scoreserver.answerhistory"}, {"pk": 273, "fields": {"user": 28, "submit_flag": "FLAG_IS_ioMcCcvNHsdKUiB", "question": 7}, "model": "scoreserver.answerhistory"}, {"pk": 274, "fields": {"user": 45, "submit_flag": "FLAG_IS_zzzyWMOzFVRxLBO", "question": 8}, "model": "scoreserver.answerhistory"}, {"pk": 275, "fields": {"user": 39, "submit_flag": "FLAG_IS_glZBlvgvrRZvzpR", "question": 2}, "model": "scoreserver.answerhistory"}, {"pk": 276, "fields": {"user": 14, "submit_flag": "FLAG_IS_NkDxzcOlWjBZPxe", "question": 3}, "model": "scoreserver.answerhistory"}, {"pk": 277, "fields": {"user": 17, "submit_flag": "FLAG_IS_UtQKadmALPUbGWa", "question": 3}, "model": "scoreserver.answerhistory"}, {"pk": 278, "fields": {"user": 23, "submit_flag": "FLAG_IS_cMobQTsBJIcvGpA", "question": 9}, "model": "scoreserver.answerhistory"}, {"pk": 279, "fields": {"user": 5, "submit_flag": "FLAG_IS_mboMkjpMMERfbye", "question": 8}, "model": "scoreserver.answerhistory"}, {"pk": 280, "fields": {"user": 15, "submit_flag": "FLAG_IS_jKdMSypeWHhkMys", "question": 3}, "model": "scoreserver.answerhistory"}, {"pk": 281, "fields": {"user": 24, "submit_flag": "FLAG_IS_hsvZhvxiJMmZdvv", "question": 1}, "model": "scoreserver.answerhistory"}, {"pk": 282, "fields": {"user": 4, "submit_flag": "FLAG_IS_dssrkdpfFqgSBUf", "question": 9}, "model": "scoreserver.answerhistory"}, {"pk": 283, "fields": {"user": 33, "submit_flag": "FLAG_IS_kTMdWGcMjFClhKJ", "question": 2}, "model": "scoreserver.answerhistory"}, {"pk": 284, "fields": {"user": 2, "submit_flag": "FLAG_IS_YIBkaJYGOucZByc", "question": 8}, "model": "scoreserver.answerhistory"}, {"pk": 285, "fields": {"user": 29, "submit_flag": "FLAG_IS_OmtgeDyGuXeezAH", "question": 8}, "model": "scoreserver.answerhistory"}, {"pk": 286, "fields": {"user": 1, "submit_flag": "FLAG_IS_dfAbHqxdbgQVPeE", "question": 3}, "model": "scoreserver.answerhistory"}, {"pk": 287, "fields": {"user": 4, "submit_flag": "FLAG_IS_XbjLdATAuEsoOcH", "question": 2}, "model": "scoreserver.answerhistory"}, {"pk": 288, "fields": {"user": 43, "submit_flag": "FLAG_IS_qDsdzqqalEvOMBO", "question": 8}, "model": "scoreserver.answerhistory"}, {"pk": 289, "fields": {"user": 25, "submit_flag": "FLAG_IS_fXfJErBmdISQQmz", "question": 8}, "model": "scoreserver.answerhistory"}, {"pk": 290, "fields": {"user": 39, "submit_flag": "FLAG_IS_CtECscVwPdyHUfm", "question": 9}, "model": "scoreserver.answerhistory"}, {"pk": 291, "fields": {"user": 22, "submit_flag": "FLAG_IS_qvrfDzKJRilpIcU", "question": 5}, "model": "scoreserver.answerhistory"}, {"pk": 292, "fields": {"user": 7, "submit_flag": "FLAG_IS_bGxbUvkUJCIrjuC", "question": 7}, "model": "scoreserver.answerhistory"}, {"pk": 293, "fields": {"user": 31, "submit_flag": "FLAG_IS_vkIssCNMEJJZUiN", "question": 3}, "model": "scoreserver.answerhistory"}, {"pk": 294, "fields": {"user": 42, "submit_flag": "FLAG_IS_AUXVLyMjvmPLITA", "question": 2}, "model": "scoreserver.answerhistory"}, {"pk": 295, "fields": {"user": 26, "submit_flag": "FLAG_IS_ooIoVBMWbHOkyEX", "question": 2}, "model": "scoreserver.answerhistory"}, {"pk": 296, "fields": {"user": 26, "submit_flag": "FLAG_IS_RaVMLWwwndjSFjJ", "question": 1}, "model": "scoreserver.answerhistory"}, {"pk": 297, "fields": {"user": 15, "submit_flag": "FLAG_IS_SXYrxoiyoShKaXU", "question": 3}, "model": "scoreserver.answerhistory"}, {"pk": 298, "fields": {"user": 20, "submit_flag": "FLAG_IS_ObIGMXBRbMFhXir", "question": 7}, "model": "scoreserver.answerhistory"}, {"pk": 299, "fields": {"user": 19, "submit_flag": "FLAG_IS_xmHicmATMglwjcr", "question": 7}, "model": "scoreserver.answerhistory"}]