[{"model": "scoreserver.category", "pk": 1, "fields": {"name": "Web"}}, {"model": "scoreserver.category", "pk": 2, "fields": {"name": "Network"}}, {"model": "scoreserver.category", "pk": 3, "fields": {"name": "Binary"}}, {"model": "scoreserver.category", "pk": 4, "fields": {"name": "Forensics"}}, {"model": "scoreserver.category", "pk": 5, "fields": {"name": "Crypto"}}, {"model": "scoreserver.category", "pk": 6, "fields": {"name": "Misc"}}, {"model": "scoreserver.question", "pk": 0, "fields": {"problem_url": "http://example.com/BWFEFIMDNXLLQHAUOPKGYQYPRYSFGJ", "solved": 1, "title": "JGAHKQRDSAHUUMA", "description": "TQNHIVJUDVLCCFWFBNABNEPBVSFAYLTHXFOCIGAUXKSTCXYXXIDYGEGKMLTKJFVPBRXHGNFQVIKHEMJFBKAVKHUIGEOCFVYLLQMQ", "category": 2}}, {"model": "scoreserver.question", "pk": 1, "fields": {"problem_url": "http://example.com/NUPSXQYTTXSYFHYKXJHVMYRFMNBPDW", "solved": 10, "title": "EOYYXIHPQNGHADG", "description": "CFQPHMOAGACCQASYUCLCSRHEGUWHELTKCFPSQKWFWSIEGAMNALLOWVBLBTTCPEANXNASLOMKTBEBTBXGEEBCYMKWQQYNEYPPKNVO", "category": 2}}, {"model": "scoreserver.question", "pk": 2, "fields": {"problem_url": "http://example.com/MYNDLXECNQJYVTISIYNBAMOCENXAMN", "solved": 20, "title": "YUXITISESRWUUMO", "description": "GMJFUCHCNQFQQQHFREVFYPXUKDOARTXRPSOBUEDTESFBHYOXLBYHMUIIGVNWLHRUXOGREGKISKDMPVWSJYAGPVMOVTWONLVTEDPF", "category": 4}}, {"model": "scoreserver.question", "pk": 3, "fields": {"problem_url": "http://example.com/NLIRBJTKNWWUWKWJJTIJTCCKGONMAC", "solved": 1, "title": "ETDXOFBBWTHBFXE", "description": "WCOUSQPULXXGEIXIHRAKNPJQELKQUJMPKHMRNVTKPKIXTDIFMBAUGEHVBFMWINEOYKNYQDDTCBUWLNOUXBBDNYNBETXNJQTHYKRP", "category": 1}}, {"model": "scoreserver.question", "pk": 4, "fields": {"problem_url": "http://example.com/TUNDQKOLSDWOQOMWSFHPHKXKXTQAQL", "solved": 7, "title": "ADYXRHNINFBBKCY", "description": "NLIRPJNHMEYMVEEJVDVDIWSPGDMQRDTNVGVKEXBBWCMIUEXFAIPGBREBXRYNUDVMDWDRTTKFFMBLFYTMDQOEFWYAKNLVFWJUREHP", "category": 4}}, {"model": "scoreserver.question", "pk": 5, "fields": {"problem_url": "http://example.com/ACJEFFLOCIYEVQLGYAAUHOLVDHMMND", "solved": 2, "title": "JORVHCYUAFGJSXL", "description": "IBTCNMVMPFVGVFOTYSILNFOOXCDIGIKHYAQPTDHIIOVRNUBIBBXJVVUQSOTEAXVPCUWABIQSFIKEYNRBDKGMPYHUOGJCQTMDXHGI", "category": 1}}, {"model": "scoreserver.question", "pk": 6, "fields": {"problem_url": "http://example.com/QPHWAWKJFOHBFSFXRRCGWNKBMDQFEC", "solved": 16, "title": "QOSPWBUVWOVFYYC", "description": "OOJWNOSJHLJDPUVGTAVPRRDYTXSQDBFNGQKHOQHTLWQINXQRGJOGUHVYGQKNGTKTBUCBKURWNFUQIPAWIMXAOHJFTHWOHODQFLHW", "category": 1}}, {"model": "scoreserver.question", "pk": 7, "fields": {"problem_url": "http://example.com/GYOYRXHHNFODFYMPDJEOKLNKXQCSMS", "solved": 12, "title": "CVWKJQQJNKPQRIB", "description": "XAMXJRYDIBSAXERXFDRFYOLXWQQWLEHHDJSTPWWCEQGUHABDERVYYYWJGWKTSFSAIGQLYLPPSGBAJGWMYRXFTVJMXRTXPXROBHSU", "category": 6}}, {"model": "scoreserver.question", "pk": 8, "fields": {"problem_url": "http://example.com/TMQPWATMMOXFNBOLRDARECXGKBRAKV", "solved": 4, "title": "CVAPCVQNHDWHOBB", "description": "GENAAGQDKWLDKANYLAUCFWIJRHREHSSKQJHTEAHGFGDXTTAWPPWHJTXVVKESLHMUHPQYJJDJBWKMCHSOYHSGOATJYXPSTJGKKNSK", "category": 3}}, {"model": "scoreserver.question", "pk": 9, "fields": {"problem_url": "http://example.com/YIGAURWGIOMLGRQOPABNTACDTGUAHU", "solved": 17, "title": "CACLFEUAEERPCKF", "description": "ELBGIXBQRDQXWSIBWPPAEXHTJJCFJYBTLXCQCBKNCLXHFLKSWHEWRCAKEPMLOVPCTLQHJRLCWTFKQRGQJFGLDGLSEKMEJIMNTPGU", "category": 3}}, {"model": "scoreserver.notice", "pk": 0, "fields": {"title": "HOYDJPUJQSYTOOV", "description": "MKGQKIOLQECPGTQOPDYSAQHXOEYSKKWRPQRNWGRRNXURDENBYJUMUXAWRFURVXQXBKTHROWTRUDNIHXMAWRQVHVWIVBIQJXXCNMF"}}, {"model": "scoreserver.notice", "pk": 1, "fields": {"title": "CGVHCRWVSXFPPEI", "description": "HTESPRICMAVLISSRSMUOUUTVKPRKMPKPQHBQYITEOWKMQXIGVBHSDTXSLCBEVCLXFKRUGPYEPAAQRRQBTFVUMKNWEVTPFAORNOVG"}}, {"model": "scoreserver.notice", "pk": 2, "fields": {"title": "BANCVLQYKTMRTFK", "description": "KPUUQQQKQTCCRCVRGYKOFERWWHJVROSIORRRJTTESIRCDKFSOUGJWKNHOGBXSLRNRPSSPTWFFDGKSEPXGSXWSHACMETTDTNGLFAH"}}, {"model": "scoreserver.notice", "pk": 3, "fields": {"title": "OFXEMSVACCIIIYQ", "description": "JJWVOMMKNFFRIADAPITLOABAPLTRXUOPSFTRILQWQBRTQQMYWSCBOSKEGWXDLQOYVBBFIWIJSHYBRYMFVFYGOPYJUELPLFLFUISC"}}, {"model": "scoreserver.notice", "pk": 4, "fields": {"title": "XUGGNJRXIFQHBQF", "description": "SYJBAEOYXKNBGKHRGFVDKBDFGHICEHHUHKBSGWFTBJSHHQASPUFRAWBXMRLXTIDQISFSTFNCWRQQXAULFNUSAKOJBBUVOXYFOBXQ"}}, {"model": "scoreserver.notice", "pk": 5, "fields": {"title": "JTFQXAJECWTNKYW", "description": "YYLAIQIGJPNQQTQUJMHJDDXBMPGVVWETSIKTGEKHDODEYMIUGNQNSPHQHSNGUYHTRHPIUYRWAVPXHLPRDHIKVRGMFBJQHSVYMYBK"}}, {"model": "scoreserver.notice", "pk": 6, "fields": {"title": "KULOJEEAMOHTIXY", "description": "FPPLQARNSUCCJLIKXFTFRIUSQUFBYOAJBSGEOBISEHFNQVEBDHBXUFNQBGPSPFHJDYESCEIIEEQHRNPVMJWUBSNIYUHVLHQLNARP"}}, {"model": "scoreserver.notice", "pk": 7, "fields": {"title": "FAOSVMFTCFFHNFQ", "description": "SVPIIIWKCFXDIABAKHUBEHPFKKQRBNSXYLUWJEHQJMTDKIPCMBCUTESXXXHQIFKTPGVYFMVVWEGNHXNJIGGMWFNDJCQHTJYSHIOG"}}, {"model": "scoreserver.notice", "pk": 8, "fields": {"title": "ETBGNTHYMNJRIQG", "description": "QVUYRRXQBHXAGFTQYSWADJUTONYIBXPJHCDHOAEFHOXDNQEAKDBVFPRMPWYOTVBXGVGSALVQTPDSFFLWVNAWNALXARSNCPJERRTA"}}, {"model": "scoreserver.notice", "pk": 9, "fields": {"title": "RLPTKCKIDFGKALM", "description": "JCEICTXPGIGUGLXIDBMTTJCFLWNQGJURFNFPCDSBYKAUFURLNRRTBXYLBVTISJPCHUTDMDBTPQQVMYXARVAMFJCVQJQFKPLRBPBA"}}, {"model": "scoreserver.flag", "pk": 0, "fields": {"question": 5, "point": 529, "flag": "FLAG_IS_[BBSVKVQJTQNKKSU]"}}, {"model": "scoreserver.flag", "pk": 1, "fields": {"question": 2, "point": 945, "flag": "FLAG_IS_[XWSUEXYBIWPAXNO]"}}, {"model": "scoreserver.flag", "pk": 2, "fields": {"question": 3, "point": 757, "flag": "FLAG_IS_[IWCBBJDSVETJKYH]"}}, {"model": "scoreserver.flag", "pk": 3, "fields": {"question": 7, "point": 823, "flag": "FLAG_IS_[BEYTJPTQGCXRAVE]"}}, {"model": "scoreserver.flag", "pk": 4, "fields": {"question": 7, "point": 816, "flag": "FLAG_IS_[UHKIJVCKUCAGKQP]"}}, {"model": "scoreserver.flag", "pk": 5, "fields": {"question": 2, "point": 117, "flag": "FLAG_IS_[YKDTOPKGHPCQVFG]"}}, {"model": "scoreserver.flag", "pk": 6, "fields": {"question": 2, "point": 890, "flag": "FLAG_IS_[FWCAKBDCWINWCWB]"}}, {"model": "scoreserver.flag", "pk": 7, "fields": {"question": 1, "point": 290, "flag": "FLAG_IS_[MLSETRDGMHFHLBS]"}}, {"model": "scoreserver.flag", "pk": 8, "fields": {"question": 7, "point": 400, "flag": "FLAG_IS_[KPGMMVQFFIVBVBK]"}}, {"model": "scoreserver.flag", "pk": 9, "fields": {"question": 5, "point": 266, "flag": "FLAG_IS_[MGQCIIIISECKLIX]"}}, {"model": "scoreserver.user", "pk": 0, "fields": {"password": "6676696775f3a262d0b404f2879b908302f671c0b379fe367468e8f13eb86dda", "username": "FLAGT"}}, {"model": "scoreserver.user", "pk": 1, "fields": {"password": "7c0fbc4951fb57f65097871150f14c637ccb3e6b442e29fc5aed87b5a1fec48b", "username": "WBHKR"}}, {"model": "scoreserver.user", "pk": 2, "fields": {"password": "7d248535691740dc5f9577ab6e77d55d3b4f43f8344550f2b839a843633f77df", "username": "IMOMS"}}, {"model": "scoreserver.user", "pk": 3, "fields": {"password": "26ee351bfa3b3f5a5e37c0d6df8ced0c61a09b7aaa214c224dbd60181781ccd8", "username": "NLTBN"}}, {"model": "scoreserver.user", "pk": 4, "fields": {"password": "5cb9f9e4d89c2b2eb396c617dca936e9bbc48732768800745db0337568512ed1", "username": "EYTOP"}}, {"model": "scoreserver.user", "pk": 5, "fields": {"password": "7e67d7d275aabeb4ac321c9c570c14685691c85bca34d2f92812775fb912746c", "username": "EBJGW"}}, {"model": "scoreserver.user", "pk": 6, "fields": {"password": "29b4e08dee02b3e4f29dee3d979eea61226ef7a54118b7b08fbc75455e869020", "username": "XTEHU"}}, {"model": "scoreserver.user", "pk": 7, "fields": {"password": "301920a31a7620322cbbe87dbac4b575276858b88c3b749b407448484361c4a2", "username": "XDDTD"}}, {"model": "scoreserver.user", "pk": 8, "fields": {"password": "2b9217e9d17c84f1b4a3e5b69ea4a2dc1b79c9a20fa0990a7f6ad70acd8c4cd3", "username": "CDQLW"}}, {"model": "scoreserver.user", "pk": 9, "fields": {"password": "dd9bc80436948de4d9f00966e66a320d51585ef39b2c6c4dcd5ef7b9ae632a8c", "username": "RSDLP"}}]