[{"pk": 1, "model": "scoreserver.category", "fields": {"name": "Web"}}, {"pk": 2, "model": "scoreserver.category", "fields": {"name": "Network"}}, {"pk": 3, "model": "scoreserver.category", "fields": {"name": "Binary"}}, {"pk": 4, "model": "scoreserver.category", "fields": {"name": "Forensics"}}, {"pk": 5, "model": "scoreserver.category", "fields": {"name": "Crypto"}}, {"pk": 6, "model": "scoreserver.category", "fields": {"name": "Misc"}}, {"pk": 0, "model": "scoreserver.question", "fields": {"problem_url": "http://example.com/RrUsyZZfnPOFzEWUKvOZAwvAbbXIRs", "solved": 14, "description": "Question_desc:lHgwQZwZcsYCzutQikVUIoNsYSyeUoHnCopjCDSzMSkSDUSffbZgXamCNILZMtklvyNiaLHMcHHqAAcauYgksTAcwjUAYLzrdQWr", "category": 6, "title": "Question_title:NGdaGALtjKstcau"}}, {"pk": 1, "model": "scoreserver.question", "fields": {"problem_url": "http://example.com/jHvmqDfvOqsybqmIzqKWxfiBEEvEyV", "solved": 15, "description": "Question_desc:mstfnAUCzWWNzrpIXQViHZXdjXAjrFxKmPEopqwWVPpTwXlIgyOEJNBAgYmKwqvKUJnHftsIIrovZAhATiKJicKphgOeuNGAIiuP", "category": 2, "title": "Question_title:yUYASbrttVHhnhi"}}, {"pk": 2, "model": "scoreserver.question", "fields": {"problem_url": "http://example.com/kChQAAQocyluxkrKNPvHFYbemFrOjV", "solved": 17, "description": "Question_desc:bQgXmJxuuJPlnBPTUVYBfcfBmCJQhrfnVUUSJECtjROjoMEJwwUpbAqwCLVQJxnHRtULonFXXHYtBHQXqrwlwFfqvILgoyutMExZ", "category": 2, "title": "Question_title:bjDnyDxqMrAnIIC"}}, {"pk": 3, "model": "scoreserver.question", "fields": {"problem_url": "http://example.com/vmdDuyJMgFWATbIFlvieYjxizJVrKg", "solved": 14, "description": "Question_desc:BttJHJgcapibDmNmHlJxCWmVoafcUppuTGbpzcHyCNduBeaFIdFqOqxviJPftZlfWNegBMdPZPytzlNNSIWSmdEvCoaSJJDEeKLl", "category": 5, "title": "Question_title:gJdaTtQAdjkWhcd"}}, {"pk": 4, "model": "scoreserver.question", "fields": {"problem_url": "http://example.com/MoKVRbShAKCKEhtuErmnXVjKBzfQIM", "solved": 20, "description": "Question_desc:mwgLXNXolThTrqbKCnfTyJQHvzehEQewzVrvASdBtAABlqiKnuYoToXMgYIAxstLFeEAversrziXBwBIqiKxqBtlQdqQwoASNhBi", "category": 6, "title": "Question_title:vrwBGmXRrWlLSmC"}}, {"pk": 5, "model": "scoreserver.question", "fields": {"problem_url": "http://example.com/npPOMmutOLuyBEYYBtSHJlAVNtNJGY", "solved": 3, "description": "Question_desc:KCxBlKdrZBieHbKrSYFicaabYOttHRWLInwkKANVlvPQpvPTJuJfoVOXqWRifNqyYvTCmMEmbUmYmaDBURDZICnaCYNvNywelptg", "category": 6, "title": "Question_title:jGPOxXqgRyPyGvd"}}, {"pk": 6, "model": "scoreserver.question", "fields": {"problem_url": "http://example.com/bSsDfCfQfvBymMRPUGawaDUJDkvmvB", "solved": 5, "description": "Question_desc:CwjlhfAaPzZmGqhHvYPoVeWDtBmNVGYBxLnDgCMsuhVmUJSOHgKLAAPDXTdBHPrzOhoWKTDKQvvGxmbxsFrJDrxjMxQXnhYPksDC", "category": 1, "title": "Question_title:FHlqYplOFPmkwAR"}}, {"pk": 7, "model": "scoreserver.question", "fields": {"problem_url": "http://example.com/CbUhkwUWvIaebOxjFeOgsIGqLDuAHf", "solved": 1, "description": "Question_desc:IjXUylFzZKdPLIrUzSjmGHUoNAnfrXnAeoShehyigyFGysVZdRGepVkftwdTmWziyDIVvFtQCxlinyUPNnxUnVgjSSnWEsiIsdEx", "category": 1, "title": "Question_title:KkWpZEOjEbGnZLL"}}, {"pk": 8, "model": "scoreserver.question", "fields": {"problem_url": "http://example.com/jzmoFmHKzeytlSlDsCmdAXjHKrVtuc", "solved": 15, "description": "Question_desc:dgILWOzrPVWvEQuWsEQIpOmeCixiDQwFsJdUsaMLAbiNicKmFtitybKzyHBmyuHdMyNPzFYDMFldLTrOGsYQaShxzVhMQMulBhVm", "category": 2, "title": "Question_title:aOeiqReSBooEgCS"}}, {"pk": 9, "model": "scoreserver.question", "fields": {"problem_url": "http://example.com/basvUGXbruSoKqBGMDjGXcUkOFFcNO", "solved": 7, "description": "Question_desc:mIqwujcxQuHDcBMowCNPsJeTEBGBLokjZvwefRIYdHZbnUTDXEMqEUBXrotXDhjYgaLJREZdRpnPyPsszDahnSSFZeYcHEnDnvns", "category": 6, "title": "Question_title:jpdzVweYTsLppRA"}}, {"pk": 10, "model": "scoreserver.question", "fields": {"problem_url": "http://example.com/rXAiCeoMdhUqMjDiiBlhxComCPRELD", "solved": 17, "description": "Question_desc:oOQTOKHrHnUQbVctSOlggTWJDEwUekFqysAinZyoonGypVgtnsDQgFWIdSPmxgVMlRbhVSDKPZjxCtqOWvhVvhFARtJJwwxUytgP", "category": 4, "title": "Question_title:QJjzdyVQAiaHjuv"}}, {"pk": 11, "model": "scoreserver.question", "fields": {"problem_url": "http://example.com/ciMNieqsFCzOiLxteYweNgvGkLBZsH", "solved": 19, "description": "Question_desc:ZcoTgyRwktjsHMvMLuyyrZTcBzqSOGiXAdzEWYKptavxLpWkbWjjOPiVtGdMwKHfwtMkDUvqlgRzEMJHbjWZPzpGeRjvwZvmaQky", "category": 6, "title": "Question_title:SSKSugsIZWjNuIU"}}, {"pk": 12, "model": "scoreserver.question", "fields": {"problem_url": "http://example.com/ZisPaYuiOlrXCpYRHXrMkNatSEcVhN", "solved": 16, "description": "Question_desc:tvjWJsFbXpRKrusGoOiuacsXVTtgFpjJWAleqAsZQgYQGILOSsQuIAByDVmzOsBuLMXtDEIQGlqTmlpYQeyPyuNSyXwTfbmbqXiO", "category": 5, "title": "Question_title:sXSBKDeJvDiKKQw"}}, {"pk": 13, "model": "scoreserver.question", "fields": {"problem_url": "http://example.com/UorcMKFWKuYXYiFnhxKDVLVyPrkWFf", "solved": 10, "description": "Question_desc:HSBexUNJfmnTHEVBzZLLrnRcXFmUDpkxVBwZbQcbwtxhAghPkptFnucACmhIGbALiJzwBqSqxuqiGlptkNCPUrMVpTGserUVLWjN", "category": 1, "title": "Question_title:bkoEIAxKUcQdOGi"}}, {"pk": 14, "model": "scoreserver.question", "fields": {"problem_url": "http://example.com/vTewEhlhfPPvMMwgRCJERsqPdfcYrN", "solved": 17, "description": "Question_desc:ttuvyLoIXuGPtLOVrkzztvmbKxLfaBjSZeoatUnCRfCuaoaldZlyoMUgwrwHFHXbXNSdIlSqiEXdnLMntfgOMVTYVqhNmfqLZUux", "category": 5, "title": "Question_title:IBIMYCJVrIgjJKg"}}, {"pk": 15, "model": "scoreserver.question", "fields": {"problem_url": "http://example.com/UIVnIbjSgsUoBWHQVWDbByKOMQbZWo", "solved": 8, "description": "Question_desc:sXNqUSdHtRahffLyDQXXkEsbCbJeuEefHIVGQmMSrPHoNnegyQBOUJzfQaaZyJnkYGVBnLNJBgxPaqRKcpLdpbSFCAlzkSZqtodH", "category": 1, "title": "Question_title:LHLZLkkBkPxXkoB"}}, {"pk": 16, "model": "scoreserver.question", "fields": {"problem_url": "http://example.com/rsPYqVrzMlXCTchrCZrydYwzxTKsla", "solved": 8, "description": "Question_desc:ojmThsfVFJmleDsUTVaZxbiVOFusLzqUcWoNIUmLAAdaWyXVeyBsfiaqEocKduKaKVQJxuHYnNnZCoiVTPyFlrUkHCWTGsUJBoZu", "category": 4, "title": "Question_title:bQQzkdfJxkxPDxR"}}, {"pk": 17, "model": "scoreserver.question", "fields": {"problem_url": "http://example.com/iMeNsCTtWBMZxguTAdCFrZHOwiiswV", "solved": 19, "description": "Question_desc:KsWCHczRUEHjHIDgNTEySGbcTcDPaANYVumxUGFzDUzXPTrDMIJOfKoKXXSLQAntXMFkRIZQLceFFKzdJZFwtZmBFWTZLFYjNnrh", "category": 2, "title": "Question_title:nXRdidCQirzpDXL"}}, {"pk": 18, "model": "scoreserver.question", "fields": {"problem_url": "http://example.com/dZHMrYhBEwVUVhXEywEFewsofhadNP", "solved": 20, "description": "Question_desc:ZQSHXRocabrkktayHtZfRlRRLisZjhacaSBtfZMxEFCGtREjVypTuOQBHGfPBQkhZTnoBjMGQRxURhoUFqtUKbwuCzSrnJCljjXs", "category": 6, "title": "Question_title:xZWEVllOrUaVJJV"}}, {"pk": 19, "model": "scoreserver.question", "fields": {"problem_url": "http://example.com/ThWYEaZrgWiKjiQPsLoFUYwrXyIpKu", "solved": 17, "description": "Question_desc:aWiFKrmOTrWBnxnidCdPTkijRterckQgNiiuRDnqZfJmKmChxNIlSjFbzbjTtJGUEtqFctTcuFCNSWCGPAYWFNCwmZSORUnZKtCP", "category": 5, "title": "Question_title:XIrOwVFTyszTLFX"}}, {"pk": 20, "model": "scoreserver.question", "fields": {"problem_url": "http://example.com/UTpVWxCYhhfsCRyRfQftfzSSHURFzi", "solved": 14, "description": "Question_desc:NQVBwdREWmOUGAfLGrOWDErqgzJDKxIwQCipZAydHDhkajwRHtZgcREJKfHPvFdGONawKSKNfqmBowEdPhmQXGGCidaGJBknaHpv", "category": 5, "title": "Question_title:WkGAXXseDkegAKH"}}, {"pk": 21, "model": "scoreserver.question", "fields": {"problem_url": "http://example.com/FqjOtLYYxXmDxArbbazCmCpxzanGnf", "solved": 18, "description": "Question_desc:MKwXYGEKcTCWMVenAfJSJGYPKpBsosLPrxfytwjLzAVHmbXSbkQUHsbJlEBhdmEjBLxmgSatIiFWpvUxTerXVjwLuEUUQtzSPter", "category": 2, "title": "Question_title:atqrpyTLECVbDOK"}}, {"pk": 22, "model": "scoreserver.question", "fields": {"problem_url": "http://example.com/lEwEVlPUAOxafnckwbZvuHGKmDoXtZ", "solved": 8, "description": "Question_desc:MVeEDCfLhHgTQrCrIjRyWNXoDLARooQSTlQqKwDmnhWqizXKohoaqLNJGinSWhQORLNhhrgHePCgclMUYqqkntoTgkxptOxagqpt", "category": 4, "title": "Question_title:KyNafSfGVsCgPgZ"}}, {"pk": 23, "model": "scoreserver.question", "fields": {"problem_url": "http://example.com/kKIucaIUPGPEsyaRFCxZDsrLeCzVbm", "solved": 19, "description": "Question_desc:FFRvHqOGFzinDSnGPStmPpyryQyPQLbpMfQMfkvnLFEEciZpGSDFZshShDGhMrjdYqnYcDfiXtqjqJlNMMwubwYlqprFktcSICMC", "category": 3, "title": "Question_title:fImfTfVESGzUApM"}}, {"pk": 24, "model": "scoreserver.question", "fields": {"problem_url": "http://example.com/TZvPFBdQrXHyAeqKrDfqQVqkKmqRtq", "solved": 6, "description": "Question_desc:JUAyPvhGCWgzrkQPCfciKSImMtAAWSGpaFIKiitwMRAdtCNCBZNrBsWdbpwwoqcbflwpPxthbgcxqOyEUEHkymgaeuKmpokVZVPM", "category": 2, "title": "Question_title:SGgOejuFuzyEsww"}}, {"pk": 25, "model": "scoreserver.question", "fields": {"problem_url": "http://example.com/cdalLyLWeDAUplYHVluWaORSWBUwEH", "solved": 11, "description": "Question_desc:UnVUfQogLnRdkOyEvuOCEzEBsqZfASqEKwvoackOHxNtevatkPJXGOSShUoqUFfceizNynSGViGmhyuiTMXYlIftKGxUAHFxRteA", "category": 2, "title": "Question_title:gMiGUXCzBSpdBaQ"}}, {"pk": 26, "model": "scoreserver.question", "fields": {"problem_url": "http://example.com/nWuDPoINPBHJHjPDRgUKsvjXEuwQdU", "solved": 6, "description": "Question_desc:SNXYcWgPbhrYstIGgDoTixcvEmYgpbvsjKMztbbEyGVKdjPYGevrgTQAlTKgBYzzpyNjlqgAyMWAwgAvMdbhXhKOCJmaXodIeDGM", "category": 6, "title": "Question_title:wWOqFaEcnGKaOEt"}}, {"pk": 27, "model": "scoreserver.question", "fields": {"problem_url": "http://example.com/ODjpLrKMUjVEPHYXXFQWFzFfDvVUST", "solved": 16, "description": "Question_desc:MfxRkbLeqNBldFtsFFqnVbSrqIyKXxfNsDocNFEmyZnHynAGbaZbLxPZpyQhJfOyYwpJBAJplIMHuPTiRaDLqCeApzkTwagxCdrP", "category": 5, "title": "Question_title:nwsxnNFWwEmqepG"}}, {"pk": 28, "model": "scoreserver.question", "fields": {"problem_url": "http://example.com/IbgvyOLPlKiglfUsIrGOeoShwHLakb", "solved": 7, "description": "Question_desc:HOqAjcBrNKElLgvuRLgchljEJUXxNrWMetISTwBwZDytrJgybTZgiivTGkJTNMfRtFRMdteCCdARvibRlnbjMqKvFXyEQqqqDJqT", "category": 6, "title": "Question_title:TzUlDaMhEHLPGwG"}}, {"pk": 29, "model": "scoreserver.question", "fields": {"problem_url": "http://example.com/OVpWcdnYjwkxTsQjVbXbmzACZChXax", "solved": 4, "description": "Question_desc:NDWnPDwHDrGisUxPDURsZywAETnBfPQwwbwNNfOILgsDRumybqDMWFMifxCnbMxrQlnjAkSFqKuLwpVShoRLoEffUsgLpsEkERmH", "category": 3, "title": "Question_title:NLlWCaFCibeWhUZ"}}, {"pk": 30, "model": "scoreserver.question", "fields": {"problem_url": "http://example.com/MctcyOPSIFhjIGxxYlOGhBwaNpXuVn", "solved": 6, "description": "Question_desc:jvztsFWNIfBXqswHVXoIPQZRlAaCYGAsnYTpMZmkHNwpLSUwjiQImnHthjiVcGirubnwqCKehgkpaSVvADTiRnLgAvFwlXIEimRz", "category": 3, "title": "Question_title:nxgUlEwOJNwvtJX"}}, {"pk": 31, "model": "scoreserver.question", "fields": {"problem_url": "http://example.com/bzunbHqqsdAvzXbthdOtncvkqWsluT", "solved": 14, "description": "Question_desc:bpgPUrBkYcwDuNZyqIOucvNPEZgIPbOxYxeNHXEGmurTsNUxPijEnuyRIDTvyONtGxyYEUNTjxSVenRBNbnSxFlWbCOcbqWxRTOK", "category": 5, "title": "Question_title:hQZZeZqHZrfJnxd"}}, {"pk": 32, "model": "scoreserver.question", "fields": {"problem_url": "http://example.com/iBrwMjPjRjOjOwFIqFZRjAULiYLixT", "solved": 0, "description": "Question_desc:sdGaPpEWrXtUZsoadYtnhidqktqhizqaFKncawhmFxMrWjHRQaEumbiNIIliJCfTCgZnrPdtEqmVdLpzierbffDnVALtMYhlUsED", "category": 3, "title": "Question_title:FvBgquGqAbdtQDp"}}, {"pk": 33, "model": "scoreserver.question", "fields": {"problem_url": "http://example.com/ELcoJTdkyESWatffcUzVDUYQLpvkPD", "solved": 1, "description": "Question_desc:rtBLjVtIoYyYTDpqltYgWwUELPwWMFljLHrTnopjkIBeiOWNISHdyIlSRyYUBoWzvkhTGCncTLpzMSyIQpJpGpoPJgmLxIiLAGQX", "category": 2, "title": "Question_title:pdyrSObGynBEOPq"}}, {"pk": 34, "model": "scoreserver.question", "fields": {"problem_url": "http://example.com/eCGeqoKYcyRQXvXIrzGYaGbuxArSqr", "solved": 12, "description": "Question_desc:zYUyNKiIsMxpmsRdnjGxjQJFQxsznOrJJOAoUKifcMVhoAsXMrpggHYYRWQxWHoHjgrVRubFnlGJCzNrBPoxZgQqpwqLSCEIADjV", "category": 6, "title": "Question_title:CEcMpqtUfoNqLld"}}, {"pk": 35, "model": "scoreserver.question", "fields": {"problem_url": "http://example.com/DAtqQUpyhXLhNCINYtHaPTyLkWMYfc", "solved": 0, "description": "Question_desc:iwVEOhelBjdkpjgpLzcMCxauSIyWYWFSzdzdQQkVtWyptvtYoGjEitbYaHvXAzYQxnyrUxhpLvNvuHwBNqTRiMOqiQIjKrKyoPEi", "category": 3, "title": "Question_title:OapFEBotRYwxgll"}}, {"pk": 36, "model": "scoreserver.question", "fields": {"problem_url": "http://example.com/bdrAGamYZYEtjDshwkYpaYvLnmirkW", "solved": 15, "description": "Question_desc:qGiuievICSAWIDBCQWfELlZasYGQejSFXMLbRdHzRFmmpIGzItGdTdprlMKJvqksnmzWcvuBecXDyxuliXZabVEYwyGMwSvyOVlx", "category": 5, "title": "Question_title:PltkJiktaDLvxJx"}}, {"pk": 37, "model": "scoreserver.question", "fields": {"problem_url": "http://example.com/qCaxamPhNOGuRNVzwFBzXeitMhYQSX", "solved": 20, "description": "Question_desc:jTSKNdnuzepJBkTlzGpGanYddgCJzEyZHkdUqKUYxSEpdeDByOJoypXgbDFNVHtZvyVzkwJTtckRQujWRmLmDfzztTEWToNqYZvM", "category": 5, "title": "Question_title:gxxGgYsTHaunDSh"}}, {"pk": 38, "model": "scoreserver.question", "fields": {"problem_url": "http://example.com/zlAZnvZqWMGPuBEIjvrnTSCRjcOVRs", "solved": 20, "description": "Question_desc:aFFuQaAeMubYWzkiTvklHnoaLjOVEjDlkXcABiEWlWZtcGVKjFDHtkSqKaGMbUSgfBEcnPOvuFWstyyvmAMwJEitNqxblsvQFiDm", "category": 1, "title": "Question_title:RaPBQEqymtvJhIb"}}, {"pk": 39, "model": "scoreserver.question", "fields": {"problem_url": "http://example.com/gcbxHUoRIBOdPpilkkuIbPdNIUTKzu", "solved": 6, "description": "Question_desc:YyPpEKPeYwrBvKfQlaFcYZzMEsbQircrBGahSeGmCyiEAutaWDTbpwcSpmMIQggSMZwJBpuvpWPKOhQXMQltFYuLVNUtmDpktkHz", "category": 5, "title": "Question_title:schCBnCoewLgWFu"}}, {"pk": 40, "model": "scoreserver.question", "fields": {"problem_url": "http://example.com/iCOQeTWYwsebuUCswgjIWYBHSqTfta", "solved": 8, "description": "Question_desc:edgYtWjvTlmQWrLxWSesfRmnqiAiovTGHRPPnoEQhzuwSAwJVffgGyQDAwWQvIYTdzNuQMYDuvldorQklVqPrcigiDNfbBvdSvHJ", "category": 5, "title": "Question_title:OEZsfTxEmQOQDTL"}}, {"pk": 41, "model": "scoreserver.question", "fields": {"problem_url": "http://example.com/EyXrqwVcNqmQggqfgkODzbXPNPjraH", "solved": 18, "description": "Question_desc:JItYWmXmnWfGQlbWImMBodxOvzTLJKoxWrakDInexmekhAFHPTiLlAxcIziROLVmeAezRRnbnjZOsRtDhUpqysxLwoxVuvtMPqyJ", "category": 4, "title": "Question_title:TgZuofVakilYTkU"}}, {"pk": 42, "model": "scoreserver.question", "fields": {"problem_url": "http://example.com/UouklEizEpuZyQqxIOPrTGsSqnsWVm", "solved": 2, "description": "Question_desc:yYSbrkKUsvGdkJLyUrqoyWLeDrmzlpZEUHcfgjkWQZRWGpQTLDyfpZtkJaTlfdWemXnzlTezFjwfTGoQnBSWqBpnuAGOsKrgSoXJ", "category": 3, "title": "Question_title:lVGcTjhfoZbFaYG"}}, {"pk": 43, "model": "scoreserver.question", "fields": {"problem_url": "http://example.com/PvmFMOYlgRDMHXFDrECvVRjRAJsBXq", "solved": 15, "description": "Question_desc:zbmYFrHbkdBhfBCsppCIfUcdJJDWpjqNVHBZkYeAttudpeoYAbAuYEGfJbBdEhfsRVxjySHyIjoTpqxufijMhaydHaOIdVgEttoB", "category": 1, "title": "Question_title:CvgTOQdEvjaCBBb"}}, {"pk": 44, "model": "scoreserver.question", "fields": {"problem_url": "http://example.com/bXAerMOKhqDWjWdVYPkhKOEDUfuqje", "solved": 12, "description": "Question_desc:pmvrXzGsCFZgUBKGNoYIseKXSBxmxcIKJuvMTLHriujGailjhuuWqmYMkNhvTmdnmpNcBpGYVPfRdaVkUAPmxZpdLDKyJXdKNZcN", "category": 3, "title": "Question_title:tljHdrvZBOBivOv"}}, {"pk": 45, "model": "scoreserver.question", "fields": {"problem_url": "http://example.com/HHcqPomtJaOEvoWufvBysKXTlaIUah", "solved": 8, "description": "Question_desc:WuCRbnTvUyNDFNRSuDJCPKkHGQwbfavrauAGKVUrsbfzuiVjtfJHBRcewxSEWDQTeOMmFGvfZNKQrtncIXZJLCtVzigweDmeVpOB", "category": 5, "title": "Question_title:FyzgOIGouWyYFIz"}}, {"pk": 46, "model": "scoreserver.question", "fields": {"problem_url": "http://example.com/wXyYYJfNmRFDysaLhmceBhAUXwbqRg", "solved": 18, "description": "Question_desc:FxAdlyTeBjcixOZBztlyKlmLrkkAxxoGiKowokEaDVBNIiTWrNtVvJVGnlkOWUleAYZriHgObFBeNtJguittUYeBxblDtPPPFTYF", "category": 1, "title": "Question_title:nyiOkMEHhnqdqgp"}}, {"pk": 47, "model": "scoreserver.question", "fields": {"problem_url": "http://example.com/QTdTZVXkgrOuDlpcABPDOViSzmEORj", "solved": 17, "description": "Question_desc:kvIpKWLXPhJaAEGWseogkEFgkATAgTDNiDpalOmulAYqmYByvXmkAmibWQudVdkOcrrltarXRjzbpFsxRRmapPFzxvXvqdGvHNoB", "category": 3, "title": "Question_title:QvtlCzljpvAbDCs"}}, {"pk": 48, "model": "scoreserver.question", "fields": {"problem_url": "http://example.com/fgnsFHPwNAsjfGKsudlbEAPRDeIkjm", "solved": 1, "description": "Question_desc:SEhkqSItJTNCcrHJQmBKfUdKoKLZyJpxnvIPyWxqQRDZyEmPbCMujpXJReQvSeQkYPuPvmrHAQBCoFqOaJEzVoNtOVtLlZFSnTtP", "category": 4, "title": "Question_title:ZjulDYALKtmrHZz"}}, {"pk": 49, "model": "scoreserver.question", "fields": {"problem_url": "http://example.com/WfwSoujyOjWACYhRjYwjrJmXneepnz", "solved": 12, "description": "Question_desc:MLrwRdzqaZWHGzTlKKNKrEgeLBRXfFOjrVwWyNITpQYFgsOGHWJPBmTKPhoFQAzBpfGtzjbpHCWATVrCxBpsOeNymfznCSigtuHg", "category": 5, "title": "Question_title:RxYFHEXJxjQvOuN"}}, {"pk": 0, "model": "scoreserver.flag", "fields": {"point": 100, "question": 12, "flag": "FLAG_IS_[100]"}}, {"pk": 1, "model": "scoreserver.flag", "fields": {"point": 100, "question": 26, "flag": "FLAG_IS_[100]"}}, {"pk": 2, "model": "scoreserver.flag", "fields": {"point": 700, "question": 31, "flag": "FLAG_IS_[700]"}}, {"pk": 3, "model": "scoreserver.flag", "fields": {"point": 300, "question": 25, "flag": "FLAG_IS_[300]"}}, {"pk": 4, "model": "scoreserver.flag", "fields": {"point": 200, "question": 46, "flag": "FLAG_IS_[200]"}}, {"pk": 5, "model": "scoreserver.flag", "fields": {"point": 1000, "question": 37, "flag": "FLAG_IS_[1000]"}}, {"pk": 6, "model": "scoreserver.flag", "fields": {"point": 500, "question": 40, "flag": "FLAG_IS_[500]"}}, {"pk": 7, "model": "scoreserver.flag", "fields": {"point": 700, "question": 16, "flag": "FLAG_IS_[700]"}}, {"pk": 8, "model": "scoreserver.flag", "fields": {"point": 1000, "question": 32, "flag": "FLAG_IS_[1000]"}}, {"pk": 9, "model": "scoreserver.flag", "fields": {"point": 800, "question": 1, "flag": "FLAG_IS_[800]"}}, {"pk": 10, "model": "scoreserver.flag", "fields": {"point": 900, "question": 41, "flag": "FLAG_IS_[900]"}}, {"pk": 11, "model": "scoreserver.flag", "fields": {"point": 400, "question": 37, "flag": "FLAG_IS_[400]"}}, {"pk": 12, "model": "scoreserver.flag", "fields": {"point": 400, "question": 30, "flag": "FLAG_IS_[400]"}}, {"pk": 13, "model": "scoreserver.flag", "fields": {"point": 500, "question": 5, "flag": "FLAG_IS_[500]"}}, {"pk": 14, "model": "scoreserver.flag", "fields": {"point": 400, "question": 42, "flag": "FLAG_IS_[400]"}}, {"pk": 15, "model": "scoreserver.flag", "fields": {"point": 300, "question": 35, "flag": "FLAG_IS_[300]"}}, {"pk": 16, "model": "scoreserver.flag", "fields": {"point": 1100, "question": 7, "flag": "FLAG_IS_[1100]"}}, {"pk": 17, "model": "scoreserver.flag", "fields": {"point": 700, "question": 25, "flag": "FLAG_IS_[700]"}}, {"pk": 18, "model": "scoreserver.flag", "fields": {"point": 700, "question": 34, "flag": "FLAG_IS_[700]"}}, {"pk": 19, "model": "scoreserver.flag", "fields": {"point": 400, "question": 43, "flag": "FLAG_IS_[400]"}}, {"pk": 20, "model": "scoreserver.flag", "fields": {"point": 400, "question": 3, "flag": "FLAG_IS_[400]"}}, {"pk": 21, "model": "scoreserver.flag", "fields": {"point": 900, "question": 40, "flag": "FLAG_IS_[900]"}}, {"pk": 22, "model": "scoreserver.flag", "fields": {"point": 100, "question": 21, "flag": "FLAG_IS_[100]"}}, {"pk": 23, "model": "scoreserver.flag", "fields": {"point": 900, "question": 34, "flag": "FLAG_IS_[900]"}}, {"pk": 24, "model": "scoreserver.flag", "fields": {"point": 100, "question": 16, "flag": "FLAG_IS_[100]"}}, {"pk": 25, "model": "scoreserver.flag", "fields": {"point": 500, "question": 44, "flag": "FLAG_IS_[500]"}}, {"pk": 26, "model": "scoreserver.flag", "fields": {"point": 800, "question": 3, "flag": "FLAG_IS_[800]"}}, {"pk": 27, "model": "scoreserver.flag", "fields": {"point": 400, "question": 33, "flag": "FLAG_IS_[400]"}}, {"pk": 28, "model": "scoreserver.flag", "fields": {"point": 700, "question": 11, "flag": "FLAG_IS_[700]"}}, {"pk": 29, "model": "scoreserver.flag", "fields": {"point": 400, "question": 45, "flag": "FLAG_IS_[400]"}}, {"pk": 30, "model": "scoreserver.flag", "fields": {"point": 200, "question": 31, "flag": "FLAG_IS_[200]"}}, {"pk": 31, "model": "scoreserver.flag", "fields": {"point": 1000, "question": 33, "flag": "FLAG_IS_[1000]"}}, {"pk": 32, "model": "scoreserver.flag", "fields": {"point": 1100, "question": 21, "flag": "FLAG_IS_[1100]"}}, {"pk": 33, "model": "scoreserver.flag", "fields": {"point": 700, "question": 33, "flag": "FLAG_IS_[700]"}}, {"pk": 34, "model": "scoreserver.flag", "fields": {"point": 1100, "question": 42, "flag": "FLAG_IS_[1100]"}}, {"pk": 35, "model": "scoreserver.flag", "fields": {"point": 800, "question": 42, "flag": "FLAG_IS_[800]"}}, {"pk": 36, "model": "scoreserver.flag", "fields": {"point": 100, "question": 5, "flag": "FLAG_IS_[100]"}}, {"pk": 37, "model": "scoreserver.flag", "fields": {"point": 100, "question": 38, "flag": "FLAG_IS_[100]"}}, {"pk": 38, "model": "scoreserver.flag", "fields": {"point": 1000, "question": 42, "flag": "FLAG_IS_[1000]"}}, {"pk": 39, "model": "scoreserver.flag", "fields": {"point": 200, "question": 35, "flag": "FLAG_IS_[200]"}}, {"pk": 40, "model": "scoreserver.flag", "fields": {"point": 1000, "question": 10, "flag": "FLAG_IS_[1000]"}}, {"pk": 41, "model": "scoreserver.flag", "fields": {"point": 300, "question": 9, "flag": "FLAG_IS_[300]"}}, {"pk": 42, "model": "scoreserver.flag", "fields": {"point": 1000, "question": 47, "flag": "FLAG_IS_[1000]"}}, {"pk": 43, "model": "scoreserver.flag", "fields": {"point": 200, "question": 5, "flag": "FLAG_IS_[200]"}}, {"pk": 44, "model": "scoreserver.flag", "fields": {"point": 900, "question": 43, "flag": "FLAG_IS_[900]"}}, {"pk": 45, "model": "scoreserver.flag", "fields": {"point": 200, "question": 14, "flag": "FLAG_IS_[200]"}}, {"pk": 46, "model": "scoreserver.flag", "fields": {"point": 800, "question": 6, "flag": "FLAG_IS_[800]"}}, {"pk": 47, "model": "scoreserver.flag", "fields": {"point": 600, "question": 5, "flag": "FLAG_IS_[600]"}}, {"pk": 48, "model": "scoreserver.flag", "fields": {"point": 300, "question": 1, "flag": "FLAG_IS_[300]"}}, {"pk": 49, "model": "scoreserver.flag", "fields": {"point": 1000, "question": 48, "flag": "FLAG_IS_[1000]"}}, {"pk": 50, "model": "scoreserver.flag", "fields": {"point": 400, "question": 12, "flag": "FLAG_IS_[400]"}}, {"pk": 51, "model": "scoreserver.flag", "fields": {"point": 300, "question": 13, "flag": "FLAG_IS_[300]"}}, {"pk": 52, "model": "scoreserver.flag", "fields": {"point": 900, "question": 14, "flag": "FLAG_IS_[900]"}}, {"pk": 53, "model": "scoreserver.flag", "fields": {"point": 600, "question": 24, "flag": "FLAG_IS_[600]"}}, {"pk": 54, "model": "scoreserver.flag", "fields": {"point": 600, "question": 17, "flag": "FLAG_IS_[600]"}}, {"pk": 55, "model": "scoreserver.flag", "fields": {"point": 800, "question": 20, "flag": "FLAG_IS_[800]"}}, {"pk": 56, "model": "scoreserver.flag", "fields": {"point": 100, "question": 31, "flag": "FLAG_IS_[100]"}}, {"pk": 57, "model": "scoreserver.flag", "fields": {"point": 200, "question": 1, "flag": "FLAG_IS_[200]"}}, {"pk": 58, "model": "scoreserver.flag", "fields": {"point": 800, "question": 46, "flag": "FLAG_IS_[800]"}}, {"pk": 59, "model": "scoreserver.flag", "fields": {"point": 900, "question": 14, "flag": "FLAG_IS_[900]"}}, {"pk": 60, "model": "scoreserver.flag", "fields": {"point": 200, "question": 2, "flag": "FLAG_IS_[200]"}}, {"pk": 61, "model": "scoreserver.flag", "fields": {"point": 300, "question": 38, "flag": "FLAG_IS_[300]"}}, {"pk": 62, "model": "scoreserver.flag", "fields": {"point": 400, "question": 45, "flag": "FLAG_IS_[400]"}}, {"pk": 63, "model": "scoreserver.flag", "fields": {"point": 1000, "question": 31, "flag": "FLAG_IS_[1000]"}}, {"pk": 64, "model": "scoreserver.flag", "fields": {"point": 1000, "question": 35, "flag": "FLAG_IS_[1000]"}}, {"pk": 65, "model": "scoreserver.flag", "fields": {"point": 400, "question": 7, "flag": "FLAG_IS_[400]"}}, {"pk": 66, "model": "scoreserver.flag", "fields": {"point": 700, "question": 9, "flag": "FLAG_IS_[700]"}}, {"pk": 67, "model": "scoreserver.flag", "fields": {"point": 100, "question": 26, "flag": "FLAG_IS_[100]"}}, {"pk": 68, "model": "scoreserver.flag", "fields": {"point": 500, "question": 36, "flag": "FLAG_IS_[500]"}}, {"pk": 69, "model": "scoreserver.flag", "fields": {"point": 200, "question": 25, "flag": "FLAG_IS_[200]"}}, {"pk": 70, "model": "scoreserver.flag", "fields": {"point": 800, "question": 15, "flag": "FLAG_IS_[800]"}}, {"pk": 71, "model": "scoreserver.flag", "fields": {"point": 300, "question": 4, "flag": "FLAG_IS_[300]"}}, {"pk": 72, "model": "scoreserver.flag", "fields": {"point": 200, "question": 34, "flag": "FLAG_IS_[200]"}}, {"pk": 73, "model": "scoreserver.flag", "fields": {"point": 200, "question": 15, "flag": "FLAG_IS_[200]"}}, {"pk": 74, "model": "scoreserver.flag", "fields": {"point": 700, "question": 23, "flag": "FLAG_IS_[700]"}}, {"pk": 75, "model": "scoreserver.flag", "fields": {"point": 1100, "question": 32, "flag": "FLAG_IS_[1100]"}}, {"pk": 76, "model": "scoreserver.flag", "fields": {"point": 1000, "question": 20, "flag": "FLAG_IS_[1000]"}}, {"pk": 77, "model": "scoreserver.flag", "fields": {"point": 800, "question": 34, "flag": "FLAG_IS_[800]"}}, {"pk": 78, "model": "scoreserver.flag", "fields": {"point": 900, "question": 1, "flag": "FLAG_IS_[900]"}}, {"pk": 79, "model": "scoreserver.flag", "fields": {"point": 1000, "question": 31, "flag": "FLAG_IS_[1000]"}}, {"pk": 80, "model": "scoreserver.flag", "fields": {"point": 1100, "question": 46, "flag": "FLAG_IS_[1100]"}}, {"pk": 81, "model": "scoreserver.flag", "fields": {"point": 100, "question": 5, "flag": "FLAG_IS_[100]"}}, {"pk": 82, "model": "scoreserver.flag", "fields": {"point": 1100, "question": 31, "flag": "FLAG_IS_[1100]"}}, {"pk": 83, "model": "scoreserver.flag", "fields": {"point": 600, "question": 19, "flag": "FLAG_IS_[600]"}}, {"pk": 84, "model": "scoreserver.flag", "fields": {"point": 400, "question": 38, "flag": "FLAG_IS_[400]"}}, {"pk": 85, "model": "scoreserver.flag", "fields": {"point": 600, "question": 29, "flag": "FLAG_IS_[600]"}}, {"pk": 86, "model": "scoreserver.flag", "fields": {"point": 600, "question": 10, "flag": "FLAG_IS_[600]"}}, {"pk": 87, "model": "scoreserver.flag", "fields": {"point": 1000, "question": 43, "flag": "FLAG_IS_[1000]"}}, {"pk": 88, "model": "scoreserver.flag", "fields": {"point": 200, "question": 8, "flag": "FLAG_IS_[200]"}}, {"pk": 89, "model": "scoreserver.flag", "fields": {"point": 400, "question": 4, "flag": "FLAG_IS_[400]"}}, {"pk": 90, "model": "scoreserver.flag", "fields": {"point": 200, "question": 40, "flag": "FLAG_IS_[200]"}}, {"pk": 91, "model": "scoreserver.flag", "fields": {"point": 300, "question": 15, "flag": "FLAG_IS_[300]"}}, {"pk": 92, "model": "scoreserver.flag", "fields": {"point": 400, "question": 17, "flag": "FLAG_IS_[400]"}}, {"pk": 93, "model": "scoreserver.flag", "fields": {"point": 100, "question": 45, "flag": "FLAG_IS_[100]"}}, {"pk": 94, "model": "scoreserver.flag", "fields": {"point": 200, "question": 47, "flag": "FLAG_IS_[200]"}}, {"pk": 95, "model": "scoreserver.flag", "fields": {"point": 700, "question": 42, "flag": "FLAG_IS_[700]"}}, {"pk": 96, "model": "scoreserver.flag", "fields": {"point": 1100, "question": 17, "flag": "FLAG_IS_[1100]"}}, {"pk": 97, "model": "scoreserver.flag", "fields": {"point": 300, "question": 18, "flag": "FLAG_IS_[300]"}}, {"pk": 98, "model": "scoreserver.flag", "fields": {"point": 600, "question": 10, "flag": "FLAG_IS_[600]"}}, {"pk": 99, "model": "scoreserver.flag", "fields": {"point": 800, "question": 21, "flag": "FLAG_IS_[800]"}}, {"pk": 100, "model": "scoreserver.flag", "fields": {"point": 600, "question": 15, "flag": "FLAG_IS_[600]"}}, {"pk": 101, "model": "scoreserver.flag", "fields": {"point": 800, "question": 27, "flag": "FLAG_IS_[800]"}}, {"pk": 102, "model": "scoreserver.flag", "fields": {"point": 400, "question": 31, "flag": "FLAG_IS_[400]"}}, {"pk": 103, "model": "scoreserver.flag", "fields": {"point": 800, "question": 25, "flag": "FLAG_IS_[800]"}}, {"pk": 104, "model": "scoreserver.flag", "fields": {"point": 300, "question": 23, "flag": "FLAG_IS_[300]"}}, {"pk": 105, "model": "scoreserver.flag", "fields": {"point": 200, "question": 14, "flag": "FLAG_IS_[200]"}}, {"pk": 106, "model": "scoreserver.flag", "fields": {"point": 700, "question": 27, "flag": "FLAG_IS_[700]"}}, {"pk": 107, "model": "scoreserver.flag", "fields": {"point": 1000, "question": 33, "flag": "FLAG_IS_[1000]"}}, {"pk": 108, "model": "scoreserver.flag", "fields": {"point": 400, "question": 31, "flag": "FLAG_IS_[400]"}}, {"pk": 109, "model": "scoreserver.flag", "fields": {"point": 400, "question": 12, "flag": "FLAG_IS_[400]"}}, {"pk": 110, "model": "scoreserver.flag", "fields": {"point": 700, "question": 4, "flag": "FLAG_IS_[700]"}}, {"pk": 111, "model": "scoreserver.flag", "fields": {"point": 1000, "question": 39, "flag": "FLAG_IS_[1000]"}}, {"pk": 112, "model": "scoreserver.flag", "fields": {"point": 900, "question": 7, "flag": "FLAG_IS_[900]"}}, {"pk": 113, "model": "scoreserver.flag", "fields": {"point": 300, "question": 23, "flag": "FLAG_IS_[300]"}}, {"pk": 114, "model": "scoreserver.flag", "fields": {"point": 400, "question": 9, "flag": "FLAG_IS_[400]"}}, {"pk": 115, "model": "scoreserver.flag", "fields": {"point": 900, "question": 43, "flag": "FLAG_IS_[900]"}}, {"pk": 116, "model": "scoreserver.flag", "fields": {"point": 700, "question": 31, "flag": "FLAG_IS_[700]"}}, {"pk": 117, "model": "scoreserver.flag", "fields": {"point": 600, "question": 22, "flag": "FLAG_IS_[600]"}}, {"pk": 118, "model": "scoreserver.flag", "fields": {"point": 500, "question": 40, "flag": "FLAG_IS_[500]"}}, {"pk": 119, "model": "scoreserver.flag", "fields": {"point": 800, "question": 7, "flag": "FLAG_IS_[800]"}}, {"pk": 120, "model": "scoreserver.flag", "fields": {"point": 1000, "question": 21, "flag": "FLAG_IS_[1000]"}}, {"pk": 121, "model": "scoreserver.flag", "fields": {"point": 100, "question": 33, "flag": "FLAG_IS_[100]"}}, {"pk": 122, "model": "scoreserver.flag", "fields": {"point": 1000, "question": 45, "flag": "FLAG_IS_[1000]"}}, {"pk": 123, "model": "scoreserver.flag", "fields": {"point": 900, "question": 24, "flag": "FLAG_IS_[900]"}}, {"pk": 124, "model": "scoreserver.flag", "fields": {"point": 1000, "question": 10, "flag": "FLAG_IS_[1000]"}}, {"pk": 125, "model": "scoreserver.flag", "fields": {"point": 100, "question": 26, "flag": "FLAG_IS_[100]"}}, {"pk": 126, "model": "scoreserver.flag", "fields": {"point": 800, "question": 23, "flag": "FLAG_IS_[800]"}}, {"pk": 127, "model": "scoreserver.flag", "fields": {"point": 1100, "question": 6, "flag": "FLAG_IS_[1100]"}}, {"pk": 128, "model": "scoreserver.flag", "fields": {"point": 800, "question": 30, "flag": "FLAG_IS_[800]"}}, {"pk": 129, "model": "scoreserver.flag", "fields": {"point": 400, "question": 3, "flag": "FLAG_IS_[400]"}}, {"pk": 130, "model": "scoreserver.flag", "fields": {"point": 1100, "question": 37, "flag": "FLAG_IS_[1100]"}}, {"pk": 131, "model": "scoreserver.flag", "fields": {"point": 500, "question": 6, "flag": "FLAG_IS_[500]"}}, {"pk": 132, "model": "scoreserver.flag", "fields": {"point": 1000, "question": 1, "flag": "FLAG_IS_[1000]"}}, {"pk": 133, "model": "scoreserver.flag", "fields": {"point": 1000, "question": 38, "flag": "FLAG_IS_[1000]"}}, {"pk": 134, "model": "scoreserver.flag", "fields": {"point": 900, "question": 37, "flag": "FLAG_IS_[900]"}}, {"pk": 135, "model": "scoreserver.flag", "fields": {"point": 1100, "question": 25, "flag": "FLAG_IS_[1100]"}}, {"pk": 136, "model": "scoreserver.flag", "fields": {"point": 200, "question": 44, "flag": "FLAG_IS_[200]"}}, {"pk": 137, "model": "scoreserver.flag", "fields": {"point": 700, "question": 7, "flag": "FLAG_IS_[700]"}}, {"pk": 138, "model": "scoreserver.flag", "fields": {"point": 300, "question": 42, "flag": "FLAG_IS_[300]"}}, {"pk": 139, "model": "scoreserver.flag", "fields": {"point": 1100, "question": 30, "flag": "FLAG_IS_[1100]"}}, {"pk": 140, "model": "scoreserver.flag", "fields": {"point": 300, "question": 16, "flag": "FLAG_IS_[300]"}}, {"pk": 141, "model": "scoreserver.flag", "fields": {"point": 1100, "question": 12, "flag": "FLAG_IS_[1100]"}}, {"pk": 142, "model": "scoreserver.flag", "fields": {"point": 500, "question": 49, "flag": "FLAG_IS_[500]"}}, {"pk": 143, "model": "scoreserver.flag", "fields": {"point": 400, "question": 36, "flag": "FLAG_IS_[400]"}}, {"pk": 144, "model": "scoreserver.flag", "fields": {"point": 400, "question": 16, "flag": "FLAG_IS_[400]"}}, {"pk": 145, "model": "scoreserver.flag", "fields": {"point": 200, "question": 20, "flag": "FLAG_IS_[200]"}}, {"pk": 146, "model": "scoreserver.flag", "fields": {"point": 700, "question": 26, "flag": "FLAG_IS_[700]"}}, {"pk": 147, "model": "scoreserver.flag", "fields": {"point": 300, "question": 40, "flag": "FLAG_IS_[300]"}}, {"pk": 148, "model": "scoreserver.flag", "fields": {"point": 1000, "question": 32, "flag": "FLAG_IS_[1000]"}}, {"pk": 149, "model": "scoreserver.flag", "fields": {"point": 100, "question": 33, "flag": "FLAG_IS_[100]"}}, {"pk": 150, "model": "scoreserver.flag", "fields": {"point": 300, "question": 35, "flag": "FLAG_IS_[300]"}}, {"pk": 151, "model": "scoreserver.flag", "fields": {"point": 500, "question": 33, "flag": "FLAG_IS_[500]"}}, {"pk": 152, "model": "scoreserver.flag", "fields": {"point": 400, "question": 8, "flag": "FLAG_IS_[400]"}}, {"pk": 153, "model": "scoreserver.flag", "fields": {"point": 200, "question": 41, "flag": "FLAG_IS_[200]"}}, {"pk": 154, "model": "scoreserver.flag", "fields": {"point": 500, "question": 16, "flag": "FLAG_IS_[500]"}}, {"pk": 155, "model": "scoreserver.flag", "fields": {"point": 300, "question": 44, "flag": "FLAG_IS_[300]"}}, {"pk": 156, "model": "scoreserver.flag", "fields": {"point": 300, "question": 49, "flag": "FLAG_IS_[300]"}}, {"pk": 157, "model": "scoreserver.flag", "fields": {"point": 300, "question": 18, "flag": "FLAG_IS_[300]"}}, {"pk": 158, "model": "scoreserver.flag", "fields": {"point": 1000, "question": 29, "flag": "FLAG_IS_[1000]"}}, {"pk": 159, "model": "scoreserver.flag", "fields": {"point": 100, "question": 19, "flag": "FLAG_IS_[100]"}}, {"pk": 160, "model": "scoreserver.flag", "fields": {"point": 400, "question": 9, "flag": "FLAG_IS_[400]"}}, {"pk": 161, "model": "scoreserver.flag", "fields": {"point": 300, "question": 37, "flag": "FLAG_IS_[300]"}}, {"pk": 162, "model": "scoreserver.flag", "fields": {"point": 1000, "question": 18, "flag": "FLAG_IS_[1000]"}}, {"pk": 163, "model": "scoreserver.flag", "fields": {"point": 500, "question": 34, "flag": "FLAG_IS_[500]"}}, {"pk": 164, "model": "scoreserver.flag", "fields": {"point": 700, "question": 33, "flag": "FLAG_IS_[700]"}}, {"pk": 165, "model": "scoreserver.flag", "fields": {"point": 700, "question": 43, "flag": "FLAG_IS_[700]"}}, {"pk": 166, "model": "scoreserver.flag", "fields": {"point": 600, "question": 36, "flag": "FLAG_IS_[600]"}}, {"pk": 167, "model": "scoreserver.flag", "fields": {"point": 100, "question": 6, "flag": "FLAG_IS_[100]"}}, {"pk": 168, "model": "scoreserver.flag", "fields": {"point": 600, "question": 40, "flag": "FLAG_IS_[600]"}}, {"pk": 169, "model": "scoreserver.flag", "fields": {"point": 1000, "question": 49, "flag": "FLAG_IS_[1000]"}}, {"pk": 170, "model": "scoreserver.flag", "fields": {"point": 400, "question": 5, "flag": "FLAG_IS_[400]"}}, {"pk": 171, "model": "scoreserver.flag", "fields": {"point": 900, "question": 4, "flag": "FLAG_IS_[900]"}}, {"pk": 172, "model": "scoreserver.flag", "fields": {"point": 800, "question": 45, "flag": "FLAG_IS_[800]"}}, {"pk": 173, "model": "scoreserver.flag", "fields": {"point": 100, "question": 11, "flag": "FLAG_IS_[100]"}}, {"pk": 174, "model": "scoreserver.flag", "fields": {"point": 500, "question": 48, "flag": "FLAG_IS_[500]"}}, {"pk": 175, "model": "scoreserver.flag", "fields": {"point": 900, "question": 30, "flag": "FLAG_IS_[900]"}}, {"pk": 176, "model": "scoreserver.flag", "fields": {"point": 900, "question": 42, "flag": "FLAG_IS_[900]"}}, {"pk": 177, "model": "scoreserver.flag", "fields": {"point": 800, "question": 7, "flag": "FLAG_IS_[800]"}}, {"pk": 178, "model": "scoreserver.flag", "fields": {"point": 200, "question": 21, "flag": "FLAG_IS_[200]"}}, {"pk": 179, "model": "scoreserver.flag", "fields": {"point": 200, "question": 11, "flag": "FLAG_IS_[200]"}}, {"pk": 180, "model": "scoreserver.flag", "fields": {"point": 700, "question": 14, "flag": "FLAG_IS_[700]"}}, {"pk": 181, "model": "scoreserver.flag", "fields": {"point": 1000, "question": 19, "flag": "FLAG_IS_[1000]"}}, {"pk": 182, "model": "scoreserver.flag", "fields": {"point": 1100, "question": 8, "flag": "FLAG_IS_[1100]"}}, {"pk": 183, "model": "scoreserver.flag", "fields": {"point": 100, "question": 42, "flag": "FLAG_IS_[100]"}}, {"pk": 184, "model": "scoreserver.flag", "fields": {"point": 500, "question": 6, "flag": "FLAG_IS_[500]"}}, {"pk": 185, "model": "scoreserver.flag", "fields": {"point": 600, "question": 33, "flag": "FLAG_IS_[600]"}}, {"pk": 186, "model": "scoreserver.flag", "fields": {"point": 1100, "question": 37, "flag": "FLAG_IS_[1100]"}}, {"pk": 187, "model": "scoreserver.flag", "fields": {"point": 200, "question": 31, "flag": "FLAG_IS_[200]"}}, {"pk": 188, "model": "scoreserver.flag", "fields": {"point": 500, "question": 28, "flag": "FLAG_IS_[500]"}}, {"pk": 189, "model": "scoreserver.flag", "fields": {"point": 100, "question": 44, "flag": "FLAG_IS_[100]"}}, {"pk": 190, "model": "scoreserver.flag", "fields": {"point": 1000, "question": 22, "flag": "FLAG_IS_[1000]"}}, {"pk": 191, "model": "scoreserver.flag", "fields": {"point": 1000, "question": 29, "flag": "FLAG_IS_[1000]"}}, {"pk": 192, "model": "scoreserver.flag", "fields": {"point": 1000, "question": 13, "flag": "FLAG_IS_[1000]"}}, {"pk": 193, "model": "scoreserver.flag", "fields": {"point": 700, "question": 35, "flag": "FLAG_IS_[700]"}}, {"pk": 194, "model": "scoreserver.flag", "fields": {"point": 1100, "question": 19, "flag": "FLAG_IS_[1100]"}}, {"pk": 195, "model": "scoreserver.flag", "fields": {"point": 100, "question": 17, "flag": "FLAG_IS_[100]"}}, {"pk": 196, "model": "scoreserver.flag", "fields": {"point": 400, "question": 28, "flag": "FLAG_IS_[400]"}}, {"pk": 197, "model": "scoreserver.flag", "fields": {"point": 600, "question": 38, "flag": "FLAG_IS_[600]"}}, {"pk": 198, "model": "scoreserver.flag", "fields": {"point": 400, "question": 46, "flag": "FLAG_IS_[400]"}}, {"pk": 199, "model": "scoreserver.flag", "fields": {"point": 600, "question": 7, "flag": "FLAG_IS_[600]"}}, {"pk": 0, "model": "scoreserver.user", "fields": {"password": "pbkdf2_sha256$24000$rghXClmfDeBe$P6CTlsY7J6p/6xPB1QpLP/wGWjDriN8nVitic7jVpME=", "username": "user0"}}, {"pk": 1, "model": "scoreserver.user", "fields": {"password": "pbkdf2_sha256$24000$RUUNm5xImMS4$Tj1tV0/otsmshrtT2ohZL9PNTwZ5+FLrl4uzhuqiAL8=", "username": "user1"}}, {"pk": 2, "model": "scoreserver.user", "fields": {"password": "pbkdf2_sha256$24000$SaBpckxLh5J2$qmAroHOfqwLxAqYUjQrYZ2xlGu+Ck2OnjDzHwSi3TPw=", "username": "user2"}}, {"pk": 3, "model": "scoreserver.user", "fields": {"password": "pbkdf2_sha256$24000$5bnB2QjdpiPQ$a6ETkFjYSvx5jxePvzNpWj6p4JaMISX550FkZZbRaic=", "username": "user3"}}, {"pk": 4, "model": "scoreserver.user", "fields": {"password": "pbkdf2_sha256$24000$cKcZvhNgyWKH$SgiJR9qo+g9lmE7LPNjl/MqGmElmfY8bzpchahqDSVA=", "username": "user4"}}, {"pk": 5, "model": "scoreserver.user", "fields": {"password": "pbkdf2_sha256$24000$5KQCJbBV18hR$un33JN9wvnpWKKkbX+Coa1TuL+ohCU/KQm3gvjjiGmk=", "username": "user5"}}, {"pk": 6, "model": "scoreserver.user", "fields": {"password": "pbkdf2_sha256$24000$LfpjDLL1lBpe$dcbTYFB/KS7/dGZVeWQj4lkEnCPsMZxb8gpolYrK+VI=", "username": "user6"}}, {"pk": 7, "model": "scoreserver.user", "fields": {"password": "pbkdf2_sha256$24000$fX9Ra7C6I5lc$nCZbMyBPGlh1bSDq97DL2MJ05ufi+9ivdvpcQVptJMk=", "username": "user7"}}, {"pk": 8, "model": "scoreserver.user", "fields": {"password": "pbkdf2_sha256$24000$eKlLLji0rMFR$dZdZWKsgowJ61yw7DaC7/qqisMgaS3Kkn21LuDuekhA=", "username": "user8"}}, {"pk": 9, "model": "scoreserver.user", "fields": {"password": "pbkdf2_sha256$24000$9hYAjHynia5f$XYV938bYx3x+9oJGUgF24WH7YeJmAip90J4aQPFbgLQ=", "username": "user9"}}, {"pk": 10, "model": "scoreserver.user", "fields": {"password": "pbkdf2_sha256$24000$KQNdFPpPlzCA$Lt3gFQB7xQi5c7iEZY2iFx5V8TJF0Fz1o7mRCl2UmP8=", "username": "user10"}}, {"pk": 11, "model": "scoreserver.user", "fields": {"password": "pbkdf2_sha256$24000$XAwi4L5RzZlq$oimgy6FWYoiLwvaLVZ84K70V1c/v6U8/k6MYgH0vMXM=", "username": "user11"}}, {"pk": 12, "model": "scoreserver.user", "fields": {"password": "pbkdf2_sha256$24000$y4DIVKu520wO$jXtQ0YDzuLjNAI4nb/+ADumDx/GVpKosBjPByDSuSyY=", "username": "user12"}}, {"pk": 13, "model": "scoreserver.user", "fields": {"password": "pbkdf2_sha256$24000$fUApw3IuCDwr$PXXkt/qvr4FfzWan4/3na19/LQ75d6oF87/uBbaY3iU=", "username": "user13"}}, {"pk": 14, "model": "scoreserver.user", "fields": {"password": "pbkdf2_sha256$24000$mBlXlADdBOmH$dSbV1gE1a3L9gl1mXVMFJ7QjhDnkvbW0P/HeyUHeuDk=", "username": "user14"}}, {"pk": 15, "model": "scoreserver.user", "fields": {"password": "pbkdf2_sha256$24000$lcPIRg4En4Vk$YhlbvaxicSXNPAs4zRLS3P4hUWNy7W/QAzugU0psLF0=", "username": "user15"}}, {"pk": 16, "model": "scoreserver.user", "fields": {"password": "pbkdf2_sha256$24000$NUwKxul7JCNR$SyR2eRg2SlPlcKgCE6DgWZyoAZm2fhvmmlKlIiWjdJM=", "username": "user16"}}, {"pk": 17, "model": "scoreserver.user", "fields": {"password": "pbkdf2_sha256$24000$i3FNuDe3hYYB$yGnprXWMEK+TzW9+Ch5KLF2+lAol6tCeK27m8EXojPA=", "username": "user17"}}, {"pk": 18, "model": "scoreserver.user", "fields": {"password": "pbkdf2_sha256$24000$mxeTmhWSK3aq$oiJDKmpasv6kyYAJkpkkx1DREpfo+bQ20Re3eJniTb0=", "username": "user18"}}, {"pk": 19, "model": "scoreserver.user", "fields": {"password": "pbkdf2_sha256$24000$0dYddN1U22nh$EJb81iu0eY+QOhblP0EKHslBq0aR5XwXtxlj+lLif6I=", "username": "user19"}}, {"pk": 20, "model": "scoreserver.user", "fields": {"password": "pbkdf2_sha256$24000$rTzJlUc99WA2$0SXn156hX0WlMVqx6pS48+4xXZwapCdIIztKTBB/U7A=", "username": "user20"}}, {"pk": 21, "model": "scoreserver.user", "fields": {"password": "pbkdf2_sha256$24000$wiX47Lj8KaNw$Ein3xn4Q9Fr+SiKG+guUB2ceDz9DCqRaZmlaGZ3kltg=", "username": "user21"}}, {"pk": 22, "model": "scoreserver.user", "fields": {"password": "pbkdf2_sha256$24000$Fy4CNqumIygd$6MJ5Xaad2Ikbx8WOPN3P9L5nd0oQdttTvF3jj1wuMis=", "username": "user22"}}, {"pk": 23, "model": "scoreserver.user", "fields": {"password": "pbkdf2_sha256$24000$9vDu2P5yIFyX$GrRHopu0VorKK5KUz/SU636iDsEry+WXWeI+2QiiOk0=", "username": "user23"}}, {"pk": 24, "model": "scoreserver.user", "fields": {"password": "pbkdf2_sha256$24000$qTKWTg94Rl3S$llnw4BQ2Asd4OnJXqV5ONEqjNhkr8qt3dWiokc1VyvI=", "username": "user24"}}, {"pk": 25, "model": "scoreserver.user", "fields": {"password": "pbkdf2_sha256$24000$cDDt3aLUiCWH$0ZOINmqkRanUeggW9F1IKUOlyge9vp/KsN88RRFHpiQ=", "username": "user25"}}, {"pk": 26, "model": "scoreserver.user", "fields": {"password": "pbkdf2_sha256$24000$5K1wU0yE5Z4g$x/EC5aPB+JnpA6cxj2nLLbRrTn2NZ/YN+pSnbU9fVG0=", "username": "user26"}}, {"pk": 27, "model": "scoreserver.user", "fields": {"password": "pbkdf2_sha256$24000$FNtnTI20BnRi$Ulg3JwjvVWnOzdn8aDpBhdJzhK4gqC30/ZwqMw0QU0g=", "username": "user27"}}, {"pk": 28, "model": "scoreserver.user", "fields": {"password": "pbkdf2_sha256$24000$3Wi9dmG7PW56$TbFkRjDyUqcSGdN5ccbSXrvvvDuGTDorVlK6ROvRSrs=", "username": "user28"}}, {"pk": 29, "model": "scoreserver.user", "fields": {"password": "pbkdf2_sha256$24000$RqvK7pZucUNQ$5cdV7kWy7h3GqQuw4WLk1mfXlqzo+hnmB/Mkrb1WYc8=", "username": "user29"}}, {"pk": 30, "model": "scoreserver.user", "fields": {"password": "pbkdf2_sha256$24000$nlioYIbiONNr$kZ8te+uOp2N/GYbS2XhXGGnWMkLEUGGKwrtoqiTL7Ho=", "username": "user30"}}, {"pk": 31, "model": "scoreserver.user", "fields": {"password": "pbkdf2_sha256$24000$h9saVGEPKVPm$0z3jyxGlxRagASkDEcQLTVREdD1GJMmf44dzGSzhqcE=", "username": "user31"}}, {"pk": 32, "model": "scoreserver.user", "fields": {"password": "pbkdf2_sha256$24000$AqnZ1mnN6Lky$MQRQ9IXFeCYei2x0TWd6w79DqHVTtl+vTnpTmiYntsI=", "username": "user32"}}, {"pk": 33, "model": "scoreserver.user", "fields": {"password": "pbkdf2_sha256$24000$fWWM9oKe6r2W$IpwyJpstIkoHINnjqpE3uU/rQXzNg5mKnYdbSirD9KM=", "username": "user33"}}, {"pk": 34, "model": "scoreserver.user", "fields": {"password": "pbkdf2_sha256$24000$zwmmxyJiY4ar$sPT2t3iLOxLFonQbkZC1zfSWrG78qNpS0lfDULni2HY=", "username": "user34"}}, {"pk": 35, "model": "scoreserver.user", "fields": {"password": "pbkdf2_sha256$24000$Hg3Fd6mn9NJ5$OXUtRwjFD7/Ahq33LOCNHTvU9HfIrdN09sm+XATehAA=", "username": "user35"}}, {"pk": 36, "model": "scoreserver.user", "fields": {"password": "pbkdf2_sha256$24000$aMb3N75hAtCD$BRfqn+9bjYHU/f+fWTUkNcsVBmkp1WHzTGB9wOenzcI=", "username": "user36"}}, {"pk": 37, "model": "scoreserver.user", "fields": {"password": "pbkdf2_sha256$24000$V0D7LvJ1javq$IWDZ3eFe+KLBpcyTyCBu/OegTHoeoUB6sco3KyhORd4=", "username": "user37"}}, {"pk": 38, "model": "scoreserver.user", "fields": {"password": "pbkdf2_sha256$24000$D5bot4YrTU7q$BashbB0Xs878BRipHhgYYQXA/W6CZWxI8EOLf9nW0HE=", "username": "user38"}}, {"pk": 39, "model": "scoreserver.user", "fields": {"password": "pbkdf2_sha256$24000$epplPg5Yj9Xv$f5772/H/S/mibiBYdqEFoc0oyBXLuOZ/PA2o3K+i1+0=", "username": "user39"}}, {"pk": 40, "model": "scoreserver.user", "fields": {"password": "pbkdf2_sha256$24000$7kYpJ6uapKkt$aa4zGEbL9t5vzZS6hxMK5bDE34YaQ/ZpEfuxmQPIwZU=", "username": "user40"}}, {"pk": 41, "model": "scoreserver.user", "fields": {"password": "pbkdf2_sha256$24000$ORIPGW827CLM$W06S08ngJA9ueu0VWt1nwvdhvQfpblcBVFZ/TGi9MjU=", "username": "user41"}}, {"pk": 42, "model": "scoreserver.user", "fields": {"password": "pbkdf2_sha256$24000$1vkwmt57Ben9$jopqh4PJvunOyI78fBfi3DqCwRyRxdT7nkHjl1gTXws=", "username": "user42"}}, {"pk": 43, "model": "scoreserver.user", "fields": {"password": "pbkdf2_sha256$24000$e0a8wqPgbJYY$rmoR2d+eGu5U7A9DTAaNgf2G5alwYPpjl+7ClXTe4o4=", "username": "user43"}}, {"pk": 44, "model": "scoreserver.user", "fields": {"password": "pbkdf2_sha256$24000$tjU2yIQrsLMg$dt1Wp7q4sWxIK9OHT9cjCE2zPYt8q+Z1S0AKl6qhkKI=", "username": "user44"}}, {"pk": 45, "model": "scoreserver.user", "fields": {"password": "pbkdf2_sha256$24000$JAQQCiDYLdmo$R8HBj55bbYJ6NlksTZUZh4v/0n3xsPcA/qj6MIREW8M=", "username": "user45"}}, {"pk": 46, "model": "scoreserver.user", "fields": {"password": "pbkdf2_sha256$24000$7qKdFhkrFcl4$sk4JfImttx4ZeUzsBeLhvivVa+N5w1d0IJh5Bq19pYA=", "username": "user46"}}, {"pk": 47, "model": "scoreserver.user", "fields": {"password": "pbkdf2_sha256$24000$k99KqDqr63yP$Fxbwuu+NzZAQyHYwrnUKxD5BTWeVB5Swg8wfP8ODiw8=", "username": "user47"}}, {"pk": 48, "model": "scoreserver.user", "fields": {"password": "pbkdf2_sha256$24000$4NDogIta8jf7$bEiTA77DmafZBaV0xBt9f/F2ba9ZvJLMoOWpZQuhx+E=", "username": "user48"}}, {"pk": 49, "model": "scoreserver.user", "fields": {"password": "pbkdf2_sha256$24000$a72986VTiVxo$4uNpWY6ecx4bHqEOGCSy0LDoGTripyN5VyfM5AScrF4=", "username": "user49"}}, {"pk": 0, "model": "scoreserver.hint", "fields": {"question": 29, "description": "IJxFHAehMuVWLAjvVaBLJHPuacZXzOEFIIBjuGGHCvfIvwtizDgjhbjwhyMkNhFyiFfwbnsnxiSfEKoIunMSAXMnDrzZZMkvTjuH"}}, {"pk": 1, "model": "scoreserver.hint", "fields": {"question": 44, "description": "rCkCNJYdOxdIcLRFgZhfxfpGodibiuKuWtTnHkmAwjIurMUYSeAJMFVKLEtdoLAxanhpMvBblmdDrbbAxrAOTCaSMkQAtTAvIMOQ"}}, {"pk": 2, "model": "scoreserver.hint", "fields": {"question": 16, "description": "JkTLlAmnBoQHhGaZNWDqzjGURnicGhGnEDtfhYDqaCbrNjTDECSKzbIoTENzZCXFzOPhQTMPniXfFJYGgydrBlSetEFEppCYRQjI"}}, {"pk": 3, "model": "scoreserver.hint", "fields": {"question": 4, "description": "gnqbSJslcBuUUArzYmLlFVfaTSLdxsTpnSboFLgWExPRhAtjWRtSrRxOGyHIlZminCeSWWLRrLKPzWirLYjwDdvmPwpZkhGUIhrN"}}, {"pk": 4, "model": "scoreserver.hint", "fields": {"question": 25, "description": "TnOwfCaSeFjSmuWWHGsoEBSJvjScsUukBmKFwmloJZRfAeEUUGiPBBRlkmwcKXNsBUKefwNufBJwKQWHHCpHyxBdplVxyeBgTNke"}}, {"pk": 5, "model": "scoreserver.hint", "fields": {"question": 35, "description": "uIrJxkUHqVxJPfJzeqdWCqyAUHXgNgtJbBngsEqKpgPXruujUHPcRcDplhlJqogITMTGnzkkprHMTudRuhDQtWQqIuyOzaTHpzTG"}}, {"pk": 6, "model": "scoreserver.hint", "fields": {"question": 27, "description": "iCCmChGWRjmIrjRzKlFphcdjIGanDlNirmmEhDKeRkdtHtLDCwsrYDNXVWLiAPNlAOdhGTodwgLhAMoRPTGeVAMVasSwPAPQCZKY"}}, {"pk": 7, "model": "scoreserver.hint", "fields": {"question": 15, "description": "WSfscfQuQsEnBpaDmGyxvUGSDGEfjJLUopJyJatijxmTQthLYUGYXzmXNrsunbadlktXwlEwDPMXxYsNImCeUIZghIHsIhYcikQA"}}, {"pk": 8, "model": "scoreserver.hint", "fields": {"question": 6, "description": "BHFZTakWToyQygVbswHBNmYPFYGzduBLXotPvoeFfKlvRVLILJESJbtUdfjxZHXxIfiwFFztYRnEzAfrMOaeKtiAvXivpNtKAseU"}}, {"pk": 9, "model": "scoreserver.hint", "fields": {"question": 27, "description": "UrLOCZKiPInsedWSVtnhigpQKVXfjRtipKYXHvvVSGlLfQYxNCEXQPqAkivipGWgAUgjUrsqbkPfeeqXhSzaynuSomNUUXEuXQAj"}}, {"pk": 10, "model": "scoreserver.hint", "fields": {"question": 3, "description": "lVYbKBuuYMhuBruVSOwtgKzGGfDdnEWzUSArHDcwrTeBhwjNoWPXUUSCVwTyFhNpNtFtvoODDJvOdIwXyXeIQbMzQHpLAznBsHHE"}}, {"pk": 11, "model": "scoreserver.hint", "fields": {"question": 48, "description": "ittMwfSorZybkjEcIbCVZYpgAIATRPtMltSaMSrTYbvSWncapbwyVMTkXjOEDvsvPIKYrZRqCJrBqxoEyMJByQTTBzwTkBWKLEYk"}}, {"pk": 12, "model": "scoreserver.hint", "fields": {"question": 27, "description": "jDMOwKKvcZcwHYfnmyfSThmuDBilORmEtPWobtpSKDUZEodjeaEABxqgSUTrfeOLCEpWlSdagKFvzuTOhRdsoMXQfbxbaAKDBldD"}}, {"pk": 13, "model": "scoreserver.hint", "fields": {"question": 7, "description": "BXavPPacBQzBQFxJYVwcRwKmiiaOiLmuDbPlrQGYmIWnjcXvACsIuWpuHgjigvUVnPPKDPPzasSRvryQfWqcaupcznOWhhnSwacW"}}, {"pk": 14, "model": "scoreserver.hint", "fields": {"question": 34, "description": "PcowDfWsfDKJVTEziBjpcGClMPilQjEXuPpHjNwqKhYmdiOhfyZeaQJjnGdSLfSpLwBqoPbmJwwWqkcUWrqilonXOIXjGRLwtpZP"}}, {"pk": 15, "model": "scoreserver.hint", "fields": {"question": 18, "description": "WhDHPrJCOLolPrOqmukaigVoHYaKcqzjWvvgptGWhzMlnYqJSSvNjkgdlRdMYGaUeCYBkXhKIssJRpIOltDigLdxLxMuSsIHxWRP"}}, {"pk": 16, "model": "scoreserver.hint", "fields": {"question": 16, "description": "ZWYhDlWKjxUwHrBeLAfLkyXChEjLNfNlhNIibLHjHHEUZyFwBubUxXsqavdcuUfiAIsfwSorjDyngsrgjysqwGJHyMrQpipwyYAx"}}, {"pk": 17, "model": "scoreserver.hint", "fields": {"question": 15, "description": "pwsKfIiaDiMNalmqQRwzlGFynJyQtFxqVyHAuUvTbYpzFZpASTsDuSpcSGosuvzXmODvUvXwEwcCDaMjGRMgWZXiKYlAinfaIOoW"}}, {"pk": 18, "model": "scoreserver.hint", "fields": {"question": 2, "description": "jJSyUyTfICoFlzIhuVmnnlpAxdcwYpMdsnNhCcPNmcfULbNhxorxGRtZyzYVhXLKOTTwPOrGNFIVpEKObSpUJGEzceOjXqqccBUV"}}, {"pk": 19, "model": "scoreserver.hint", "fields": {"question": 32, "description": "yYJJlhKMWjAeoXhlLMnlSGpvEKdqbmMfWsyMwGrmVWxSoxaWktiPPjWEYeUwNxrVwuxikcoJPnaNgJAXBvqmBiiHmEPgdmfaxfuN"}}, {"pk": 20, "model": "scoreserver.hint", "fields": {"question": 16, "description": "zQSrUorHArtQlwSyYdUAFIXdsAGrqcMoibMBliPAfNFqckYeQaptcpFaiaFbamLOMisgCPVtFmJkKDwRkDJpHmxfcfbRSSAfRVrE"}}, {"pk": 21, "model": "scoreserver.hint", "fields": {"question": 37, "description": "QMAiFtVhfEKnMdGBeUBOWtmajTokwYaQzEApDALVVeQHGqaZJdlAYEAxkSIenUZIVgGCXGBYjbEszfDMifJmfTSNNDGYoATAlzcm"}}, {"pk": 22, "model": "scoreserver.hint", "fields": {"question": 35, "description": "NCDFvydMXldkdZvWDOcfUaACUCDtSWRcKrOAHqokJtWmmOTAHxXOgzRqMhgnGLLfmeYlLtMapMrASiHUfShXZsvKHDeSFPuPGrdm"}}, {"pk": 23, "model": "scoreserver.hint", "fields": {"question": 44, "description": "zpJVKLacXFoVbuRXvdCINKyNcAJzoGlxhVTeaEBHorXkFBkcphCxdDWMaavHzsWLqLcyxwHGkETnItEcbzLPsAVGxFjkyHBmKEUJ"}}, {"pk": 24, "model": "scoreserver.hint", "fields": {"question": 19, "description": "CWGKIdGfUmoSfOFLNHxcJThMabxcIkgHSmSxvSWBegvQfUuSRvqGGeXzABPrCAbvaiGeRtSpGJgaxNkEXbcGLpXMYNXARMJeTcQf"}}, {"pk": 25, "model": "scoreserver.hint", "fields": {"question": 35, "description": "HYVEQFmWMljxZHEcdbvtglsCypBHrneCwBIPkfibBmMplwTpNdKtxCBGYJDqQDJEePvLNwxIWUDCfRcBUsGLRpehBcYvJMzeiCPP"}}, {"pk": 26, "model": "scoreserver.hint", "fields": {"question": 1, "description": "HWzXWOxYuLxGpwcFFFfjYpHXcsuLBUOprmqFgIEFrgcgoRWSjVxtYVxKnTUmzoIhyIdGjfYSRLfVzbFsuaYLoIKYXALYCEQrBOIk"}}, {"pk": 27, "model": "scoreserver.hint", "fields": {"question": 43, "description": "bNSchSYRMRYXxWOIrhXSkjyLNOqpIYGxsaNjpNoDCAUocbFQQTNnAPYaRLbcBpgDNPaNfpjIAIcPzCRrEiokVxlBKVyJFtwiXfvp"}}, {"pk": 28, "model": "scoreserver.hint", "fields": {"question": 26, "description": "KhJZfDpfygwCNsPlHvGYdXyMDdGLqBaoQqLaFRwkdWecUMOcFATrsmEciObzEopBzOeolqHMWdQLYVUUAGYcKjjXPtmgMSzqYbbs"}}, {"pk": 29, "model": "scoreserver.hint", "fields": {"question": 29, "description": "rbwDJbKGomEpjjCLanDEjOuCfUihbybSNTBFkWiuDJUqWvguGeYGQtpBLltXzytKeVtlqEXmiWvGIIWTejazZqVICckbTehmuUkk"}}, {"pk": 30, "model": "scoreserver.hint", "fields": {"question": 17, "description": "SAMhtGOrFhnfgXWhJCDZulzFJZDCYmgfKTePYdJretpwIfEWdsOoVhyxChSxvmmFzdlhSWcjdjIYxnEiUkowSDqTcnDJVXqiXaXX"}}, {"pk": 31, "model": "scoreserver.hint", "fields": {"question": 7, "description": "AqspCoDqkFzBqCXHKvXKFmdTKoikeFkdAQgCGpAwqHrBnypBiMlXxDhByuHjZQPYsygZkLJLLrOyrBscLxlvWnSaIObVCSuUtdiM"}}, {"pk": 32, "model": "scoreserver.hint", "fields": {"question": 30, "description": "rHoNhRRSLdbszFabmujOzRoRWziSEKlgghYiHRHnGBhDbDjCgKaICBvytjslwQAfqDMRzmZfytxYSwHOdzGlaNoXopJHeWqJeFzT"}}, {"pk": 33, "model": "scoreserver.hint", "fields": {"question": 4, "description": "PbCMQNyHkqOoTnEJyvZkMlSmkggeyrymsRbHTwQZHzeyvkOWsLwzDDODKmPrVIpWJhGGfpKNIjkxGrAvgUQJJaMUEfJhLOWoxhFd"}}, {"pk": 34, "model": "scoreserver.hint", "fields": {"question": 38, "description": "asgCxUMVjlZuahRtooEYxvDFdURBxNJEXiuyMvhXWgUdougGnuUmwvDRDqLMbTFvPEURsfWnxTyZfUdLYNvJeUXKFzOLjDGZbryN"}}, {"pk": 35, "model": "scoreserver.hint", "fields": {"question": 43, "description": "iPWrtBizRjatGTArlnhNJFRmonxEzuYNiKFAUAIMgNMhaTenOZxGKTxHRmlmcsGIMQkixCuKvXvGTkAeLHDfWQewixNcwCSSqifg"}}, {"pk": 36, "model": "scoreserver.hint", "fields": {"question": 26, "description": "vKLSjThsdpzrbOzDDRxWzpUMageYZaRGewCeCAqgTImBOwJXjamaTDPoTHGGTvclGgzIyxvdLNSqkmVspUeILSmzIlbbXmDhTDYn"}}, {"pk": 37, "model": "scoreserver.hint", "fields": {"question": 29, "description": "ndtaFuyItEeSHolnnzPdklexCRIXwbXRXzKfEpSUBnMgNnakAUruwQptofotcxoCzeEFzfTkHCQqlALdWKwSwADDqaAIHbMDigHv"}}, {"pk": 38, "model": "scoreserver.hint", "fields": {"question": 10, "description": "dbaTtrBaubraYLEPQuonjDYbiGEamtkCnMYzeEUrXQwTDHPsZEyNMgTWTxPHfpwKhRggkFPCkGRZbPxbfFPsFDjCtFbAqOZBUxgm"}}, {"pk": 39, "model": "scoreserver.hint", "fields": {"question": 13, "description": "lxuzKfZKIvYzddfxpCzxWBVRQAKxyYHIAqgASOLYjhuaKSMSZfkNVaYgzGfHtfweGGRTnnSkdVOQAdDhHPcndtdFdRGiTroFoKCS"}}, {"pk": 40, "model": "scoreserver.hint", "fields": {"question": 48, "description": "YYIRnUlTBWQpuWHRTgctVUyrFwSnszTarJYLPJVefXvTTprtmIYqNHSeiRpYmekfVLkCMbaRNMPQaZbQJWQubwpnUxyKrdlceBiz"}}, {"pk": 41, "model": "scoreserver.hint", "fields": {"question": 18, "description": "oGaCVlqlkVkpMQUoKxNBGOcDgLgRufYdhrCueRTPKfFXOvMlAdbtECMvymnCUusnMulIqikAQFvwdwHMbyBXbOCalDuyDYtQZmbk"}}, {"pk": 42, "model": "scoreserver.hint", "fields": {"question": 46, "description": "bOLDMnGYruJQAGPopCSVxOQbXSOeymSxdzHKyNQKxoPSjSwyuxuYLErYzXfYCLkKbtBTdFOIyEBRbjTeQjfEAfcUcpElYmzPrpao"}}, {"pk": 43, "model": "scoreserver.hint", "fields": {"question": 33, "description": "WTdKmSrdHGkFoVracnSnXbRWVcxKCciYNLrtfsxmFJlpULFhyqGgErQePyDbXamwBlpiUOPJfNSyDUXqfRJEbQKULbBchEjXSEhW"}}, {"pk": 44, "model": "scoreserver.hint", "fields": {"question": 31, "description": "hlTTNLDCCahMzpVagHxnrUTpqDGSJhfSloIaUDFrjLMLKujwXhIwyueJAJqcKzEMpZUcSlNJXbYXZiyybvMavaGvfuEyLFMZZrEc"}}, {"pk": 45, "model": "scoreserver.hint", "fields": {"question": 40, "description": "ZNIwKsiiKfYybZkgWdkLpbyTUtyKGiMXjuKqQbmlDrwrSCehqMwlTVXytecyeFqYvAKMTiZJfAUkgAHIiLXiQcbesqabrUSRvKIG"}}, {"pk": 46, "model": "scoreserver.hint", "fields": {"question": 36, "description": "VkyTcXMQHuvHKnDWsccoeYxfllVKXJUWOKJhgCHNFDDkMkQZmZZcUPtFAtdiJzPSfaeFwlzoHioHrHtDWqqJVvzQNjHaxwbDumhu"}}, {"pk": 47, "model": "scoreserver.hint", "fields": {"question": 21, "description": "oLqLuXZcjqLRXfnxrDFuMGIjAvjAOLIwNxyAvAWQsWIAMHJriDlFIjfatLlpwMnicYelzOykjsGbPtVukUwvSqDSNSCCGNgpVCMr"}}, {"pk": 48, "model": "scoreserver.hint", "fields": {"question": 33, "description": "kKoQfbgpUjVIIDnYaooblbLhNXAOgHGIuAgjgIEdzMSEFfpikgBdJYWHOjbWCWhuTqKABbYEJoyCpsepZTEjEBsKZJMgfEYTqcig"}}, {"pk": 49, "model": "scoreserver.hint", "fields": {"question": 38, "description": "uHCxQPPuGlEynaviayPDIFaeInDZQaCWZBMeIjkgdONJGcwjffsESMyYwZuueMqIZqEjsadcEROYFoIVDIjvXSddSlERrDtCJUfZ"}}, {"pk": 0, "model": "scoreserver.attackpointhistory", "fields": {"question": 8, "point": 900, "user": 31}}, {"pk": 1, "model": "scoreserver.attackpointhistory", "fields": {"question": 1, "point": 1100, "user": 45}}, {"pk": 2, "model": "scoreserver.attackpointhistory", "fields": {"question": 2, "point": 1000, "user": 7}}, {"pk": 3, "model": "scoreserver.attackpointhistory", "fields": {"question": 8, "point": 900, "user": 46}}, {"pk": 4, "model": "scoreserver.attackpointhistory", "fields": {"question": 4, "point": 1100, "user": 3}}, {"pk": 5, "model": "scoreserver.attackpointhistory", "fields": {"question": 1, "point": 1100, "user": 25}}, {"pk": 6, "model": "scoreserver.attackpointhistory", "fields": {"question": 7, "point": 1100, "user": 15}}, {"pk": 7, "model": "scoreserver.attackpointhistory", "fields": {"question": 3, "point": 1000, "user": 46}}, {"pk": 8, "model": "scoreserver.attackpointhistory", "fields": {"question": 9, "point": 1100, "user": 9}}, {"pk": 9, "model": "scoreserver.attackpointhistory", "fields": {"question": 6, "point": 500, "user": 17}}, {"pk": 10, "model": "scoreserver.attackpointhistory", "fields": {"question": 2, "point": 1000, "user": 5}}, {"pk": 11, "model": "scoreserver.attackpointhistory", "fields": {"question": 7, "point": 1100, "user": 30}}, {"pk": 12, "model": "scoreserver.attackpointhistory", "fields": {"question": 3, "point": 1000, "user": 45}}, {"pk": 13, "model": "scoreserver.attackpointhistory", "fields": {"question": 2, "point": 1000, "user": 36}}, {"pk": 14, "model": "scoreserver.attackpointhistory", "fields": {"question": 5, "point": 900, "user": 26}}, {"pk": 15, "model": "scoreserver.attackpointhistory", "fields": {"question": 1, "point": 1100, "user": 33}}, {"pk": 16, "model": "scoreserver.attackpointhistory", "fields": {"question": 5, "point": 900, "user": 19}}, {"pk": 17, "model": "scoreserver.attackpointhistory", "fields": {"question": 2, "point": 1000, "user": 42}}, {"pk": 18, "model": "scoreserver.attackpointhistory", "fields": {"question": 8, "point": 900, "user": 37}}, {"pk": 19, "model": "scoreserver.attackpointhistory", "fields": {"question": 7, "point": 1100, "user": 30}}, {"pk": 20, "model": "scoreserver.attackpointhistory", "fields": {"question": 6, "point": 500, "user": 32}}, {"pk": 21, "model": "scoreserver.attackpointhistory", "fields": {"question": 2, "point": 1000, "user": 6}}, {"pk": 22, "model": "scoreserver.attackpointhistory", "fields": {"question": 7, "point": 1100, "user": 23}}, {"pk": 23, "model": "scoreserver.attackpointhistory", "fields": {"question": 7, "point": 1100, "user": 40}}, {"pk": 24, "model": "scoreserver.attackpointhistory", "fields": {"question": 3, "point": 1000, "user": 30}}, {"pk": 25, "model": "scoreserver.attackpointhistory", "fields": {"question": 6, "point": 500, "user": 25}}, {"pk": 26, "model": "scoreserver.attackpointhistory", "fields": {"question": 9, "point": 1100, "user": 6}}, {"pk": 27, "model": "scoreserver.attackpointhistory", "fields": {"question": 4, "point": 1100, "user": 23}}, {"pk": 28, "model": "scoreserver.attackpointhistory", "fields": {"question": 3, "point": 1000, "user": 27}}, {"pk": 29, "model": "scoreserver.attackpointhistory", "fields": {"question": 2, "point": 1000, "user": 10}}, {"pk": 30, "model": "scoreserver.attackpointhistory", "fields": {"question": 9, "point": 1100, "user": 44}}, {"pk": 31, "model": "scoreserver.attackpointhistory", "fields": {"question": 3, "point": 1000, "user": 9}}, {"pk": 32, "model": "scoreserver.attackpointhistory", "fields": {"question": 9, "point": 1100, "user": 24}}, {"pk": 33, "model": "scoreserver.attackpointhistory", "fields": {"question": 2, "point": 1000, "user": 10}}, {"pk": 34, "model": "scoreserver.attackpointhistory", "fields": {"question": 7, "point": 1100, "user": 9}}, {"pk": 35, "model": "scoreserver.attackpointhistory", "fields": {"question": 6, "point": 500, "user": 19}}, {"pk": 36, "model": "scoreserver.attackpointhistory", "fields": {"question": 8, "point": 900, "user": 16}}, {"pk": 37, "model": "scoreserver.attackpointhistory", "fields": {"question": 7, "point": 1100, "user": 38}}, {"pk": 38, "model": "scoreserver.attackpointhistory", "fields": {"question": 9, "point": 1100, "user": 12}}, {"pk": 39, "model": "scoreserver.attackpointhistory", "fields": {"question": 8, "point": 900, "user": 32}}, {"pk": 40, "model": "scoreserver.attackpointhistory", "fields": {"question": 8, "point": 900, "user": 8}}, {"pk": 41, "model": "scoreserver.attackpointhistory", "fields": {"question": 7, "point": 1100, "user": 21}}, {"pk": 42, "model": "scoreserver.attackpointhistory", "fields": {"question": 3, "point": 1000, "user": 7}}, {"pk": 43, "model": "scoreserver.attackpointhistory", "fields": {"question": 7, "point": 1100, "user": 27}}, {"pk": 44, "model": "scoreserver.attackpointhistory", "fields": {"question": 1, "point": 1100, "user": 41}}, {"pk": 45, "model": "scoreserver.attackpointhistory", "fields": {"question": 3, "point": 1000, "user": 23}}, {"pk": 46, "model": "scoreserver.attackpointhistory", "fields": {"question": 5, "point": 900, "user": 17}}, {"pk": 47, "model": "scoreserver.attackpointhistory", "fields": {"question": 5, "point": 900, "user": 11}}, {"pk": 48, "model": "scoreserver.attackpointhistory", "fields": {"question": 4, "point": 1100, "user": 2}}, {"pk": 49, "model": "scoreserver.attackpointhistory", "fields": {"question": 7, "point": 1100, "user": 17}}, {"pk": 50, "model": "scoreserver.attackpointhistory", "fields": {"question": 8, "point": 900, "user": 48}}, {"pk": 51, "model": "scoreserver.attackpointhistory", "fields": {"question": 9, "point": 1100, "user": 7}}, {"pk": 52, "model": "scoreserver.attackpointhistory", "fields": {"question": 7, "point": 1100, "user": 28}}, {"pk": 53, "model": "scoreserver.attackpointhistory", "fields": {"question": 3, "point": 1000, "user": 49}}, {"pk": 54, "model": "scoreserver.attackpointhistory", "fields": {"question": 1, "point": 1100, "user": 49}}, {"pk": 55, "model": "scoreserver.attackpointhistory", "fields": {"question": 9, "point": 1100, "user": 46}}, {"pk": 56, "model": "scoreserver.attackpointhistory", "fields": {"question": 4, "point": 1100, "user": 13}}, {"pk": 57, "model": "scoreserver.attackpointhistory", "fields": {"question": 8, "point": 900, "user": 36}}, {"pk": 58, "model": "scoreserver.attackpointhistory", "fields": {"question": 7, "point": 1100, "user": 49}}, {"pk": 59, "model": "scoreserver.attackpointhistory", "fields": {"question": 4, "point": 1100, "user": 30}}, {"pk": 60, "model": "scoreserver.attackpointhistory", "fields": {"question": 5, "point": 900, "user": 10}}, {"pk": 61, "model": "scoreserver.attackpointhistory", "fields": {"question": 2, "point": 1000, "user": 19}}, {"pk": 62, "model": "scoreserver.attackpointhistory", "fields": {"question": 9, "point": 1100, "user": 39}}, {"pk": 63, "model": "scoreserver.attackpointhistory", "fields": {"question": 5, "point": 900, "user": 15}}, {"pk": 64, "model": "scoreserver.attackpointhistory", "fields": {"question": 9, "point": 1100, "user": 12}}, {"pk": 65, "model": "scoreserver.attackpointhistory", "fields": {"question": 5, "point": 900, "user": 38}}, {"pk": 66, "model": "scoreserver.attackpointhistory", "fields": {"question": 4, "point": 1100, "user": 22}}, {"pk": 67, "model": "scoreserver.attackpointhistory", "fields": {"question": 3, "point": 1000, "user": 16}}, {"pk": 68, "model": "scoreserver.attackpointhistory", "fields": {"question": 5, "point": 900, "user": 44}}, {"pk": 69, "model": "scoreserver.attackpointhistory", "fields": {"question": 1, "point": 1100, "user": 16}}, {"pk": 70, "model": "scoreserver.attackpointhistory", "fields": {"question": 7, "point": 1100, "user": 13}}, {"pk": 71, "model": "scoreserver.attackpointhistory", "fields": {"question": 5, "point": 900, "user": 31}}, {"pk": 72, "model": "scoreserver.attackpointhistory", "fields": {"question": 3, "point": 1000, "user": 14}}, {"pk": 73, "model": "scoreserver.attackpointhistory", "fields": {"question": 6, "point": 500, "user": 1}}, {"pk": 74, "model": "scoreserver.attackpointhistory", "fields": {"question": 9, "point": 1100, "user": 33}}, {"pk": 75, "model": "scoreserver.attackpointhistory", "fields": {"question": 2, "point": 1000, "user": 15}}, {"pk": 76, "model": "scoreserver.attackpointhistory", "fields": {"question": 7, "point": 1100, "user": 49}}, {"pk": 77, "model": "scoreserver.attackpointhistory", "fields": {"question": 7, "point": 1100, "user": 34}}, {"pk": 78, "model": "scoreserver.attackpointhistory", "fields": {"question": 6, "point": 500, "user": 30}}, {"pk": 79, "model": "scoreserver.attackpointhistory", "fields": {"question": 3, "point": 1000, "user": 37}}, {"pk": 80, "model": "scoreserver.attackpointhistory", "fields": {"question": 8, "point": 900, "user": 44}}, {"pk": 81, "model": "scoreserver.attackpointhistory", "fields": {"question": 9, "point": 1100, "user": 25}}, {"pk": 82, "model": "scoreserver.attackpointhistory", "fields": {"question": 7, "point": 1100, "user": 42}}, {"pk": 83, "model": "scoreserver.attackpointhistory", "fields": {"question": 8, "point": 900, "user": 7}}, {"pk": 84, "model": "scoreserver.attackpointhistory", "fields": {"question": 8, "point": 900, "user": 33}}, {"pk": 85, "model": "scoreserver.attackpointhistory", "fields": {"question": 3, "point": 1000, "user": 47}}, {"pk": 86, "model": "scoreserver.attackpointhistory", "fields": {"question": 3, "point": 1000, "user": 19}}, {"pk": 87, "model": "scoreserver.attackpointhistory", "fields": {"question": 5, "point": 900, "user": 14}}, {"pk": 88, "model": "scoreserver.attackpointhistory", "fields": {"question": 8, "point": 900, "user": 43}}, {"pk": 89, "model": "scoreserver.attackpointhistory", "fields": {"question": 3, "point": 1000, "user": 37}}, {"pk": 90, "model": "scoreserver.attackpointhistory", "fields": {"question": 2, "point": 1000, "user": 20}}, {"pk": 91, "model": "scoreserver.attackpointhistory", "fields": {"question": 3, "point": 1000, "user": 16}}, {"pk": 92, "model": "scoreserver.attackpointhistory", "fields": {"question": 5, "point": 900, "user": 12}}, {"pk": 93, "model": "scoreserver.attackpointhistory", "fields": {"question": 3, "point": 1000, "user": 23}}, {"pk": 94, "model": "scoreserver.attackpointhistory", "fields": {"question": 6, "point": 500, "user": 45}}, {"pk": 95, "model": "scoreserver.attackpointhistory", "fields": {"question": 7, "point": 1100, "user": 20}}, {"pk": 96, "model": "scoreserver.attackpointhistory", "fields": {"question": 8, "point": 900, "user": 23}}, {"pk": 97, "model": "scoreserver.attackpointhistory", "fields": {"question": 1, "point": 1100, "user": 28}}, {"pk": 98, "model": "scoreserver.attackpointhistory", "fields": {"question": 4, "point": 1100, "user": 17}}, {"pk": 99, "model": "scoreserver.attackpointhistory", "fields": {"question": 6, "point": 500, "user": 38}}, {"pk": 100, "model": "scoreserver.attackpointhistory", "fields": {"question": 7, "point": 1100, "user": 16}}, {"pk": 101, "model": "scoreserver.attackpointhistory", "fields": {"question": 4, "point": 1100, "user": 44}}, {"pk": 102, "model": "scoreserver.attackpointhistory", "fields": {"question": 8, "point": 900, "user": 7}}, {"pk": 103, "model": "scoreserver.attackpointhistory", "fields": {"question": 3, "point": 1000, "user": 15}}, {"pk": 104, "model": "scoreserver.attackpointhistory", "fields": {"question": 7, "point": 1100, "user": 30}}, {"pk": 105, "model": "scoreserver.attackpointhistory", "fields": {"question": 9, "point": 1100, "user": 8}}, {"pk": 106, "model": "scoreserver.attackpointhistory", "fields": {"question": 9, "point": 1100, "user": 18}}, {"pk": 107, "model": "scoreserver.attackpointhistory", "fields": {"question": 8, "point": 900, "user": 34}}, {"pk": 108, "model": "scoreserver.attackpointhistory", "fields": {"question": 6, "point": 500, "user": 2}}, {"pk": 109, "model": "scoreserver.attackpointhistory", "fields": {"question": 9, "point": 1100, "user": 14}}, {"pk": 110, "model": "scoreserver.attackpointhistory", "fields": {"question": 2, "point": 1000, "user": 25}}, {"pk": 111, "model": "scoreserver.attackpointhistory", "fields": {"question": 8, "point": 900, "user": 24}}, {"pk": 112, "model": "scoreserver.attackpointhistory", "fields": {"question": 1, "point": 1100, "user": 6}}, {"pk": 113, "model": "scoreserver.attackpointhistory", "fields": {"question": 1, "point": 1100, "user": 49}}, {"pk": 114, "model": "scoreserver.attackpointhistory", "fields": {"question": 4, "point": 1100, "user": 44}}, {"pk": 115, "model": "scoreserver.attackpointhistory", "fields": {"question": 2, "point": 1000, "user": 27}}, {"pk": 116, "model": "scoreserver.attackpointhistory", "fields": {"question": 3, "point": 1000, "user": 6}}, {"pk": 117, "model": "scoreserver.attackpointhistory", "fields": {"question": 4, "point": 1100, "user": 19}}, {"pk": 118, "model": "scoreserver.attackpointhistory", "fields": {"question": 1, "point": 1100, "user": 26}}, {"pk": 119, "model": "scoreserver.attackpointhistory", "fields": {"question": 2, "point": 1000, "user": 41}}, {"pk": 120, "model": "scoreserver.attackpointhistory", "fields": {"question": 3, "point": 1000, "user": 47}}, {"pk": 121, "model": "scoreserver.attackpointhistory", "fields": {"question": 6, "point": 500, "user": 23}}, {"pk": 122, "model": "scoreserver.attackpointhistory", "fields": {"question": 1, "point": 1100, "user": 9}}, {"pk": 123, "model": "scoreserver.attackpointhistory", "fields": {"question": 3, "point": 1000, "user": 18}}, {"pk": 124, "model": "scoreserver.attackpointhistory", "fields": {"question": 9, "point": 1100, "user": 12}}, {"pk": 125, "model": "scoreserver.attackpointhistory", "fields": {"question": 6, "point": 500, "user": 40}}, {"pk": 126, "model": "scoreserver.attackpointhistory", "fields": {"question": 1, "point": 1100, "user": 19}}, {"pk": 127, "model": "scoreserver.attackpointhistory", "fields": {"question": 6, "point": 500, "user": 48}}, {"pk": 128, "model": "scoreserver.attackpointhistory", "fields": {"question": 8, "point": 900, "user": 40}}, {"pk": 129, "model": "scoreserver.attackpointhistory", "fields": {"question": 3, "point": 1000, "user": 2}}, {"pk": 130, "model": "scoreserver.attackpointhistory", "fields": {"question": 5, "point": 900, "user": 34}}, {"pk": 131, "model": "scoreserver.attackpointhistory", "fields": {"question": 2, "point": 1000, "user": 29}}, {"pk": 132, "model": "scoreserver.attackpointhistory", "fields": {"question": 6, "point": 500, "user": 40}}, {"pk": 133, "model": "scoreserver.attackpointhistory", "fields": {"question": 2, "point": 1000, "user": 28}}, {"pk": 134, "model": "scoreserver.attackpointhistory", "fields": {"question": 2, "point": 1000, "user": 48}}, {"pk": 135, "model": "scoreserver.attackpointhistory", "fields": {"question": 5, "point": 900, "user": 35}}, {"pk": 136, "model": "scoreserver.attackpointhistory", "fields": {"question": 1, "point": 1100, "user": 11}}, {"pk": 137, "model": "scoreserver.attackpointhistory", "fields": {"question": 3, "point": 1000, "user": 22}}, {"pk": 138, "model": "scoreserver.attackpointhistory", "fields": {"question": 1, "point": 1100, "user": 32}}, {"pk": 139, "model": "scoreserver.attackpointhistory", "fields": {"question": 3, "point": 1000, "user": 40}}, {"pk": 140, "model": "scoreserver.attackpointhistory", "fields": {"question": 8, "point": 900, "user": 45}}, {"pk": 141, "model": "scoreserver.attackpointhistory", "fields": {"question": 4, "point": 1100, "user": 3}}, {"pk": 142, "model": "scoreserver.attackpointhistory", "fields": {"question": 1, "point": 1100, "user": 16}}, {"pk": 143, "model": "scoreserver.attackpointhistory", "fields": {"question": 9, "point": 1100, "user": 41}}, {"pk": 144, "model": "scoreserver.attackpointhistory", "fields": {"question": 2, "point": 1000, "user": 27}}, {"pk": 145, "model": "scoreserver.attackpointhistory", "fields": {"question": 8, "point": 900, "user": 14}}, {"pk": 146, "model": "scoreserver.attackpointhistory", "fields": {"question": 8, "point": 900, "user": 1}}, {"pk": 147, "model": "scoreserver.attackpointhistory", "fields": {"question": 3, "point": 1000, "user": 26}}, {"pk": 148, "model": "scoreserver.attackpointhistory", "fields": {"question": 4, "point": 1100, "user": 5}}, {"pk": 149, "model": "scoreserver.attackpointhistory", "fields": {"question": 7, "point": 1100, "user": 22}}, {"pk": 150, "model": "scoreserver.attackpointhistory", "fields": {"question": 3, "point": 1000, "user": 19}}, {"pk": 151, "model": "scoreserver.attackpointhistory", "fields": {"question": 4, "point": 1100, "user": 7}}, {"pk": 152, "model": "scoreserver.attackpointhistory", "fields": {"question": 3, "point": 1000, "user": 5}}, {"pk": 153, "model": "scoreserver.attackpointhistory", "fields": {"question": 2, "point": 1000, "user": 34}}, {"pk": 154, "model": "scoreserver.attackpointhistory", "fields": {"question": 3, "point": 1000, "user": 25}}, {"pk": 155, "model": "scoreserver.attackpointhistory", "fields": {"question": 2, "point": 1000, "user": 11}}, {"pk": 156, "model": "scoreserver.attackpointhistory", "fields": {"question": 5, "point": 900, "user": 12}}, {"pk": 157, "model": "scoreserver.attackpointhistory", "fields": {"question": 4, "point": 1100, "user": 6}}, {"pk": 158, "model": "scoreserver.attackpointhistory", "fields": {"question": 2, "point": 1000, "user": 39}}, {"pk": 159, "model": "scoreserver.attackpointhistory", "fields": {"question": 5, "point": 900, "user": 44}}, {"pk": 160, "model": "scoreserver.attackpointhistory", "fields": {"question": 9, "point": 1100, "user": 36}}, {"pk": 161, "model": "scoreserver.attackpointhistory", "fields": {"question": 3, "point": 1000, "user": 1}}, {"pk": 162, "model": "scoreserver.attackpointhistory", "fields": {"question": 2, "point": 1000, "user": 33}}, {"pk": 163, "model": "scoreserver.attackpointhistory", "fields": {"question": 5, "point": 900, "user": 39}}, {"pk": 164, "model": "scoreserver.attackpointhistory", "fields": {"question": 9, "point": 1100, "user": 48}}, {"pk": 165, "model": "scoreserver.attackpointhistory", "fields": {"question": 6, "point": 500, "user": 4}}, {"pk": 166, "model": "scoreserver.attackpointhistory", "fields": {"question": 7, "point": 1100, "user": 13}}, {"pk": 167, "model": "scoreserver.attackpointhistory", "fields": {"question": 6, "point": 500, "user": 37}}, {"pk": 168, "model": "scoreserver.attackpointhistory", "fields": {"question": 5, "point": 900, "user": 12}}, {"pk": 169, "model": "scoreserver.attackpointhistory", "fields": {"question": 5, "point": 900, "user": 2}}, {"pk": 170, "model": "scoreserver.attackpointhistory", "fields": {"question": 9, "point": 1100, "user": 35}}, {"pk": 171, "model": "scoreserver.attackpointhistory", "fields": {"question": 6, "point": 500, "user": 37}}, {"pk": 172, "model": "scoreserver.attackpointhistory", "fields": {"question": 6, "point": 500, "user": 9}}, {"pk": 173, "model": "scoreserver.attackpointhistory", "fields": {"question": 6, "point": 500, "user": 40}}, {"pk": 174, "model": "scoreserver.attackpointhistory", "fields": {"question": 4, "point": 1100, "user": 29}}, {"pk": 175, "model": "scoreserver.attackpointhistory", "fields": {"question": 7, "point": 1100, "user": 48}}, {"pk": 176, "model": "scoreserver.attackpointhistory", "fields": {"question": 5, "point": 900, "user": 1}}, {"pk": 177, "model": "scoreserver.attackpointhistory", "fields": {"question": 7, "point": 1100, "user": 14}}, {"pk": 178, "model": "scoreserver.attackpointhistory", "fields": {"question": 7, "point": 1100, "user": 42}}, {"pk": 179, "model": "scoreserver.attackpointhistory", "fields": {"question": 3, "point": 1000, "user": 4}}, {"pk": 180, "model": "scoreserver.attackpointhistory", "fields": {"question": 2, "point": 1000, "user": 23}}, {"pk": 181, "model": "scoreserver.attackpointhistory", "fields": {"question": 2, "point": 1000, "user": 17}}, {"pk": 182, "model": "scoreserver.attackpointhistory", "fields": {"question": 8, "point": 900, "user": 35}}, {"pk": 183, "model": "scoreserver.attackpointhistory", "fields": {"question": 4, "point": 1100, "user": 12}}, {"pk": 184, "model": "scoreserver.attackpointhistory", "fields": {"question": 9, "point": 1100, "user": 32}}, {"pk": 185, "model": "scoreserver.attackpointhistory", "fields": {"question": 1, "point": 1100, "user": 25}}, {"pk": 186, "model": "scoreserver.attackpointhistory", "fields": {"question": 9, "point": 1100, "user": 1}}, {"pk": 187, "model": "scoreserver.attackpointhistory", "fields": {"question": 6, "point": 500, "user": 30}}, {"pk": 188, "model": "scoreserver.attackpointhistory", "fields": {"question": 5, "point": 900, "user": 34}}, {"pk": 189, "model": "scoreserver.attackpointhistory", "fields": {"question": 9, "point": 1100, "user": 14}}, {"pk": 190, "model": "scoreserver.attackpointhistory", "fields": {"question": 2, "point": 1000, "user": 45}}, {"pk": 191, "model": "scoreserver.attackpointhistory", "fields": {"question": 3, "point": 1000, "user": 18}}, {"pk": 192, "model": "scoreserver.attackpointhistory", "fields": {"question": 2, "point": 1000, "user": 41}}, {"pk": 193, "model": "scoreserver.attackpointhistory", "fields": {"question": 2, "point": 1000, "user": 33}}, {"pk": 194, "model": "scoreserver.attackpointhistory", "fields": {"question": 9, "point": 1100, "user": 43}}, {"pk": 195, "model": "scoreserver.attackpointhistory", "fields": {"question": 1, "point": 1100, "user": 17}}, {"pk": 196, "model": "scoreserver.attackpointhistory", "fields": {"question": 7, "point": 1100, "user": 5}}, {"pk": 197, "model": "scoreserver.attackpointhistory", "fields": {"question": 9, "point": 1100, "user": 2}}, {"pk": 198, "model": "scoreserver.attackpointhistory", "fields": {"question": 9, "point": 1100, "user": 45}}, {"pk": 199, "model": "scoreserver.attackpointhistory", "fields": {"question": 5, "point": 900, "user": 46}}, {"pk": 200, "model": "scoreserver.attackpointhistory", "fields": {"question": 6, "point": 500, "user": 25}}, {"pk": 201, "model": "scoreserver.attackpointhistory", "fields": {"question": 1, "point": 1100, "user": 38}}, {"pk": 202, "model": "scoreserver.attackpointhistory", "fields": {"question": 4, "point": 1100, "user": 8}}, {"pk": 203, "model": "scoreserver.attackpointhistory", "fields": {"question": 1, "point": 1100, "user": 20}}, {"pk": 204, "model": "scoreserver.attackpointhistory", "fields": {"question": 2, "point": 1000, "user": 38}}, {"pk": 205, "model": "scoreserver.attackpointhistory", "fields": {"question": 1, "point": 1100, "user": 19}}, {"pk": 206, "model": "scoreserver.attackpointhistory", "fields": {"question": 9, "point": 1100, "user": 40}}, {"pk": 207, "model": "scoreserver.attackpointhistory", "fields": {"question": 4, "point": 1100, "user": 14}}, {"pk": 208, "model": "scoreserver.attackpointhistory", "fields": {"question": 1, "point": 1100, "user": 45}}, {"pk": 209, "model": "scoreserver.attackpointhistory", "fields": {"question": 6, "point": 500, "user": 29}}, {"pk": 210, "model": "scoreserver.attackpointhistory", "fields": {"question": 2, "point": 1000, "user": 39}}, {"pk": 211, "model": "scoreserver.attackpointhistory", "fields": {"question": 9, "point": 1100, "user": 35}}, {"pk": 212, "model": "scoreserver.attackpointhistory", "fields": {"question": 2, "point": 1000, "user": 27}}, {"pk": 213, "model": "scoreserver.attackpointhistory", "fields": {"question": 3, "point": 1000, "user": 36}}, {"pk": 214, "model": "scoreserver.attackpointhistory", "fields": {"question": 6, "point": 500, "user": 12}}, {"pk": 215, "model": "scoreserver.attackpointhistory", "fields": {"question": 1, "point": 1100, "user": 4}}, {"pk": 216, "model": "scoreserver.attackpointhistory", "fields": {"question": 4, "point": 1100, "user": 45}}, {"pk": 217, "model": "scoreserver.attackpointhistory", "fields": {"question": 1, "point": 1100, "user": 23}}, {"pk": 218, "model": "scoreserver.attackpointhistory", "fields": {"question": 3, "point": 1000, "user": 47}}, {"pk": 219, "model": "scoreserver.attackpointhistory", "fields": {"question": 2, "point": 1000, "user": 42}}, {"pk": 220, "model": "scoreserver.attackpointhistory", "fields": {"question": 9, "point": 1100, "user": 17}}, {"pk": 221, "model": "scoreserver.attackpointhistory", "fields": {"question": 1, "point": 1100, "user": 47}}, {"pk": 222, "model": "scoreserver.attackpointhistory", "fields": {"question": 6, "point": 500, "user": 34}}, {"pk": 223, "model": "scoreserver.attackpointhistory", "fields": {"question": 4, "point": 1100, "user": 31}}, {"pk": 224, "model": "scoreserver.attackpointhistory", "fields": {"question": 9, "point": 1100, "user": 34}}, {"pk": 225, "model": "scoreserver.attackpointhistory", "fields": {"question": 6, "point": 500, "user": 12}}, {"pk": 226, "model": "scoreserver.attackpointhistory", "fields": {"question": 6, "point": 500, "user": 7}}, {"pk": 227, "model": "scoreserver.attackpointhistory", "fields": {"question": 5, "point": 900, "user": 3}}, {"pk": 228, "model": "scoreserver.attackpointhistory", "fields": {"question": 3, "point": 1000, "user": 26}}, {"pk": 229, "model": "scoreserver.attackpointhistory", "fields": {"question": 7, "point": 1100, "user": 32}}, {"pk": 230, "model": "scoreserver.attackpointhistory", "fields": {"question": 4, "point": 1100, "user": 10}}, {"pk": 231, "model": "scoreserver.attackpointhistory", "fields": {"question": 4, "point": 1100, "user": 38}}, {"pk": 232, "model": "scoreserver.attackpointhistory", "fields": {"question": 5, "point": 900, "user": 18}}, {"pk": 233, "model": "scoreserver.attackpointhistory", "fields": {"question": 8, "point": 900, "user": 6}}, {"pk": 234, "model": "scoreserver.attackpointhistory", "fields": {"question": 8, "point": 900, "user": 7}}, {"pk": 235, "model": "scoreserver.attackpointhistory", "fields": {"question": 9, "point": 1100, "user": 3}}, {"pk": 236, "model": "scoreserver.attackpointhistory", "fields": {"question": 8, "point": 900, "user": 29}}, {"pk": 237, "model": "scoreserver.attackpointhistory", "fields": {"question": 1, "point": 1100, "user": 38}}, {"pk": 238, "model": "scoreserver.attackpointhistory", "fields": {"question": 6, "point": 500, "user": 18}}, {"pk": 239, "model": "scoreserver.attackpointhistory", "fields": {"question": 9, "point": 1100, "user": 46}}, {"pk": 240, "model": "scoreserver.attackpointhistory", "fields": {"question": 4, "point": 1100, "user": 16}}, {"pk": 241, "model": "scoreserver.attackpointhistory", "fields": {"question": 2, "point": 1000, "user": 21}}, {"pk": 242, "model": "scoreserver.attackpointhistory", "fields": {"question": 5, "point": 900, "user": 23}}, {"pk": 243, "model": "scoreserver.attackpointhistory", "fields": {"question": 4, "point": 1100, "user": 20}}, {"pk": 244, "model": "scoreserver.attackpointhistory", "fields": {"question": 4, "point": 1100, "user": 18}}, {"pk": 245, "model": "scoreserver.attackpointhistory", "fields": {"question": 4, "point": 1100, "user": 31}}, {"pk": 246, "model": "scoreserver.attackpointhistory", "fields": {"question": 3, "point": 1000, "user": 45}}, {"pk": 247, "model": "scoreserver.attackpointhistory", "fields": {"question": 1, "point": 1100, "user": 48}}, {"pk": 248, "model": "scoreserver.attackpointhistory", "fields": {"question": 4, "point": 1100, "user": 9}}, {"pk": 249, "model": "scoreserver.attackpointhistory", "fields": {"question": 6, "point": 500, "user": 26}}, {"pk": 250, "model": "scoreserver.attackpointhistory", "fields": {"question": 4, "point": 1100, "user": 44}}, {"pk": 251, "model": "scoreserver.attackpointhistory", "fields": {"question": 4, "point": 1100, "user": 42}}, {"pk": 252, "model": "scoreserver.attackpointhistory", "fields": {"question": 5, "point": 900, "user": 49}}, {"pk": 253, "model": "scoreserver.attackpointhistory", "fields": {"question": 3, "point": 1000, "user": 48}}, {"pk": 254, "model": "scoreserver.attackpointhistory", "fields": {"question": 3, "point": 1000, "user": 16}}, {"pk": 255, "model": "scoreserver.attackpointhistory", "fields": {"question": 5, "point": 900, "user": 10}}, {"pk": 256, "model": "scoreserver.attackpointhistory", "fields": {"question": 2, "point": 1000, "user": 25}}, {"pk": 257, "model": "scoreserver.attackpointhistory", "fields": {"question": 9, "point": 1100, "user": 14}}, {"pk": 258, "model": "scoreserver.attackpointhistory", "fields": {"question": 8, "point": 900, "user": 5}}, {"pk": 259, "model": "scoreserver.attackpointhistory", "fields": {"question": 3, "point": 1000, "user": 26}}, {"pk": 260, "model": "scoreserver.attackpointhistory", "fields": {"question": 4, "point": 1100, "user": 44}}, {"pk": 261, "model": "scoreserver.attackpointhistory", "fields": {"question": 5, "point": 900, "user": 43}}, {"pk": 262, "model": "scoreserver.attackpointhistory", "fields": {"question": 8, "point": 900, "user": 48}}, {"pk": 263, "model": "scoreserver.attackpointhistory", "fields": {"question": 6, "point": 500, "user": 16}}, {"pk": 264, "model": "scoreserver.attackpointhistory", "fields": {"question": 8, "point": 900, "user": 37}}, {"pk": 265, "model": "scoreserver.attackpointhistory", "fields": {"question": 1, "point": 1100, "user": 14}}, {"pk": 266, "model": "scoreserver.attackpointhistory", "fields": {"question": 8, "point": 900, "user": 3}}, {"pk": 267, "model": "scoreserver.attackpointhistory", "fields": {"question": 6, "point": 500, "user": 18}}, {"pk": 268, "model": "scoreserver.attackpointhistory", "fields": {"question": 2, "point": 1000, "user": 36}}, {"pk": 269, "model": "scoreserver.attackpointhistory", "fields": {"question": 9, "point": 1100, "user": 27}}, {"pk": 270, "model": "scoreserver.attackpointhistory", "fields": {"question": 3, "point": 1000, "user": 33}}, {"pk": 271, "model": "scoreserver.attackpointhistory", "fields": {"question": 6, "point": 500, "user": 24}}, {"pk": 272, "model": "scoreserver.attackpointhistory", "fields": {"question": 7, "point": 1100, "user": 16}}, {"pk": 273, "model": "scoreserver.attackpointhistory", "fields": {"question": 2, "point": 1000, "user": 34}}, {"pk": 274, "model": "scoreserver.attackpointhistory", "fields": {"question": 8, "point": 900, "user": 3}}, {"pk": 275, "model": "scoreserver.attackpointhistory", "fields": {"question": 2, "point": 1000, "user": 1}}, {"pk": 276, "model": "scoreserver.attackpointhistory", "fields": {"question": 9, "point": 1100, "user": 37}}, {"pk": 277, "model": "scoreserver.attackpointhistory", "fields": {"question": 7, "point": 1100, "user": 35}}, {"pk": 278, "model": "scoreserver.attackpointhistory", "fields": {"question": 6, "point": 500, "user": 33}}, {"pk": 279, "model": "scoreserver.attackpointhistory", "fields": {"question": 6, "point": 500, "user": 21}}, {"pk": 280, "model": "scoreserver.attackpointhistory", "fields": {"question": 6, "point": 500, "user": 35}}, {"pk": 281, "model": "scoreserver.attackpointhistory", "fields": {"question": 5, "point": 900, "user": 32}}, {"pk": 282, "model": "scoreserver.attackpointhistory", "fields": {"question": 5, "point": 900, "user": 28}}, {"pk": 283, "model": "scoreserver.attackpointhistory", "fields": {"question": 9, "point": 1100, "user": 31}}, {"pk": 284, "model": "scoreserver.attackpointhistory", "fields": {"question": 1, "point": 1100, "user": 21}}, {"pk": 285, "model": "scoreserver.attackpointhistory", "fields": {"question": 2, "point": 1000, "user": 42}}, {"pk": 286, "model": "scoreserver.attackpointhistory", "fields": {"question": 9, "point": 1100, "user": 6}}, {"pk": 287, "model": "scoreserver.attackpointhistory", "fields": {"question": 1, "point": 1100, "user": 10}}, {"pk": 288, "model": "scoreserver.attackpointhistory", "fields": {"question": 1, "point": 1100, "user": 26}}, {"pk": 289, "model": "scoreserver.attackpointhistory", "fields": {"question": 7, "point": 1100, "user": 20}}, {"pk": 290, "model": "scoreserver.attackpointhistory", "fields": {"question": 6, "point": 500, "user": 21}}, {"pk": 291, "model": "scoreserver.attackpointhistory", "fields": {"question": 9, "point": 1100, "user": 6}}, {"pk": 292, "model": "scoreserver.attackpointhistory", "fields": {"question": 1, "point": 1100, "user": 25}}, {"pk": 293, "model": "scoreserver.attackpointhistory", "fields": {"question": 4, "point": 1100, "user": 23}}, {"pk": 294, "model": "scoreserver.attackpointhistory", "fields": {"question": 6, "point": 500, "user": 37}}, {"pk": 295, "model": "scoreserver.attackpointhistory", "fields": {"question": 7, "point": 1100, "user": 44}}, {"pk": 296, "model": "scoreserver.attackpointhistory", "fields": {"question": 7, "point": 1100, "user": 5}}, {"pk": 297, "model": "scoreserver.attackpointhistory", "fields": {"question": 6, "point": 500, "user": 12}}, {"pk": 298, "model": "scoreserver.attackpointhistory", "fields": {"question": 5, "point": 900, "user": 20}}, {"pk": 299, "model": "scoreserver.attackpointhistory", "fields": {"question": 2, "point": 1000, "user": 41}}, {"pk": 0, "model": "scoreserver.answerhistory", "fields": {"submit_flag": "FLAG_IS_RDomsoChLsBcqvV", "question": 9, "user": 21}}, {"pk": 1, "model": "scoreserver.answerhistory", "fields": {"submit_flag": "FLAG_IS_JBlIwRQpkFopBFD", "question": 6, "user": 12}}, {"pk": 2, "model": "scoreserver.answerhistory", "fields": {"submit_flag": "FLAG_IS_ouCHfgOdJTBlvJm", "question": 2, "user": 43}}, {"pk": 3, "model": "scoreserver.answerhistory", "fields": {"submit_flag": "FLAG_IS_DQCPMDqYgqCXuAY", "question": 9, "user": 13}}, {"pk": 4, "model": "scoreserver.answerhistory", "fields": {"submit_flag": "FLAG_IS_AiUThEDKkxcJTpN", "question": 3, "user": 26}}, {"pk": 5, "model": "scoreserver.answerhistory", "fields": {"submit_flag": "FLAG_IS_hXaZIUSLFYwMkwZ", "question": 1, "user": 37}}, {"pk": 6, "model": "scoreserver.answerhistory", "fields": {"submit_flag": "FLAG_IS_eiAyMYKuChLFgxJ", "question": 7, "user": 45}}, {"pk": 7, "model": "scoreserver.answerhistory", "fields": {"submit_flag": "FLAG_IS_VScARMQRrNPjzvS", "question": 2, "user": 2}}, {"pk": 8, "model": "scoreserver.answerhistory", "fields": {"submit_flag": "FLAG_IS_uShwaIwBhZEFdTI", "question": 3, "user": 35}}, {"pk": 9, "model": "scoreserver.answerhistory", "fields": {"submit_flag": "FLAG_IS_DTaPNuzEuSibcwL", "question": 7, "user": 10}}, {"pk": 10, "model": "scoreserver.answerhistory", "fields": {"submit_flag": "FLAG_IS_CWsDueabgdhjquv", "question": 6, "user": 18}}, {"pk": 11, "model": "scoreserver.answerhistory", "fields": {"submit_flag": "FLAG_IS_jprivNeTlzhSnaH", "question": 7, "user": 31}}, {"pk": 12, "model": "scoreserver.answerhistory", "fields": {"submit_flag": "FLAG_IS_ujwWRPXFnOIboUu", "question": 5, "user": 33}}, {"pk": 13, "model": "scoreserver.answerhistory", "fields": {"submit_flag": "FLAG_IS_XhVfhJpRUBceCDY", "question": 2, "user": 17}}, {"pk": 14, "model": "scoreserver.answerhistory", "fields": {"submit_flag": "FLAG_IS_izLOpKPoltcIGmh", "question": 6, "user": 26}}, {"pk": 15, "model": "scoreserver.answerhistory", "fields": {"submit_flag": "FLAG_IS_dGeHwnwoRqaSOlF", "question": 8, "user": 26}}, {"pk": 16, "model": "scoreserver.answerhistory", "fields": {"submit_flag": "FLAG_IS_XtFcYRiAMIhckBd", "question": 8, "user": 7}}, {"pk": 17, "model": "scoreserver.answerhistory", "fields": {"submit_flag": "FLAG_IS_AtnmrmHNNPoBdjq", "question": 5, "user": 30}}, {"pk": 18, "model": "scoreserver.answerhistory", "fields": {"submit_flag": "FLAG_IS_CZnoyhWTfELYDJY", "question": 3, "user": 18}}, {"pk": 19, "model": "scoreserver.answerhistory", "fields": {"submit_flag": "FLAG_IS_yciFyLcLjZVRkXm", "question": 5, "user": 8}}, {"pk": 20, "model": "scoreserver.answerhistory", "fields": {"submit_flag": "FLAG_IS_iiAtZXLvswGZtCj", "question": 1, "user": 38}}, {"pk": 21, "model": "scoreserver.answerhistory", "fields": {"submit_flag": "FLAG_IS_YprBoZIobqvxNsg", "question": 8, "user": 29}}, {"pk": 22, "model": "scoreserver.answerhistory", "fields": {"submit_flag": "FLAG_IS_quuseRWJSCNaVlJ", "question": 6, "user": 24}}, {"pk": 23, "model": "scoreserver.answerhistory", "fields": {"submit_flag": "FLAG_IS_xgkKjjvcJYYmjnx", "question": 1, "user": 42}}, {"pk": 24, "model": "scoreserver.answerhistory", "fields": {"submit_flag": "FLAG_IS_jHKDzqlzAWrvfLY", "question": 1, "user": 7}}, {"pk": 25, "model": "scoreserver.answerhistory", "fields": {"submit_flag": "FLAG_IS_CgSRJRfgTCVKihk", "question": 2, "user": 49}}, {"pk": 26, "model": "scoreserver.answerhistory", "fields": {"submit_flag": "FLAG_IS_fZpwnJmypSKfQxa", "question": 8, "user": 1}}, {"pk": 27, "model": "scoreserver.answerhistory", "fields": {"submit_flag": "FLAG_IS_QVCqUOwsororzHJ", "question": 9, "user": 6}}, {"pk": 28, "model": "scoreserver.answerhistory", "fields": {"submit_flag": "FLAG_IS_ToNWQcDQltelsZi", "question": 4, "user": 46}}, {"pk": 29, "model": "scoreserver.answerhistory", "fields": {"submit_flag": "FLAG_IS_GpzonooFavceXCf", "question": 4, "user": 10}}, {"pk": 30, "model": "scoreserver.answerhistory", "fields": {"submit_flag": "FLAG_IS_yKsjTQqfWgkKtCQ", "question": 7, "user": 36}}, {"pk": 31, "model": "scoreserver.answerhistory", "fields": {"submit_flag": "FLAG_IS_LdinKCgTjvQjCaH", "question": 9, "user": 45}}, {"pk": 32, "model": "scoreserver.answerhistory", "fields": {"submit_flag": "FLAG_IS_EpzswGgbcXxCasA", "question": 2, "user": 5}}, {"pk": 33, "model": "scoreserver.answerhistory", "fields": {"submit_flag": "FLAG_IS_bDHVtOcACQOZViN", "question": 1, "user": 36}}, {"pk": 34, "model": "scoreserver.answerhistory", "fields": {"submit_flag": "FLAG_IS_QFvOObgPPmKdDhT", "question": 9, "user": 16}}, {"pk": 35, "model": "scoreserver.answerhistory", "fields": {"submit_flag": "FLAG_IS_rzfYzhZaTwDJUJw", "question": 7, "user": 45}}, {"pk": 36, "model": "scoreserver.answerhistory", "fields": {"submit_flag": "FLAG_IS_dvkgwNoYxTmmKbo", "question": 5, "user": 11}}, {"pk": 37, "model": "scoreserver.answerhistory", "fields": {"submit_flag": "FLAG_IS_xooPtoDKDidKBHH", "question": 6, "user": 13}}, {"pk": 38, "model": "scoreserver.answerhistory", "fields": {"submit_flag": "FLAG_IS_UQbMinzjaqtFscV", "question": 8, "user": 28}}, {"pk": 39, "model": "scoreserver.answerhistory", "fields": {"submit_flag": "FLAG_IS_TnITjNpViwCPWJE", "question": 3, "user": 31}}, {"pk": 40, "model": "scoreserver.answerhistory", "fields": {"submit_flag": "FLAG_IS_mxJnLfUuToYLAaI", "question": 3, "user": 7}}, {"pk": 41, "model": "scoreserver.answerhistory", "fields": {"submit_flag": "FLAG_IS_wGUoMslTjxeeXLM", "question": 2, "user": 17}}, {"pk": 42, "model": "scoreserver.answerhistory", "fields": {"submit_flag": "FLAG_IS_nsvIreAuZIKrEuX", "question": 2, "user": 17}}, {"pk": 43, "model": "scoreserver.answerhistory", "fields": {"submit_flag": "FLAG_IS_tVoLaJRzdBYJwit", "question": 6, "user": 32}}, {"pk": 44, "model": "scoreserver.answerhistory", "fields": {"submit_flag": "FLAG_IS_xDIhmqeibYJaLOz", "question": 2, "user": 38}}, {"pk": 45, "model": "scoreserver.answerhistory", "fields": {"submit_flag": "FLAG_IS_TKUbGNRHFJbjmJy", "question": 2, "user": 10}}, {"pk": 46, "model": "scoreserver.answerhistory", "fields": {"submit_flag": "FLAG_IS_AOfTALwhyIqetjY", "question": 8, "user": 33}}, {"pk": 47, "model": "scoreserver.answerhistory", "fields": {"submit_flag": "FLAG_IS_SqokWziXknHGIsi", "question": 8, "user": 22}}, {"pk": 48, "model": "scoreserver.answerhistory", "fields": {"submit_flag": "FLAG_IS_fJTNGEVgHMVacTl", "question": 6, "user": 2}}, {"pk": 49, "model": "scoreserver.answerhistory", "fields": {"submit_flag": "FLAG_IS_muyoPqjtiLMpDBP", "question": 2, "user": 48}}, {"pk": 50, "model": "scoreserver.answerhistory", "fields": {"submit_flag": "FLAG_IS_nwNqvtivbEqsfcm", "question": 5, "user": 10}}, {"pk": 51, "model": "scoreserver.answerhistory", "fields": {"submit_flag": "FLAG_IS_cfOazMUwnuEjplD", "question": 3, "user": 5}}, {"pk": 52, "model": "scoreserver.answerhistory", "fields": {"submit_flag": "FLAG_IS_BgzOdNaxUgbwBWj", "question": 5, "user": 11}}, {"pk": 53, "model": "scoreserver.answerhistory", "fields": {"submit_flag": "FLAG_IS_QtrRxEUMuEXEPFH", "question": 4, "user": 30}}, {"pk": 54, "model": "scoreserver.answerhistory", "fields": {"submit_flag": "FLAG_IS_EnkdbRQHrRMzCVB", "question": 2, "user": 23}}, {"pk": 55, "model": "scoreserver.answerhistory", "fields": {"submit_flag": "FLAG_IS_cGXNescuSjwBGMV", "question": 6, "user": 9}}, {"pk": 56, "model": "scoreserver.answerhistory", "fields": {"submit_flag": "FLAG_IS_OfnuCklxkxqygAC", "question": 8, "user": 25}}, {"pk": 57, "model": "scoreserver.answerhistory", "fields": {"submit_flag": "FLAG_IS_NGhINSvdRpAJeiQ", "question": 6, "user": 14}}, {"pk": 58, "model": "scoreserver.answerhistory", "fields": {"submit_flag": "FLAG_IS_HhBKrbzFHGtFcgk", "question": 8, "user": 1}}, {"pk": 59, "model": "scoreserver.answerhistory", "fields": {"submit_flag": "FLAG_IS_bnIDMAXtOBIkHxy", "question": 6, "user": 17}}, {"pk": 60, "model": "scoreserver.answerhistory", "fields": {"submit_flag": "FLAG_IS_WJeREUhzIRIMTzp", "question": 8, "user": 14}}, {"pk": 61, "model": "scoreserver.answerhistory", "fields": {"submit_flag": "FLAG_IS_rvNdUJMuGXhJicp", "question": 4, "user": 16}}, {"pk": 62, "model": "scoreserver.answerhistory", "fields": {"submit_flag": "FLAG_IS_QiwlkNyNwMGYsHc", "question": 6, "user": 14}}, {"pk": 63, "model": "scoreserver.answerhistory", "fields": {"submit_flag": "FLAG_IS_SDgdoVUxiirOtji", "question": 6, "user": 42}}, {"pk": 64, "model": "scoreserver.answerhistory", "fields": {"submit_flag": "FLAG_IS_rZanyELoJcSCWEd", "question": 1, "user": 46}}, {"pk": 65, "model": "scoreserver.answerhistory", "fields": {"submit_flag": "FLAG_IS_tUUwzPsCWuVEivy", "question": 3, "user": 12}}, {"pk": 66, "model": "scoreserver.answerhistory", "fields": {"submit_flag": "FLAG_IS_FNfhsZbWrHTldYl", "question": 7, "user": 49}}, {"pk": 67, "model": "scoreserver.answerhistory", "fields": {"submit_flag": "FLAG_IS_EtESJtAOMhXzUKF", "question": 4, "user": 2}}, {"pk": 68, "model": "scoreserver.answerhistory", "fields": {"submit_flag": "FLAG_IS_AaToFZkFEWrdTjt", "question": 6, "user": 35}}, {"pk": 69, "model": "scoreserver.answerhistory", "fields": {"submit_flag": "FLAG_IS_RdTrunwwdFoOooi", "question": 5, "user": 19}}, {"pk": 70, "model": "scoreserver.answerhistory", "fields": {"submit_flag": "FLAG_IS_hEwiIsnIyKqFWnR", "question": 8, "user": 6}}, {"pk": 71, "model": "scoreserver.answerhistory", "fields": {"submit_flag": "FLAG_IS_BDwzwyFempPeHOZ", "question": 8, "user": 35}}, {"pk": 72, "model": "scoreserver.answerhistory", "fields": {"submit_flag": "FLAG_IS_tNBvFpKTTjjhPmW", "question": 3, "user": 39}}, {"pk": 73, "model": "scoreserver.answerhistory", "fields": {"submit_flag": "FLAG_IS_MObeQzxHyzRLVPU", "question": 3, "user": 18}}, {"pk": 74, "model": "scoreserver.answerhistory", "fields": {"submit_flag": "FLAG_IS_yczlUiMfZbCTyiH", "question": 8, "user": 2}}, {"pk": 75, "model": "scoreserver.answerhistory", "fields": {"submit_flag": "FLAG_IS_dPOOgfMgJmbDVOl", "question": 5, "user": 13}}, {"pk": 76, "model": "scoreserver.answerhistory", "fields": {"submit_flag": "FLAG_IS_wTkAudcTfjZPjNA", "question": 9, "user": 20}}, {"pk": 77, "model": "scoreserver.answerhistory", "fields": {"submit_flag": "FLAG_IS_eVmuVokbOHwnARW", "question": 9, "user": 18}}, {"pk": 78, "model": "scoreserver.answerhistory", "fields": {"submit_flag": "FLAG_IS_hkshHfuhjxEOBAP", "question": 7, "user": 42}}, {"pk": 79, "model": "scoreserver.answerhistory", "fields": {"submit_flag": "FLAG_IS_ExuzTmcuMZmPupo", "question": 4, "user": 22}}, {"pk": 80, "model": "scoreserver.answerhistory", "fields": {"submit_flag": "FLAG_IS_SmAtAlqKkxOvuAw", "question": 8, "user": 39}}, {"pk": 81, "model": "scoreserver.answerhistory", "fields": {"submit_flag": "FLAG_IS_AAFqaGsMkMcrexu", "question": 8, "user": 31}}, {"pk": 82, "model": "scoreserver.answerhistory", "fields": {"submit_flag": "FLAG_IS_MgkRTgfOjxVDrFT", "question": 3, "user": 1}}, {"pk": 83, "model": "scoreserver.answerhistory", "fields": {"submit_flag": "FLAG_IS_ccYQAmcDCAUTggi", "question": 6, "user": 35}}, {"pk": 84, "model": "scoreserver.answerhistory", "fields": {"submit_flag": "FLAG_IS_scBrBxbHpXpaJba", "question": 6, "user": 40}}, {"pk": 85, "model": "scoreserver.answerhistory", "fields": {"submit_flag": "FLAG_IS_urymumqReATzVwD", "question": 2, "user": 41}}, {"pk": 86, "model": "scoreserver.answerhistory", "fields": {"submit_flag": "FLAG_IS_JVnPurBrvdEWrKV", "question": 4, "user": 3}}, {"pk": 87, "model": "scoreserver.answerhistory", "fields": {"submit_flag": "FLAG_IS_uZmwdUUaEvCOKZz", "question": 6, "user": 46}}, {"pk": 88, "model": "scoreserver.answerhistory", "fields": {"submit_flag": "FLAG_IS_cyEHsyJaFLrjnwp", "question": 5, "user": 17}}, {"pk": 89, "model": "scoreserver.answerhistory", "fields": {"submit_flag": "FLAG_IS_GXaywtFCsvYdsiv", "question": 6, "user": 37}}, {"pk": 90, "model": "scoreserver.answerhistory", "fields": {"submit_flag": "FLAG_IS_UFsSrIbVEFDGtVi", "question": 3, "user": 46}}, {"pk": 91, "model": "scoreserver.answerhistory", "fields": {"submit_flag": "FLAG_IS_twowoLqSFKNXAfZ", "question": 5, "user": 24}}, {"pk": 92, "model": "scoreserver.answerhistory", "fields": {"submit_flag": "FLAG_IS_kudumvvwIejqubx", "question": 1, "user": 16}}, {"pk": 93, "model": "scoreserver.answerhistory", "fields": {"submit_flag": "FLAG_IS_xKlzuovOXYOmooW", "question": 7, "user": 22}}, {"pk": 94, "model": "scoreserver.answerhistory", "fields": {"submit_flag": "FLAG_IS_jvaMWvwCCWZXeod", "question": 8, "user": 20}}, {"pk": 95, "model": "scoreserver.answerhistory", "fields": {"submit_flag": "FLAG_IS_qYQeFuYItQpZkQn", "question": 3, "user": 46}}, {"pk": 96, "model": "scoreserver.answerhistory", "fields": {"submit_flag": "FLAG_IS_HCjKNhUaePswKMQ", "question": 6, "user": 49}}, {"pk": 97, "model": "scoreserver.answerhistory", "fields": {"submit_flag": "FLAG_IS_uXrYnLhmDdpNbME", "question": 6, "user": 9}}, {"pk": 98, "model": "scoreserver.answerhistory", "fields": {"submit_flag": "FLAG_IS_DHjXBnPVGMGXMfZ", "question": 1, "user": 9}}, {"pk": 99, "model": "scoreserver.answerhistory", "fields": {"submit_flag": "FLAG_IS_nwipoNvTqGegykv", "question": 3, "user": 18}}, {"pk": 100, "model": "scoreserver.answerhistory", "fields": {"submit_flag": "FLAG_IS_sjJlRnBEvLwIiNq", "question": 1, "user": 10}}, {"pk": 101, "model": "scoreserver.answerhistory", "fields": {"submit_flag": "FLAG_IS_ASqcWpnsnxvxhtp", "question": 7, "user": 28}}, {"pk": 102, "model": "scoreserver.answerhistory", "fields": {"submit_flag": "FLAG_IS_ncDpczbuPCPPeYY", "question": 9, "user": 11}}, {"pk": 103, "model": "scoreserver.answerhistory", "fields": {"submit_flag": "FLAG_IS_tzcDCZBekLbmEyX", "question": 1, "user": 36}}, {"pk": 104, "model": "scoreserver.answerhistory", "fields": {"submit_flag": "FLAG_IS_GnbfqdiVqLBQEuy", "question": 6, "user": 23}}, {"pk": 105, "model": "scoreserver.answerhistory", "fields": {"submit_flag": "FLAG_IS_OXJKwEzQoXyGWBk", "question": 3, "user": 33}}, {"pk": 106, "model": "scoreserver.answerhistory", "fields": {"submit_flag": "FLAG_IS_fZPpSmIMDwsEFga", "question": 2, "user": 35}}, {"pk": 107, "model": "scoreserver.answerhistory", "fields": {"submit_flag": "FLAG_IS_noCrcKFvTdMeqXA", "question": 4, "user": 5}}, {"pk": 108, "model": "scoreserver.answerhistory", "fields": {"submit_flag": "FLAG_IS_WDkQypWstGYDnjh", "question": 6, "user": 24}}, {"pk": 109, "model": "scoreserver.answerhistory", "fields": {"submit_flag": "FLAG_IS_ugSqcVhBdQjnmdy", "question": 7, "user": 30}}, {"pk": 110, "model": "scoreserver.answerhistory", "fields": {"submit_flag": "FLAG_IS_ThOdDnWiQgKjURh", "question": 2, "user": 43}}, {"pk": 111, "model": "scoreserver.answerhistory", "fields": {"submit_flag": "FLAG_IS_kWDKhtODCjnMlWF", "question": 9, "user": 29}}, {"pk": 112, "model": "scoreserver.answerhistory", "fields": {"submit_flag": "FLAG_IS_tJtdmGmTGqgPyLz", "question": 8, "user": 28}}, {"pk": 113, "model": "scoreserver.answerhistory", "fields": {"submit_flag": "FLAG_IS_hIJLMRcGaflhXNy", "question": 7, "user": 47}}, {"pk": 114, "model": "scoreserver.answerhistory", "fields": {"submit_flag": "FLAG_IS_pvMQrQDadwkMxIf", "question": 9, "user": 18}}, {"pk": 115, "model": "scoreserver.answerhistory", "fields": {"submit_flag": "FLAG_IS_cPnIkEghqSGmVFR", "question": 3, "user": 45}}, {"pk": 116, "model": "scoreserver.answerhistory", "fields": {"submit_flag": "FLAG_IS_zXrDWYrUTnOyLzU", "question": 4, "user": 3}}, {"pk": 117, "model": "scoreserver.answerhistory", "fields": {"submit_flag": "FLAG_IS_ocfstTlHawktvLl", "question": 1, "user": 30}}, {"pk": 118, "model": "scoreserver.answerhistory", "fields": {"submit_flag": "FLAG_IS_MGOPCTfSJXmidOG", "question": 8, "user": 18}}, {"pk": 119, "model": "scoreserver.answerhistory", "fields": {"submit_flag": "FLAG_IS_bNTOGOeHhsCwXHx", "question": 9, "user": 17}}, {"pk": 120, "model": "scoreserver.answerhistory", "fields": {"submit_flag": "FLAG_IS_tAoEFPBldAsWfod", "question": 7, "user": 45}}, {"pk": 121, "model": "scoreserver.answerhistory", "fields": {"submit_flag": "FLAG_IS_UKdWENZMURDaPSG", "question": 8, "user": 37}}, {"pk": 122, "model": "scoreserver.answerhistory", "fields": {"submit_flag": "FLAG_IS_MqXnMwqFTfbwYaF", "question": 7, "user": 5}}, {"pk": 123, "model": "scoreserver.answerhistory", "fields": {"submit_flag": "FLAG_IS_ZONIJYcgfIaAlkJ", "question": 8, "user": 21}}, {"pk": 124, "model": "scoreserver.answerhistory", "fields": {"submit_flag": "FLAG_IS_wEkCnTnNYDfklDn", "question": 5, "user": 25}}, {"pk": 125, "model": "scoreserver.answerhistory", "fields": {"submit_flag": "FLAG_IS_eangJkyXJQgbYds", "question": 6, "user": 10}}, {"pk": 126, "model": "scoreserver.answerhistory", "fields": {"submit_flag": "FLAG_IS_jvaYmXNdriqWaHv", "question": 2, "user": 49}}, {"pk": 127, "model": "scoreserver.answerhistory", "fields": {"submit_flag": "FLAG_IS_otaHDEJmDkAoTwm", "question": 1, "user": 28}}, {"pk": 128, "model": "scoreserver.answerhistory", "fields": {"submit_flag": "FLAG_IS_rrJochBNFRYxBMc", "question": 3, "user": 30}}, {"pk": 129, "model": "scoreserver.answerhistory", "fields": {"submit_flag": "FLAG_IS_BcMhCVgYCdDNgzE", "question": 1, "user": 25}}, {"pk": 130, "model": "scoreserver.answerhistory", "fields": {"submit_flag": "FLAG_IS_AooCKmLGtLDixGo", "question": 2, "user": 5}}, {"pk": 131, "model": "scoreserver.answerhistory", "fields": {"submit_flag": "FLAG_IS_NjvBQxczPVaNwvy", "question": 2, "user": 5}}, {"pk": 132, "model": "scoreserver.answerhistory", "fields": {"submit_flag": "FLAG_IS_JJBibYLKxPqLzdV", "question": 5, "user": 39}}, {"pk": 133, "model": "scoreserver.answerhistory", "fields": {"submit_flag": "FLAG_IS_vwbfBJEXYQlpokc", "question": 3, "user": 43}}, {"pk": 134, "model": "scoreserver.answerhistory", "fields": {"submit_flag": "FLAG_IS_aXmOGlpALroZsHP", "question": 7, "user": 20}}, {"pk": 135, "model": "scoreserver.answerhistory", "fields": {"submit_flag": "FLAG_IS_NSBpOLTJvPyZOAj", "question": 7, "user": 43}}, {"pk": 136, "model": "scoreserver.answerhistory", "fields": {"submit_flag": "FLAG_IS_mSmrWJGhGNAIjpn", "question": 3, "user": 22}}, {"pk": 137, "model": "scoreserver.answerhistory", "fields": {"submit_flag": "FLAG_IS_YUVHHOrnxUfmyvu", "question": 6, "user": 26}}, {"pk": 138, "model": "scoreserver.answerhistory", "fields": {"submit_flag": "FLAG_IS_LaRPTJeffkuhoCS", "question": 9, "user": 41}}, {"pk": 139, "model": "scoreserver.answerhistory", "fields": {"submit_flag": "FLAG_IS_SYXZowhjXAyclkY", "question": 5, "user": 31}}, {"pk": 140, "model": "scoreserver.answerhistory", "fields": {"submit_flag": "FLAG_IS_oiufApaMnjgoqTY", "question": 7, "user": 32}}, {"pk": 141, "model": "scoreserver.answerhistory", "fields": {"submit_flag": "FLAG_IS_pmbysszomhOpOIT", "question": 2, "user": 42}}, {"pk": 142, "model": "scoreserver.answerhistory", "fields": {"submit_flag": "FLAG_IS_bWwsfnjywIEDGWv", "question": 7, "user": 40}}, {"pk": 143, "model": "scoreserver.answerhistory", "fields": {"submit_flag": "FLAG_IS_FSvqJWkIEumGpOt", "question": 7, "user": 44}}, {"pk": 144, "model": "scoreserver.answerhistory", "fields": {"submit_flag": "FLAG_IS_PSmaSIfsyohwGuI", "question": 4, "user": 4}}, {"pk": 145, "model": "scoreserver.answerhistory", "fields": {"submit_flag": "FLAG_IS_qiMTHLEXVaZtZHs", "question": 5, "user": 40}}, {"pk": 146, "model": "scoreserver.answerhistory", "fields": {"submit_flag": "FLAG_IS_AKByRetVTjniwKp", "question": 2, "user": 7}}, {"pk": 147, "model": "scoreserver.answerhistory", "fields": {"submit_flag": "FLAG_IS_bsoVHkoFbKZsDdC", "question": 9, "user": 9}}, {"pk": 148, "model": "scoreserver.answerhistory", "fields": {"submit_flag": "FLAG_IS_ynCRtxFRFivAOOQ", "question": 5, "user": 31}}, {"pk": 149, "model": "scoreserver.answerhistory", "fields": {"submit_flag": "FLAG_IS_GDpeGJNmMsAQEAd", "question": 3, "user": 14}}, {"pk": 150, "model": "scoreserver.answerhistory", "fields": {"submit_flag": "FLAG_IS_AozfjKYbeeylhVg", "question": 4, "user": 47}}, {"pk": 151, "model": "scoreserver.answerhistory", "fields": {"submit_flag": "FLAG_IS_dLHLmZpFqhUfVEG", "question": 1, "user": 45}}, {"pk": 152, "model": "scoreserver.answerhistory", "fields": {"submit_flag": "FLAG_IS_KcaeRPMgXgNVExy", "question": 1, "user": 39}}, {"pk": 153, "model": "scoreserver.answerhistory", "fields": {"submit_flag": "FLAG_IS_kYmrfrqKffrMVTg", "question": 9, "user": 19}}, {"pk": 154, "model": "scoreserver.answerhistory", "fields": {"submit_flag": "FLAG_IS_TWuiHhQuSDHfBdn", "question": 8, "user": 32}}, {"pk": 155, "model": "scoreserver.answerhistory", "fields": {"submit_flag": "FLAG_IS_CKFVdPJpgVXYZgL", "question": 8, "user": 34}}, {"pk": 156, "model": "scoreserver.answerhistory", "fields": {"submit_flag": "FLAG_IS_oNubsFokxCYrpal", "question": 1, "user": 36}}, {"pk": 157, "model": "scoreserver.answerhistory", "fields": {"submit_flag": "FLAG_IS_bgNYEfrSfkesxOL", "question": 9, "user": 40}}, {"pk": 158, "model": "scoreserver.answerhistory", "fields": {"submit_flag": "FLAG_IS_CfoKIxogIGdDQVk", "question": 4, "user": 44}}, {"pk": 159, "model": "scoreserver.answerhistory", "fields": {"submit_flag": "FLAG_IS_ZHLtcfoOOdFuzyd", "question": 1, "user": 47}}, {"pk": 160, "model": "scoreserver.answerhistory", "fields": {"submit_flag": "FLAG_IS_pbrPvGheZVuUTgv", "question": 3, "user": 48}}, {"pk": 161, "model": "scoreserver.answerhistory", "fields": {"submit_flag": "FLAG_IS_sEDuGUPjJuNCTsb", "question": 1, "user": 1}}, {"pk": 162, "model": "scoreserver.answerhistory", "fields": {"submit_flag": "FLAG_IS_EBKAnnyNeqUrPkp", "question": 7, "user": 9}}, {"pk": 163, "model": "scoreserver.answerhistory", "fields": {"submit_flag": "FLAG_IS_xhJKvPgfdyYLwsS", "question": 9, "user": 2}}, {"pk": 164, "model": "scoreserver.answerhistory", "fields": {"submit_flag": "FLAG_IS_QwUGbMTVoHQEojT", "question": 7, "user": 13}}, {"pk": 165, "model": "scoreserver.answerhistory", "fields": {"submit_flag": "FLAG_IS_MDyRHjoWQtMdRGp", "question": 6, "user": 37}}, {"pk": 166, "model": "scoreserver.answerhistory", "fields": {"submit_flag": "FLAG_IS_wFNlMwrzvYeQFbe", "question": 6, "user": 6}}, {"pk": 167, "model": "scoreserver.answerhistory", "fields": {"submit_flag": "FLAG_IS_vxZNWTRtXjXsrio", "question": 4, "user": 21}}, {"pk": 168, "model": "scoreserver.answerhistory", "fields": {"submit_flag": "FLAG_IS_rMvbkbDSFyiXNnO", "question": 4, "user": 24}}, {"pk": 169, "model": "scoreserver.answerhistory", "fields": {"submit_flag": "FLAG_IS_BGJNsdtvbhXfnSB", "question": 1, "user": 43}}, {"pk": 170, "model": "scoreserver.answerhistory", "fields": {"submit_flag": "FLAG_IS_BeHZtmmLRVEfwbv", "question": 5, "user": 36}}, {"pk": 171, "model": "scoreserver.answerhistory", "fields": {"submit_flag": "FLAG_IS_LTIstoyXOmBybxt", "question": 5, "user": 10}}, {"pk": 172, "model": "scoreserver.answerhistory", "fields": {"submit_flag": "FLAG_IS_AVrRboYSBfFBivL", "question": 2, "user": 28}}, {"pk": 173, "model": "scoreserver.answerhistory", "fields": {"submit_flag": "FLAG_IS_VzqtWOrQHgCnNbj", "question": 7, "user": 47}}, {"pk": 174, "model": "scoreserver.answerhistory", "fields": {"submit_flag": "FLAG_IS_GDrMxDMhlquGNxO", "question": 3, "user": 23}}, {"pk": 175, "model": "scoreserver.answerhistory", "fields": {"submit_flag": "FLAG_IS_xSiLPDxYNQtJnjc", "question": 2, "user": 45}}, {"pk": 176, "model": "scoreserver.answerhistory", "fields": {"submit_flag": "FLAG_IS_OoVPgfHvSlqcArR", "question": 5, "user": 33}}, {"pk": 177, "model": "scoreserver.answerhistory", "fields": {"submit_flag": "FLAG_IS_NeVemuLMvFOqmSb", "question": 9, "user": 40}}, {"pk": 178, "model": "scoreserver.answerhistory", "fields": {"submit_flag": "FLAG_IS_RlqMtpFISWEQgoQ", "question": 6, "user": 4}}, {"pk": 179, "model": "scoreserver.answerhistory", "fields": {"submit_flag": "FLAG_IS_cpVqCBLzLKeWBjZ", "question": 7, "user": 38}}, {"pk": 180, "model": "scoreserver.answerhistory", "fields": {"submit_flag": "FLAG_IS_afaUPkvJvAUQkdw", "question": 7, "user": 4}}, {"pk": 181, "model": "scoreserver.answerhistory", "fields": {"submit_flag": "FLAG_IS_QjDvPIjoxrqSzIn", "question": 7, "user": 2}}, {"pk": 182, "model": "scoreserver.answerhistory", "fields": {"submit_flag": "FLAG_IS_bseXRSZUfOPHCxh", "question": 9, "user": 33}}, {"pk": 183, "model": "scoreserver.answerhistory", "fields": {"submit_flag": "FLAG_IS_AkrAKQGjYSSNgts", "question": 9, "user": 26}}, {"pk": 184, "model": "scoreserver.answerhistory", "fields": {"submit_flag": "FLAG_IS_yILNKEXxMMNzBWe", "question": 2, "user": 40}}, {"pk": 185, "model": "scoreserver.answerhistory", "fields": {"submit_flag": "FLAG_IS_DTWMxZOehyYgOfD", "question": 2, "user": 22}}, {"pk": 186, "model": "scoreserver.answerhistory", "fields": {"submit_flag": "FLAG_IS_IsjrBeYawpQZacZ", "question": 1, "user": 42}}, {"pk": 187, "model": "scoreserver.answerhistory", "fields": {"submit_flag": "FLAG_IS_xIubOPHLRTopPaD", "question": 6, "user": 11}}, {"pk": 188, "model": "scoreserver.answerhistory", "fields": {"submit_flag": "FLAG_IS_txAOOEmnUykjmVp", "question": 4, "user": 45}}, {"pk": 189, "model": "scoreserver.answerhistory", "fields": {"submit_flag": "FLAG_IS_SHvAElLiKstYeoz", "question": 3, "user": 38}}, {"pk": 190, "model": "scoreserver.answerhistory", "fields": {"submit_flag": "FLAG_IS_MxpZMTlSJLzgRDX", "question": 9, "user": 29}}, {"pk": 191, "model": "scoreserver.answerhistory", "fields": {"submit_flag": "FLAG_IS_IZsXmxTTUfimbzi", "question": 4, "user": 2}}, {"pk": 192, "model": "scoreserver.answerhistory", "fields": {"submit_flag": "FLAG_IS_WcVDYihnAjqpZFW", "question": 9, "user": 10}}, {"pk": 193, "model": "scoreserver.answerhistory", "fields": {"submit_flag": "FLAG_IS_RgtCbpGpKsnlCGa", "question": 4, "user": 17}}, {"pk": 194, "model": "scoreserver.answerhistory", "fields": {"submit_flag": "FLAG_IS_QNeUwriENFVhqJn", "question": 8, "user": 46}}, {"pk": 195, "model": "scoreserver.answerhistory", "fields": {"submit_flag": "FLAG_IS_BjRPGjBOwdKaPcz", "question": 1, "user": 30}}, {"pk": 196, "model": "scoreserver.answerhistory", "fields": {"submit_flag": "FLAG_IS_VDdGgGwuFqaJmTl", "question": 3, "user": 45}}, {"pk": 197, "model": "scoreserver.answerhistory", "fields": {"submit_flag": "FLAG_IS_ZrdlMuPLJZWktYR", "question": 4, "user": 1}}, {"pk": 198, "model": "scoreserver.answerhistory", "fields": {"submit_flag": "FLAG_IS_nWJsDVIXBffpmJg", "question": 1, "user": 38}}, {"pk": 199, "model": "scoreserver.answerhistory", "fields": {"submit_flag": "FLAG_IS_WRXuhyOIKwDjTUO", "question": 9, "user": 7}}, {"pk": 200, "model": "scoreserver.answerhistory", "fields": {"submit_flag": "FLAG_IS_mzTqzrNxHfoFWTB", "question": 1, "user": 29}}, {"pk": 201, "model": "scoreserver.answerhistory", "fields": {"submit_flag": "FLAG_IS_VoDvJPhWsSVcKTP", "question": 8, "user": 25}}, {"pk": 202, "model": "scoreserver.answerhistory", "fields": {"submit_flag": "FLAG_IS_egleUVcgvYDIneY", "question": 3, "user": 32}}, {"pk": 203, "model": "scoreserver.answerhistory", "fields": {"submit_flag": "FLAG_IS_KhHnWYtIYhXbZfk", "question": 4, "user": 18}}, {"pk": 204, "model": "scoreserver.answerhistory", "fields": {"submit_flag": "FLAG_IS_rFkBGhpcdwcObTa", "question": 6, "user": 21}}, {"pk": 205, "model": "scoreserver.answerhistory", "fields": {"submit_flag": "FLAG_IS_bmaAbsGVunDgtXY", "question": 5, "user": 27}}, {"pk": 206, "model": "scoreserver.answerhistory", "fields": {"submit_flag": "FLAG_IS_lGfyCmZqkABGnHa", "question": 7, "user": 42}}, {"pk": 207, "model": "scoreserver.answerhistory", "fields": {"submit_flag": "FLAG_IS_kkJmYVDocMfolBv", "question": 9, "user": 34}}, {"pk": 208, "model": "scoreserver.answerhistory", "fields": {"submit_flag": "FLAG_IS_HlzuOkQYgxlikso", "question": 4, "user": 5}}, {"pk": 209, "model": "scoreserver.answerhistory", "fields": {"submit_flag": "FLAG_IS_oQGGPTCqMheLJyP", "question": 1, "user": 31}}, {"pk": 210, "model": "scoreserver.answerhistory", "fields": {"submit_flag": "FLAG_IS_qKktrBpcucVabgl", "question": 7, "user": 31}}, {"pk": 211, "model": "scoreserver.answerhistory", "fields": {"submit_flag": "FLAG_IS_CIFXatfrHDMPzDD", "question": 2, "user": 22}}, {"pk": 212, "model": "scoreserver.answerhistory", "fields": {"submit_flag": "FLAG_IS_yJsQXPPNYqhOIyL", "question": 8, "user": 13}}, {"pk": 213, "model": "scoreserver.answerhistory", "fields": {"submit_flag": "FLAG_IS_UTJWzMcEEQzPzgL", "question": 5, "user": 48}}, {"pk": 214, "model": "scoreserver.answerhistory", "fields": {"submit_flag": "FLAG_IS_ltpjQVTjdmXGfgF", "question": 6, "user": 3}}, {"pk": 215, "model": "scoreserver.answerhistory", "fields": {"submit_flag": "FLAG_IS_kNnIlecgasxXudQ", "question": 9, "user": 35}}, {"pk": 216, "model": "scoreserver.answerhistory", "fields": {"submit_flag": "FLAG_IS_vCrwwoxMkQHnhRm", "question": 2, "user": 20}}, {"pk": 217, "model": "scoreserver.answerhistory", "fields": {"submit_flag": "FLAG_IS_UaHVGwupuVlJNnw", "question": 6, "user": 42}}, {"pk": 218, "model": "scoreserver.answerhistory", "fields": {"submit_flag": "FLAG_IS_SRseBsaMCfpnlRx", "question": 1, "user": 1}}, {"pk": 219, "model": "scoreserver.answerhistory", "fields": {"submit_flag": "FLAG_IS_swOOEYWQOJQRgLi", "question": 7, "user": 47}}, {"pk": 220, "model": "scoreserver.answerhistory", "fields": {"submit_flag": "FLAG_IS_lljAGvQwcDivthx", "question": 9, "user": 15}}, {"pk": 221, "model": "scoreserver.answerhistory", "fields": {"submit_flag": "FLAG_IS_QTtVtZVnCNGLdnz", "question": 6, "user": 47}}, {"pk": 222, "model": "scoreserver.answerhistory", "fields": {"submit_flag": "FLAG_IS_LvjZjxrhgTwdZuF", "question": 3, "user": 13}}, {"pk": 223, "model": "scoreserver.answerhistory", "fields": {"submit_flag": "FLAG_IS_hwsbEhTsNoHDBhA", "question": 6, "user": 20}}, {"pk": 224, "model": "scoreserver.answerhistory", "fields": {"submit_flag": "FLAG_IS_mOxxHekxUVwlUOU", "question": 6, "user": 15}}, {"pk": 225, "model": "scoreserver.answerhistory", "fields": {"submit_flag": "FLAG_IS_JuNpbJPssrOQdLr", "question": 8, "user": 45}}, {"pk": 226, "model": "scoreserver.answerhistory", "fields": {"submit_flag": "FLAG_IS_viuiwGpgosEJbJh", "question": 1, "user": 1}}, {"pk": 227, "model": "scoreserver.answerhistory", "fields": {"submit_flag": "FLAG_IS_DZMmqkHZaJYZHuC", "question": 2, "user": 36}}, {"pk": 228, "model": "scoreserver.answerhistory", "fields": {"submit_flag": "FLAG_IS_xUViPFNSUELWAjo", "question": 5, "user": 30}}, {"pk": 229, "model": "scoreserver.answerhistory", "fields": {"submit_flag": "FLAG_IS_qVOHYaMPrEeGpiz", "question": 3, "user": 21}}, {"pk": 230, "model": "scoreserver.answerhistory", "fields": {"submit_flag": "FLAG_IS_BYbIfiQCTYWgSaN", "question": 9, "user": 30}}, {"pk": 231, "model": "scoreserver.answerhistory", "fields": {"submit_flag": "FLAG_IS_cSTutCssrhgZixG", "question": 2, "user": 9}}, {"pk": 232, "model": "scoreserver.answerhistory", "fields": {"submit_flag": "FLAG_IS_CqsXrWFjsLjJnqi", "question": 4, "user": 43}}, {"pk": 233, "model": "scoreserver.answerhistory", "fields": {"submit_flag": "FLAG_IS_FYiOfuFOGuHMKnu", "question": 7, "user": 37}}, {"pk": 234, "model": "scoreserver.answerhistory", "fields": {"submit_flag": "FLAG_IS_ZmwPqeAqBfOrzHT", "question": 6, "user": 36}}, {"pk": 235, "model": "scoreserver.answerhistory", "fields": {"submit_flag": "FLAG_IS_fGgFOgZTaSUxMal", "question": 8, "user": 23}}, {"pk": 236, "model": "scoreserver.answerhistory", "fields": {"submit_flag": "FLAG_IS_TUaOfKHVJKqgesO", "question": 8, "user": 18}}, {"pk": 237, "model": "scoreserver.answerhistory", "fields": {"submit_flag": "FLAG_IS_GBvYEzGxMYHULLN", "question": 3, "user": 28}}, {"pk": 238, "model": "scoreserver.answerhistory", "fields": {"submit_flag": "FLAG_IS_LOUEsFGcvhmelVx", "question": 1, "user": 3}}, {"pk": 239, "model": "scoreserver.answerhistory", "fields": {"submit_flag": "FLAG_IS_EMKkeiDdZvTVoXq", "question": 4, "user": 45}}, {"pk": 240, "model": "scoreserver.answerhistory", "fields": {"submit_flag": "FLAG_IS_zqeWDBqMiOoWKsR", "question": 3, "user": 23}}, {"pk": 241, "model": "scoreserver.answerhistory", "fields": {"submit_flag": "FLAG_IS_IFvgSdXEUrIEkTH", "question": 1, "user": 8}}, {"pk": 242, "model": "scoreserver.answerhistory", "fields": {"submit_flag": "FLAG_IS_SCdaHwDsjqDrUTv", "question": 7, "user": 47}}, {"pk": 243, "model": "scoreserver.answerhistory", "fields": {"submit_flag": "FLAG_IS_kDxYvGXhRVnKuHF", "question": 1, "user": 1}}, {"pk": 244, "model": "scoreserver.answerhistory", "fields": {"submit_flag": "FLAG_IS_MynxxtPUViiVYec", "question": 5, "user": 17}}, {"pk": 245, "model": "scoreserver.answerhistory", "fields": {"submit_flag": "FLAG_IS_CHQrCrFdVVXktXQ", "question": 3, "user": 49}}, {"pk": 246, "model": "scoreserver.answerhistory", "fields": {"submit_flag": "FLAG_IS_AdxyRLjQPPClAkg", "question": 4, "user": 19}}, {"pk": 247, "model": "scoreserver.answerhistory", "fields": {"submit_flag": "FLAG_IS_OJWkZPtrvuqKqAW", "question": 4, "user": 6}}, {"pk": 248, "model": "scoreserver.answerhistory", "fields": {"submit_flag": "FLAG_IS_EMwBHzpXOJguoQU", "question": 3, "user": 3}}, {"pk": 249, "model": "scoreserver.answerhistory", "fields": {"submit_flag": "FLAG_IS_QcJzTRWAlQBIFMQ", "question": 3, "user": 10}}, {"pk": 250, "model": "scoreserver.answerhistory", "fields": {"submit_flag": "FLAG_IS_mzPeXFWWYmlIElC", "question": 5, "user": 14}}, {"pk": 251, "model": "scoreserver.answerhistory", "fields": {"submit_flag": "FLAG_IS_eYnDcriOdPqhyJL", "question": 8, "user": 28}}, {"pk": 252, "model": "scoreserver.answerhistory", "fields": {"submit_flag": "FLAG_IS_ooxSSjEGKgqmoJj", "question": 7, "user": 14}}, {"pk": 253, "model": "scoreserver.answerhistory", "fields": {"submit_flag": "FLAG_IS_iKCNbBjLyNFMwwM", "question": 1, "user": 43}}, {"pk": 254, "model": "scoreserver.answerhistory", "fields": {"submit_flag": "FLAG_IS_XufZzhpJMxSEVUh", "question": 7, "user": 47}}, {"pk": 255, "model": "scoreserver.answerhistory", "fields": {"submit_flag": "FLAG_IS_OILQjVDZhuINZlt", "question": 7, "user": 13}}, {"pk": 256, "model": "scoreserver.answerhistory", "fields": {"submit_flag": "FLAG_IS_HemirUBKhyGKzwh", "question": 7, "user": 2}}, {"pk": 257, "model": "scoreserver.answerhistory", "fields": {"submit_flag": "FLAG_IS_LlOeAiqHVykIeOi", "question": 3, "user": 28}}, {"pk": 258, "model": "scoreserver.answerhistory", "fields": {"submit_flag": "FLAG_IS_raUKToCnYBeqcpu", "question": 1, "user": 46}}, {"pk": 259, "model": "scoreserver.answerhistory", "fields": {"submit_flag": "FLAG_IS_WLvKQNbUgUwHkFB", "question": 5, "user": 15}}, {"pk": 260, "model": "scoreserver.answerhistory", "fields": {"submit_flag": "FLAG_IS_SOPsrnQKFbLXweX", "question": 3, "user": 40}}, {"pk": 261, "model": "scoreserver.answerhistory", "fields": {"submit_flag": "FLAG_IS_ETaaHHjufYWnqSU", "question": 3, "user": 37}}, {"pk": 262, "model": "scoreserver.answerhistory", "fields": {"submit_flag": "FLAG_IS_UxeGbZiJunInrAD", "question": 1, "user": 10}}, {"pk": 263, "model": "scoreserver.answerhistory", "fields": {"submit_flag": "FLAG_IS_CxxGZfIaBUPrrSm", "question": 6, "user": 32}}, {"pk": 264, "model": "scoreserver.answerhistory", "fields": {"submit_flag": "FLAG_IS_jNMIpFxhGnpznGH", "question": 1, "user": 42}}, {"pk": 265, "model": "scoreserver.answerhistory", "fields": {"submit_flag": "FLAG_IS_adXgYVDgcYVHqpL", "question": 8, "user": 1}}, {"pk": 266, "model": "scoreserver.answerhistory", "fields": {"submit_flag": "FLAG_IS_ETlffWDHcFhqFKc", "question": 5, "user": 44}}, {"pk": 267, "model": "scoreserver.answerhistory", "fields": {"submit_flag": "FLAG_IS_jPbggCgBsguvikC", "question": 8, "user": 40}}, {"pk": 268, "model": "scoreserver.answerhistory", "fields": {"submit_flag": "FLAG_IS_QVduyxjYauTDREA", "question": 8, "user": 22}}, {"pk": 269, "model": "scoreserver.answerhistory", "fields": {"submit_flag": "FLAG_IS_oixLFaBznwbfaJC", "question": 9, "user": 4}}, {"pk": 270, "model": "scoreserver.answerhistory", "fields": {"submit_flag": "FLAG_IS_fqNkXbpYNePdDWl", "question": 5, "user": 35}}, {"pk": 271, "model": "scoreserver.answerhistory", "fields": {"submit_flag": "FLAG_IS_GMCwRMIfLevPICP", "question": 1, "user": 4}}, {"pk": 272, "model": "scoreserver.answerhistory", "fields": {"submit_flag": "FLAG_IS_DGzhBxHBWRwELSY", "question": 1, "user": 48}}, {"pk": 273, "model": "scoreserver.answerhistory", "fields": {"submit_flag": "FLAG_IS_tGHLhbuiughguOs", "question": 3, "user": 43}}, {"pk": 274, "model": "scoreserver.answerhistory", "fields": {"submit_flag": "FLAG_IS_HwKzqDYsUxZrMgk", "question": 5, "user": 45}}, {"pk": 275, "model": "scoreserver.answerhistory", "fields": {"submit_flag": "FLAG_IS_dMblSkvBJwZBFAJ", "question": 1, "user": 6}}, {"pk": 276, "model": "scoreserver.answerhistory", "fields": {"submit_flag": "FLAG_IS_PmHtjNDJtbFGaTD", "question": 3, "user": 22}}, {"pk": 277, "model": "scoreserver.answerhistory", "fields": {"submit_flag": "FLAG_IS_BJUuFpsHAzrgzcC", "question": 3, "user": 17}}, {"pk": 278, "model": "scoreserver.answerhistory", "fields": {"submit_flag": "FLAG_IS_YHjOQSfsksXmDgE", "question": 1, "user": 29}}, {"pk": 279, "model": "scoreserver.answerhistory", "fields": {"submit_flag": "FLAG_IS_ydnDcuxHLTBQiSK", "question": 4, "user": 22}}, {"pk": 280, "model": "scoreserver.answerhistory", "fields": {"submit_flag": "FLAG_IS_ShKwtzFQxqaYSeJ", "question": 1, "user": 7}}, {"pk": 281, "model": "scoreserver.answerhistory", "fields": {"submit_flag": "FLAG_IS_PWTEtCLMcoqhtew", "question": 1, "user": 10}}, {"pk": 282, "model": "scoreserver.answerhistory", "fields": {"submit_flag": "FLAG_IS_tZCtqcXwxbSTGig", "question": 3, "user": 3}}, {"pk": 283, "model": "scoreserver.answerhistory", "fields": {"submit_flag": "FLAG_IS_rSlBaDBBLcnIiGr", "question": 1, "user": 10}}, {"pk": 284, "model": "scoreserver.answerhistory", "fields": {"submit_flag": "FLAG_IS_BEuQlWsiMxIYtYi", "question": 2, "user": 17}}, {"pk": 285, "model": "scoreserver.answerhistory", "fields": {"submit_flag": "FLAG_IS_txfSYymWYOGJGlA", "question": 5, "user": 34}}, {"pk": 286, "model": "scoreserver.answerhistory", "fields": {"submit_flag": "FLAG_IS_ppmGMmQoMfnQsNu", "question": 1, "user": 19}}, {"pk": 287, "model": "scoreserver.answerhistory", "fields": {"submit_flag": "FLAG_IS_wwFOSqsKWwDcllN", "question": 9, "user": 20}}, {"pk": 288, "model": "scoreserver.answerhistory", "fields": {"submit_flag": "FLAG_IS_csGgPfYnebZXUBk", "question": 2, "user": 27}}, {"pk": 289, "model": "scoreserver.answerhistory", "fields": {"submit_flag": "FLAG_IS_DmlsaByrfthBPdK", "question": 4, "user": 36}}, {"pk": 290, "model": "scoreserver.answerhistory", "fields": {"submit_flag": "FLAG_IS_LyBvJwTcHCwWlEp", "question": 9, "user": 27}}, {"pk": 291, "model": "scoreserver.answerhistory", "fields": {"submit_flag": "FLAG_IS_JFskjHTbGVzMyyd", "question": 7, "user": 16}}, {"pk": 292, "model": "scoreserver.answerhistory", "fields": {"submit_flag": "FLAG_IS_NqxarQaegwhCByb", "question": 8, "user": 45}}, {"pk": 293, "model": "scoreserver.answerhistory", "fields": {"submit_flag": "FLAG_IS_PtRATGxezQHtWPd", "question": 9, "user": 49}}, {"pk": 294, "model": "scoreserver.answerhistory", "fields": {"submit_flag": "FLAG_IS_YJDdwaSWjJvsmtn", "question": 4, "user": 28}}, {"pk": 295, "model": "scoreserver.answerhistory", "fields": {"submit_flag": "FLAG_IS_GlfCwqKwKhDIgMn", "question": 4, "user": 41}}, {"pk": 296, "model": "scoreserver.answerhistory", "fields": {"submit_flag": "FLAG_IS_nghCrKcucdhPRHZ", "question": 3, "user": 41}}, {"pk": 297, "model": "scoreserver.answerhistory", "fields": {"submit_flag": "FLAG_IS_VDbqDKpDdYkSbIO", "question": 4, "user": 36}}, {"pk": 298, "model": "scoreserver.answerhistory", "fields": {"submit_flag": "FLAG_IS_tWqNSvXzCJfuFZz", "question": 6, "user": 9}}, {"pk": 299, "model": "scoreserver.answerhistory", "fields": {"submit_flag": "FLAG_IS_qPEfxQbpufKqvmt", "question": 2, "user": 32}}]