[{"model": "scoreserver.category", "pk": 1, "fields": {"name": "Web"}}, {"model": "scoreserver.category", "pk": 2, "fields": {"name": "Network"}}, {"model": "scoreserver.category", "pk": 3, "fields": {"name": "Binary"}}, {"model": "scoreserver.category", "pk": 4, "fields": {"name": "Forensics"}}, {"model": "scoreserver.category", "pk": 5, "fields": {"name": "Crypto"}}, {"model": "scoreserver.category", "pk": 6, "fields": {"name": "Misc"}}, {"model": "scoreserver.question", "pk": 0, "fields": {"problem_url": "http://example.com/MyGWVOuoSHptYcwXqLreiaglhcqJVp", "description": "Question_desc:ZcVsjJsmtIRGMQrZaPamSvDyiZXyUQbFRMQCUoZfbQpjtSqkpUfimZrAFyqjQzmAHYpXHKrwhcVXZuGIZRSCStWNvYwWASwuqADA", "title": "Question_title:hYmOHeSznPGKeFz", "category": 2, "solved": 11}}, {"model": "scoreserver.question", "pk": 1, "fields": {"problem_url": "http://example.com/VeZGwEsSISLGnyEWabyXweeWxkldNR", "description": "Question_desc:dgKWpTeMsPFSYWlYGxGirDveBYlGuikLIbZHNCuebcVeWhikqFxkOOjylXchEawxelDwflkkBGmbVIHgmDkEMxUsFcRASgKUfLlK", "title": "Question_title:wrVMVruFHWHMhqA", "category": 6, "solved": 2}}, {"model": "scoreserver.question", "pk": 2, "fields": {"problem_url": "http://example.com/VOvpuPzzmbDHAvDCjvjDcWcxzvGSbn", "description": "Question_desc:BQoivPfbWYHTMXPWqvdIsTlvdHTSBJHCXWNsPFBbWCDySlCnJuKNrjPZYTxFYjztGkmBOMnuBIPTikbAloOWjbiLYyjYDGaBCDZj", "title": "Question_title:vSKZKDZkdFtjOMk", "category": 4, "solved": 15}}, {"model": "scoreserver.question", "pk": 3, "fields": {"problem_url": "http://example.com/fiyTYQmTkMKoNCKtMHbqZniVYROqUD", "description": "Question_desc:iviErZLnYUfaXAItQXNYrDVgbSohiHMlzBMvmsFvkOnGmJJyWPigYQLjdRnFeyjLHnzgCpMjBrknxgGZpalRbRxsaPSdFGktjeyI", "title": "Question_title:dxpnFLZinJBhFbF", "category": 2, "solved": 7}}, {"model": "scoreserver.question", "pk": 4, "fields": {"problem_url": "http://example.com/bhTFxkmdFNbPTGgkPPsJWggfEoFQVI", "description": "Question_desc:WKWNGoOFPrIPUQxVKRYqmSMUQBZIItcOqiPoNGYGQsWmKXvwEiSMSFImIxViunyOXncjzMbbFpzCtkeGxlkjtvFfjAexJUaNbLzE", "title": "Question_title:WIvnHxDzdchJRpe", "category": 1, "solved": 12}}, {"model": "scoreserver.question", "pk": 5, "fields": {"problem_url": "http://example.com/RqErYbpDtYrrAcdnBKqbEuseXzggUA", "description": "Question_desc:dIEInzukSfstuBZVtzVmSVUClSXWJBwzVygYjnznrnwjbMByGDIOXjlxSjHIxcTmWmvHZfVtBdMawihoWfrNbQUakkoYEGkDoGEx", "title": "Question_title:hVDOpSpjaBMVJOc", "category": 2, "solved": 18}}, {"model": "scoreserver.question", "pk": 6, "fields": {"problem_url": "http://example.com/kbkmByJVCXIGIQIopCdBORPWpcRcdz", "description": "Question_desc:PxQQtbVPBOntDKXRjbKpHZaRYZOFEfrktBBYCJgizAQMdTrxTgHOMmpoIoAKtYyuHGOudbBwWwgilSqkEIdqsXXkgZjHdPzOHtjD", "title": "Question_title:VGBiSszVUxTWMXK", "category": 4, "solved": 10}}, {"model": "scoreserver.question", "pk": 7, "fields": {"problem_url": "http://example.com/GvulSkQuyxrMADpCwsZdRiIuvniDeW", "description": "Question_desc:qvZzWWHAPgGSnnVtsEaqUTZcsHZhBRvMArNsOAYXDYByfiOnEOJxRTbdIxtShuHRKTFTAfkOGZxYxIURhRKphvNQcuXTCIgshEUt", "title": "Question_title:OForruFJFASvcff", "category": 5, "solved": 13}}, {"model": "scoreserver.question", "pk": 8, "fields": {"problem_url": "http://example.com/HsPzfyeAFhrxrkSCdbjvOiMEvejGiF", "description": "Question_desc:LlOdDoeKABwObQajaSzBwbZZfKvuVrCMzkMxgRFpnMUrTwAZyqnTvSImvJUHqTOcpqiaJmkbkMxFiBwcHNMXPZFAVydFHvymcMLU", "title": "Question_title:GVjubKUrZjfqzcm", "category": 3, "solved": 2}}, {"model": "scoreserver.question", "pk": 9, "fields": {"problem_url": "http://example.com/IHmyzHeEVTWPzLGLSwSdyganACybww", "description": "Question_desc:sEBiXRPnlNDoUIWNuvMkUOvAvNirJbyFXpWCPaRvnjADraUTRnvnErblKEOWEBXqhEmxiLSTXPXtajjReUuzxoazuSDORFCDbDcw", "title": "Question_title:ZAFWXEcHbzlUqjl", "category": 2, "solved": 19}}, {"model": "scoreserver.question", "pk": 10, "fields": {"problem_url": "http://example.com/gGrzWbsnexPdzVmUeGhcutptOUMcNo", "description": "Question_desc:IZehyimyGCpxFQwfcwXOdZunkIIbAVuyyyrgSwFvHghaXlygorWNmtnlbvUsqkwSHOykYRnvRpnZPaXcuWNpagFcXwiMaWTdfCbA", "title": "Question_title:ElpUiwkKnuxnzMU", "category": 3, "solved": 0}}, {"model": "scoreserver.question", "pk": 11, "fields": {"problem_url": "http://example.com/KQflMNtIrSVbskenasCPECPyLxHHNt", "description": "Question_desc:oLeREckCSYEfkSuMjwWGpGxooQmsDNClkNdgmcMSggaDaayvcspcAiiWtlXAmzaRdXuhviZEFEPmEBePFFvQoezMPpNUoGhotPsd", "title": "Question_title:BzOTQDiLtaqgrEk", "category": 1, "solved": 1}}, {"model": "scoreserver.question", "pk": 12, "fields": {"problem_url": "http://example.com/WfqGTZTNlqwDyhCQFhXmDxycRyDRLy", "description": "Question_desc:TvTHnJrzkIESxlPoxZaYxjKOfalZNAJCgxJgKoSnIhpVCTlSnTlomrAaGFkBgEEbOCiwKvCjuFkYytBTSElVoYDnIYayjNFoRnOk", "title": "Question_title:DHuUEsFCbGmeLrC", "category": 3, "solved": 13}}, {"model": "scoreserver.question", "pk": 13, "fields": {"problem_url": "http://example.com/CQHEpiEbcSfdLmsLxyZKAoxUsBebqj", "description": "Question_desc:pyBwLYCjWBMqAPtasmxiahHJjMNpNjTPanzlXtJsgBtxTcVzKLFKtzJLArOJgYUVSmHUeGNlJjZSNODelEktgTvvxpoeUlWVNnrz", "title": "Question_title:mxwNDpwpGbBityO", "category": 2, "solved": 9}}, {"model": "scoreserver.question", "pk": 14, "fields": {"problem_url": "http://example.com/wyaQhdHcjOAWxqslpMSKnbOFepYKhc", "description": "Question_desc:ZyOAZfvOBhXUdAmtdnTkHzXtelAothpxOxoselIhYWUPJWRrMZCJkghXEbaKdoJodhUVQMbFjJfpeydVFiUiNJKSWsghBmfBTpoZ", "title": "Question_title:jBVsQTvIRqdmUuB", "category": 6, "solved": 11}}, {"model": "scoreserver.question", "pk": 15, "fields": {"problem_url": "http://example.com/zDDLUMlzjJuCQhwmAvfnaMcmNDWTXw", "description": "Question_desc:wpJAMIzMRKSnRJDjOcHEecePOUdiwfHUbPjvKIUGmDSmUjfwKelDEoVERCNqycpkWSlEziupjVSnpRGCIOQLwwyxIWHygYWRFZeg", "title": "Question_title:lQgcFqiXYmlftAC", "category": 2, "solved": 3}}, {"model": "scoreserver.question", "pk": 16, "fields": {"problem_url": "http://example.com/njZnjaSSHllERYDTxEfkuklWjaTruV", "description": "Question_desc:bZkEKvyYOCRsQAMaPRRxSOsXaeMmYlgHNIhoFElwvxlHWIraotjUNcBmWXorOSqxJPmXFkrZmFUjUnymJKCjjNFsiHCiSaEJqDye", "title": "Question_title:xlXwuewzCZEWCsB", "category": 2, "solved": 18}}, {"model": "scoreserver.question", "pk": 17, "fields": {"problem_url": "http://example.com/bdlifpOxLTwCVRtNenprSFHnNkjphd", "description": "Question_desc:CtaYBiXPdGEyWqRdSJDrhfhcbhXeMBVfiogYPLJBHfRSCNxUzhInBypRhAADiwmHzCxHZhaYtIYBgBERfCDOCedauNEOWIUHhkIK", "title": "Question_title:tmJpsxpUyePnWJW", "category": 6, "solved": 2}}, {"model": "scoreserver.question", "pk": 18, "fields": {"problem_url": "http://example.com/HuiixDPleCdlgmbKRXYOwVxbrgKVTG", "description": "Question_desc:HYETpBTmTsKOmUKTeSJoVUsaOxZwDbyBxeUDYmacqGBnezbUTQAxGuFtcpsfnheOQpNkSYQODITDVKPuNqWSZGsgYVDNbzoMUxUO", "title": "Question_title:CaKWyvlfhCIRbyh", "category": 4, "solved": 18}}, {"model": "scoreserver.question", "pk": 19, "fields": {"problem_url": "http://example.com/YMwuKtJBAVUiwMVTNWzmBeQHzotFsJ", "description": "Question_desc:rMBZMzAyzfZQPwjhLRWNxNjDlyjOYqOzSSHktkoeFXQyUEQrnidlPyrJfKzEvjdorvBkyvrSFrREaBuwGtVxLOxpacTeUZXLDlPM", "title": "Question_title:vGPgjVnJcIIghyi", "category": 1, "solved": 7}}, {"model": "scoreserver.question", "pk": 20, "fields": {"problem_url": "http://example.com/qWeniSRSYZgmdvgBILveJineBDyocn", "description": "Question_desc:KTyRqOrJDpAoYdplePMHMGjIIyiBmshHeNcLLBRUqociXRNbRooXePBLrutzucbOEypZnqIIMJHQIJBZkvjBBIznBIenFFgezzht", "title": "Question_title:fHKgSpsnVoGExVL", "category": 2, "solved": 5}}, {"model": "scoreserver.question", "pk": 21, "fields": {"problem_url": "http://example.com/ShZPkxeKQCGygAghkEpgGITJgHDRqq", "description": "Question_desc:vvmGuiuhBDGbmfZwRQILgZpPLEnJCaOEXPPeFHPjZLMFsaTDYXkmdxCPLnYjNqcGrQvzeaBocgPXRNiaHkrGcWqcclKUbAwYyxYW", "title": "Question_title:SjiebbgSumniizX", "category": 4, "solved": 4}}, {"model": "scoreserver.question", "pk": 22, "fields": {"problem_url": "http://example.com/zyWGsOjKAndemISJExAHDaEUilyDeY", "description": "Question_desc:lHHMlCDJGiJeDGSLAhxbeqtzJJWYTwDnaMYjVErrHPvVvukJcVhPVuxGvJEoGMgBndNrArsiVYsHYKYsastAwkehvyOQwoBFxMpb", "title": "Question_title:MKWzncIRYxqEodV", "category": 4, "solved": 4}}, {"model": "scoreserver.question", "pk": 23, "fields": {"problem_url": "http://example.com/WAprohSjYdwaYKSgFURUiNyQGBRBCo", "description": "Question_desc:ZfAULVDQNBQIDCmdZMYlONKfYUYYmeLyooMZtXIBKWPnhUmvqkGjOyXZiEzfjRvGKfunWFzEJTKXKavfCzKrnsTiybogwPtFitcW", "title": "Question_title:kogXiktqZGNZZXr", "category": 4, "solved": 15}}, {"model": "scoreserver.question", "pk": 24, "fields": {"problem_url": "http://example.com/doRcADQAmFPmjtKoYMGNMTToOfHEeq", "description": "Question_desc:sgUwxWVrsAhCwRiTECWNTsaRCJlvfMFYCrwKWOWZpWSlMyRfvQlWUphNytnYBMefMmwuDcPzNvJGPSsSjfNfkClgetCPmDzPQdJA", "title": "Question_title:mXEFpwlukMLAkcV", "category": 5, "solved": 19}}, {"model": "scoreserver.question", "pk": 25, "fields": {"problem_url": "http://example.com/UAgSLLToVChSENMOZGuTifiCCCWXxc", "description": "Question_desc:ObMtBykzJrJfMxyuiyHnDYVENFngXPBIYNFWLgrBflRTiEYwQIbWscqMtJClSkiwGvqHTnOORMLSljtzoPgwNtxfmpyKujicPWgx", "title": "Question_title:sbuGhRvUlvmBiAG", "category": 5, "solved": 17}}, {"model": "scoreserver.question", "pk": 26, "fields": {"problem_url": "http://example.com/uiBvtavVYotjgeVuWgeVQfcrLIYBPb", "description": "Question_desc:VelUnDAsKVuzXtdodqSUsUFrDsFAvOqNYrRpkCzXFKfWYmUVSFTxYWIBgCjBwelNFKgcPPAfLWASrhPfJctejBwejhWAOkCFZIWg", "title": "Question_title:eCaFzZQujSIBwko", "category": 1, "solved": 10}}, {"model": "scoreserver.question", "pk": 27, "fields": {"problem_url": "http://example.com/czLunCczWwKxBwtXTVRfwrqQuGWPsh", "description": "Question_desc:TjFetagnFKBhZgOMblSKkOZnERdaFVYnWnydkJhzWsFkllgjBXfpMUIDqVGYEHpmRtElpvZMnwvKMEkLJFRyDfmJRDazJicJXLGB", "title": "Question_title:iRwHscNEYTCaRin", "category": 2, "solved": 18}}, {"model": "scoreserver.question", "pk": 28, "fields": {"problem_url": "http://example.com/ezXoQwWJFUkTihoqYwrbzmPMbRbVYv", "description": "Question_desc:jdFkpvBKmXDWsepMqscDOpJXqfkTKQeWWQUxQyZepDpMBDkeJxTrNPEUlsPclAmIMqOpdgEjdnpLBYhlFAIxUEjeFwMVzzHfGAbv", "title": "Question_title:txIgVZUnDvdmemH", "category": 3, "solved": 14}}, {"model": "scoreserver.question", "pk": 29, "fields": {"problem_url": "http://example.com/aphzMTOqwjVqAllagJIhLXmmxCvPII", "description": "Question_desc:prHRAtItOfyYWvyoXREhFBmReDHJeIyFPWOAfZHBkzZPjdnIQSJuufYjcHfWdHbyZzmRDigjNdLKVymPNOCareQRLeRmHzmDBinq", "title": "Question_title:CMznWOcIECeTNXD", "category": 3, "solved": 2}}, {"model": "scoreserver.question", "pk": 30, "fields": {"problem_url": "http://example.com/BqJmLDVceWlWjQyElKksLdhLmdpysx", "description": "Question_desc:aUWQpEaNsDxGLanLITyjPvVIeFGMdOWDhVWNzLRzMMMwUDZwHSSrIlbjZEEatllrQcejMUzASPDNSCbuDMHKDJyKFETInBobseZP", "title": "Question_title:KIicvrLUAPkkJmW", "category": 1, "solved": 11}}, {"model": "scoreserver.question", "pk": 31, "fields": {"problem_url": "http://example.com/DbYPGeqTkJlfsSSLTYbXbgLdUDIURQ", "description": "Question_desc:OBDMfuZrbZzhPAqPKQblFLNJdbyoTnTZJEoOUDrdmGURLsYOKwdOebUdTeDCwIqJWQvNWKisWNSONZZsMjlSHmkIDwIeBJszRUlm", "title": "Question_title:ZKSXySQraWYPNFm", "category": 5, "solved": 17}}, {"model": "scoreserver.question", "pk": 32, "fields": {"problem_url": "http://example.com/KbRPYQKcxLcXyVDuRXJwlAngQAxzIB", "description": "Question_desc:qNgbcKLjkGXbJBClwUgFwpYfkQNnAkfDqTRuHoaYlmKoulYsLwmAWwKzeqpimdEQcJgljGKVGbyKLgWEHCleQMhkfbErBBHbrLAj", "title": "Question_title:wYzbGSPJIQvqcWj", "category": 6, "solved": 5}}, {"model": "scoreserver.question", "pk": 33, "fields": {"problem_url": "http://example.com/MBTjQOdtBcgJJKosQdcKDUqhNURXgG", "description": "Question_desc:wAXCVpqmuDqjuKFWgXAFcWhbcaqNykLeNjnOxpvHDdYFZWewytQrMYPwVIaewsvmFVJLOdjfXxnbVghaTlkTFFIpQyERmJtnGNqO", "title": "Question_title:clznvFbCQoTOIzM", "category": 1, "solved": 6}}, {"model": "scoreserver.question", "pk": 34, "fields": {"problem_url": "http://example.com/xcNXHhXJDEwCOEjqvObrvlnxamYyHb", "description": "Question_desc:xutOjXBWyRwKdRjCLZdLmxkBJnWdfBisOQkqSKnGzMgcQtMvpYGWEIhFZzvWGrLsUopOyXtMZzuBoxOorfuAyIsJOQAjxgjgLHWf", "title": "Question_title:luDwTbmNNaXDZQR", "category": 2, "solved": 18}}, {"model": "scoreserver.question", "pk": 35, "fields": {"problem_url": "http://example.com/xpQvEKnRPdLSvWNLhVMyalhKRvujpZ", "description": "Question_desc:kcmyPKVFWrKJBkOahOkeJKIpRcdrYmxKNwADYWKzzzZGnRDWbFbrrAFBfvTZnSZZkXCxEkNARuIHqvujdsEfQUnKiOHXisFBvuwz", "title": "Question_title:tpSBATTltTMlCHe", "category": 4, "solved": 7}}, {"model": "scoreserver.question", "pk": 36, "fields": {"problem_url": "http://example.com/dYiXYCeApDdvdyqowTXNjpLmyXIFJm", "description": "Question_desc:ZkYgEqywEdFKjTkCKsBBkygIVsURuEzUkPbiEMEuFsOejFouiOxeJMYnuaaHNhxkAjWCzDIiLEFzJTWNbRHerSlACpDzcHUTuPSE", "title": "Question_title:MdeuwQRoKcLkpjS", "category": 3, "solved": 10}}, {"model": "scoreserver.question", "pk": 37, "fields": {"problem_url": "http://example.com/dGZwfltlPjnvDwCtZdvqTXsjsjAXNB", "description": "Question_desc:SCVSRkttOJhRLofYFOZIKVbbPHtcIcnbLwHJDEQNWnNQKswzkhCoVdLvqoksFaxIXYhyEJFjXrZKxrRXdnrNheqbJAWlfokWZLaR", "title": "Question_title:zfPplvyFrZWzpeq", "category": 6, "solved": 2}}, {"model": "scoreserver.question", "pk": 38, "fields": {"problem_url": "http://example.com/TYUZGNmeUyDsXFTaIYouRsTzigBrLV", "description": "Question_desc:ciSprgHLWuknZNEowFqpeKgiHjVOhlDzKDoTStkeJFpBXMNmwgbBhyuLwrQPHxSuvGlmraHzDLuPFjnYIXHYbdNnYHhqCmctnKdj", "title": "Question_title:cLOAySovwbNgjDl", "category": 4, "solved": 0}}, {"model": "scoreserver.question", "pk": 39, "fields": {"problem_url": "http://example.com/pAKKKvecEVtKmZpynJjhZpzIAykJAd", "description": "Question_desc:itZtktQnpfHEPIhVgCFfvFSDxMFeeGlOeJTnxjUpJFDIAbuJTpmsmqvfpOQpUhCnOJqIjhImSrAtPiOnyVIWYGmNVzZTbRwcmJki", "title": "Question_title:exrnNRcqEgDpzAs", "category": 4, "solved": 10}}, {"model": "scoreserver.question", "pk": 40, "fields": {"problem_url": "http://example.com/vFMfTPJGfNDUvFZsgxQLmwSklpTgCj", "description": "Question_desc:ytMkFPbvqvcoEOGvshKPjkqwIfOsPUcnSVFqEZdYHQKEDvsILzNwTfHvaLYmOknzciZhlqHYUuMdfIHZguYQDPNGFayKaDBhGUIN", "title": "Question_title:txVhDEhqqKthfaM", "category": 4, "solved": 5}}, {"model": "scoreserver.question", "pk": 41, "fields": {"problem_url": "http://example.com/kbYnzLCOmZiWfduWjvxGllVVPhEGlJ", "description": "Question_desc:eatmuulhTfqSteOMOWFjxNoUmNAZNxQOUpBjZSGuULviUgkODVMzMXorFKgoQdWRnzSuwCzKVloAdFvVXFFRVgsJDhiIBawkZTaf", "title": "Question_title:qZFJyzRJFPGQQGd", "category": 2, "solved": 20}}, {"model": "scoreserver.question", "pk": 42, "fields": {"problem_url": "http://example.com/vyBusWIOkCVyNmPypfvJnumacRnpzL", "description": "Question_desc:noQheKgounkprbXdApNFhMITALhaMisXauCrawRQGALFhUpRZzpZUNLVsDJHkRAYtSvLvOoujeVGlImPBYefjEbvjTdeBPvVBwyx", "title": "Question_title:EtxpvzIzPZRbtoH", "category": 6, "solved": 1}}, {"model": "scoreserver.question", "pk": 43, "fields": {"problem_url": "http://example.com/UOyxJvhTexBXZnFxcOKDLEqbylQzcR", "description": "Question_desc:iikxjPBLEcjnqzAnyBAofGEcSaCGhLqxJnfPKjeXVnfxcbmIFYqZffowZQeFlQVGbWfttsoKgqSxRZRtlrNgctIbunfEeQlpcxxo", "title": "Question_title:eCswdOoXKmNCanE", "category": 2, "solved": 6}}, {"model": "scoreserver.question", "pk": 44, "fields": {"problem_url": "http://example.com/aDJWJaHbUHNqKbPLUfeHTFwlBwKUXw", "description": "Question_desc:KpcILwYMIxdHtiPcfMiXrVkqhSzETsgpNWySmRgDnUcpxbXrVoCzsrmwgczkdOOXZvyDZzMZXetTjwzOynRsfZHmRLFECCSuIAmN", "title": "Question_title:oFCNaHkGYevXqnh", "category": 1, "solved": 20}}, {"model": "scoreserver.question", "pk": 45, "fields": {"problem_url": "http://example.com/GtHodRPnanTpXqSxjhbbGcOJOoTTxF", "description": "Question_desc:SiPxPHMqFYVErNvIPIdeClEuOOKHsmsaAHHsACKIuBRfyjQHJcAQItIrrdAqaTgdxMoyEnEoJdmSySobfGZvspWeHMcmAlUBMwIK", "title": "Question_title:AIKWgfEKIZyjXfC", "category": 1, "solved": 12}}, {"model": "scoreserver.question", "pk": 46, "fields": {"problem_url": "http://example.com/VUZJoSyzdOqKhHtoVnfggmzIHlAIWN", "description": "Question_desc:trDDQVUzYZhJrxytqBOPYgTUNaqLgGMAbQzngqNCUoJwojEmaXFoYiyLcdKItcXsWeSnFZPFiOpkjCGSlCPzcONnQvNkBsdfCYbn", "title": "Question_title:xhrPyBqEMpJYjjw", "category": 6, "solved": 19}}, {"model": "scoreserver.question", "pk": 47, "fields": {"problem_url": "http://example.com/gCwOXnfuarHrAuxIMaRuzqCoTREKFE", "description": "Question_desc:cezYfFaytEYrRLFiCjzoaMBjpoJGtHamtDcMBxxhNYHnhMKQTDEcNwfprSVpwSUOWOlWKSWfjxIwStxbMJAAUeehKgNiSBYuGISV", "title": "Question_title:OEGrDLAHYlIpiRW", "category": 5, "solved": 13}}, {"model": "scoreserver.question", "pk": 48, "fields": {"problem_url": "http://example.com/JWmkdeYvfzlUouThcLKGopKItpQRnO", "description": "Question_desc:DUDNsIUivMpPxqisjNDebCUASjmjfHqEphhhpyFHdcZQqXtrrphyNbuSaSevtDOIIgQXJFZzFERpyxoqaSrvEHhHWuPYhwyWobGZ", "title": "Question_title:OjGWfLZdUbWqSwu", "category": 2, "solved": 4}}, {"model": "scoreserver.question", "pk": 49, "fields": {"problem_url": "http://example.com/nlJhAlFITkdNWwtcrhRUSGPjuwgCjt", "description": "Question_desc:UXoUToZXqpyNFRqAoxGymKSaKbwruVJiHHFTDbaAEpWxipqDuyIzcPAnIUdfrEksVHguFEWflbYYxXqQnDPRZjjHHcyQHXuPANHJ", "title": "Question_title:QjaSOsJYLsUAKst", "category": 6, "solved": 18}}, {"model": "scoreserver.flag", "pk": 0, "fields": {"flag": "FLAG_IS_[vdfhDrcxWSZvgQn]", "point": 1100, "question": 8}}, {"model": "scoreserver.flag", "pk": 1, "fields": {"flag": "FLAG_IS_[AzYPdHpKNHKxXqi]", "point": 100, "question": 49}}, {"model": "scoreserver.flag", "pk": 2, "fields": {"flag": "FLAG_IS_[psIuCGiJVbhuVpg]", "point": 100, "question": 39}}, {"model": "scoreserver.flag", "pk": 3, "fields": {"flag": "FLAG_IS_[XgFDEMGeGQBdqiH]", "point": 1000, "question": 46}}, {"model": "scoreserver.flag", "pk": 4, "fields": {"flag": "FLAG_IS_[ccLLAuugTLGrvxP]", "point": 300, "question": 13}}, {"model": "scoreserver.flag", "pk": 5, "fields": {"flag": "FLAG_IS_[sKTrxOMUBFiHXEI]", "point": 300, "question": 29}}, {"model": "scoreserver.flag", "pk": 6, "fields": {"flag": "FLAG_IS_[QFlOoECbNVzBCyR]", "point": 500, "question": 18}}, {"model": "scoreserver.flag", "pk": 7, "fields": {"flag": "FLAG_IS_[xiqQnzifrBPTJni]", "point": 1100, "question": 2}}, {"model": "scoreserver.flag", "pk": 8, "fields": {"flag": "FLAG_IS_[ulefTGXhkPFMIHZ]", "point": 800, "question": 39}}, {"model": "scoreserver.flag", "pk": 9, "fields": {"flag": "FLAG_IS_[AHFvHOeuHrLoBFn]", "point": 800, "question": 15}}, {"model": "scoreserver.flag", "pk": 10, "fields": {"flag": "FLAG_IS_[EaNkMHFZshmgYud]", "point": 300, "question": 43}}, {"model": "scoreserver.flag", "pk": 11, "fields": {"flag": "FLAG_IS_[zGYOYxlZPUfoXaf]", "point": 400, "question": 4}}, {"model": "scoreserver.flag", "pk": 12, "fields": {"flag": "FLAG_IS_[MsHPNnSbGqbudhA]", "point": 900, "question": 41}}, {"model": "scoreserver.flag", "pk": 13, "fields": {"flag": "FLAG_IS_[AuMqNgFEGUjheYN]", "point": 600, "question": 1}}, {"model": "scoreserver.flag", "pk": 14, "fields": {"flag": "FLAG_IS_[nMZPiHcDWsdzpTq]", "point": 600, "question": 38}}, {"model": "scoreserver.flag", "pk": 15, "fields": {"flag": "FLAG_IS_[OkbWNXunecqKCDR]", "point": 100, "question": 22}}, {"model": "scoreserver.flag", "pk": 16, "fields": {"flag": "FLAG_IS_[DzkwagIkkCMVPrl]", "point": 200, "question": 21}}, {"model": "scoreserver.flag", "pk": 17, "fields": {"flag": "FLAG_IS_[iJdgvrLcxuhaAUb]", "point": 600, "question": 45}}, {"model": "scoreserver.flag", "pk": 18, "fields": {"flag": "FLAG_IS_[HSvuAAOfYipxYfM]", "point": 300, "question": 18}}, {"model": "scoreserver.flag", "pk": 19, "fields": {"flag": "FLAG_IS_[IMwAhkkTfWpSUKE]", "point": 100, "question": 22}}, {"model": "scoreserver.flag", "pk": 20, "fields": {"flag": "FLAG_IS_[hwTuadUPBbeTRVk]", "point": 600, "question": 21}}, {"model": "scoreserver.flag", "pk": 21, "fields": {"flag": "FLAG_IS_[QTJGdnWWJUyKJmN]", "point": 400, "question": 37}}, {"model": "scoreserver.flag", "pk": 22, "fields": {"flag": "FLAG_IS_[MqifSenWolQsQze]", "point": 1100, "question": 12}}, {"model": "scoreserver.flag", "pk": 23, "fields": {"flag": "FLAG_IS_[jBRRSCDcOPPeLql]", "point": 1100, "question": 46}}, {"model": "scoreserver.flag", "pk": 24, "fields": {"flag": "FLAG_IS_[QRxCmivZOBjasSN]", "point": 500, "question": 40}}, {"model": "scoreserver.flag", "pk": 25, "fields": {"flag": "FLAG_IS_[DBDcjJHDhPbXFmY]", "point": 200, "question": 7}}, {"model": "scoreserver.flag", "pk": 26, "fields": {"flag": "FLAG_IS_[PVgEWwFaVIYejZZ]", "point": 700, "question": 47}}, {"model": "scoreserver.flag", "pk": 27, "fields": {"flag": "FLAG_IS_[tLhiluZDZfIDBIT]", "point": 800, "question": 38}}, {"model": "scoreserver.flag", "pk": 28, "fields": {"flag": "FLAG_IS_[EUkbUyYIzWZpzWY]", "point": 700, "question": 38}}, {"model": "scoreserver.flag", "pk": 29, "fields": {"flag": "FLAG_IS_[jJzABMIVxqiBAVo]", "point": 700, "question": 21}}, {"model": "scoreserver.flag", "pk": 30, "fields": {"flag": "FLAG_IS_[wNNUpUftLNIvUku]", "point": 400, "question": 1}}, {"model": "scoreserver.flag", "pk": 31, "fields": {"flag": "FLAG_IS_[hyQHjfgRqoYbMSa]", "point": 400, "question": 6}}, {"model": "scoreserver.flag", "pk": 32, "fields": {"flag": "FLAG_IS_[tWfqbLRbgIovywL]", "point": 900, "question": 13}}, {"model": "scoreserver.flag", "pk": 33, "fields": {"flag": "FLAG_IS_[kpgaQAzPPGuRGRT]", "point": 200, "question": 18}}, {"model": "scoreserver.flag", "pk": 34, "fields": {"flag": "FLAG_IS_[ijhDEcktnCwlSZI]", "point": 400, "question": 39}}, {"model": "scoreserver.flag", "pk": 35, "fields": {"flag": "FLAG_IS_[TWQdECJKXRJmncL]", "point": 1100, "question": 47}}, {"model": "scoreserver.flag", "pk": 36, "fields": {"flag": "FLAG_IS_[ridfuDlgSoVIIqp]", "point": 600, "question": 22}}, {"model": "scoreserver.flag", "pk": 37, "fields": {"flag": "FLAG_IS_[hJUJpBwlcFdRgCv]", "point": 300, "question": 30}}, {"model": "scoreserver.flag", "pk": 38, "fields": {"flag": "FLAG_IS_[yMRWeRdOiUxEFbU]", "point": 700, "question": 48}}, {"model": "scoreserver.flag", "pk": 39, "fields": {"flag": "FLAG_IS_[VTrwRWyZUWJPxOE]", "point": 100, "question": 22}}, {"model": "scoreserver.flag", "pk": 40, "fields": {"flag": "FLAG_IS_[TLojqLhgHRJYRjX]", "point": 800, "question": 40}}, {"model": "scoreserver.flag", "pk": 41, "fields": {"flag": "FLAG_IS_[TJluRXOnlZXgiuE]", "point": 400, "question": 42}}, {"model": "scoreserver.flag", "pk": 42, "fields": {"flag": "FLAG_IS_[oaxfjOMyISucZCc]", "point": 700, "question": 26}}, {"model": "scoreserver.flag", "pk": 43, "fields": {"flag": "FLAG_IS_[blFlvZozlEchZpF]", "point": 400, "question": 15}}, {"model": "scoreserver.flag", "pk": 44, "fields": {"flag": "FLAG_IS_[qAEJCmSUNZtdxXS]", "point": 1000, "question": 32}}, {"model": "scoreserver.flag", "pk": 45, "fields": {"flag": "FLAG_IS_[seyuhaTbReqxNbA]", "point": 100, "question": 12}}, {"model": "scoreserver.flag", "pk": 46, "fields": {"flag": "FLAG_IS_[PPjeIPdlFXgNIvw]", "point": 200, "question": 35}}, {"model": "scoreserver.flag", "pk": 47, "fields": {"flag": "FLAG_IS_[OIjWmVRqYmrCBxf]", "point": 1100, "question": 32}}, {"model": "scoreserver.flag", "pk": 48, "fields": {"flag": "FLAG_IS_[ICBDwfIkgcnPzPu]", "point": 800, "question": 34}}, {"model": "scoreserver.flag", "pk": 49, "fields": {"flag": "FLAG_IS_[QewiyhirZjljyUd]", "point": 800, "question": 9}}, {"model": "scoreserver.flag", "pk": 50, "fields": {"flag": "FLAG_IS_[QogBMcKUwPPBqgN]", "point": 1100, "question": 44}}, {"model": "scoreserver.flag", "pk": 51, "fields": {"flag": "FLAG_IS_[MtrlyvDtjhjXDaB]", "point": 300, "question": 24}}, {"model": "scoreserver.flag", "pk": 52, "fields": {"flag": "FLAG_IS_[iknYKQQgdiQkxma]", "point": 500, "question": 19}}, {"model": "scoreserver.flag", "pk": 53, "fields": {"flag": "FLAG_IS_[yReHXbYmksIOVPj]", "point": 200, "question": 20}}, {"model": "scoreserver.flag", "pk": 54, "fields": {"flag": "FLAG_IS_[qcHindtgSRKziDi]", "point": 1000, "question": 24}}, {"model": "scoreserver.flag", "pk": 55, "fields": {"flag": "FLAG_IS_[HBcfwrvYWFoEFcz]", "point": 1100, "question": 4}}, {"model": "scoreserver.flag", "pk": 56, "fields": {"flag": "FLAG_IS_[aSoWzCScPDlvVLC]", "point": 200, "question": 42}}, {"model": "scoreserver.flag", "pk": 57, "fields": {"flag": "FLAG_IS_[JyUGGBzQUaSWcgr]", "point": 1000, "question": 30}}, {"model": "scoreserver.flag", "pk": 58, "fields": {"flag": "FLAG_IS_[cCezuJmPBgQwYDR]", "point": 500, "question": 44}}, {"model": "scoreserver.flag", "pk": 59, "fields": {"flag": "FLAG_IS_[LtXNDNtkLmRRmxy]", "point": 900, "question": 39}}, {"model": "scoreserver.flag", "pk": 60, "fields": {"flag": "FLAG_IS_[SKGhHPNHEwhMbHU]", "point": 400, "question": 45}}, {"model": "scoreserver.flag", "pk": 61, "fields": {"flag": "FLAG_IS_[DILnfFQQsVveaLQ]", "point": 100, "question": 20}}, {"model": "scoreserver.flag", "pk": 62, "fields": {"flag": "FLAG_IS_[cYcCtAGejmsQXdF]", "point": 500, "question": 24}}, {"model": "scoreserver.flag", "pk": 63, "fields": {"flag": "FLAG_IS_[TgEhUjDEcWvfVko]", "point": 400, "question": 46}}, {"model": "scoreserver.flag", "pk": 64, "fields": {"flag": "FLAG_IS_[QVenImlwhKZMwxF]", "point": 300, "question": 45}}, {"model": "scoreserver.flag", "pk": 65, "fields": {"flag": "FLAG_IS_[QKiiuECetHKRLlf]", "point": 1000, "question": 47}}, {"model": "scoreserver.flag", "pk": 66, "fields": {"flag": "FLAG_IS_[iuTWUoSDqlhjsYQ]", "point": 100, "question": 38}}, {"model": "scoreserver.flag", "pk": 67, "fields": {"flag": "FLAG_IS_[gchJqjiFJlXoUPu]", "point": 900, "question": 25}}, {"model": "scoreserver.flag", "pk": 68, "fields": {"flag": "FLAG_IS_[DoNHbISgJvNFjTZ]", "point": 700, "question": 14}}, {"model": "scoreserver.flag", "pk": 69, "fields": {"flag": "FLAG_IS_[HeXTUDHrZEByMGY]", "point": 400, "question": 32}}, {"model": "scoreserver.flag", "pk": 70, "fields": {"flag": "FLAG_IS_[taybvwNyhuqFMmU]", "point": 600, "question": 15}}, {"model": "scoreserver.flag", "pk": 71, "fields": {"flag": "FLAG_IS_[IrllpuQLKFvYIcV]", "point": 1100, "question": 36}}, {"model": "scoreserver.flag", "pk": 72, "fields": {"flag": "FLAG_IS_[FcsRtsdVgCxOImV]", "point": 600, "question": 26}}, {"model": "scoreserver.flag", "pk": 73, "fields": {"flag": "FLAG_IS_[aYaQhGYHgJjRuvn]", "point": 100, "question": 9}}, {"model": "scoreserver.flag", "pk": 74, "fields": {"flag": "FLAG_IS_[PnyOZYzgfDqwngu]", "point": 600, "question": 43}}, {"model": "scoreserver.flag", "pk": 75, "fields": {"flag": "FLAG_IS_[ViZxgMbFiOvQGGj]", "point": 1000, "question": 17}}, {"model": "scoreserver.flag", "pk": 76, "fields": {"flag": "FLAG_IS_[VOaAyWdbHPKeiGW]", "point": 1000, "question": 35}}, {"model": "scoreserver.flag", "pk": 77, "fields": {"flag": "FLAG_IS_[wxBMFEObvuYYyoW]", "point": 1000, "question": 35}}, {"model": "scoreserver.flag", "pk": 78, "fields": {"flag": "FLAG_IS_[wZAkQLupqsCbqvU]", "point": 200, "question": 16}}, {"model": "scoreserver.flag", "pk": 79, "fields": {"flag": "FLAG_IS_[BbUUiVeXPRGQeeh]", "point": 700, "question": 2}}, {"model": "scoreserver.flag", "pk": 80, "fields": {"flag": "FLAG_IS_[gIEzeFVdbjMCFzR]", "point": 500, "question": 45}}, {"model": "scoreserver.flag", "pk": 81, "fields": {"flag": "FLAG_IS_[IVhHnWHSRMOUIME]", "point": 100, "question": 23}}, {"model": "scoreserver.flag", "pk": 82, "fields": {"flag": "FLAG_IS_[vKkUyvUVNrMQfWP]", "point": 400, "question": 29}}, {"model": "scoreserver.flag", "pk": 83, "fields": {"flag": "FLAG_IS_[EARXWMkSthKcpey]", "point": 600, "question": 48}}, {"model": "scoreserver.flag", "pk": 84, "fields": {"flag": "FLAG_IS_[VHRHLeqCBYcAsDl]", "point": 1000, "question": 48}}, {"model": "scoreserver.flag", "pk": 85, "fields": {"flag": "FLAG_IS_[jVGXjipmSTkPRYc]", "point": 1000, "question": 26}}, {"model": "scoreserver.flag", "pk": 86, "fields": {"flag": "FLAG_IS_[RPKeqYfdblFmpei]", "point": 600, "question": 19}}, {"model": "scoreserver.flag", "pk": 87, "fields": {"flag": "FLAG_IS_[wMHzsFWdEhJBYQq]", "point": 200, "question": 1}}, {"model": "scoreserver.flag", "pk": 88, "fields": {"flag": "FLAG_IS_[DHLeknrQMfdDBlD]", "point": 300, "question": 13}}, {"model": "scoreserver.flag", "pk": 89, "fields": {"flag": "FLAG_IS_[xCuLXVjfSGPYXDc]", "point": 400, "question": 38}}, {"model": "scoreserver.flag", "pk": 90, "fields": {"flag": "FLAG_IS_[qjaEYFSsSCGYRmF]", "point": 200, "question": 38}}, {"model": "scoreserver.flag", "pk": 91, "fields": {"flag": "FLAG_IS_[AeaYqGAMtMqfjHT]", "point": 200, "question": 28}}, {"model": "scoreserver.flag", "pk": 92, "fields": {"flag": "FLAG_IS_[FLsuijYhIQxfqkn]", "point": 100, "question": 15}}, {"model": "scoreserver.flag", "pk": 93, "fields": {"flag": "FLAG_IS_[aiaONrFvNvfvrSf]", "point": 400, "question": 8}}, {"model": "scoreserver.flag", "pk": 94, "fields": {"flag": "FLAG_IS_[FeKbPZdtXuSwPDL]", "point": 400, "question": 40}}, {"model": "scoreserver.flag", "pk": 95, "fields": {"flag": "FLAG_IS_[gwqdbEJlEevUjJr]", "point": 200, "question": 45}}, {"model": "scoreserver.flag", "pk": 96, "fields": {"flag": "FLAG_IS_[ghHmWyfdPCdlynP]", "point": 500, "question": 35}}, {"model": "scoreserver.flag", "pk": 97, "fields": {"flag": "FLAG_IS_[avqMMuhfIWdWwst]", "point": 700, "question": 22}}, {"model": "scoreserver.flag", "pk": 98, "fields": {"flag": "FLAG_IS_[xNqgqcoCDXYSrWJ]", "point": 900, "question": 44}}, {"model": "scoreserver.flag", "pk": 99, "fields": {"flag": "FLAG_IS_[RiWZFsMFNAMQmik]", "point": 600, "question": 27}}, {"model": "scoreserver.flag", "pk": 100, "fields": {"flag": "FLAG_IS_[KClXOSbbOttAVib]", "point": 1000, "question": 42}}, {"model": "scoreserver.flag", "pk": 101, "fields": {"flag": "FLAG_IS_[WvWvQIEKUzqunLB]", "point": 600, "question": 21}}, {"model": "scoreserver.flag", "pk": 102, "fields": {"flag": "FLAG_IS_[DsaMZyEsKqVNNcd]", "point": 500, "question": 40}}, {"model": "scoreserver.flag", "pk": 103, "fields": {"flag": "FLAG_IS_[tyRrsEOBYalcQGK]", "point": 300, "question": 27}}, {"model": "scoreserver.flag", "pk": 104, "fields": {"flag": "FLAG_IS_[rbbYCFpjcLZlrwa]", "point": 800, "question": 37}}, {"model": "scoreserver.flag", "pk": 105, "fields": {"flag": "FLAG_IS_[UNcsaetucEyMIBy]", "point": 100, "question": 14}}, {"model": "scoreserver.flag", "pk": 106, "fields": {"flag": "FLAG_IS_[nYnGAdUNVUgBcZh]", "point": 1100, "question": 18}}, {"model": "scoreserver.flag", "pk": 107, "fields": {"flag": "FLAG_IS_[zMILRYGOoboxSSL]", "point": 700, "question": 37}}, {"model": "scoreserver.flag", "pk": 108, "fields": {"flag": "FLAG_IS_[GdCDFsLgQdQbHvQ]", "point": 1000, "question": 34}}, {"model": "scoreserver.flag", "pk": 109, "fields": {"flag": "FLAG_IS_[LDhPleKrqTZYPeR]", "point": 1000, "question": 12}}, {"model": "scoreserver.flag", "pk": 110, "fields": {"flag": "FLAG_IS_[QyKnNjYGcHfTPby]", "point": 800, "question": 33}}, {"model": "scoreserver.flag", "pk": 111, "fields": {"flag": "FLAG_IS_[NRVGGBxrNOJWHKI]", "point": 1100, "question": 2}}, {"model": "scoreserver.flag", "pk": 112, "fields": {"flag": "FLAG_IS_[KoOfKdHsMfwbDKe]", "point": 600, "question": 41}}, {"model": "scoreserver.flag", "pk": 113, "fields": {"flag": "FLAG_IS_[WnKFRUshfiKwvoz]", "point": 600, "question": 6}}, {"model": "scoreserver.flag", "pk": 114, "fields": {"flag": "FLAG_IS_[MSFCIgUNisOqSpY]", "point": 900, "question": 4}}, {"model": "scoreserver.flag", "pk": 115, "fields": {"flag": "FLAG_IS_[lDxgMWlcoMpoShq]", "point": 500, "question": 46}}, {"model": "scoreserver.flag", "pk": 116, "fields": {"flag": "FLAG_IS_[tmXifoDjNBuLafB]", "point": 1000, "question": 44}}, {"model": "scoreserver.flag", "pk": 117, "fields": {"flag": "FLAG_IS_[SaJPsTMyjjaktfE]", "point": 200, "question": 46}}, {"model": "scoreserver.flag", "pk": 118, "fields": {"flag": "FLAG_IS_[IaduvwFpCIuHYOs]", "point": 600, "question": 43}}, {"model": "scoreserver.flag", "pk": 119, "fields": {"flag": "FLAG_IS_[WAIZyWJyWSBnfZc]", "point": 600, "question": 33}}, {"model": "scoreserver.flag", "pk": 120, "fields": {"flag": "FLAG_IS_[TNexrojnyGxKTQs]", "point": 500, "question": 24}}, {"model": "scoreserver.flag", "pk": 121, "fields": {"flag": "FLAG_IS_[roMPulkThPwKquY]", "point": 300, "question": 21}}, {"model": "scoreserver.flag", "pk": 122, "fields": {"flag": "FLAG_IS_[pQcQKAxyIdliVKq]", "point": 100, "question": 8}}, {"model": "scoreserver.flag", "pk": 123, "fields": {"flag": "FLAG_IS_[PkvUKXTybSeBctm]", "point": 200, "question": 18}}, {"model": "scoreserver.flag", "pk": 124, "fields": {"flag": "FLAG_IS_[wfcONSftHlqWRHl]", "point": 100, "question": 38}}, {"model": "scoreserver.flag", "pk": 125, "fields": {"flag": "FLAG_IS_[TZkNmrmjNXXvmaQ]", "point": 400, "question": 43}}, {"model": "scoreserver.flag", "pk": 126, "fields": {"flag": "FLAG_IS_[uRLHZMXitNlrkLm]", "point": 400, "question": 41}}, {"model": "scoreserver.flag", "pk": 127, "fields": {"flag": "FLAG_IS_[ksKvQhHEhevEbdH]", "point": 400, "question": 37}}, {"model": "scoreserver.flag", "pk": 128, "fields": {"flag": "FLAG_IS_[wxdgYaRwspAUjhc]", "point": 200, "question": 6}}, {"model": "scoreserver.flag", "pk": 129, "fields": {"flag": "FLAG_IS_[pVKnlqqBxOnlrkh]", "point": 200, "question": 38}}, {"model": "scoreserver.flag", "pk": 130, "fields": {"flag": "FLAG_IS_[NPMtHrQwihosmsT]", "point": 400, "question": 31}}, {"model": "scoreserver.flag", "pk": 131, "fields": {"flag": "FLAG_IS_[bExAkxkLqJqkpFY]", "point": 800, "question": 13}}, {"model": "scoreserver.flag", "pk": 132, "fields": {"flag": "FLAG_IS_[XFWFlrIlrojzRZJ]", "point": 500, "question": 5}}, {"model": "scoreserver.flag", "pk": 133, "fields": {"flag": "FLAG_IS_[AHRbCLeObcdxPNs]", "point": 800, "question": 27}}, {"model": "scoreserver.flag", "pk": 134, "fields": {"flag": "FLAG_IS_[dpjCZJhqYdSwnXu]", "point": 1100, "question": 9}}, {"model": "scoreserver.flag", "pk": 135, "fields": {"flag": "FLAG_IS_[reiyPwpdZSNDLgJ]", "point": 1100, "question": 7}}, {"model": "scoreserver.flag", "pk": 136, "fields": {"flag": "FLAG_IS_[bhIAPYdkWwzZEzx]", "point": 700, "question": 27}}, {"model": "scoreserver.flag", "pk": 137, "fields": {"flag": "FLAG_IS_[nFScqgQHcAgLEXv]", "point": 800, "question": 27}}, {"model": "scoreserver.flag", "pk": 138, "fields": {"flag": "FLAG_IS_[wYrTvfQHwrlyWba]", "point": 100, "question": 28}}, {"model": "scoreserver.flag", "pk": 139, "fields": {"flag": "FLAG_IS_[qxnSwtqHoWYTTUQ]", "point": 100, "question": 42}}, {"model": "scoreserver.flag", "pk": 140, "fields": {"flag": "FLAG_IS_[zkwocpAEngGyAdw]", "point": 300, "question": 44}}, {"model": "scoreserver.flag", "pk": 141, "fields": {"flag": "FLAG_IS_[oxGuMTilofYCbBJ]", "point": 500, "question": 26}}, {"model": "scoreserver.flag", "pk": 142, "fields": {"flag": "FLAG_IS_[SDoEyVdpuuqjDBb]", "point": 200, "question": 49}}, {"model": "scoreserver.flag", "pk": 143, "fields": {"flag": "FLAG_IS_[szFsOxyNciGIPVn]", "point": 500, "question": 30}}, {"model": "scoreserver.flag", "pk": 144, "fields": {"flag": "FLAG_IS_[kmNgttbpxecblFN]", "point": 100, "question": 31}}, {"model": "scoreserver.flag", "pk": 145, "fields": {"flag": "FLAG_IS_[iYggVtgjmNhwkCQ]", "point": 100, "question": 2}}, {"model": "scoreserver.flag", "pk": 146, "fields": {"flag": "FLAG_IS_[JDHMriUXSCmGmpY]", "point": 400, "question": 47}}, {"model": "scoreserver.flag", "pk": 147, "fields": {"flag": "FLAG_IS_[ehathwoSmBCKerL]", "point": 100, "question": 31}}, {"model": "scoreserver.flag", "pk": 148, "fields": {"flag": "FLAG_IS_[wgefMFLSEBDeTwT]", "point": 300, "question": 42}}, {"model": "scoreserver.flag", "pk": 149, "fields": {"flag": "FLAG_IS_[cHoZrDOtkVPGThX]", "point": 600, "question": 34}}, {"model": "scoreserver.flag", "pk": 150, "fields": {"flag": "FLAG_IS_[tIbSyneHTZvuWaq]", "point": 1000, "question": 24}}, {"model": "scoreserver.flag", "pk": 151, "fields": {"flag": "FLAG_IS_[WGHMCLDxezBMAIw]", "point": 600, "question": 46}}, {"model": "scoreserver.flag", "pk": 152, "fields": {"flag": "FLAG_IS_[qgWUICBnCxmKOCh]", "point": 300, "question": 9}}, {"model": "scoreserver.flag", "pk": 153, "fields": {"flag": "FLAG_IS_[ApgLEVDptEksrGU]", "point": 400, "question": 29}}, {"model": "scoreserver.flag", "pk": 154, "fields": {"flag": "FLAG_IS_[vejYMPOhBIbaCJB]", "point": 900, "question": 7}}, {"model": "scoreserver.flag", "pk": 155, "fields": {"flag": "FLAG_IS_[arbbUqnixczhFPd]", "point": 500, "question": 46}}, {"model": "scoreserver.flag", "pk": 156, "fields": {"flag": "FLAG_IS_[ZkQEBsUuOYKFdtr]", "point": 300, "question": 1}}, {"model": "scoreserver.flag", "pk": 157, "fields": {"flag": "FLAG_IS_[NUXkTGEojfEEYRG]", "point": 1100, "question": 6}}, {"model": "scoreserver.flag", "pk": 158, "fields": {"flag": "FLAG_IS_[hOsKLKEjuzhPoAv]", "point": 700, "question": 27}}, {"model": "scoreserver.flag", "pk": 159, "fields": {"flag": "FLAG_IS_[rdqoaFGyUWinMGO]", "point": 1000, "question": 48}}, {"model": "scoreserver.flag", "pk": 160, "fields": {"flag": "FLAG_IS_[jHqHgJbqEEvfLuh]", "point": 600, "question": 34}}, {"model": "scoreserver.flag", "pk": 161, "fields": {"flag": "FLAG_IS_[NUhxtBToiakRVwQ]", "point": 100, "question": 33}}, {"model": "scoreserver.flag", "pk": 162, "fields": {"flag": "FLAG_IS_[quLBUUZOymMASak]", "point": 800, "question": 36}}, {"model": "scoreserver.flag", "pk": 163, "fields": {"flag": "FLAG_IS_[HahxwlCzIyyrMja]", "point": 200, "question": 46}}, {"model": "scoreserver.flag", "pk": 164, "fields": {"flag": "FLAG_IS_[PSqigWVYaDYopBs]", "point": 1100, "question": 46}}, {"model": "scoreserver.flag", "pk": 165, "fields": {"flag": "FLAG_IS_[tnVykqGAoZPqysH]", "point": 300, "question": 44}}, {"model": "scoreserver.flag", "pk": 166, "fields": {"flag": "FLAG_IS_[QpPsHXbMfpdPyfd]", "point": 600, "question": 19}}, {"model": "scoreserver.flag", "pk": 167, "fields": {"flag": "FLAG_IS_[GgYsPOfYqzQOZcr]", "point": 400, "question": 39}}, {"model": "scoreserver.flag", "pk": 168, "fields": {"flag": "FLAG_IS_[fszMYSvbgfKHCCp]", "point": 400, "question": 19}}, {"model": "scoreserver.flag", "pk": 169, "fields": {"flag": "FLAG_IS_[laonGZUCCaFJFmd]", "point": 800, "question": 15}}, {"model": "scoreserver.flag", "pk": 170, "fields": {"flag": "FLAG_IS_[PCYtAHWSOluaFIT]", "point": 400, "question": 5}}, {"model": "scoreserver.flag", "pk": 171, "fields": {"flag": "FLAG_IS_[uAJGTbecyssDjMa]", "point": 600, "question": 21}}, {"model": "scoreserver.flag", "pk": 172, "fields": {"flag": "FLAG_IS_[xTWWvWtsrMnMEsn]", "point": 600, "question": 34}}, {"model": "scoreserver.flag", "pk": 173, "fields": {"flag": "FLAG_IS_[zSChXDwzGuCOaaw]", "point": 600, "question": 20}}, {"model": "scoreserver.flag", "pk": 174, "fields": {"flag": "FLAG_IS_[tKkoQtwHNRQGebn]", "point": 300, "question": 43}}, {"model": "scoreserver.flag", "pk": 175, "fields": {"flag": "FLAG_IS_[wOxjKVEvGpMnXIh]", "point": 400, "question": 45}}, {"model": "scoreserver.flag", "pk": 176, "fields": {"flag": "FLAG_IS_[SXLEMdRWIYwEKdW]", "point": 700, "question": 49}}, {"model": "scoreserver.flag", "pk": 177, "fields": {"flag": "FLAG_IS_[jIbTVtswRuQEVcx]", "point": 500, "question": 28}}, {"model": "scoreserver.flag", "pk": 178, "fields": {"flag": "FLAG_IS_[sBiszWgnIZsMMvV]", "point": 600, "question": 10}}, {"model": "scoreserver.flag", "pk": 179, "fields": {"flag": "FLAG_IS_[XpQayXRydBRVwNB]", "point": 700, "question": 2}}, {"model": "scoreserver.flag", "pk": 180, "fields": {"flag": "FLAG_IS_[aeCDUTzeOgyEsUd]", "point": 700, "question": 41}}, {"model": "scoreserver.flag", "pk": 181, "fields": {"flag": "FLAG_IS_[EnIreqrZpecJHxc]", "point": 600, "question": 34}}, {"model": "scoreserver.flag", "pk": 182, "fields": {"flag": "FLAG_IS_[StmjWqtbVYQiqwF]", "point": 500, "question": 25}}, {"model": "scoreserver.flag", "pk": 183, "fields": {"flag": "FLAG_IS_[duAWGYKmvcPAHxa]", "point": 100, "question": 26}}, {"model": "scoreserver.flag", "pk": 184, "fields": {"flag": "FLAG_IS_[RuiWXRpnVVQFDkN]", "point": 1100, "question": 3}}, {"model": "scoreserver.flag", "pk": 185, "fields": {"flag": "FLAG_IS_[FwCVoPAdrkVyVJm]", "point": 800, "question": 3}}, {"model": "scoreserver.flag", "pk": 186, "fields": {"flag": "FLAG_IS_[qlYYyFeUwRmGGxy]", "point": 100, "question": 17}}, {"model": "scoreserver.flag", "pk": 187, "fields": {"flag": "FLAG_IS_[NXlfROCVpPfmCay]", "point": 800, "question": 4}}, {"model": "scoreserver.flag", "pk": 188, "fields": {"flag": "FLAG_IS_[bELPPBpKmWSIPiF]", "point": 1000, "question": 17}}, {"model": "scoreserver.flag", "pk": 189, "fields": {"flag": "FLAG_IS_[NEkgKNhKYnZPawi]", "point": 500, "question": 24}}, {"model": "scoreserver.flag", "pk": 190, "fields": {"flag": "FLAG_IS_[kjYMNBWbjCHcYlC]", "point": 200, "question": 43}}, {"model": "scoreserver.flag", "pk": 191, "fields": {"flag": "FLAG_IS_[aDxqFUDsqKtBnVo]", "point": 500, "question": 10}}, {"model": "scoreserver.flag", "pk": 192, "fields": {"flag": "FLAG_IS_[AbDapdWXbXjwCtY]", "point": 800, "question": 44}}, {"model": "scoreserver.flag", "pk": 193, "fields": {"flag": "FLAG_IS_[uAaCvKHSuTplhhQ]", "point": 1100, "question": 29}}, {"model": "scoreserver.flag", "pk": 194, "fields": {"flag": "FLAG_IS_[hDGEXXONkkDyjrp]", "point": 100, "question": 35}}, {"model": "scoreserver.flag", "pk": 195, "fields": {"flag": "FLAG_IS_[RkiAEYovNmupSDY]", "point": 600, "question": 34}}, {"model": "scoreserver.flag", "pk": 196, "fields": {"flag": "FLAG_IS_[AgpSmQBnAtumYBY]", "point": 600, "question": 35}}, {"model": "scoreserver.flag", "pk": 197, "fields": {"flag": "FLAG_IS_[UcIVHSmBtfUyljs]", "point": 700, "question": 16}}, {"model": "scoreserver.flag", "pk": 198, "fields": {"flag": "FLAG_IS_[xbLRKyXgMGfYPHf]", "point": 1000, "question": 8}}, {"model": "scoreserver.flag", "pk": 199, "fields": {"flag": "FLAG_IS_[pqVEIWukBsQMMWA]", "point": 900, "question": 42}}, {"model": "scoreserver.user", "pk": 0, "fields": {"password": "pbkdf2_sha256$24000$0NglMqYGdhJ3$qc9ckDDrBjj/BK8M+WmWdfEpmO1W/7fM0INFbt3j3cs=", "username": "user0"}}, {"model": "scoreserver.user", "pk": 1, "fields": {"password": "pbkdf2_sha256$24000$H8hCrCVPoF4b$+WhvW697HUfsZ48SW3hV6c1fPQmjyp5xy6RfhIdpvEw=", "username": "user1"}}, {"model": "scoreserver.user", "pk": 2, "fields": {"password": "pbkdf2_sha256$24000$p9FDpRcDZ67i$wn0p3bw88PImH3ytMAOfXeNw3+k5TpvKAdkcDOjr8s8=", "username": "user2"}}, {"model": "scoreserver.user", "pk": 3, "fields": {"password": "pbkdf2_sha256$24000$f4JFa5fV9n2u$6zTCI9PJwVR3rT1h/+7KE13BhtCUSBxPFVMfhWinOZI=", "username": "user3"}}, {"model": "scoreserver.user", "pk": 4, "fields": {"password": "pbkdf2_sha256$24000$14dNWviWYr5Q$rEBy8UUb3SJEQ5hYm4lneWRO/u/ve7GbWza37lRxy6M=", "username": "user4"}}, {"model": "scoreserver.user", "pk": 5, "fields": {"password": "pbkdf2_sha256$24000$rBX15QDeKjVY$FZQAs4gj/SgNFQw/VGJizU/0aCaMQPS8m9xq7WYpjDg=", "username": "user5"}}, {"model": "scoreserver.user", "pk": 6, "fields": {"password": "pbkdf2_sha256$24000$FItgfhRIOroY$kyyglq+sXiz+8At0KMnKAuISc3Hr9vPMycm1jGPqKOQ=", "username": "user6"}}, {"model": "scoreserver.user", "pk": 7, "fields": {"password": "pbkdf2_sha256$24000$ka1XMGlGnl5j$SuFnSOdcpIET0dP2ocoTSbWfUJphOO7/+923mIWMIZU=", "username": "user7"}}, {"model": "scoreserver.user", "pk": 8, "fields": {"password": "pbkdf2_sha256$24000$HX1OGA0ORZNR$KqgGWfrCzvt4rJvBfFbvUb2z75Q2f8rnScTMBdlYW0I=", "username": "user8"}}, {"model": "scoreserver.user", "pk": 9, "fields": {"password": "pbkdf2_sha256$24000$6JKvfiwUf3Ud$V0cxfFgdW7/96KjCac7MdIS0UfR8YCzZbIiXBi/JzlE=", "username": "user9"}}, {"model": "scoreserver.user", "pk": 10, "fields": {"password": "pbkdf2_sha256$24000$lzvK1pbUimwT$nVDiq9y0yrkNldnSy0PCcwA4cMugP4+5wycVT/Yhqyw=", "username": "user10"}}, {"model": "scoreserver.user", "pk": 11, "fields": {"password": "pbkdf2_sha256$24000$mKsWNJyyYGQz$cHCMatDB3tadJeeOo0mqVLCs28QHBS0PIXdqzR8iecw=", "username": "user11"}}, {"model": "scoreserver.user", "pk": 12, "fields": {"password": "pbkdf2_sha256$24000$0DRfW1NNrDzH$OEkx+fSD0FuCv1jLOYbmMetWvrgJEhiOtMl11WHtfh8=", "username": "user12"}}, {"model": "scoreserver.user", "pk": 13, "fields": {"password": "pbkdf2_sha256$24000$1JxlqQCagGgr$DmaFFH5MrwCeIobRKDSCsVLltol89QdGRbv4riWWrUg=", "username": "user13"}}, {"model": "scoreserver.user", "pk": 14, "fields": {"password": "pbkdf2_sha256$24000$uk8Ts0K2W2nG$dUdyZGVCk1CcJeU5bVa7jwqogtPOLXldrUSdLk7QmJg=", "username": "user14"}}, {"model": "scoreserver.user", "pk": 15, "fields": {"password": "pbkdf2_sha256$24000$gw2A3zL7BN9V$3qsDCmsZDnEUsEaLjCqTOspI419elfTrQ5wq3VItnP8=", "username": "user15"}}, {"model": "scoreserver.user", "pk": 16, "fields": {"password": "pbkdf2_sha256$24000$1McToX43BT6K$1K31klmE+vuKHWid5XgHUtmSn1TMRxLV/YBy/5cNEFk=", "username": "user16"}}, {"model": "scoreserver.user", "pk": 17, "fields": {"password": "pbkdf2_sha256$24000$uzwUHtWbbvNH$+QFQXSJgIAl1ql3FVhZQTI4BhjyDcGAI35ErMbxjFUo=", "username": "user17"}}, {"model": "scoreserver.user", "pk": 18, "fields": {"password": "pbkdf2_sha256$24000$fIh6elwvJto7$vPNAwHIAUNtkSUAM9LGuGzCyFLLVAcTSHZR5axCt4qs=", "username": "user18"}}, {"model": "scoreserver.user", "pk": 19, "fields": {"password": "pbkdf2_sha256$24000$zc8HhQTyIolE$vwp9W8gtW+hfpf2lZ4pgBdg8BNL2e3zdqAKPQJ8BOu8=", "username": "user19"}}, {"model": "scoreserver.user", "pk": 20, "fields": {"password": "pbkdf2_sha256$24000$OFcA5rSp3Yc5$+vLNURwvTwIjLnCR8O7tyiQupcalm2iVMLceS4wS6SE=", "username": "user20"}}, {"model": "scoreserver.user", "pk": 21, "fields": {"password": "pbkdf2_sha256$24000$pktg40ZnPdRb$ZxChiiM6TJC5qASuqBlFudLlpSBtXG5jPOAw9FLPnCw=", "username": "user21"}}, {"model": "scoreserver.user", "pk": 22, "fields": {"password": "pbkdf2_sha256$24000$GD286MFL9ni1$OazXQAoddYb5R4f9smj4IylcAHj0kS8LGuqQlr0CXEE=", "username": "user22"}}, {"model": "scoreserver.user", "pk": 23, "fields": {"password": "pbkdf2_sha256$24000$Goe0ymyv9JpD$pv8RHrJ2fu4B5vtMVeZk3dIVkOyCGZVavzzmKqPnjKc=", "username": "user23"}}, {"model": "scoreserver.user", "pk": 24, "fields": {"password": "pbkdf2_sha256$24000$mOKDAQXPS9xD$0iYcoqHlWXYjwZv3XtDJUhUBn2mS3Z4xCIjYnRhXqnY=", "username": "user24"}}, {"model": "scoreserver.user", "pk": 25, "fields": {"password": "pbkdf2_sha256$24000$Ypio3aIBqulB$NqVoxJxLoUxXKqx3A0/Wo09wubEdt7KxsgwfJwrnfAY=", "username": "user25"}}, {"model": "scoreserver.user", "pk": 26, "fields": {"password": "pbkdf2_sha256$24000$xBl8IrnxQIwL$0lJXECp07VoTg2uv6qHfua4uagJDXCyED+nP4MDk42A=", "username": "user26"}}, {"model": "scoreserver.user", "pk": 27, "fields": {"password": "pbkdf2_sha256$24000$omw6MhZ5Ohgu$jrZrictiTrkebGjOmDrsC3J2/TsAMieZRf3XeVy+aoA=", "username": "user27"}}, {"model": "scoreserver.user", "pk": 28, "fields": {"password": "pbkdf2_sha256$24000$ixBdejYQkEVm$ml/sOCXgEmlpccth45xg0kOf/NqKK6DHYzoXy9o6sr8=", "username": "user28"}}, {"model": "scoreserver.user", "pk": 29, "fields": {"password": "pbkdf2_sha256$24000$tdMAAoAV0peZ$/VXi6dziU/QYV43pT9QFK6iEUx4CxuS0eNVmcI+nKS0=", "username": "user29"}}, {"model": "scoreserver.user", "pk": 30, "fields": {"password": "pbkdf2_sha256$24000$0tRk13zLkCNy$u/LoUidDMz9fqTxSRdF6Ea9aMByj/8x32oNm0BowRO4=", "username": "user30"}}, {"model": "scoreserver.user", "pk": 31, "fields": {"password": "pbkdf2_sha256$24000$knzeGhkeH1OR$X7DtQJfKY+NBesfD+OLemJmNmbN+n5PvTiK8mtN+zmc=", "username": "user31"}}, {"model": "scoreserver.user", "pk": 32, "fields": {"password": "pbkdf2_sha256$24000$y83FxNugYdqS$kwKpwIh5eS2zh61P0U31z1Mv3dvGcJpK0r/UM09R+so=", "username": "user32"}}, {"model": "scoreserver.user", "pk": 33, "fields": {"password": "pbkdf2_sha256$24000$btePhdEEnWlX$MCwRoW/getE7eP+rV7TzAN2It5qMaDJDb8cAGEbzTMM=", "username": "user33"}}, {"model": "scoreserver.user", "pk": 34, "fields": {"password": "pbkdf2_sha256$24000$cpN5vdrQ3kNx$DUOR78GrqOWY0Di4B3ZPREfdMseTeIBXGQzOhOmv4r4=", "username": "user34"}}, {"model": "scoreserver.user", "pk": 35, "fields": {"password": "pbkdf2_sha256$24000$VHiKJhMaDJKQ$dBODUMqQDjVfPMkHpCYgFYfnMdrW/aLNfbbJCTxw8bk=", "username": "user35"}}, {"model": "scoreserver.user", "pk": 36, "fields": {"password": "pbkdf2_sha256$24000$eFeYEfKjfNbu$J2Wf1U8PNw356Ekh/5rslfZ9FcEKihn/LF7o5Df6vko=", "username": "user36"}}, {"model": "scoreserver.user", "pk": 37, "fields": {"password": "pbkdf2_sha256$24000$0QrT9NajAZr9$DR2wtnm4sJ65dDrTcKWJJY3aVaHtakLjC6zRaSSF5TE=", "username": "user37"}}, {"model": "scoreserver.user", "pk": 38, "fields": {"password": "pbkdf2_sha256$24000$GtnQQSH0Grib$lRlJkPfa3b65BpVT/jvdDxuKR+YkIISqakjh14iBLqg=", "username": "user38"}}, {"model": "scoreserver.user", "pk": 39, "fields": {"password": "pbkdf2_sha256$24000$78HLHTfcWnV9$vZSJ+fAD60tgvHDXiytu0EUVH06rXidGp6I9naIbGNk=", "username": "user39"}}, {"model": "scoreserver.user", "pk": 40, "fields": {"password": "pbkdf2_sha256$24000$THRedqnFIHOt$sb9UcnvCbSbfWoSIvUZEB2VrYC+EVzqynrR7imTAoTg=", "username": "user40"}}, {"model": "scoreserver.user", "pk": 41, "fields": {"password": "pbkdf2_sha256$24000$70FAy0m74QqH$CrZf6ilrnFcV6KRPATOOH6zujLFDPDdJ7783e7QfK9U=", "username": "user41"}}, {"model": "scoreserver.user", "pk": 42, "fields": {"password": "pbkdf2_sha256$24000$szU2oGD7QWe8$TeJSqldID6ec5e7wbwAXUp5O49dMYzkEweV1UG6b41M=", "username": "user42"}}, {"model": "scoreserver.user", "pk": 43, "fields": {"password": "pbkdf2_sha256$24000$THSEPhT9hBpq$aL88shhn/cvaQKCCAelCRXu7485pTKSj33k8574v2UA=", "username": "user43"}}, {"model": "scoreserver.user", "pk": 44, "fields": {"password": "pbkdf2_sha256$24000$2XZcJ7w437Ox$gM0Uw/xU2q4gl+VUPZacC0PFdHORBLfToGSgHb0n7F4=", "username": "user44"}}, {"model": "scoreserver.user", "pk": 45, "fields": {"password": "pbkdf2_sha256$24000$dbBghKvDGZ64$gv7IkQdpRR7aTyB6cKLFD5WDY0TbDSH481Pqas8OCfg=", "username": "user45"}}, {"model": "scoreserver.user", "pk": 46, "fields": {"password": "pbkdf2_sha256$24000$fnx0oTOLZLgS$46Uo3pib64YttQ8ffucy4C2f7XwUvGVoNfPygzQCH+g=", "username": "user46"}}, {"model": "scoreserver.user", "pk": 47, "fields": {"password": "pbkdf2_sha256$24000$w1mxf7bK2unG$ExXRl6IcjockTOdBIVWCF/H0JtlsZKbLhzzm9PsDWl0=", "username": "user47"}}, {"model": "scoreserver.user", "pk": 48, "fields": {"password": "pbkdf2_sha256$24000$jj683oKdGYoF$web69WGPcI7H+Sox7rOfQf4LmQK3+aHBIOCZa7TMroA=", "username": "user48"}}, {"model": "scoreserver.user", "pk": 49, "fields": {"password": "pbkdf2_sha256$24000$Oot8oSOErKf5$YHBV+fHcChpVNIZEDDEofpap3WB5rbBlH+Fnk4+PbZA=", "username": "user49"}}, {"model": "scoreserver.hint", "pk": 0, "fields": {"description": "fPXzOLnVroYJtnlRPNdRKiAAIbjtTFVfzLXEUAgRsNXUdCHYdRQRglhFEQZMsxMUnRMNyVMBEQfRTdJFccrmpRSdkgFrgouiYKxR", "question": 42}}, {"model": "scoreserver.hint", "pk": 1, "fields": {"description": "ZhtFEbkEYgyAYvWNqNXoYpBfNNFtSpcSozgNMCKcXOzVunzFywvkLBkSHXBynkqcsZAXzZzYMRoMrVIbzArtgIzbYDcRoCPwkUSQ", "question": 35}}, {"model": "scoreserver.hint", "pk": 2, "fields": {"description": "hWkKPzvQhkweRCbWspXoinSTsqrPRUAupxxINVsKNOIVcIFoTTVidjHZDLfqZWBqSfvrLHBsBEszJgPgJscOYeMBoiqwRoSWxuIn", "question": 42}}, {"model": "scoreserver.hint", "pk": 3, "fields": {"description": "nfkZAmSVWmBaLzOmgJufQrfkqdnsnESAawDNyqkKMDzFzxsemnsmcLYLPtpnqfEtAOUDvkkHyLkUcgWSPVzwOkKrJhQEoAgdnNci", "question": 9}}, {"model": "scoreserver.hint", "pk": 4, "fields": {"description": "UDjwRtSYuFbhWTeoxYcNqAfcLSeZxGPdjvvHqVNQarDYvpEohBcBaQLTePkNHzNkVFRuhzFPfnOssYhYUnQOFNatzIKNDlNNDofh", "question": 42}}, {"model": "scoreserver.hint", "pk": 5, "fields": {"description": "EhYEkzpItGccLfkaEiiNSBzGZJFGYYAsVkkfHDJDwbsSRfAdOEeZykWgNJvOHVdqkggDrIrpMQBOoqbYKpUbCeCIebRHMHrsgWWu", "question": 6}}, {"model": "scoreserver.hint", "pk": 6, "fields": {"description": "ATjlyVivancUKUYLWfufEZMGjeBDopZOCJAAoeBhmSJEDExWSbmYDEdLevlbCHadpieKyhZiJRWNTVkSsoYJZLebrMFHUaEBdWJI", "question": 12}}, {"model": "scoreserver.hint", "pk": 7, "fields": {"description": "SkSemSVihQapLXYmkmOELkWbLPIiSgjibnFIkVYyYtcHlhgMyZNejftlmbRIZSVHcrpmZuACDNQoQzuuUGBDOamPXAqKaSGgIjMq", "question": 33}}, {"model": "scoreserver.hint", "pk": 8, "fields": {"description": "zrcNaRIflsgOBEfnVmIjWbOGXGfGDWPDeXdfjWFEbGQUkYwzJlrhbVeALawApdYNiCayeumPYRWFIVaRWEZzMwgbVHhrkIvtiRHj", "question": 44}}, {"model": "scoreserver.hint", "pk": 9, "fields": {"description": "lCiKGaVuZQZfKrJTqpNfssuPUbAmnKSdXQyCjNcfClrqQZBrDefXbezjZSbNJEhNqZwVTaVwWMjaBoTXfkBdEdetVxofcqpBFNuA", "question": 24}}, {"model": "scoreserver.hint", "pk": 10, "fields": {"description": "MRtdYDnpGwpVbNikbctwWucNXflUuGAYmrHlzFkXTUevEoPrJGJxktrjXqRnBmAbJtaVPbuZKxqhesBZatIRkZxOjdsGSopNNWez", "question": 35}}, {"model": "scoreserver.hint", "pk": 11, "fields": {"description": "WzWlZxqUskBOaXbvjbbKmqkDniAzpSKuAfwaPYrjDwPadwGaojVHaVTogFanImqNTWjezARhBwQBrrYdmiSPEIYnGNRoxNFInBGn", "question": 24}}, {"model": "scoreserver.hint", "pk": 12, "fields": {"description": "maaGvpXyGKYbcrhYgKJGRczgwHmvxhyShVyMelvLovPkLKcuOkXdDLaRbrBoQoqneqNLyfOVuVCZgvXMfNkYUlLpbFWblrnJMxcI", "question": 5}}, {"model": "scoreserver.hint", "pk": 13, "fields": {"description": "ZdpuAeukNLthnSqrdXBltDNnNimlSiXYygxjuorWlLiHlkVJFUZSEHcYptKSSZlLmAieDEpGLSqXtXfkIcGAQcMpxGphZxHfgKiD", "question": 49}}, {"model": "scoreserver.hint", "pk": 14, "fields": {"description": "eNKkFwhqzHwtTnhlDtiuQEDsVSubmmhBJonyilXVxaYAuKNndvxifYZMcgLhZcNfVMJfisksFCMzUAbbYNGuZjkfeAxYmrJsmXuU", "question": 46}}, {"model": "scoreserver.hint", "pk": 15, "fields": {"description": "cpAIRmSrMfuskeXitpZzNLseXFIQFjilCVVWofGYJyUqPeftQMnALcTumUAPvSfEkEgnWMByxleUNxEBPOerqTuGhRRhwxHxzByZ", "question": 49}}, {"model": "scoreserver.hint", "pk": 16, "fields": {"description": "OmeuYyJxJCMwJcUqjqmkDeVPgdKhrugxVukYcdydNCHsOdTzPJYPWongUyViWjBwugLZUZLYTIspTHoMSKMmXCLltAEMtdqkvCbd", "question": 17}}, {"model": "scoreserver.hint", "pk": 17, "fields": {"description": "yvBghgZQnhBCoFltGdMwlMlBfFQzWdfxtaQmuwKgbphjVauUqZDkTQaBatAjplbnGrYNLuhglhJZuenTPDClAzkGQJJLbuFgTrso", "question": 23}}, {"model": "scoreserver.hint", "pk": 18, "fields": {"description": "eKEibuXCEjwyLkAQbznfhyWJikyWjzSjrWZYZgmlOKQuhHuqulRnVxEXmktlhFUoZEciTlaTawqwOvCdBgEvjNzSGIKbsmpjqXRJ", "question": 22}}, {"model": "scoreserver.hint", "pk": 19, "fields": {"description": "qYQPOyRpKmguaSTTJITQMStVUNbAbfGZxpInxZIbRvhYxyWmVhrcLpozUTpimjJEjFrTGaNYSapWoJOekzggYigCenpSZseJbLdb", "question": 41}}, {"model": "scoreserver.hint", "pk": 20, "fields": {"description": "jRoVnjFKUfphQIqBvmjRhfEqWCOOCxFSJFvwhkyNcdsjibfkiFTGnQWxxEZHpQkBjFRYapKMJnMuwWtYBgAzcWsXaoAkCakqlhAt", "question": 44}}, {"model": "scoreserver.hint", "pk": 21, "fields": {"description": "oIJQarkcMFzZxyaVHGvDzBNUHRVEyJIeQqLoisyIRNBWmvpUzSFgywMyeppUYphzfEEHNnODoQJjHXHQXzAtEaScaIMWhVlTvDCi", "question": 35}}, {"model": "scoreserver.hint", "pk": 22, "fields": {"description": "UIsUVSdYKeDIaojzauqRDFzXSEQVjuTmhTnKxIsWBxYxXtNKjaDxSwCpoeYoFCmDxJiAZoQnoCaoHRnuSBLqidOKQDDOxjNTFKJL", "question": 44}}, {"model": "scoreserver.hint", "pk": 23, "fields": {"description": "zClYwqvkJKoDNoljnykbOVoeparvfdpvhjpNYxZAwjKpTzNsaqzEwVNOGdgLTVXUxpIZTCPWcyJzDgYsSziMLOGWJAaduorZdfnZ", "question": 30}}, {"model": "scoreserver.hint", "pk": 24, "fields": {"description": "FMJdvtlqlKsyupiEpAhNSQuQsGvNjDFXAGnXfuzJOlQugKgKmUeKiluWIuRRoJHgcDBpRWRmAqLwFVpkUpFjFCwyTuLvYOTHGVRh", "question": 36}}, {"model": "scoreserver.hint", "pk": 25, "fields": {"description": "khkDZGERYXYHoyuIqvhezqQfdrJGWTPzoAYyDoxzTbySupccSaoBXEmCGgrHptlEaZLhkyWkEpqrsZZhUTJkNecKVyPYgqjFdLzR", "question": 24}}, {"model": "scoreserver.hint", "pk": 26, "fields": {"description": "snoWfOjqdsaVDWqpDrHznWSpJFpekoIwbKiWaVpftuNiMLhvRYfIIJYaUasIMfBIHSekoQBiJbzTYvAeQNHVRKkBKjvsFCJwcZhk", "question": 7}}, {"model": "scoreserver.hint", "pk": 27, "fields": {"description": "XQXCCgkPFAavoelvsBGKxqywttKaoxKlZuWEBQZpKDzuOlWTmljfottRkYLrMjnZbgDXKvurWFuAcTVznMOXeoRzMSxMaaQUVvAc", "question": 16}}, {"model": "scoreserver.hint", "pk": 28, "fields": {"description": "AEtpilkFQkeYFWTbhSBGgQzZbzWYibjTYyddOXVEgtoRNEgMTZAyAkoVeKAHLKRMIdOFoTtrnSjBjQjlsIBmCoJuOwmdSOgTprsk", "question": 49}}, {"model": "scoreserver.hint", "pk": 29, "fields": {"description": "jHYQiJJOIQZPuvFrTsrbqTGcsDItNKatXoZMJROVlOxssrnYqHQcPAecIuLInLBsjCzJuMZiRypjxVwmRAUmkZfuxoNSNWmIYPnh", "question": 42}}, {"model": "scoreserver.hint", "pk": 30, "fields": {"description": "DJoIInyCKZcDijaqMfucXJWMuHfwyqtoazWNzrXhxWyjsfcSGHXLKWugUoxKFRwSsITNvTOGOAWZORncopyBdVXPUtKKuWWDitEq", "question": 20}}, {"model": "scoreserver.hint", "pk": 31, "fields": {"description": "BENuJyJrSuGDTVsHuVBBdtuJSHRCJdcgddeZvKpwnaAlitnndwhOtgpOxWUgJbBEbrTWFtWuBlDvKgtDuwsmlxgxPJGfdLEahbqB", "question": 14}}, {"model": "scoreserver.hint", "pk": 32, "fields": {"description": "SkUwfAIwGMSVBuhzNesKoPwAbmlEvOuIBmcbEUgpnOAKbdfICAHBGJfjgaRTcRcULpUTvduJhMNzLfempaUDySLblwNldqHMoILz", "question": 3}}, {"model": "scoreserver.hint", "pk": 33, "fields": {"description": "fcCjZNEcEratnBVOWtxxDRRJAzxRplcVvZpCnOSSHwTrzbSisIzuChzzpAsQJVjkWEGqSFLullFmDgUQDoamObyucgueTDlaCjte", "question": 37}}, {"model": "scoreserver.hint", "pk": 34, "fields": {"description": "vZMfevvdhTNHvnRQHzqJkBIFhMQUgIItuDaAQhsNqoMMFnRKjhFvoLljXHiFUfrtwQpamtksVjKyRsfbjthENBjGLJgktHoNyGyS", "question": 17}}, {"model": "scoreserver.hint", "pk": 35, "fields": {"description": "dfpBEqOyyycMVccoTKdYHdGuajmVDHwPzznzhGUkoBUipkCifLsouhNOABOXVfgMVUTxYxSMdKpmbwvTXrtglElULqXrWqJUGxPG", "question": 40}}, {"model": "scoreserver.hint", "pk": 36, "fields": {"description": "wMWZIrNqEGOqgumGxtJlKOEDriCSMetjHrdDwrGzoVARcBjwWlsmyeDIiUjdTDvIfJYNcNJBjEmjOQYHETwKlvTuwAOiOkeWxJuS", "question": 29}}, {"model": "scoreserver.hint", "pk": 37, "fields": {"description": "CcYiaggzPmhwEECORmSTtPAuCDiKBIMjypbLOvjriAhTkSVvVHFrPmPaNhaCJYGIzXZbOBYzyXtTMGZMxBZjZMzXanaunsFUfdXc", "question": 46}}, {"model": "scoreserver.hint", "pk": 38, "fields": {"description": "XgCBZDrGbkXsEghtLLVXOQLGAooXsKcSRBqIhzbpykjcDEcKINOlKlGjErvkdQUSGOwBnrsvKTwRQfeFMbHqOdiaGOYIMQrGbNGq", "question": 22}}, {"model": "scoreserver.hint", "pk": 39, "fields": {"description": "yzPSPGGcrFCHiJWRCAteNWmwGKArvFpdamKoDKpolUijMdsYCfOrtDADiCJyLpJGempBxnhayxNirIbLETrBhcWhODWiiEcsZtfP", "question": 33}}, {"model": "scoreserver.hint", "pk": 40, "fields": {"description": "HUGzBSUIZKJvLSqDXbrfaoxrTTQlouEvDuCCkTQqgCZtqLdQWlbKUoTycpPsJycXSPelphyMtFofUPOxqWORgPsbTbrccjrBHQgC", "question": 2}}, {"model": "scoreserver.hint", "pk": 41, "fields": {"description": "QjDlOGTGUoYSdPOeZGysnkqZGPbZHsDxlEZiKcMBXBQnVADMbKZOxffKbAYOPblnNQqJMevTtsFNxSXZsSzoVPZASdsruKxGsJTF", "question": 36}}, {"model": "scoreserver.hint", "pk": 42, "fields": {"description": "wRHAtiPHUCVKfFePdVdleWEmBmqGOFaRMCyIMlQrphfeBFrncaVXkXLDHiumtQdYmDkzbKsTVizjDToVUcrGMAEJAyNjKOqGMKuM", "question": 6}}, {"model": "scoreserver.hint", "pk": 43, "fields": {"description": "QcmUOwnssPpHJZjPimMTFcZvivBwQAnlmJRLqOZQgyRAcbyuXqhzSmeCLXelBwwWpdkhIECqNEBKWFngWYDyREPfjqfZCpgriwDz", "question": 31}}, {"model": "scoreserver.hint", "pk": 44, "fields": {"description": "KKLVgAwNFptwAwSGLNjwVcmyebtGyBdLmRrelGekbbYcAMpkIjIBoHKflcyJWxmLTFYAHtuiyPyFemnlYAvlAlDhhKxvqIPwRizf", "question": 31}}, {"model": "scoreserver.hint", "pk": 45, "fields": {"description": "vYkdISUnyWvAbJLjGPonqWLQBZTsFXYiAMEylyDBXuujYqYKyUJeaFfIxabCzBZLFUNNFadvpoZbkgzqyfDKVXzHQPBUXkgwZkgl", "question": 2}}, {"model": "scoreserver.hint", "pk": 46, "fields": {"description": "bXkLgMqjKuCgPpjSaPqttKrLhflaAREPQOglEHqwiAuOxqgVDhIrRxVKftBkZwEAQUlkwVEMTFdfhlYMbLfRpPXtWMTdHkciNaiM", "question": 26}}, {"model": "scoreserver.hint", "pk": 47, "fields": {"description": "ALajhazeSSCglIMirpqhHKftqVIlrdxugcwvDggWRsBlDpGikfnPyajzLIzUgDFCUdmmzpQJbEjhdJkcVAYmcNzlfvBGqtMwTOXX", "question": 26}}, {"model": "scoreserver.hint", "pk": 48, "fields": {"description": "TRYtoInkfHTzTRvMGGNNERYXIKAufpAsqpqVwMNXTIXUHUjcaAIomEWNRasgoNVwPsLemyUNuxbZhbjsXPWGSdoaRWHXWCMfQdOM", "question": 20}}, {"model": "scoreserver.hint", "pk": 49, "fields": {"description": "tHYXVtsoQvAIzAHANeJcxsLzApViVtYPcPJVpDUjrqFPyVxxCaCQflBlUBFOFqLgAejYUabPjIaVvfLXKGxOLhmKpoFQXbXpcCyV", "question": 19}}, {"model": "scoreserver.attackpointhistory", "pk": 0, "fields": {"point": 100, "question": 1, "user": 23}}, {"model": "scoreserver.attackpointhistory", "pk": 1, "fields": {"point": 200, "question": 4, "user": 16}}, {"model": "scoreserver.attackpointhistory", "pk": 2, "fields": {"point": 1000, "question": 6, "user": 41}}, {"model": "scoreserver.attackpointhistory", "pk": 3, "fields": {"point": 1000, "question": 9, "user": 46}}, {"model": "scoreserver.attackpointhistory", "pk": 4, "fields": {"point": 400, "question": 1, "user": 41}}, {"model": "scoreserver.attackpointhistory", "pk": 5, "fields": {"point": 200, "question": 4, "user": 11}}, {"model": "scoreserver.attackpointhistory", "pk": 6, "fields": {"point": 300, "question": 9, "user": 49}}, {"model": "scoreserver.attackpointhistory", "pk": 7, "fields": {"point": 200, "question": 4, "user": 43}}, {"model": "scoreserver.attackpointhistory", "pk": 8, "fields": {"point": 800, "question": 1, "user": 7}}, {"model": "scoreserver.attackpointhistory", "pk": 9, "fields": {"point": 500, "question": 6, "user": 3}}, {"model": "scoreserver.attackpointhistory", "pk": 10, "fields": {"point": 300, "question": 6, "user": 27}}, {"model": "scoreserver.attackpointhistory", "pk": 11, "fields": {"point": 100, "question": 7, "user": 49}}, {"model": "scoreserver.attackpointhistory", "pk": 12, "fields": {"point": 900, "question": 1, "user": 4}}, {"model": "scoreserver.attackpointhistory", "pk": 13, "fields": {"point": 200, "question": 6, "user": 29}}, {"model": "scoreserver.attackpointhistory", "pk": 14, "fields": {"point": 600, "question": 2, "user": 23}}, {"model": "scoreserver.attackpointhistory", "pk": 15, "fields": {"point": 200, "question": 8, "user": 24}}, {"model": "scoreserver.attackpointhistory", "pk": 16, "fields": {"point": 800, "question": 2, "user": 45}}, {"model": "scoreserver.attackpointhistory", "pk": 17, "fields": {"point": 300, "question": 8, "user": 41}}, {"model": "scoreserver.attackpointhistory", "pk": 18, "fields": {"point": 700, "question": 7, "user": 29}}, {"model": "scoreserver.attackpointhistory", "pk": 19, "fields": {"point": 100, "question": 7, "user": 46}}, {"model": "scoreserver.attackpointhistory", "pk": 20, "fields": {"point": 400, "question": 1, "user": 26}}, {"model": "scoreserver.attackpointhistory", "pk": 21, "fields": {"point": 200, "question": 6, "user": 9}}, {"model": "scoreserver.attackpointhistory", "pk": 22, "fields": {"point": 700, "question": 4, "user": 41}}, {"model": "scoreserver.attackpointhistory", "pk": 23, "fields": {"point": 700, "question": 5, "user": 9}}, {"model": "scoreserver.attackpointhistory", "pk": 24, "fields": {"point": 400, "question": 1, "user": 37}}, {"model": "scoreserver.attackpointhistory", "pk": 25, "fields": {"point": 400, "question": 4, "user": 23}}, {"model": "scoreserver.attackpointhistory", "pk": 26, "fields": {"point": 700, "question": 2, "user": 47}}, {"model": "scoreserver.attackpointhistory", "pk": 27, "fields": {"point": 100, "question": 6, "user": 7}}, {"model": "scoreserver.attackpointhistory", "pk": 28, "fields": {"point": 100, "question": 2, "user": 7}}, {"model": "scoreserver.attackpointhistory", "pk": 29, "fields": {"point": 400, "question": 3, "user": 9}}, {"model": "scoreserver.attackpointhistory", "pk": 30, "fields": {"point": 800, "question": 1, "user": 43}}, {"model": "scoreserver.attackpointhistory", "pk": 31, "fields": {"point": 100, "question": 8, "user": 9}}, {"model": "scoreserver.attackpointhistory", "pk": 32, "fields": {"point": 800, "question": 2, "user": 17}}, {"model": "scoreserver.attackpointhistory", "pk": 33, "fields": {"point": 700, "question": 9, "user": 43}}, {"model": "scoreserver.attackpointhistory", "pk": 34, "fields": {"point": 1000, "question": 8, "user": 39}}, {"model": "scoreserver.attackpointhistory", "pk": 35, "fields": {"point": 100, "question": 8, "user": 23}}, {"model": "scoreserver.attackpointhistory", "pk": 36, "fields": {"point": 500, "question": 8, "user": 30}}, {"model": "scoreserver.attackpointhistory", "pk": 37, "fields": {"point": 400, "question": 4, "user": 13}}, {"model": "scoreserver.attackpointhistory", "pk": 38, "fields": {"point": 300, "question": 5, "user": 28}}, {"model": "scoreserver.attackpointhistory", "pk": 39, "fields": {"point": 600, "question": 1, "user": 20}}, {"model": "scoreserver.attackpointhistory", "pk": 40, "fields": {"point": 800, "question": 4, "user": 43}}, {"model": "scoreserver.attackpointhistory", "pk": 41, "fields": {"point": 100, "question": 3, "user": 39}}, {"model": "scoreserver.attackpointhistory", "pk": 42, "fields": {"point": 300, "question": 1, "user": 2}}, {"model": "scoreserver.attackpointhistory", "pk": 43, "fields": {"point": 700, "question": 9, "user": 7}}, {"model": "scoreserver.attackpointhistory", "pk": 44, "fields": {"point": 100, "question": 3, "user": 9}}, {"model": "scoreserver.attackpointhistory", "pk": 45, "fields": {"point": 400, "question": 6, "user": 1}}, {"model": "scoreserver.attackpointhistory", "pk": 46, "fields": {"point": 600, "question": 7, "user": 40}}, {"model": "scoreserver.attackpointhistory", "pk": 47, "fields": {"point": 200, "question": 2, "user": 27}}, {"model": "scoreserver.attackpointhistory", "pk": 48, "fields": {"point": 300, "question": 5, "user": 27}}, {"model": "scoreserver.attackpointhistory", "pk": 49, "fields": {"point": 900, "question": 1, "user": 21}}, {"model": "scoreserver.attackpointhistory", "pk": 50, "fields": {"point": 700, "question": 1, "user": 32}}, {"model": "scoreserver.attackpointhistory", "pk": 51, "fields": {"point": 300, "question": 8, "user": 4}}, {"model": "scoreserver.attackpointhistory", "pk": 52, "fields": {"point": 600, "question": 5, "user": 5}}, {"model": "scoreserver.attackpointhistory", "pk": 53, "fields": {"point": 400, "question": 1, "user": 36}}, {"model": "scoreserver.attackpointhistory", "pk": 54, "fields": {"point": 1000, "question": 8, "user": 41}}, {"model": "scoreserver.attackpointhistory", "pk": 55, "fields": {"point": 400, "question": 1, "user": 29}}, {"model": "scoreserver.attackpointhistory", "pk": 56, "fields": {"point": 100, "question": 6, "user": 20}}, {"model": "scoreserver.attackpointhistory", "pk": 57, "fields": {"point": 300, "question": 5, "user": 17}}, {"model": "scoreserver.attackpointhistory", "pk": 58, "fields": {"point": 400, "question": 6, "user": 45}}, {"model": "scoreserver.attackpointhistory", "pk": 59, "fields": {"point": 100, "question": 7, "user": 27}}, {"model": "scoreserver.attackpointhistory", "pk": 60, "fields": {"point": 300, "question": 2, "user": 23}}, {"model": "scoreserver.attackpointhistory", "pk": 61, "fields": {"point": 600, "question": 8, "user": 13}}, {"model": "scoreserver.attackpointhistory", "pk": 62, "fields": {"point": 400, "question": 3, "user": 16}}, {"model": "scoreserver.attackpointhistory", "pk": 63, "fields": {"point": 800, "question": 5, "user": 11}}, {"model": "scoreserver.attackpointhistory", "pk": 64, "fields": {"point": 1000, "question": 3, "user": 39}}, {"model": "scoreserver.attackpointhistory", "pk": 65, "fields": {"point": 100, "question": 2, "user": 23}}, {"model": "scoreserver.attackpointhistory", "pk": 66, "fields": {"point": 1000, "question": 5, "user": 38}}, {"model": "scoreserver.attackpointhistory", "pk": 67, "fields": {"point": 700, "question": 7, "user": 41}}, {"model": "scoreserver.attackpointhistory", "pk": 68, "fields": {"point": 400, "question": 4, "user": 46}}, {"model": "scoreserver.attackpointhistory", "pk": 69, "fields": {"point": 800, "question": 1, "user": 7}}, {"model": "scoreserver.attackpointhistory", "pk": 70, "fields": {"point": 300, "question": 7, "user": 13}}, {"model": "scoreserver.attackpointhistory", "pk": 71, "fields": {"point": 900, "question": 8, "user": 18}}, {"model": "scoreserver.attackpointhistory", "pk": 72, "fields": {"point": 500, "question": 4, "user": 49}}, {"model": "scoreserver.attackpointhistory", "pk": 73, "fields": {"point": 500, "question": 8, "user": 18}}, {"model": "scoreserver.attackpointhistory", "pk": 74, "fields": {"point": 100, "question": 9, "user": 7}}, {"model": "scoreserver.attackpointhistory", "pk": 75, "fields": {"point": 200, "question": 2, "user": 3}}, {"model": "scoreserver.attackpointhistory", "pk": 76, "fields": {"point": 500, "question": 5, "user": 23}}, {"model": "scoreserver.attackpointhistory", "pk": 77, "fields": {"point": 1000, "question": 9, "user": 26}}, {"model": "scoreserver.attackpointhistory", "pk": 78, "fields": {"point": 900, "question": 8, "user": 36}}, {"model": "scoreserver.attackpointhistory", "pk": 79, "fields": {"point": 400, "question": 3, "user": 45}}, {"model": "scoreserver.attackpointhistory", "pk": 80, "fields": {"point": 200, "question": 7, "user": 2}}, {"model": "scoreserver.attackpointhistory", "pk": 81, "fields": {"point": 1000, "question": 8, "user": 27}}, {"model": "scoreserver.attackpointhistory", "pk": 82, "fields": {"point": 500, "question": 8, "user": 42}}, {"model": "scoreserver.attackpointhistory", "pk": 83, "fields": {"point": 600, "question": 5, "user": 35}}, {"model": "scoreserver.attackpointhistory", "pk": 84, "fields": {"point": 300, "question": 1, "user": 2}}, {"model": "scoreserver.attackpointhistory", "pk": 85, "fields": {"point": 800, "question": 2, "user": 11}}, {"model": "scoreserver.attackpointhistory", "pk": 86, "fields": {"point": 100, "question": 5, "user": 9}}, {"model": "scoreserver.attackpointhistory", "pk": 87, "fields": {"point": 500, "question": 1, "user": 22}}, {"model": "scoreserver.attackpointhistory", "pk": 88, "fields": {"point": 600, "question": 2, "user": 39}}, {"model": "scoreserver.attackpointhistory", "pk": 89, "fields": {"point": 600, "question": 7, "user": 10}}, {"model": "scoreserver.attackpointhistory", "pk": 90, "fields": {"point": 900, "question": 4, "user": 11}}, {"model": "scoreserver.attackpointhistory", "pk": 91, "fields": {"point": 900, "question": 7, "user": 21}}, {"model": "scoreserver.attackpointhistory", "pk": 92, "fields": {"point": 400, "question": 2, "user": 42}}, {"model": "scoreserver.attackpointhistory", "pk": 93, "fields": {"point": 900, "question": 8, "user": 22}}, {"model": "scoreserver.attackpointhistory", "pk": 94, "fields": {"point": 200, "question": 8, "user": 37}}, {"model": "scoreserver.attackpointhistory", "pk": 95, "fields": {"point": 900, "question": 1, "user": 5}}, {"model": "scoreserver.attackpointhistory", "pk": 96, "fields": {"point": 600, "question": 7, "user": 5}}, {"model": "scoreserver.attackpointhistory", "pk": 97, "fields": {"point": 1000, "question": 5, "user": 41}}, {"model": "scoreserver.attackpointhistory", "pk": 98, "fields": {"point": 600, "question": 5, "user": 27}}, {"model": "scoreserver.attackpointhistory", "pk": 99, "fields": {"point": 700, "question": 4, "user": 14}}, {"model": "scoreserver.attackpointhistory", "pk": 100, "fields": {"point": 600, "question": 3, "user": 40}}, {"model": "scoreserver.attackpointhistory", "pk": 101, "fields": {"point": 1000, "question": 2, "user": 27}}, {"model": "scoreserver.attackpointhistory", "pk": 102, "fields": {"point": 200, "question": 4, "user": 3}}, {"model": "scoreserver.attackpointhistory", "pk": 103, "fields": {"point": 400, "question": 5, "user": 49}}, {"model": "scoreserver.attackpointhistory", "pk": 104, "fields": {"point": 1000, "question": 7, "user": 43}}, {"model": "scoreserver.attackpointhistory", "pk": 105, "fields": {"point": 1000, "question": 6, "user": 46}}, {"model": "scoreserver.attackpointhistory", "pk": 106, "fields": {"point": 200, "question": 7, "user": 13}}, {"model": "scoreserver.attackpointhistory", "pk": 107, "fields": {"point": 500, "question": 2, "user": 42}}, {"model": "scoreserver.attackpointhistory", "pk": 108, "fields": {"point": 400, "question": 6, "user": 2}}, {"model": "scoreserver.attackpointhistory", "pk": 109, "fields": {"point": 700, "question": 1, "user": 26}}, {"model": "scoreserver.attackpointhistory", "pk": 110, "fields": {"point": 1000, "question": 4, "user": 2}}, {"model": "scoreserver.attackpointhistory", "pk": 111, "fields": {"point": 1000, "question": 2, "user": 24}}, {"model": "scoreserver.attackpointhistory", "pk": 112, "fields": {"point": 100, "question": 8, "user": 36}}, {"model": "scoreserver.attackpointhistory", "pk": 113, "fields": {"point": 100, "question": 2, "user": 2}}, {"model": "scoreserver.attackpointhistory", "pk": 114, "fields": {"point": 900, "question": 2, "user": 16}}, {"model": "scoreserver.attackpointhistory", "pk": 115, "fields": {"point": 500, "question": 8, "user": 6}}, {"model": "scoreserver.attackpointhistory", "pk": 116, "fields": {"point": 200, "question": 2, "user": 42}}, {"model": "scoreserver.attackpointhistory", "pk": 117, "fields": {"point": 100, "question": 1, "user": 47}}, {"model": "scoreserver.attackpointhistory", "pk": 118, "fields": {"point": 700, "question": 4, "user": 25}}, {"model": "scoreserver.attackpointhistory", "pk": 119, "fields": {"point": 600, "question": 7, "user": 46}}, {"model": "scoreserver.attackpointhistory", "pk": 120, "fields": {"point": 500, "question": 9, "user": 36}}, {"model": "scoreserver.attackpointhistory", "pk": 121, "fields": {"point": 100, "question": 1, "user": 11}}, {"model": "scoreserver.attackpointhistory", "pk": 122, "fields": {"point": 200, "question": 7, "user": 3}}, {"model": "scoreserver.attackpointhistory", "pk": 123, "fields": {"point": 900, "question": 2, "user": 19}}, {"model": "scoreserver.attackpointhistory", "pk": 124, "fields": {"point": 700, "question": 2, "user": 2}}, {"model": "scoreserver.attackpointhistory", "pk": 125, "fields": {"point": 700, "question": 9, "user": 13}}, {"model": "scoreserver.attackpointhistory", "pk": 126, "fields": {"point": 800, "question": 7, "user": 28}}, {"model": "scoreserver.attackpointhistory", "pk": 127, "fields": {"point": 600, "question": 4, "user": 13}}, {"model": "scoreserver.attackpointhistory", "pk": 128, "fields": {"point": 800, "question": 5, "user": 29}}, {"model": "scoreserver.attackpointhistory", "pk": 129, "fields": {"point": 800, "question": 7, "user": 22}}, {"model": "scoreserver.attackpointhistory", "pk": 130, "fields": {"point": 600, "question": 5, "user": 1}}, {"model": "scoreserver.attackpointhistory", "pk": 131, "fields": {"point": 1000, "question": 7, "user": 28}}, {"model": "scoreserver.attackpointhistory", "pk": 132, "fields": {"point": 700, "question": 9, "user": 26}}, {"model": "scoreserver.attackpointhistory", "pk": 133, "fields": {"point": 400, "question": 5, "user": 15}}, {"model": "scoreserver.attackpointhistory", "pk": 134, "fields": {"point": 900, "question": 7, "user": 13}}, {"model": "scoreserver.attackpointhistory", "pk": 135, "fields": {"point": 1000, "question": 2, "user": 28}}, {"model": "scoreserver.attackpointhistory", "pk": 136, "fields": {"point": 600, "question": 9, "user": 18}}, {"model": "scoreserver.attackpointhistory", "pk": 137, "fields": {"point": 500, "question": 8, "user": 19}}, {"model": "scoreserver.attackpointhistory", "pk": 138, "fields": {"point": 700, "question": 3, "user": 44}}, {"model": "scoreserver.attackpointhistory", "pk": 139, "fields": {"point": 200, "question": 9, "user": 37}}, {"model": "scoreserver.attackpointhistory", "pk": 140, "fields": {"point": 100, "question": 8, "user": 13}}, {"model": "scoreserver.attackpointhistory", "pk": 141, "fields": {"point": 300, "question": 3, "user": 40}}, {"model": "scoreserver.attackpointhistory", "pk": 142, "fields": {"point": 900, "question": 6, "user": 14}}, {"model": "scoreserver.attackpointhistory", "pk": 143, "fields": {"point": 400, "question": 1, "user": 18}}, {"model": "scoreserver.attackpointhistory", "pk": 144, "fields": {"point": 500, "question": 9, "user": 40}}, {"model": "scoreserver.attackpointhistory", "pk": 145, "fields": {"point": 200, "question": 6, "user": 3}}, {"model": "scoreserver.attackpointhistory", "pk": 146, "fields": {"point": 900, "question": 4, "user": 47}}, {"model": "scoreserver.attackpointhistory", "pk": 147, "fields": {"point": 600, "question": 3, "user": 45}}, {"model": "scoreserver.attackpointhistory", "pk": 148, "fields": {"point": 300, "question": 9, "user": 5}}, {"model": "scoreserver.attackpointhistory", "pk": 149, "fields": {"point": 200, "question": 8, "user": 29}}, {"model": "scoreserver.attackpointhistory", "pk": 150, "fields": {"point": 200, "question": 3, "user": 21}}, {"model": "scoreserver.attackpointhistory", "pk": 151, "fields": {"point": 900, "question": 5, "user": 40}}, {"model": "scoreserver.attackpointhistory", "pk": 152, "fields": {"point": 700, "question": 3, "user": 1}}, {"model": "scoreserver.attackpointhistory", "pk": 153, "fields": {"point": 400, "question": 5, "user": 5}}, {"model": "scoreserver.attackpointhistory", "pk": 154, "fields": {"point": 500, "question": 1, "user": 13}}, {"model": "scoreserver.attackpointhistory", "pk": 155, "fields": {"point": 900, "question": 4, "user": 3}}, {"model": "scoreserver.attackpointhistory", "pk": 156, "fields": {"point": 300, "question": 1, "user": 26}}, {"model": "scoreserver.attackpointhistory", "pk": 157, "fields": {"point": 900, "question": 7, "user": 12}}, {"model": "scoreserver.attackpointhistory", "pk": 158, "fields": {"point": 700, "question": 5, "user": 39}}, {"model": "scoreserver.attackpointhistory", "pk": 159, "fields": {"point": 800, "question": 4, "user": 10}}, {"model": "scoreserver.attackpointhistory", "pk": 160, "fields": {"point": 900, "question": 5, "user": 46}}, {"model": "scoreserver.attackpointhistory", "pk": 161, "fields": {"point": 300, "question": 2, "user": 5}}, {"model": "scoreserver.attackpointhistory", "pk": 162, "fields": {"point": 500, "question": 6, "user": 42}}, {"model": "scoreserver.attackpointhistory", "pk": 163, "fields": {"point": 100, "question": 6, "user": 13}}, {"model": "scoreserver.attackpointhistory", "pk": 164, "fields": {"point": 700, "question": 4, "user": 24}}, {"model": "scoreserver.attackpointhistory", "pk": 165, "fields": {"point": 500, "question": 4, "user": 47}}, {"model": "scoreserver.attackpointhistory", "pk": 166, "fields": {"point": 700, "question": 4, "user": 7}}, {"model": "scoreserver.attackpointhistory", "pk": 167, "fields": {"point": 300, "question": 7, "user": 36}}, {"model": "scoreserver.attackpointhistory", "pk": 168, "fields": {"point": 900, "question": 1, "user": 19}}, {"model": "scoreserver.attackpointhistory", "pk": 169, "fields": {"point": 400, "question": 1, "user": 26}}, {"model": "scoreserver.attackpointhistory", "pk": 170, "fields": {"point": 400, "question": 7, "user": 6}}, {"model": "scoreserver.attackpointhistory", "pk": 171, "fields": {"point": 100, "question": 2, "user": 22}}, {"model": "scoreserver.attackpointhistory", "pk": 172, "fields": {"point": 600, "question": 6, "user": 7}}, {"model": "scoreserver.attackpointhistory", "pk": 173, "fields": {"point": 700, "question": 9, "user": 20}}, {"model": "scoreserver.attackpointhistory", "pk": 174, "fields": {"point": 200, "question": 4, "user": 37}}, {"model": "scoreserver.attackpointhistory", "pk": 175, "fields": {"point": 600, "question": 7, "user": 22}}, {"model": "scoreserver.attackpointhistory", "pk": 176, "fields": {"point": 500, "question": 4, "user": 12}}, {"model": "scoreserver.attackpointhistory", "pk": 177, "fields": {"point": 400, "question": 7, "user": 34}}, {"model": "scoreserver.attackpointhistory", "pk": 178, "fields": {"point": 1000, "question": 5, "user": 2}}, {"model": "scoreserver.attackpointhistory", "pk": 179, "fields": {"point": 600, "question": 4, "user": 34}}, {"model": "scoreserver.attackpointhistory", "pk": 180, "fields": {"point": 100, "question": 5, "user": 33}}, {"model": "scoreserver.attackpointhistory", "pk": 181, "fields": {"point": 700, "question": 3, "user": 30}}, {"model": "scoreserver.attackpointhistory", "pk": 182, "fields": {"point": 800, "question": 5, "user": 23}}, {"model": "scoreserver.attackpointhistory", "pk": 183, "fields": {"point": 300, "question": 3, "user": 11}}, {"model": "scoreserver.attackpointhistory", "pk": 184, "fields": {"point": 400, "question": 1, "user": 11}}, {"model": "scoreserver.attackpointhistory", "pk": 185, "fields": {"point": 1000, "question": 3, "user": 27}}, {"model": "scoreserver.attackpointhistory", "pk": 186, "fields": {"point": 100, "question": 9, "user": 14}}, {"model": "scoreserver.attackpointhistory", "pk": 187, "fields": {"point": 700, "question": 6, "user": 30}}, {"model": "scoreserver.attackpointhistory", "pk": 188, "fields": {"point": 500, "question": 4, "user": 28}}, {"model": "scoreserver.attackpointhistory", "pk": 189, "fields": {"point": 200, "question": 6, "user": 42}}, {"model": "scoreserver.attackpointhistory", "pk": 190, "fields": {"point": 200, "question": 4, "user": 27}}, {"model": "scoreserver.attackpointhistory", "pk": 191, "fields": {"point": 800, "question": 6, "user": 47}}, {"model": "scoreserver.attackpointhistory", "pk": 192, "fields": {"point": 100, "question": 1, "user": 44}}, {"model": "scoreserver.attackpointhistory", "pk": 193, "fields": {"point": 600, "question": 9, "user": 27}}, {"model": "scoreserver.attackpointhistory", "pk": 194, "fields": {"point": 600, "question": 2, "user": 10}}, {"model": "scoreserver.attackpointhistory", "pk": 195, "fields": {"point": 100, "question": 3, "user": 14}}, {"model": "scoreserver.attackpointhistory", "pk": 196, "fields": {"point": 100, "question": 6, "user": 4}}, {"model": "scoreserver.attackpointhistory", "pk": 197, "fields": {"point": 300, "question": 4, "user": 29}}, {"model": "scoreserver.attackpointhistory", "pk": 198, "fields": {"point": 900, "question": 4, "user": 20}}, {"model": "scoreserver.attackpointhistory", "pk": 199, "fields": {"point": 600, "question": 6, "user": 22}}, {"model": "scoreserver.attackpointhistory", "pk": 200, "fields": {"point": 400, "question": 9, "user": 13}}, {"model": "scoreserver.attackpointhistory", "pk": 201, "fields": {"point": 800, "question": 7, "user": 35}}, {"model": "scoreserver.attackpointhistory", "pk": 202, "fields": {"point": 300, "question": 1, "user": 12}}, {"model": "scoreserver.attackpointhistory", "pk": 203, "fields": {"point": 700, "question": 2, "user": 37}}, {"model": "scoreserver.attackpointhistory", "pk": 204, "fields": {"point": 1000, "question": 4, "user": 49}}, {"model": "scoreserver.attackpointhistory", "pk": 205, "fields": {"point": 200, "question": 6, "user": 30}}, {"model": "scoreserver.attackpointhistory", "pk": 206, "fields": {"point": 700, "question": 6, "user": 36}}, {"model": "scoreserver.attackpointhistory", "pk": 207, "fields": {"point": 900, "question": 9, "user": 22}}, {"model": "scoreserver.attackpointhistory", "pk": 208, "fields": {"point": 600, "question": 1, "user": 25}}, {"model": "scoreserver.attackpointhistory", "pk": 209, "fields": {"point": 600, "question": 9, "user": 45}}, {"model": "scoreserver.attackpointhistory", "pk": 210, "fields": {"point": 200, "question": 4, "user": 9}}, {"model": "scoreserver.attackpointhistory", "pk": 211, "fields": {"point": 400, "question": 9, "user": 1}}, {"model": "scoreserver.attackpointhistory", "pk": 212, "fields": {"point": 400, "question": 6, "user": 35}}, {"model": "scoreserver.attackpointhistory", "pk": 213, "fields": {"point": 500, "question": 7, "user": 29}}, {"model": "scoreserver.attackpointhistory", "pk": 214, "fields": {"point": 900, "question": 1, "user": 7}}, {"model": "scoreserver.attackpointhistory", "pk": 215, "fields": {"point": 800, "question": 3, "user": 16}}, {"model": "scoreserver.attackpointhistory", "pk": 216, "fields": {"point": 200, "question": 4, "user": 41}}, {"model": "scoreserver.attackpointhistory", "pk": 217, "fields": {"point": 600, "question": 1, "user": 15}}, {"model": "scoreserver.attackpointhistory", "pk": 218, "fields": {"point": 300, "question": 9, "user": 21}}, {"model": "scoreserver.attackpointhistory", "pk": 219, "fields": {"point": 200, "question": 6, "user": 33}}, {"model": "scoreserver.attackpointhistory", "pk": 220, "fields": {"point": 100, "question": 4, "user": 26}}, {"model": "scoreserver.attackpointhistory", "pk": 221, "fields": {"point": 600, "question": 6, "user": 47}}, {"model": "scoreserver.attackpointhistory", "pk": 222, "fields": {"point": 1000, "question": 8, "user": 31}}, {"model": "scoreserver.attackpointhistory", "pk": 223, "fields": {"point": 900, "question": 2, "user": 24}}, {"model": "scoreserver.attackpointhistory", "pk": 224, "fields": {"point": 800, "question": 7, "user": 45}}, {"model": "scoreserver.attackpointhistory", "pk": 225, "fields": {"point": 400, "question": 6, "user": 38}}, {"model": "scoreserver.attackpointhistory", "pk": 226, "fields": {"point": 800, "question": 5, "user": 26}}, {"model": "scoreserver.attackpointhistory", "pk": 227, "fields": {"point": 200, "question": 1, "user": 39}}, {"model": "scoreserver.attackpointhistory", "pk": 228, "fields": {"point": 700, "question": 2, "user": 44}}, {"model": "scoreserver.attackpointhistory", "pk": 229, "fields": {"point": 900, "question": 7, "user": 19}}, {"model": "scoreserver.attackpointhistory", "pk": 230, "fields": {"point": 700, "question": 8, "user": 48}}, {"model": "scoreserver.attackpointhistory", "pk": 231, "fields": {"point": 900, "question": 8, "user": 36}}, {"model": "scoreserver.attackpointhistory", "pk": 232, "fields": {"point": 300, "question": 8, "user": 42}}, {"model": "scoreserver.attackpointhistory", "pk": 233, "fields": {"point": 400, "question": 6, "user": 24}}, {"model": "scoreserver.attackpointhistory", "pk": 234, "fields": {"point": 100, "question": 5, "user": 39}}, {"model": "scoreserver.attackpointhistory", "pk": 235, "fields": {"point": 100, "question": 9, "user": 1}}, {"model": "scoreserver.attackpointhistory", "pk": 236, "fields": {"point": 200, "question": 1, "user": 4}}, {"model": "scoreserver.attackpointhistory", "pk": 237, "fields": {"point": 700, "question": 6, "user": 22}}, {"model": "scoreserver.attackpointhistory", "pk": 238, "fields": {"point": 1000, "question": 4, "user": 20}}, {"model": "scoreserver.attackpointhistory", "pk": 239, "fields": {"point": 300, "question": 3, "user": 32}}, {"model": "scoreserver.attackpointhistory", "pk": 240, "fields": {"point": 900, "question": 3, "user": 12}}, {"model": "scoreserver.attackpointhistory", "pk": 241, "fields": {"point": 900, "question": 3, "user": 27}}, {"model": "scoreserver.attackpointhistory", "pk": 242, "fields": {"point": 300, "question": 5, "user": 8}}, {"model": "scoreserver.attackpointhistory", "pk": 243, "fields": {"point": 400, "question": 4, "user": 43}}, {"model": "scoreserver.attackpointhistory", "pk": 244, "fields": {"point": 1000, "question": 8, "user": 49}}, {"model": "scoreserver.attackpointhistory", "pk": 245, "fields": {"point": 400, "question": 7, "user": 35}}, {"model": "scoreserver.attackpointhistory", "pk": 246, "fields": {"point": 800, "question": 3, "user": 10}}, {"model": "scoreserver.attackpointhistory", "pk": 247, "fields": {"point": 700, "question": 8, "user": 17}}, {"model": "scoreserver.attackpointhistory", "pk": 248, "fields": {"point": 900, "question": 9, "user": 47}}, {"model": "scoreserver.attackpointhistory", "pk": 249, "fields": {"point": 300, "question": 7, "user": 45}}, {"model": "scoreserver.attackpointhistory", "pk": 250, "fields": {"point": 100, "question": 4, "user": 49}}, {"model": "scoreserver.attackpointhistory", "pk": 251, "fields": {"point": 900, "question": 4, "user": 8}}, {"model": "scoreserver.attackpointhistory", "pk": 252, "fields": {"point": 800, "question": 1, "user": 44}}, {"model": "scoreserver.attackpointhistory", "pk": 253, "fields": {"point": 800, "question": 9, "user": 49}}, {"model": "scoreserver.attackpointhistory", "pk": 254, "fields": {"point": 700, "question": 2, "user": 10}}, {"model": "scoreserver.attackpointhistory", "pk": 255, "fields": {"point": 200, "question": 9, "user": 28}}, {"model": "scoreserver.attackpointhistory", "pk": 256, "fields": {"point": 300, "question": 5, "user": 20}}, {"model": "scoreserver.attackpointhistory", "pk": 257, "fields": {"point": 100, "question": 9, "user": 31}}, {"model": "scoreserver.attackpointhistory", "pk": 258, "fields": {"point": 1000, "question": 1, "user": 35}}, {"model": "scoreserver.attackpointhistory", "pk": 259, "fields": {"point": 500, "question": 3, "user": 31}}, {"model": "scoreserver.attackpointhistory", "pk": 260, "fields": {"point": 600, "question": 5, "user": 13}}, {"model": "scoreserver.attackpointhistory", "pk": 261, "fields": {"point": 200, "question": 7, "user": 2}}, {"model": "scoreserver.attackpointhistory", "pk": 262, "fields": {"point": 200, "question": 7, "user": 47}}, {"model": "scoreserver.attackpointhistory", "pk": 263, "fields": {"point": 900, "question": 2, "user": 14}}, {"model": "scoreserver.attackpointhistory", "pk": 264, "fields": {"point": 800, "question": 1, "user": 18}}, {"model": "scoreserver.attackpointhistory", "pk": 265, "fields": {"point": 600, "question": 8, "user": 40}}, {"model": "scoreserver.attackpointhistory", "pk": 266, "fields": {"point": 700, "question": 3, "user": 4}}, {"model": "scoreserver.attackpointhistory", "pk": 267, "fields": {"point": 700, "question": 7, "user": 34}}, {"model": "scoreserver.attackpointhistory", "pk": 268, "fields": {"point": 1000, "question": 2, "user": 27}}, {"model": "scoreserver.attackpointhistory", "pk": 269, "fields": {"point": 300, "question": 9, "user": 40}}, {"model": "scoreserver.attackpointhistory", "pk": 270, "fields": {"point": 800, "question": 4, "user": 37}}, {"model": "scoreserver.attackpointhistory", "pk": 271, "fields": {"point": 100, "question": 9, "user": 1}}, {"model": "scoreserver.attackpointhistory", "pk": 272, "fields": {"point": 500, "question": 5, "user": 49}}, {"model": "scoreserver.attackpointhistory", "pk": 273, "fields": {"point": 600, "question": 8, "user": 29}}, {"model": "scoreserver.attackpointhistory", "pk": 274, "fields": {"point": 800, "question": 9, "user": 27}}, {"model": "scoreserver.attackpointhistory", "pk": 275, "fields": {"point": 700, "question": 3, "user": 38}}, {"model": "scoreserver.attackpointhistory", "pk": 276, "fields": {"point": 400, "question": 8, "user": 49}}, {"model": "scoreserver.attackpointhistory", "pk": 277, "fields": {"point": 200, "question": 8, "user": 37}}, {"model": "scoreserver.attackpointhistory", "pk": 278, "fields": {"point": 800, "question": 4, "user": 24}}, {"model": "scoreserver.attackpointhistory", "pk": 279, "fields": {"point": 400, "question": 1, "user": 13}}, {"model": "scoreserver.attackpointhistory", "pk": 280, "fields": {"point": 300, "question": 8, "user": 19}}, {"model": "scoreserver.attackpointhistory", "pk": 281, "fields": {"point": 100, "question": 9, "user": 3}}, {"model": "scoreserver.attackpointhistory", "pk": 282, "fields": {"point": 500, "question": 1, "user": 30}}, {"model": "scoreserver.attackpointhistory", "pk": 283, "fields": {"point": 800, "question": 5, "user": 5}}, {"model": "scoreserver.attackpointhistory", "pk": 284, "fields": {"point": 400, "question": 4, "user": 6}}, {"model": "scoreserver.attackpointhistory", "pk": 285, "fields": {"point": 100, "question": 5, "user": 25}}, {"model": "scoreserver.attackpointhistory", "pk": 286, "fields": {"point": 200, "question": 4, "user": 45}}, {"model": "scoreserver.attackpointhistory", "pk": 287, "fields": {"point": 100, "question": 5, "user": 6}}, {"model": "scoreserver.attackpointhistory", "pk": 288, "fields": {"point": 400, "question": 5, "user": 4}}, {"model": "scoreserver.attackpointhistory", "pk": 289, "fields": {"point": 700, "question": 6, "user": 19}}, {"model": "scoreserver.attackpointhistory", "pk": 290, "fields": {"point": 900, "question": 3, "user": 27}}, {"model": "scoreserver.attackpointhistory", "pk": 291, "fields": {"point": 100, "question": 1, "user": 39}}, {"model": "scoreserver.attackpointhistory", "pk": 292, "fields": {"point": 400, "question": 1, "user": 7}}, {"model": "scoreserver.attackpointhistory", "pk": 293, "fields": {"point": 600, "question": 3, "user": 3}}, {"model": "scoreserver.attackpointhistory", "pk": 294, "fields": {"point": 900, "question": 1, "user": 49}}, {"model": "scoreserver.attackpointhistory", "pk": 295, "fields": {"point": 800, "question": 2, "user": 11}}, {"model": "scoreserver.attackpointhistory", "pk": 296, "fields": {"point": 600, "question": 4, "user": 43}}, {"model": "scoreserver.attackpointhistory", "pk": 297, "fields": {"point": 100, "question": 7, "user": 30}}, {"model": "scoreserver.attackpointhistory", "pk": 298, "fields": {"point": 400, "question": 5, "user": 33}}, {"model": "scoreserver.attackpointhistory", "pk": 299, "fields": {"point": 700, "question": 1, "user": 38}}, {"model": "scoreserver.answerhistory", "pk": 0, "fields": {"submit_flag": "FLAG_IS_SHqkJRtuxWJPdLF", "question": 8, "user": 30}}, {"model": "scoreserver.answerhistory", "pk": 1, "fields": {"submit_flag": "FLAG_IS_TJWSlVvVSrDuOKP", "question": 4, "user": 47}}, {"model": "scoreserver.answerhistory", "pk": 2, "fields": {"submit_flag": "FLAG_IS_SOmLDsUrdEqFeYS", "question": 5, "user": 10}}, {"model": "scoreserver.answerhistory", "pk": 3, "fields": {"submit_flag": "FLAG_IS_OGvoleSjineKjuG", "question": 3, "user": 33}}, {"model": "scoreserver.answerhistory", "pk": 4, "fields": {"submit_flag": "FLAG_IS_SsCLxrTWbdwlMsZ", "question": 6, "user": 38}}, {"model": "scoreserver.answerhistory", "pk": 5, "fields": {"submit_flag": "FLAG_IS_LDowXWdntXRSUpm", "question": 9, "user": 42}}, {"model": "scoreserver.answerhistory", "pk": 6, "fields": {"submit_flag": "FLAG_IS_GcAGeDfEWedhjIC", "question": 1, "user": 10}}, {"model": "scoreserver.answerhistory", "pk": 7, "fields": {"submit_flag": "FLAG_IS_cYGpEgZFKviHVUS", "question": 3, "user": 45}}, {"model": "scoreserver.answerhistory", "pk": 8, "fields": {"submit_flag": "FLAG_IS_oMIRQTzCbfPzyzp", "question": 8, "user": 28}}, {"model": "scoreserver.answerhistory", "pk": 9, "fields": {"submit_flag": "FLAG_IS_IouTHRUJmnwuUyE", "question": 5, "user": 42}}, {"model": "scoreserver.answerhistory", "pk": 10, "fields": {"submit_flag": "FLAG_IS_UDtDrDvkOIgHMUx", "question": 9, "user": 22}}, {"model": "scoreserver.answerhistory", "pk": 11, "fields": {"submit_flag": "FLAG_IS_arddcXEnXovweGE", "question": 2, "user": 19}}, {"model": "scoreserver.answerhistory", "pk": 12, "fields": {"submit_flag": "FLAG_IS_YnXdOdshKWbmjKK", "question": 9, "user": 44}}, {"model": "scoreserver.answerhistory", "pk": 13, "fields": {"submit_flag": "FLAG_IS_eEijxqNNFFBlvWV", "question": 8, "user": 32}}, {"model": "scoreserver.answerhistory", "pk": 14, "fields": {"submit_flag": "FLAG_IS_plVLkPzlbTBvLpz", "question": 9, "user": 12}}, {"model": "scoreserver.answerhistory", "pk": 15, "fields": {"submit_flag": "FLAG_IS_kKzUOtvMRYHQCYy", "question": 2, "user": 16}}, {"model": "scoreserver.answerhistory", "pk": 16, "fields": {"submit_flag": "FLAG_IS_kUtgWuGrfoBCLVK", "question": 4, "user": 48}}, {"model": "scoreserver.answerhistory", "pk": 17, "fields": {"submit_flag": "FLAG_IS_GDsylwGoaGneyzz", "question": 7, "user": 35}}, {"model": "scoreserver.answerhistory", "pk": 18, "fields": {"submit_flag": "FLAG_IS_vhFvOgzTusLkbsq", "question": 6, "user": 49}}, {"model": "scoreserver.answerhistory", "pk": 19, "fields": {"submit_flag": "FLAG_IS_QPfWRBzLwlCVZcp", "question": 1, "user": 49}}, {"model": "scoreserver.answerhistory", "pk": 20, "fields": {"submit_flag": "FLAG_IS_ocJXrQVMPNoQMVD", "question": 4, "user": 42}}, {"model": "scoreserver.answerhistory", "pk": 21, "fields": {"submit_flag": "FLAG_IS_GQYRfZMolgylvxJ", "question": 1, "user": 16}}, {"model": "scoreserver.answerhistory", "pk": 22, "fields": {"submit_flag": "FLAG_IS_KIowEwPccRHEpMK", "question": 8, "user": 11}}, {"model": "scoreserver.answerhistory", "pk": 23, "fields": {"submit_flag": "FLAG_IS_CQgYezLMBJzjdkb", "question": 1, "user": 48}}, {"model": "scoreserver.answerhistory", "pk": 24, "fields": {"submit_flag": "FLAG_IS_eULGknXUcAjZGJQ", "question": 5, "user": 33}}, {"model": "scoreserver.answerhistory", "pk": 25, "fields": {"submit_flag": "FLAG_IS_hLsJbNOKToWUshY", "question": 3, "user": 27}}, {"model": "scoreserver.answerhistory", "pk": 26, "fields": {"submit_flag": "FLAG_IS_MPGPDCecoTCYdLR", "question": 2, "user": 15}}, {"model": "scoreserver.answerhistory", "pk": 27, "fields": {"submit_flag": "FLAG_IS_VNUTSeZXxvrRyTZ", "question": 8, "user": 38}}, {"model": "scoreserver.answerhistory", "pk": 28, "fields": {"submit_flag": "FLAG_IS_XpJNuQHyttiVDds", "question": 2, "user": 48}}, {"model": "scoreserver.answerhistory", "pk": 29, "fields": {"submit_flag": "FLAG_IS_prvQNCzysSivIPB", "question": 4, "user": 32}}, {"model": "scoreserver.answerhistory", "pk": 30, "fields": {"submit_flag": "FLAG_IS_UvXFEYBhVEGexFA", "question": 3, "user": 5}}, {"model": "scoreserver.answerhistory", "pk": 31, "fields": {"submit_flag": "FLAG_IS_kjTueGyzYRknKiB", "question": 4, "user": 14}}, {"model": "scoreserver.answerhistory", "pk": 32, "fields": {"submit_flag": "FLAG_IS_GyoFddVBSOHFRWH", "question": 2, "user": 24}}, {"model": "scoreserver.answerhistory", "pk": 33, "fields": {"submit_flag": "FLAG_IS_UaRakGTNjEfwpnU", "question": 2, "user": 18}}, {"model": "scoreserver.answerhistory", "pk": 34, "fields": {"submit_flag": "FLAG_IS_vviFhJteLUQPhGk", "question": 3, "user": 8}}, {"model": "scoreserver.answerhistory", "pk": 35, "fields": {"submit_flag": "FLAG_IS_eredjSuGnDzITes", "question": 8, "user": 22}}, {"model": "scoreserver.answerhistory", "pk": 36, "fields": {"submit_flag": "FLAG_IS_ttWoYsbCnlYpfMh", "question": 6, "user": 11}}, {"model": "scoreserver.answerhistory", "pk": 37, "fields": {"submit_flag": "FLAG_IS_BDaUAKzxagcjuKW", "question": 7, "user": 39}}, {"model": "scoreserver.answerhistory", "pk": 38, "fields": {"submit_flag": "FLAG_IS_gkUAKfLqLXvRaeE", "question": 1, "user": 5}}, {"model": "scoreserver.answerhistory", "pk": 39, "fields": {"submit_flag": "FLAG_IS_VLVGhpsNphOKEGx", "question": 5, "user": 43}}, {"model": "scoreserver.answerhistory", "pk": 40, "fields": {"submit_flag": "FLAG_IS_BmHFElaoqefXGfL", "question": 4, "user": 10}}, {"model": "scoreserver.answerhistory", "pk": 41, "fields": {"submit_flag": "FLAG_IS_cMemcWrtrPlPvoR", "question": 5, "user": 36}}, {"model": "scoreserver.answerhistory", "pk": 42, "fields": {"submit_flag": "FLAG_IS_NSVSFFyDnrDCdGj", "question": 2, "user": 8}}, {"model": "scoreserver.answerhistory", "pk": 43, "fields": {"submit_flag": "FLAG_IS_wSAKXTfKFRUOdYy", "question": 9, "user": 23}}, {"model": "scoreserver.answerhistory", "pk": 44, "fields": {"submit_flag": "FLAG_IS_hCnuMecxHoHumyp", "question": 3, "user": 33}}, {"model": "scoreserver.answerhistory", "pk": 45, "fields": {"submit_flag": "FLAG_IS_VvCiElFJVGnLgDh", "question": 2, "user": 14}}, {"model": "scoreserver.answerhistory", "pk": 46, "fields": {"submit_flag": "FLAG_IS_WatgDAZwGoQDHpg", "question": 2, "user": 48}}, {"model": "scoreserver.answerhistory", "pk": 47, "fields": {"submit_flag": "FLAG_IS_LkTuVsvgTpYGdsI", "question": 9, "user": 40}}, {"model": "scoreserver.answerhistory", "pk": 48, "fields": {"submit_flag": "FLAG_IS_ELrZjnFeikToPiH", "question": 6, "user": 48}}, {"model": "scoreserver.answerhistory", "pk": 49, "fields": {"submit_flag": "FLAG_IS_vYXZeYvRrPxwvEv", "question": 9, "user": 3}}, {"model": "scoreserver.answerhistory", "pk": 50, "fields": {"submit_flag": "FLAG_IS_aEqgBOegzetEjxl", "question": 5, "user": 14}}, {"model": "scoreserver.answerhistory", "pk": 51, "fields": {"submit_flag": "FLAG_IS_xCLJsPoCRgyCNOS", "question": 4, "user": 35}}, {"model": "scoreserver.answerhistory", "pk": 52, "fields": {"submit_flag": "FLAG_IS_SRSXZKPyTAYHlpw", "question": 2, "user": 37}}, {"model": "scoreserver.answerhistory", "pk": 53, "fields": {"submit_flag": "FLAG_IS_czdibVFcRlFbDZV", "question": 7, "user": 42}}, {"model": "scoreserver.answerhistory", "pk": 54, "fields": {"submit_flag": "FLAG_IS_yZRAyAeMMEtoYtO", "question": 4, "user": 16}}, {"model": "scoreserver.answerhistory", "pk": 55, "fields": {"submit_flag": "FLAG_IS_nnAWsCGxGIcqXjo", "question": 7, "user": 1}}, {"model": "scoreserver.answerhistory", "pk": 56, "fields": {"submit_flag": "FLAG_IS_kkNMHtbYAzovnKa", "question": 7, "user": 48}}, {"model": "scoreserver.answerhistory", "pk": 57, "fields": {"submit_flag": "FLAG_IS_EmwsTUForQJJhUB", "question": 3, "user": 48}}, {"model": "scoreserver.answerhistory", "pk": 58, "fields": {"submit_flag": "FLAG_IS_PRHebYnUHNKKtyd", "question": 1, "user": 23}}, {"model": "scoreserver.answerhistory", "pk": 59, "fields": {"submit_flag": "FLAG_IS_uElQOtazaSgWbYc", "question": 5, "user": 8}}, {"model": "scoreserver.answerhistory", "pk": 60, "fields": {"submit_flag": "FLAG_IS_smsdGiYBAcaOzIo", "question": 8, "user": 4}}, {"model": "scoreserver.answerhistory", "pk": 61, "fields": {"submit_flag": "FLAG_IS_SbKZBhyNCekecBq", "question": 6, "user": 20}}, {"model": "scoreserver.answerhistory", "pk": 62, "fields": {"submit_flag": "FLAG_IS_yZzYfZSNHiYBpbJ", "question": 4, "user": 45}}, {"model": "scoreserver.answerhistory", "pk": 63, "fields": {"submit_flag": "FLAG_IS_vQSZaJKcGnsIPRY", "question": 2, "user": 11}}, {"model": "scoreserver.answerhistory", "pk": 64, "fields": {"submit_flag": "FLAG_IS_qILHtAigrFWDxKk", "question": 5, "user": 34}}, {"model": "scoreserver.answerhistory", "pk": 65, "fields": {"submit_flag": "FLAG_IS_kvRqkCPjLqJySqE", "question": 4, "user": 44}}, {"model": "scoreserver.answerhistory", "pk": 66, "fields": {"submit_flag": "FLAG_IS_dJtykymmUMMGLsM", "question": 4, "user": 27}}, {"model": "scoreserver.answerhistory", "pk": 67, "fields": {"submit_flag": "FLAG_IS_FDrqbcKpMtZeHZK", "question": 1, "user": 42}}, {"model": "scoreserver.answerhistory", "pk": 68, "fields": {"submit_flag": "FLAG_IS_cUpAyNvaxGAwbwY", "question": 6, "user": 40}}, {"model": "scoreserver.answerhistory", "pk": 69, "fields": {"submit_flag": "FLAG_IS_sHrLJRKhnGJNLJI", "question": 5, "user": 6}}, {"model": "scoreserver.answerhistory", "pk": 70, "fields": {"submit_flag": "FLAG_IS_OypnXqoRAreGTUQ", "question": 3, "user": 31}}, {"model": "scoreserver.answerhistory", "pk": 71, "fields": {"submit_flag": "FLAG_IS_WPpxnzJtjURsmsq", "question": 3, "user": 24}}, {"model": "scoreserver.answerhistory", "pk": 72, "fields": {"submit_flag": "FLAG_IS_oSYhIHvhuVYCtbZ", "question": 4, "user": 44}}, {"model": "scoreserver.answerhistory", "pk": 73, "fields": {"submit_flag": "FLAG_IS_cObMvdwRQNXitiE", "question": 8, "user": 7}}, {"model": "scoreserver.answerhistory", "pk": 74, "fields": {"submit_flag": "FLAG_IS_giHmIkEPYtpbhju", "question": 2, "user": 31}}, {"model": "scoreserver.answerhistory", "pk": 75, "fields": {"submit_flag": "FLAG_IS_fpsAGuQgglAOCfm", "question": 5, "user": 29}}, {"model": "scoreserver.answerhistory", "pk": 76, "fields": {"submit_flag": "FLAG_IS_MckWsITeDEGWTZR", "question": 5, "user": 7}}, {"model": "scoreserver.answerhistory", "pk": 77, "fields": {"submit_flag": "FLAG_IS_XYVCLYlSWAlPDTx", "question": 1, "user": 47}}, {"model": "scoreserver.answerhistory", "pk": 78, "fields": {"submit_flag": "FLAG_IS_xTVMfnPNaqXgVzk", "question": 9, "user": 15}}, {"model": "scoreserver.answerhistory", "pk": 79, "fields": {"submit_flag": "FLAG_IS_OODoNJlNHlfjxgS", "question": 4, "user": 31}}, {"model": "scoreserver.answerhistory", "pk": 80, "fields": {"submit_flag": "FLAG_IS_SzjwCfSjUUwBylL", "question": 2, "user": 32}}, {"model": "scoreserver.answerhistory", "pk": 81, "fields": {"submit_flag": "FLAG_IS_XZTQYafQPzbjQVw", "question": 4, "user": 6}}, {"model": "scoreserver.answerhistory", "pk": 82, "fields": {"submit_flag": "FLAG_IS_asMUnnuQqExONXo", "question": 4, "user": 6}}, {"model": "scoreserver.answerhistory", "pk": 83, "fields": {"submit_flag": "FLAG_IS_jksNQhUHPFXzJvz", "question": 9, "user": 14}}, {"model": "scoreserver.answerhistory", "pk": 84, "fields": {"submit_flag": "FLAG_IS_IRDbklyRKUwImez", "question": 2, "user": 5}}, {"model": "scoreserver.answerhistory", "pk": 85, "fields": {"submit_flag": "FLAG_IS_QsqQQkewUiELnaS", "question": 3, "user": 10}}, {"model": "scoreserver.answerhistory", "pk": 86, "fields": {"submit_flag": "FLAG_IS_aqvGJqIYcuuXwNA", "question": 5, "user": 2}}, {"model": "scoreserver.answerhistory", "pk": 87, "fields": {"submit_flag": "FLAG_IS_NjlFdInmwCVkzkQ", "question": 3, "user": 38}}, {"model": "scoreserver.answerhistory", "pk": 88, "fields": {"submit_flag": "FLAG_IS_AWhRpvaYKKzEJGy", "question": 8, "user": 31}}, {"model": "scoreserver.answerhistory", "pk": 89, "fields": {"submit_flag": "FLAG_IS_TdnmoevEuCgEXea", "question": 9, "user": 24}}, {"model": "scoreserver.answerhistory", "pk": 90, "fields": {"submit_flag": "FLAG_IS_CXKajPbqOyZhjfd", "question": 4, "user": 6}}, {"model": "scoreserver.answerhistory", "pk": 91, "fields": {"submit_flag": "FLAG_IS_rnjikAYJwfHDsWB", "question": 5, "user": 23}}, {"model": "scoreserver.answerhistory", "pk": 92, "fields": {"submit_flag": "FLAG_IS_sDklzwvLaBJFuoY", "question": 5, "user": 35}}, {"model": "scoreserver.answerhistory", "pk": 93, "fields": {"submit_flag": "FLAG_IS_FolMLVwBbTZcyfy", "question": 1, "user": 48}}, {"model": "scoreserver.answerhistory", "pk": 94, "fields": {"submit_flag": "FLAG_IS_IHsAerNfgWUNHTK", "question": 5, "user": 34}}, {"model": "scoreserver.answerhistory", "pk": 95, "fields": {"submit_flag": "FLAG_IS_nvqNpVySGOnVuuc", "question": 8, "user": 36}}, {"model": "scoreserver.answerhistory", "pk": 96, "fields": {"submit_flag": "FLAG_IS_gaXnJCugaPEothM", "question": 3, "user": 49}}, {"model": "scoreserver.answerhistory", "pk": 97, "fields": {"submit_flag": "FLAG_IS_BoACRTanuMpcWKN", "question": 9, "user": 28}}, {"model": "scoreserver.answerhistory", "pk": 98, "fields": {"submit_flag": "FLAG_IS_CgpfQFpJPsbUieh", "question": 5, "user": 22}}, {"model": "scoreserver.answerhistory", "pk": 99, "fields": {"submit_flag": "FLAG_IS_zHVOWGibAbtvSmV", "question": 5, "user": 6}}, {"model": "scoreserver.answerhistory", "pk": 100, "fields": {"submit_flag": "FLAG_IS_ibIilkhWGPaefcl", "question": 4, "user": 39}}, {"model": "scoreserver.answerhistory", "pk": 101, "fields": {"submit_flag": "FLAG_IS_mHuMRuynoKmVDvs", "question": 4, "user": 23}}, {"model": "scoreserver.answerhistory", "pk": 102, "fields": {"submit_flag": "FLAG_IS_LmayaeGUueoRTNg", "question": 3, "user": 9}}, {"model": "scoreserver.answerhistory", "pk": 103, "fields": {"submit_flag": "FLAG_IS_PSqWipHHpKhvrQl", "question": 1, "user": 37}}, {"model": "scoreserver.answerhistory", "pk": 104, "fields": {"submit_flag": "FLAG_IS_hzjSRxqQFpUtivc", "question": 7, "user": 17}}, {"model": "scoreserver.answerhistory", "pk": 105, "fields": {"submit_flag": "FLAG_IS_ZFLthKvZYYuVuQb", "question": 8, "user": 23}}, {"model": "scoreserver.answerhistory", "pk": 106, "fields": {"submit_flag": "FLAG_IS_aJgcxNDZkIypuZG", "question": 4, "user": 35}}, {"model": "scoreserver.answerhistory", "pk": 107, "fields": {"submit_flag": "FLAG_IS_ADcABEKHYQqwBVn", "question": 4, "user": 11}}, {"model": "scoreserver.answerhistory", "pk": 108, "fields": {"submit_flag": "FLAG_IS_fNVRfygxIPcJyvt", "question": 9, "user": 23}}, {"model": "scoreserver.answerhistory", "pk": 109, "fields": {"submit_flag": "FLAG_IS_AMhyueiRDQSREdD", "question": 3, "user": 46}}, {"model": "scoreserver.answerhistory", "pk": 110, "fields": {"submit_flag": "FLAG_IS_PMQWUMRjOGkGPvw", "question": 9, "user": 37}}, {"model": "scoreserver.answerhistory", "pk": 111, "fields": {"submit_flag": "FLAG_IS_KVnvLcvrfLdAyBo", "question": 6, "user": 25}}, {"model": "scoreserver.answerhistory", "pk": 112, "fields": {"submit_flag": "FLAG_IS_uYGzPEQbjAXWmGv", "question": 6, "user": 32}}, {"model": "scoreserver.answerhistory", "pk": 113, "fields": {"submit_flag": "FLAG_IS_fUczYzvIbonvsny", "question": 5, "user": 41}}, {"model": "scoreserver.answerhistory", "pk": 114, "fields": {"submit_flag": "FLAG_IS_sDYDjZFCsbcCFVr", "question": 7, "user": 40}}, {"model": "scoreserver.answerhistory", "pk": 115, "fields": {"submit_flag": "FLAG_IS_KXzgLcXqStszjDO", "question": 8, "user": 42}}, {"model": "scoreserver.answerhistory", "pk": 116, "fields": {"submit_flag": "FLAG_IS_ZIVxllfOYYrgyFn", "question": 5, "user": 32}}, {"model": "scoreserver.answerhistory", "pk": 117, "fields": {"submit_flag": "FLAG_IS_qUjQDbkaOlawxdp", "question": 3, "user": 42}}, {"model": "scoreserver.answerhistory", "pk": 118, "fields": {"submit_flag": "FLAG_IS_lzrYdoNhYrKgiWI", "question": 7, "user": 19}}, {"model": "scoreserver.answerhistory", "pk": 119, "fields": {"submit_flag": "FLAG_IS_nuHFBNLBhzczGHJ", "question": 1, "user": 32}}, {"model": "scoreserver.answerhistory", "pk": 120, "fields": {"submit_flag": "FLAG_IS_koFogbReSqQZyju", "question": 1, "user": 34}}, {"model": "scoreserver.answerhistory", "pk": 121, "fields": {"submit_flag": "FLAG_IS_dVoZDQGJpiDTMhU", "question": 5, "user": 16}}, {"model": "scoreserver.answerhistory", "pk": 122, "fields": {"submit_flag": "FLAG_IS_nlMOfnTRFsZwuQd", "question": 8, "user": 34}}, {"model": "scoreserver.answerhistory", "pk": 123, "fields": {"submit_flag": "FLAG_IS_AnfqQrGwlayUfrA", "question": 8, "user": 48}}, {"model": "scoreserver.answerhistory", "pk": 124, "fields": {"submit_flag": "FLAG_IS_IIyMJoRmFTGEiqN", "question": 1, "user": 16}}, {"model": "scoreserver.answerhistory", "pk": 125, "fields": {"submit_flag": "FLAG_IS_tpeCBcWRhDXKtCB", "question": 5, "user": 27}}, {"model": "scoreserver.answerhistory", "pk": 126, "fields": {"submit_flag": "FLAG_IS_tCLyiTnZJVWAZgk", "question": 2, "user": 1}}, {"model": "scoreserver.answerhistory", "pk": 127, "fields": {"submit_flag": "FLAG_IS_fVFwDDthOpxbDyr", "question": 8, "user": 10}}, {"model": "scoreserver.answerhistory", "pk": 128, "fields": {"submit_flag": "FLAG_IS_vbgZmvTydaiDiOs", "question": 5, "user": 29}}, {"model": "scoreserver.answerhistory", "pk": 129, "fields": {"submit_flag": "FLAG_IS_tzVnwNjdchFYPxi", "question": 1, "user": 14}}, {"model": "scoreserver.answerhistory", "pk": 130, "fields": {"submit_flag": "FLAG_IS_eLSrHLvqLnDHrEK", "question": 7, "user": 33}}, {"model": "scoreserver.answerhistory", "pk": 131, "fields": {"submit_flag": "FLAG_IS_zEVTSmENIrpLlCl", "question": 4, "user": 14}}, {"model": "scoreserver.answerhistory", "pk": 132, "fields": {"submit_flag": "FLAG_IS_aBACJzPWCmeskQu", "question": 8, "user": 9}}, {"model": "scoreserver.answerhistory", "pk": 133, "fields": {"submit_flag": "FLAG_IS_KamTjMPaOQmuNAL", "question": 2, "user": 27}}, {"model": "scoreserver.answerhistory", "pk": 134, "fields": {"submit_flag": "FLAG_IS_pvyAkqXDksVtXHy", "question": 9, "user": 30}}, {"model": "scoreserver.answerhistory", "pk": 135, "fields": {"submit_flag": "FLAG_IS_DRdCGrzKCgrkGGs", "question": 4, "user": 15}}, {"model": "scoreserver.answerhistory", "pk": 136, "fields": {"submit_flag": "FLAG_IS_xwdBKAkXbvSdhqK", "question": 9, "user": 19}}, {"model": "scoreserver.answerhistory", "pk": 137, "fields": {"submit_flag": "FLAG_IS_fhnLbhcyzhVmgGM", "question": 9, "user": 25}}, {"model": "scoreserver.answerhistory", "pk": 138, "fields": {"submit_flag": "FLAG_IS_USelpHbNtgWVlGx", "question": 6, "user": 33}}, {"model": "scoreserver.answerhistory", "pk": 139, "fields": {"submit_flag": "FLAG_IS_TKpLGmBTgrvBouo", "question": 8, "user": 20}}, {"model": "scoreserver.answerhistory", "pk": 140, "fields": {"submit_flag": "FLAG_IS_FCiZiCfrmROdlJK", "question": 1, "user": 21}}, {"model": "scoreserver.answerhistory", "pk": 141, "fields": {"submit_flag": "FLAG_IS_uGIgvylzwcfsiNe", "question": 6, "user": 13}}, {"model": "scoreserver.answerhistory", "pk": 142, "fields": {"submit_flag": "FLAG_IS_WXQLxNjMJGdEupS", "question": 9, "user": 40}}, {"model": "scoreserver.answerhistory", "pk": 143, "fields": {"submit_flag": "FLAG_IS_DbGGlvIOxjHbCeq", "question": 3, "user": 9}}, {"model": "scoreserver.answerhistory", "pk": 144, "fields": {"submit_flag": "FLAG_IS_pbCpvEdrWGbFnQp", "question": 7, "user": 46}}, {"model": "scoreserver.answerhistory", "pk": 145, "fields": {"submit_flag": "FLAG_IS_qNhxRcYoiUrYPsf", "question": 4, "user": 37}}, {"model": "scoreserver.answerhistory", "pk": 146, "fields": {"submit_flag": "FLAG_IS_OSZvZQZSDfBkbxO", "question": 3, "user": 26}}, {"model": "scoreserver.answerhistory", "pk": 147, "fields": {"submit_flag": "FLAG_IS_gBhbHCNyVTIOAVS", "question": 6, "user": 2}}, {"model": "scoreserver.answerhistory", "pk": 148, "fields": {"submit_flag": "FLAG_IS_dSaWOnhlMvHnceB", "question": 2, "user": 6}}, {"model": "scoreserver.answerhistory", "pk": 149, "fields": {"submit_flag": "FLAG_IS_aWWiZLtLeccFrZH", "question": 3, "user": 3}}, {"model": "scoreserver.answerhistory", "pk": 150, "fields": {"submit_flag": "FLAG_IS_GhKMzepTPJkbRAB", "question": 7, "user": 27}}, {"model": "scoreserver.answerhistory", "pk": 151, "fields": {"submit_flag": "FLAG_IS_FTQOpJcbasMHhYI", "question": 5, "user": 1}}, {"model": "scoreserver.answerhistory", "pk": 152, "fields": {"submit_flag": "FLAG_IS_JYRbcicXPpMYmQC", "question": 6, "user": 45}}, {"model": "scoreserver.answerhistory", "pk": 153, "fields": {"submit_flag": "FLAG_IS_lwfXDbVQWSOvDpy", "question": 5, "user": 19}}, {"model": "scoreserver.answerhistory", "pk": 154, "fields": {"submit_flag": "FLAG_IS_avcyrUfrkWJIEIB", "question": 4, "user": 48}}, {"model": "scoreserver.answerhistory", "pk": 155, "fields": {"submit_flag": "FLAG_IS_KmVmIIMvnSrLsPA", "question": 3, "user": 37}}, {"model": "scoreserver.answerhistory", "pk": 156, "fields": {"submit_flag": "FLAG_IS_SVjkFZjAckheQvJ", "question": 8, "user": 4}}, {"model": "scoreserver.answerhistory", "pk": 157, "fields": {"submit_flag": "FLAG_IS_mBwshyMkdTBUTyQ", "question": 2, "user": 12}}, {"model": "scoreserver.answerhistory", "pk": 158, "fields": {"submit_flag": "FLAG_IS_bJuEEYtwhNuvWMd", "question": 2, "user": 16}}, {"model": "scoreserver.answerhistory", "pk": 159, "fields": {"submit_flag": "FLAG_IS_dGBZahRtqZerUdW", "question": 3, "user": 32}}, {"model": "scoreserver.answerhistory", "pk": 160, "fields": {"submit_flag": "FLAG_IS_KWktkeMnRAoYKOM", "question": 8, "user": 18}}, {"model": "scoreserver.answerhistory", "pk": 161, "fields": {"submit_flag": "FLAG_IS_MrAIzOifSgQHovC", "question": 7, "user": 34}}, {"model": "scoreserver.answerhistory", "pk": 162, "fields": {"submit_flag": "FLAG_IS_ojHzjOoAdfYOVit", "question": 7, "user": 13}}, {"model": "scoreserver.answerhistory", "pk": 163, "fields": {"submit_flag": "FLAG_IS_nsPhOASoMQOhRyf", "question": 1, "user": 7}}, {"model": "scoreserver.answerhistory", "pk": 164, "fields": {"submit_flag": "FLAG_IS_tkPGXuWxLTnICZw", "question": 7, "user": 28}}, {"model": "scoreserver.answerhistory", "pk": 165, "fields": {"submit_flag": "FLAG_IS_qgQReQfxPwtmYkI", "question": 7, "user": 32}}, {"model": "scoreserver.answerhistory", "pk": 166, "fields": {"submit_flag": "FLAG_IS_EPJnCiaWpxFsrgp", "question": 5, "user": 9}}, {"model": "scoreserver.answerhistory", "pk": 167, "fields": {"submit_flag": "FLAG_IS_ctxPoVIeRvQvzTE", "question": 7, "user": 26}}, {"model": "scoreserver.answerhistory", "pk": 168, "fields": {"submit_flag": "FLAG_IS_cHUyAwOMHXyEBGw", "question": 2, "user": 19}}, {"model": "scoreserver.answerhistory", "pk": 169, "fields": {"submit_flag": "FLAG_IS_qjCqskmQuWsfDkl", "question": 4, "user": 44}}, {"model": "scoreserver.answerhistory", "pk": 170, "fields": {"submit_flag": "FLAG_IS_gLIOpnOUCHymhhs", "question": 1, "user": 19}}, {"model": "scoreserver.answerhistory", "pk": 171, "fields": {"submit_flag": "FLAG_IS_yEzpRuAPQbtXrgr", "question": 1, "user": 29}}, {"model": "scoreserver.answerhistory", "pk": 172, "fields": {"submit_flag": "FLAG_IS_XUBeUtaMjVVxjWd", "question": 3, "user": 23}}, {"model": "scoreserver.answerhistory", "pk": 173, "fields": {"submit_flag": "FLAG_IS_UJBDddCyFGwoZsw", "question": 3, "user": 29}}, {"model": "scoreserver.answerhistory", "pk": 174, "fields": {"submit_flag": "FLAG_IS_gmFZWSkcKQpevzG", "question": 6, "user": 38}}, {"model": "scoreserver.answerhistory", "pk": 175, "fields": {"submit_flag": "FLAG_IS_mOVGPKJMZGFQHUx", "question": 7, "user": 35}}, {"model": "scoreserver.answerhistory", "pk": 176, "fields": {"submit_flag": "FLAG_IS_FsYWLsUdcoOgKFl", "question": 7, "user": 26}}, {"model": "scoreserver.answerhistory", "pk": 177, "fields": {"submit_flag": "FLAG_IS_WZtCgRzorKJMIHC", "question": 4, "user": 24}}, {"model": "scoreserver.answerhistory", "pk": 178, "fields": {"submit_flag": "FLAG_IS_HpaSHTXKRrMTlbu", "question": 5, "user": 47}}, {"model": "scoreserver.answerhistory", "pk": 179, "fields": {"submit_flag": "FLAG_IS_rxdZRUlgKtoHixK", "question": 1, "user": 3}}, {"model": "scoreserver.answerhistory", "pk": 180, "fields": {"submit_flag": "FLAG_IS_MvUClXwkzxnzvRb", "question": 1, "user": 36}}, {"model": "scoreserver.answerhistory", "pk": 181, "fields": {"submit_flag": "FLAG_IS_ugQzQvZvevJwRCh", "question": 5, "user": 7}}, {"model": "scoreserver.answerhistory", "pk": 182, "fields": {"submit_flag": "FLAG_IS_MJcCHunfTCgKLQq", "question": 5, "user": 13}}, {"model": "scoreserver.answerhistory", "pk": 183, "fields": {"submit_flag": "FLAG_IS_AwhGEuVZSRIDqsq", "question": 4, "user": 14}}, {"model": "scoreserver.answerhistory", "pk": 184, "fields": {"submit_flag": "FLAG_IS_ArzDNHGVdKsULTL", "question": 6, "user": 42}}, {"model": "scoreserver.answerhistory", "pk": 185, "fields": {"submit_flag": "FLAG_IS_VRjmcZoCgHvfItZ", "question": 2, "user": 12}}, {"model": "scoreserver.answerhistory", "pk": 186, "fields": {"submit_flag": "FLAG_IS_rRgQcQyqaBXZKEr", "question": 7, "user": 21}}, {"model": "scoreserver.answerhistory", "pk": 187, "fields": {"submit_flag": "FLAG_IS_QYZcIlwhkMzmsVM", "question": 2, "user": 5}}, {"model": "scoreserver.answerhistory", "pk": 188, "fields": {"submit_flag": "FLAG_IS_nhEVyvUtFJlTwVy", "question": 5, "user": 37}}, {"model": "scoreserver.answerhistory", "pk": 189, "fields": {"submit_flag": "FLAG_IS_YukPyVshSlhRRNi", "question": 9, "user": 42}}, {"model": "scoreserver.answerhistory", "pk": 190, "fields": {"submit_flag": "FLAG_IS_CjvHMTsFiftfJZI", "question": 7, "user": 28}}, {"model": "scoreserver.answerhistory", "pk": 191, "fields": {"submit_flag": "FLAG_IS_LRmKotyMLbpgdxZ", "question": 5, "user": 40}}, {"model": "scoreserver.answerhistory", "pk": 192, "fields": {"submit_flag": "FLAG_IS_czjXKyQHHQJErKB", "question": 6, "user": 7}}, {"model": "scoreserver.answerhistory", "pk": 193, "fields": {"submit_flag": "FLAG_IS_xGHRFbKzvqvDtux", "question": 3, "user": 7}}, {"model": "scoreserver.answerhistory", "pk": 194, "fields": {"submit_flag": "FLAG_IS_pBoABWnLSolHEZr", "question": 2, "user": 41}}, {"model": "scoreserver.answerhistory", "pk": 195, "fields": {"submit_flag": "FLAG_IS_NYgZQqUKFGEGsPw", "question": 6, "user": 38}}, {"model": "scoreserver.answerhistory", "pk": 196, "fields": {"submit_flag": "FLAG_IS_MervhZPuESDMdkB", "question": 6, "user": 30}}, {"model": "scoreserver.answerhistory", "pk": 197, "fields": {"submit_flag": "FLAG_IS_TQSaoJUoDPeatft", "question": 1, "user": 8}}, {"model": "scoreserver.answerhistory", "pk": 198, "fields": {"submit_flag": "FLAG_IS_CJXPXjreUMfpyuM", "question": 9, "user": 25}}, {"model": "scoreserver.answerhistory", "pk": 199, "fields": {"submit_flag": "FLAG_IS_StFiKClMBCaspGT", "question": 3, "user": 28}}, {"model": "scoreserver.answerhistory", "pk": 200, "fields": {"submit_flag": "FLAG_IS_JJroVtGszuoEgla", "question": 5, "user": 29}}, {"model": "scoreserver.answerhistory", "pk": 201, "fields": {"submit_flag": "FLAG_IS_RgRMMHyDQJbwDFg", "question": 3, "user": 3}}, {"model": "scoreserver.answerhistory", "pk": 202, "fields": {"submit_flag": "FLAG_IS_LpVlimknmhFTDQP", "question": 6, "user": 40}}, {"model": "scoreserver.answerhistory", "pk": 203, "fields": {"submit_flag": "FLAG_IS_THqcBTQQgFrxeAu", "question": 1, "user": 19}}, {"model": "scoreserver.answerhistory", "pk": 204, "fields": {"submit_flag": "FLAG_IS_AWEnxJrROaXxuHR", "question": 1, "user": 42}}, {"model": "scoreserver.answerhistory", "pk": 205, "fields": {"submit_flag": "FLAG_IS_ZaISmwzeRiQVnrs", "question": 6, "user": 13}}, {"model": "scoreserver.answerhistory", "pk": 206, "fields": {"submit_flag": "FLAG_IS_dfdKROeUlgUczmv", "question": 4, "user": 22}}, {"model": "scoreserver.answerhistory", "pk": 207, "fields": {"submit_flag": "FLAG_IS_bOrEQroYjFTLHrS", "question": 2, "user": 18}}, {"model": "scoreserver.answerhistory", "pk": 208, "fields": {"submit_flag": "FLAG_IS_fobnKLLVkZQTnNJ", "question": 5, "user": 38}}, {"model": "scoreserver.answerhistory", "pk": 209, "fields": {"submit_flag": "FLAG_IS_tOnUJhbCyUSLKMr", "question": 3, "user": 28}}, {"model": "scoreserver.answerhistory", "pk": 210, "fields": {"submit_flag": "FLAG_IS_ZnEhbtzVvRKiZmW", "question": 7, "user": 13}}, {"model": "scoreserver.answerhistory", "pk": 211, "fields": {"submit_flag": "FLAG_IS_KjCHYdXhwspRTHI", "question": 2, "user": 12}}, {"model": "scoreserver.answerhistory", "pk": 212, "fields": {"submit_flag": "FLAG_IS_eWLHbUfvZFBncan", "question": 2, "user": 15}}, {"model": "scoreserver.answerhistory", "pk": 213, "fields": {"submit_flag": "FLAG_IS_AcStErppwSePbJs", "question": 9, "user": 25}}, {"model": "scoreserver.answerhistory", "pk": 214, "fields": {"submit_flag": "FLAG_IS_TtOMhwToLPtojYh", "question": 9, "user": 16}}, {"model": "scoreserver.answerhistory", "pk": 215, "fields": {"submit_flag": "FLAG_IS_fatDwAFRDpuzKFW", "question": 6, "user": 35}}, {"model": "scoreserver.answerhistory", "pk": 216, "fields": {"submit_flag": "FLAG_IS_SAzBwXGImLvuQGT", "question": 6, "user": 47}}, {"model": "scoreserver.answerhistory", "pk": 217, "fields": {"submit_flag": "FLAG_IS_ERYgYVmYapkVImR", "question": 2, "user": 13}}, {"model": "scoreserver.answerhistory", "pk": 218, "fields": {"submit_flag": "FLAG_IS_AOKmjxOkoQjhdQF", "question": 2, "user": 39}}, {"model": "scoreserver.answerhistory", "pk": 219, "fields": {"submit_flag": "FLAG_IS_erJQxAqAFpRRnIA", "question": 1, "user": 14}}, {"model": "scoreserver.answerhistory", "pk": 220, "fields": {"submit_flag": "FLAG_IS_pcehaVMCWzDNpzj", "question": 7, "user": 13}}, {"model": "scoreserver.answerhistory", "pk": 221, "fields": {"submit_flag": "FLAG_IS_BRmAtZGLwhoCMkG", "question": 7, "user": 26}}, {"model": "scoreserver.answerhistory", "pk": 222, "fields": {"submit_flag": "FLAG_IS_EYPmGbZzKrnxNhJ", "question": 8, "user": 2}}, {"model": "scoreserver.answerhistory", "pk": 223, "fields": {"submit_flag": "FLAG_IS_YlsdlsEpZIwFGki", "question": 2, "user": 35}}, {"model": "scoreserver.answerhistory", "pk": 224, "fields": {"submit_flag": "FLAG_IS_vyujMcEbodovUYT", "question": 5, "user": 4}}, {"model": "scoreserver.answerhistory", "pk": 225, "fields": {"submit_flag": "FLAG_IS_ygPABVizqvenaQw", "question": 7, "user": 3}}, {"model": "scoreserver.answerhistory", "pk": 226, "fields": {"submit_flag": "FLAG_IS_oymWNIxtGXQBEnQ", "question": 5, "user": 18}}, {"model": "scoreserver.answerhistory", "pk": 227, "fields": {"submit_flag": "FLAG_IS_webpqctNUfOqZYb", "question": 7, "user": 12}}, {"model": "scoreserver.answerhistory", "pk": 228, "fields": {"submit_flag": "FLAG_IS_gFrhBYSRLIXCEfP", "question": 5, "user": 46}}, {"model": "scoreserver.answerhistory", "pk": 229, "fields": {"submit_flag": "FLAG_IS_DjOrsfYYxWlnkrB", "question": 5, "user": 44}}, {"model": "scoreserver.answerhistory", "pk": 230, "fields": {"submit_flag": "FLAG_IS_ESSHMUPNOOESXBp", "question": 1, "user": 7}}, {"model": "scoreserver.answerhistory", "pk": 231, "fields": {"submit_flag": "FLAG_IS_YQvDcWvnIiolMnL", "question": 3, "user": 10}}, {"model": "scoreserver.answerhistory", "pk": 232, "fields": {"submit_flag": "FLAG_IS_TGgkNWDoiIKVyZR", "question": 9, "user": 4}}, {"model": "scoreserver.answerhistory", "pk": 233, "fields": {"submit_flag": "FLAG_IS_TArUQpMaKfmvTFc", "question": 3, "user": 17}}, {"model": "scoreserver.answerhistory", "pk": 234, "fields": {"submit_flag": "FLAG_IS_MsncCgkvcinHPkm", "question": 5, "user": 1}}, {"model": "scoreserver.answerhistory", "pk": 235, "fields": {"submit_flag": "FLAG_IS_MXbBzjaVZDtSclU", "question": 9, "user": 21}}, {"model": "scoreserver.answerhistory", "pk": 236, "fields": {"submit_flag": "FLAG_IS_KBQgAJbMdkhyXHW", "question": 1, "user": 43}}, {"model": "scoreserver.answerhistory", "pk": 237, "fields": {"submit_flag": "FLAG_IS_nDmXFzNezVeXpVS", "question": 1, "user": 46}}, {"model": "scoreserver.answerhistory", "pk": 238, "fields": {"submit_flag": "FLAG_IS_QOQUXtRpOKntHvA", "question": 4, "user": 5}}, {"model": "scoreserver.answerhistory", "pk": 239, "fields": {"submit_flag": "FLAG_IS_dgvuowUQWvEBOBY", "question": 1, "user": 16}}, {"model": "scoreserver.answerhistory", "pk": 240, "fields": {"submit_flag": "FLAG_IS_lTXDCDsFXPuEnad", "question": 4, "user": 27}}, {"model": "scoreserver.answerhistory", "pk": 241, "fields": {"submit_flag": "FLAG_IS_JEovOTtIwhALlAr", "question": 6, "user": 39}}, {"model": "scoreserver.answerhistory", "pk": 242, "fields": {"submit_flag": "FLAG_IS_dNqaXcAdKJPYYQb", "question": 1, "user": 2}}, {"model": "scoreserver.answerhistory", "pk": 243, "fields": {"submit_flag": "FLAG_IS_iKXASZCOXOCibXu", "question": 2, "user": 33}}, {"model": "scoreserver.answerhistory", "pk": 244, "fields": {"submit_flag": "FLAG_IS_KAIOISUbloBcHlO", "question": 2, "user": 40}}, {"model": "scoreserver.answerhistory", "pk": 245, "fields": {"submit_flag": "FLAG_IS_lYJLTxHnIzIZPzb", "question": 5, "user": 16}}, {"model": "scoreserver.answerhistory", "pk": 246, "fields": {"submit_flag": "FLAG_IS_LrAWXoHxhiLTYBr", "question": 1, "user": 22}}, {"model": "scoreserver.answerhistory", "pk": 247, "fields": {"submit_flag": "FLAG_IS_YFvCsaTviXaxScv", "question": 9, "user": 29}}, {"model": "scoreserver.answerhistory", "pk": 248, "fields": {"submit_flag": "FLAG_IS_AVhFDThkQHIxhPD", "question": 5, "user": 36}}, {"model": "scoreserver.answerhistory", "pk": 249, "fields": {"submit_flag": "FLAG_IS_FhdyIUrmBpTDMRC", "question": 5, "user": 10}}, {"model": "scoreserver.answerhistory", "pk": 250, "fields": {"submit_flag": "FLAG_IS_CKuMHiRjDTaBOnl", "question": 7, "user": 26}}, {"model": "scoreserver.answerhistory", "pk": 251, "fields": {"submit_flag": "FLAG_IS_GTHmWmHMYJhqcQv", "question": 7, "user": 46}}, {"model": "scoreserver.answerhistory", "pk": 252, "fields": {"submit_flag": "FLAG_IS_sWREluphftkvNmt", "question": 6, "user": 35}}, {"model": "scoreserver.answerhistory", "pk": 253, "fields": {"submit_flag": "FLAG_IS_yNIozjPLmLMaoAV", "question": 9, "user": 22}}, {"model": "scoreserver.answerhistory", "pk": 254, "fields": {"submit_flag": "FLAG_IS_PtucepaezCTRiYO", "question": 1, "user": 24}}, {"model": "scoreserver.answerhistory", "pk": 255, "fields": {"submit_flag": "FLAG_IS_MLsOdzWroRJXUKT", "question": 2, "user": 5}}, {"model": "scoreserver.answerhistory", "pk": 256, "fields": {"submit_flag": "FLAG_IS_QpcBhGTxdEItuwu", "question": 6, "user": 33}}, {"model": "scoreserver.answerhistory", "pk": 257, "fields": {"submit_flag": "FLAG_IS_eANxmoIGNqalepX", "question": 9, "user": 42}}, {"model": "scoreserver.answerhistory", "pk": 258, "fields": {"submit_flag": "FLAG_IS_LrUjXGKqGnpOKBV", "question": 2, "user": 14}}, {"model": "scoreserver.answerhistory", "pk": 259, "fields": {"submit_flag": "FLAG_IS_ybLuavuvPgjSYjc", "question": 9, "user": 7}}, {"model": "scoreserver.answerhistory", "pk": 260, "fields": {"submit_flag": "FLAG_IS_YnyqfGzpTEDmcnq", "question": 2, "user": 45}}, {"model": "scoreserver.answerhistory", "pk": 261, "fields": {"submit_flag": "FLAG_IS_IyFxOEEOpApUJnh", "question": 9, "user": 6}}, {"model": "scoreserver.answerhistory", "pk": 262, "fields": {"submit_flag": "FLAG_IS_LNCerONcPrNJJHo", "question": 1, "user": 37}}, {"model": "scoreserver.answerhistory", "pk": 263, "fields": {"submit_flag": "FLAG_IS_amQMWhhrVbSBJtJ", "question": 7, "user": 11}}, {"model": "scoreserver.answerhistory", "pk": 264, "fields": {"submit_flag": "FLAG_IS_XXbnrAceAPSbXGI", "question": 3, "user": 7}}, {"model": "scoreserver.answerhistory", "pk": 265, "fields": {"submit_flag": "FLAG_IS_KIwRHDjuGdShFKP", "question": 8, "user": 4}}, {"model": "scoreserver.answerhistory", "pk": 266, "fields": {"submit_flag": "FLAG_IS_IYSETvxAVlBjTkR", "question": 6, "user": 43}}, {"model": "scoreserver.answerhistory", "pk": 267, "fields": {"submit_flag": "FLAG_IS_EwHObxuWcZTfTPo", "question": 5, "user": 40}}, {"model": "scoreserver.answerhistory", "pk": 268, "fields": {"submit_flag": "FLAG_IS_WGvMImIByGGVKyK", "question": 9, "user": 33}}, {"model": "scoreserver.answerhistory", "pk": 269, "fields": {"submit_flag": "FLAG_IS_PKFTCmVYcbhXetR", "question": 2, "user": 44}}, {"model": "scoreserver.answerhistory", "pk": 270, "fields": {"submit_flag": "FLAG_IS_ljDCbZhAYsuHxRl", "question": 7, "user": 18}}, {"model": "scoreserver.answerhistory", "pk": 271, "fields": {"submit_flag": "FLAG_IS_ASNuOghReTTiBQt", "question": 1, "user": 9}}, {"model": "scoreserver.answerhistory", "pk": 272, "fields": {"submit_flag": "FLAG_IS_RMdMtjfWQtywHZU", "question": 2, "user": 20}}, {"model": "scoreserver.answerhistory", "pk": 273, "fields": {"submit_flag": "FLAG_IS_pXLJoNWtxBWRauH", "question": 1, "user": 3}}, {"model": "scoreserver.answerhistory", "pk": 274, "fields": {"submit_flag": "FLAG_IS_xRaNKyYPtAtYeLL", "question": 7, "user": 24}}, {"model": "scoreserver.answerhistory", "pk": 275, "fields": {"submit_flag": "FLAG_IS_fyslRylEkOJMGUB", "question": 4, "user": 14}}, {"model": "scoreserver.answerhistory", "pk": 276, "fields": {"submit_flag": "FLAG_IS_bJKUgMhrvYnTgVE", "question": 8, "user": 43}}, {"model": "scoreserver.answerhistory", "pk": 277, "fields": {"submit_flag": "FLAG_IS_MUwZuvWocjhMsHJ", "question": 2, "user": 48}}, {"model": "scoreserver.answerhistory", "pk": 278, "fields": {"submit_flag": "FLAG_IS_urLCyKHFqnWZJzN", "question": 9, "user": 14}}, {"model": "scoreserver.answerhistory", "pk": 279, "fields": {"submit_flag": "FLAG_IS_JCpvXXdZLGSezCB", "question": 8, "user": 45}}, {"model": "scoreserver.answerhistory", "pk": 280, "fields": {"submit_flag": "FLAG_IS_DfKhwrrblINOWlg", "question": 3, "user": 20}}, {"model": "scoreserver.answerhistory", "pk": 281, "fields": {"submit_flag": "FLAG_IS_ZuWplMifZJecpCm", "question": 7, "user": 18}}, {"model": "scoreserver.answerhistory", "pk": 282, "fields": {"submit_flag": "FLAG_IS_VRLvhHQUKlKXEZD", "question": 2, "user": 10}}, {"model": "scoreserver.answerhistory", "pk": 283, "fields": {"submit_flag": "FLAG_IS_lRCMTBgwsIyCxqi", "question": 3, "user": 6}}, {"model": "scoreserver.answerhistory", "pk": 284, "fields": {"submit_flag": "FLAG_IS_OuVqXvqgxAdHPxv", "question": 4, "user": 17}}, {"model": "scoreserver.answerhistory", "pk": 285, "fields": {"submit_flag": "FLAG_IS_JQpwbWzhqzslmAv", "question": 4, "user": 3}}, {"model": "scoreserver.answerhistory", "pk": 286, "fields": {"submit_flag": "FLAG_IS_TDMTrnYiqLwFLSD", "question": 4, "user": 29}}, {"model": "scoreserver.answerhistory", "pk": 287, "fields": {"submit_flag": "FLAG_IS_YWcJtNgdQfcFLiy", "question": 1, "user": 23}}, {"model": "scoreserver.answerhistory", "pk": 288, "fields": {"submit_flag": "FLAG_IS_YxYojEbknyTwdnP", "question": 4, "user": 10}}, {"model": "scoreserver.answerhistory", "pk": 289, "fields": {"submit_flag": "FLAG_IS_LxaUpImRzOGISPx", "question": 3, "user": 9}}, {"model": "scoreserver.answerhistory", "pk": 290, "fields": {"submit_flag": "FLAG_IS_SXqHXpnjQzeNGZv", "question": 4, "user": 24}}, {"model": "scoreserver.answerhistory", "pk": 291, "fields": {"submit_flag": "FLAG_IS_CbiYhpuMCapyUiQ", "question": 9, "user": 40}}, {"model": "scoreserver.answerhistory", "pk": 292, "fields": {"submit_flag": "FLAG_IS_rWKTeeHkRIAirwQ", "question": 4, "user": 22}}, {"model": "scoreserver.answerhistory", "pk": 293, "fields": {"submit_flag": "FLAG_IS_sXJOumNMlSbqtXF", "question": 3, "user": 10}}, {"model": "scoreserver.answerhistory", "pk": 294, "fields": {"submit_flag": "FLAG_IS_RrLZPRRivrqFIEv", "question": 5, "user": 20}}, {"model": "scoreserver.answerhistory", "pk": 295, "fields": {"submit_flag": "FLAG_IS_xJBzrTQwlesXnKy", "question": 5, "user": 17}}, {"model": "scoreserver.answerhistory", "pk": 296, "fields": {"submit_flag": "FLAG_IS_ynQRKCurklFkmxU", "question": 2, "user": 25}}, {"model": "scoreserver.answerhistory", "pk": 297, "fields": {"submit_flag": "FLAG_IS_WXHWJQHjRolXvXR", "question": 2, "user": 34}}, {"model": "scoreserver.answerhistory", "pk": 298, "fields": {"submit_flag": "FLAG_IS_pfUqXnGyypkqzeE", "question": 2, "user": 31}}, {"model": "scoreserver.answerhistory", "pk": 299, "fields": {"submit_flag": "FLAG_IS_RWHQZxLWvcoyVfa", "question": 2, "user": 7}}]