[{"fields": {"name": "Web"}, "pk": 1, "model": "scoreserver.category"}, {"fields": {"name": "Network"}, "pk": 2, "model": "scoreserver.category"}, {"fields": {"name": "Binary"}, "pk": 3, "model": "scoreserver.category"}, {"fields": {"name": "Forensics"}, "pk": 4, "model": "scoreserver.category"}, {"fields": {"name": "Crypto"}, "pk": 5, "model": "scoreserver.category"}, {"fields": {"name": "Misc"}, "pk": 6, "model": "scoreserver.category"}, {"fields": {"category": 4, "problem_url": "http://example.com/qvPaENxqakUjkDVZbkrdZoOkziZprq", "description": "Question_desc:frIzGcxRlfYYeZrGfmnKEhEhgBpZwATqwKdgMzgQZtMkiyONGLybzbpaGqDCubWyRgtzGhiNCoTxoAlYaUlYuOutBPlSEAlJIAiD", "title": "Question_title:QpnSNEQnkocPQhU", "solved": 2}, "pk": 0, "model": "scoreserver.question"}, {"fields": {"category": 1, "problem_url": "http://example.com/YqfJlJoCatOWDKVuHeGnjFABtYlFps", "description": "Question_desc:BsvLBRyldfMdqvQRYrDTPlqYabmvPLMayOQtBtfzGyhfRgXRrUjtQCPNFNYSiJcsngEztblzOetPWxfcRYBBMFtWaaKPUnOHTSvq", "title": "Question_title:iiOXHvdVleiNDCq", "solved": 2}, "pk": 1, "model": "scoreserver.question"}, {"fields": {"category": 5, "problem_url": "http://example.com/kQkeLAxfMaTTpmJcdJWUSiNDERcptC", "description": "Question_desc:BkZApHvIPbMLIzugUaDeaKKhNUWfCYOCzqmgJgwmFfegsIwfzssrezleStCJvaIBIVIIHOeNJpCRBbUmSZjzYCVqUDPRNLhFThkt", "title": "Question_title:dJWhFnwYrDrfAkG", "solved": 20}, "pk": 2, "model": "scoreserver.question"}, {"fields": {"category": 3, "problem_url": "http://example.com/DnqhurwNMedZSORDTYPuygZpowBHZr", "description": "Question_desc:bGBXXupSxFedauiyZAxFjnomUtvSHebyrvgOAYJpaSMlEMoWBDyViJLaaZELgwSimWpaxemnrIDhdAXyNsoFAMZAolaZRLmZevFt", "title": "Question_title:YNUdKNPeSrPMSUF", "solved": 0}, "pk": 3, "model": "scoreserver.question"}, {"fields": {"category": 6, "problem_url": "http://example.com/TvJyMfwrVZLHNnlIYrUMuNgLoGbYaU", "description": "Question_desc:eZBimZIEdeBWvTVKWorMFxSWbEioVTZcqytopGkoXlrPtjhGHQMbvWJCexcSggjBQxwPvgzuYYvJHRJchNtljlFfRBMRkXjfeZbt", "title": "Question_title:aZWhZeCednGAGjg", "solved": 4}, "pk": 4, "model": "scoreserver.question"}, {"fields": {"category": 3, "problem_url": "http://example.com/QXlGTZdSEJfYhKFjMqUzFHnyNsnSpk", "description": "Question_desc:JlbvWgmywhYftVIsRPUSANBmISuHFgqGQKsPUkJdHLZiIbUOywRnXjmIXTlKGvekHVLkcHSTMfwARXljDOEmXDliDOjcSZPXMwNS", "title": "Question_title:WkgstMfHClonvuU", "solved": 14}, "pk": 5, "model": "scoreserver.question"}, {"fields": {"category": 5, "problem_url": "http://example.com/rvmBvooxmYxRBYdqRhABhCXMWZqrxR", "description": "Question_desc:fWiUAxcIoeOCOCiIDtbmigIQgGSPXJvTAiZQEKZjLPlhKNysncEdFgdDSnnXDQgWcRxMhkQLsppKsVahmbmtNFLcGJQgjAVBnALs", "title": "Question_title:hSMUAVHmbGTXWLC", "solved": 1}, "pk": 6, "model": "scoreserver.question"}, {"fields": {"category": 5, "problem_url": "http://example.com/ndYzyhRmFSwjRavfmJZRPpKrvHpzxc", "description": "Question_desc:IZIlgCyAqfgrUskUYvFvxLSLieFBOyitXjqNEfMuBxYBivWrDUIPcRIvcwXiYdpQkmwhhMFPPCnYjucQhDDpSiSecvWcBKABzRRm", "title": "Question_title:KszfUMBhqvBznCI", "solved": 19}, "pk": 7, "model": "scoreserver.question"}, {"fields": {"category": 2, "problem_url": "http://example.com/nQfBRNTMoaeUTyFIaFvjqBpZDOeUGC", "description": "Question_desc:wGoZTmEqzOkTjxGSGemhWhlphPipsieFjjxwfSVpLoDtwskjCAbtUlCpuFcuQDGGsPSjtkrmzcyTdWDayIPHGlAJkJCOcQDfIUfl", "title": "Question_title:FdRIFJhdUAwyVwI", "solved": 16}, "pk": 8, "model": "scoreserver.question"}, {"fields": {"category": 2, "problem_url": "http://example.com/gtUxmuWOtqqkdPVarPpoDxwXnLXxtl", "description": "Question_desc:TFwVlbTHXKDakHKatLhygoCDxDAXgyxCbrrjAOaYvMfcXyNIoRVqvKeKNHBeyioXoOaaNmKNzwHzoLxbAxryJJddyUKkUnTcLjfk", "title": "Question_title:siPglPMDMJdWPWA", "solved": 20}, "pk": 9, "model": "scoreserver.question"}, {"fields": {"category": 6, "problem_url": "http://example.com/uXPqTakiLxmspMXgbPDrdsBtJLWXWw", "description": "Question_desc:UAhnIRSgBnZTJFUDBahlJcYrjfidrXOLDqLCRcJZsdBGoOlPwqVHsiKPzrEsqPKCiUKXZVpWSudHILWwtUmfsIvZqMERnqjUFuoc", "title": "Question_title:pJaTJMAFlLHGXyE", "solved": 16}, "pk": 10, "model": "scoreserver.question"}, {"fields": {"category": 1, "problem_url": "http://example.com/nzGKuKaWQNMIYuYzGlRJJOOygInOOW", "description": "Question_desc:rwFNVanVPWDiKbtboEBFTjAJrcSwTYcPXxrgclBzVybohLcHgDyfRBHOVTjXvdPmpUqLAEwrazHtDDtaiHebYPVycwOBRLASsSqM", "title": "Question_title:DXjXlmsBkTdfCcr", "solved": 10}, "pk": 11, "model": "scoreserver.question"}, {"fields": {"category": 6, "problem_url": "http://example.com/urxORLKrxseGZBKIezqGKypyyJfxKV", "description": "Question_desc:UZBDnntPJMgnvLLczfHcjwjbUiCgQRCBeDXgWNcBfVqBzuQIMyIPdPCVNXduWYEMzLvpoZgrKqTgPsxGRuBRIuwsBXxgJecRIVOt", "title": "Question_title:mxVCrfxQceCxpWf", "solved": 13}, "pk": 12, "model": "scoreserver.question"}, {"fields": {"category": 5, "problem_url": "http://example.com/lHaPwnQFFbVQQrCkTUfyGptkRNRWDt", "description": "Question_desc:ZUFXAqQIljitIwktSukLRTFKKAHPCZVUufXLoBZfewmaKEKPvcsUlVyCdEbEOajzLlKtAFIDesdkubNKIWGiRvwboYNlYGYjQGvw", "title": "Question_title:SMGAAWwdAuWoLVI", "solved": 10}, "pk": 13, "model": "scoreserver.question"}, {"fields": {"category": 3, "problem_url": "http://example.com/wxXvoJuufQyfnsuEvVoPrmCzIdBbXR", "description": "Question_desc:GjbmmEoiuqgXXuMOAraNotUXIUuxfUQeeMkqusvQttUtklFqxVhSdkUaHNsMXBuIzWdzdWPbehsnfnULVGboEwGsnyWuopgdkhrs", "title": "Question_title:vCkWVrvJPzxuFsr", "solved": 8}, "pk": 14, "model": "scoreserver.question"}, {"fields": {"category": 4, "problem_url": "http://example.com/bBpUFZQrMhmteOFCIPICZqTPZIFhZc", "description": "Question_desc:hkCRHoEEKLvBaXXcSvnvNsYczdDLwpKbBcDbPFtKcJAKTJnRsIBbxBRQjESROJUQGqmYntixhoahBTUbKRcuOyNbwnSSXiiWewmA", "title": "Question_title:rqdDnzmDHZpbuEl", "solved": 9}, "pk": 15, "model": "scoreserver.question"}, {"fields": {"category": 4, "problem_url": "http://example.com/KnsfxPJGZmnIZwLMJiTuhsoCQQfAuS", "description": "Question_desc:biWEXBbPEdMSIBBrBbVySNoHMTAGpLjYSOeFCpgLHZnjNPEIrGCPVBccZQhQPQeCeLudwuKKVjYhHRwDjqNjvVqkBbRUHzlvFpOb", "title": "Question_title:alXujQBWBSIlJQH", "solved": 20}, "pk": 16, "model": "scoreserver.question"}, {"fields": {"category": 5, "problem_url": "http://example.com/VQSBcLJvXNnGMsrSHOcJQvVsAfdWQg", "description": "Question_desc:PGUZnPPwNEsbZWFJHCIwOdXgYiEEwKxQNgiervFcZVhOkNmFOOKTFFiNZPSGvsMXdjRVZAeCvJpQMlRPpNJVQOCNfzOKAuiaNRdt", "title": "Question_title:RzrVSOldySVPpaq", "solved": 2}, "pk": 17, "model": "scoreserver.question"}, {"fields": {"category": 3, "problem_url": "http://example.com/cAGFxQITtWVUIElgeeNWHeSxNvLSKM", "description": "Question_desc:naeGzVrvGLfvmZxVPnPMSwlKlHQUCmeBsHlfECKPMsixlWlYrzyIXkGZrAQieLgrUpayjTlUgejvnbzDnojyqcXzkRjYqDoUPpOP", "title": "Question_title:CpRVEJYwFFoglYd", "solved": 20}, "pk": 18, "model": "scoreserver.question"}, {"fields": {"category": 5, "problem_url": "http://example.com/LkVKLZdOMiCQjABFXrgqjHtJAAljrE", "description": "Question_desc:HcZtuNdpblZGggcdyjmGwgqHMYIdZGMgRTkYjEIDvinSQhctrEcvCnoFqEVhAkNjJtjnlauyjzVKAuBlHtnSULKRavEuucRPPBdp", "title": "Question_title:HqayLtYfGunzBlD", "solved": 3}, "pk": 19, "model": "scoreserver.question"}, {"fields": {"category": 1, "problem_url": "http://example.com/BqwbEbMykJGGXBbnbflaGUEvZRDYaU", "description": "Question_desc:gQxqPkGoSEthIsrHZxxzKUcctYydVCUNTPKVBRoaGFRHUHTMTbBbWMXtHKKFlqSHuJRwBgTyBkbWRDTIrUepYxpNclohJvkcuVcT", "title": "Question_title:LMrkfZOACiKhOFq", "solved": 0}, "pk": 20, "model": "scoreserver.question"}, {"fields": {"category": 4, "problem_url": "http://example.com/mQwiqOUtzihPBSMxfTPHcudZTqFYDm", "description": "Question_desc:dPxgNzXFZwuNeVPaoesmfhQRAwrCUdyLvzsLmdaysZTRsWNtalKTUIYjSmbLNkOccfMOBAmvWVSBZLTdJHhlMcgborUOMUQSQrDG", "title": "Question_title:NCGTqDHQcShqQcd", "solved": 11}, "pk": 21, "model": "scoreserver.question"}, {"fields": {"category": 4, "problem_url": "http://example.com/vbwTSUyQtfnqPZtTBnXZCYnkTdQTyo", "description": "Question_desc:TikSsmrPiUPbxFyacZcpNKbBHraFzvJVMsasMSQmpqDwnvWcdijigoJHEDENLQvHReLVkQFCVmmakloOcqBSzCgHkwmrgyKWcaZk", "title": "Question_title:McsinauQWidBzqL", "solved": 6}, "pk": 22, "model": "scoreserver.question"}, {"fields": {"category": 2, "problem_url": "http://example.com/GdzVxJtqXgXmErmOLgnHyCjyzNGRTq", "description": "Question_desc:XEDhJROyiCSUjqmJrmuUggjFIvDIbuDeKrBvyTPgswLiGecjNPFxMCUPgUPrBtIVsQDPHYUkdVMjFMduwrYBqzSjMgvugwBxGZbX", "title": "Question_title:mAHHiTXQxzEivCS", "solved": 9}, "pk": 23, "model": "scoreserver.question"}, {"fields": {"category": 2, "problem_url": "http://example.com/xjMsmzCYTgUMKBJDDQfYnuQVjWGQfa", "description": "Question_desc:vwMbTgdpNdYXGajRSOdZdUnbhpjQbMdurTkqmfKDUMAmVGRZBSOdhNBJknFzlYrHNazwcCXSUkmMoXoYtmHVSxIYWCfLNgXLTnlp", "title": "Question_title:EDIuzyEIPpoZaRM", "solved": 6}, "pk": 24, "model": "scoreserver.question"}, {"fields": {"category": 1, "problem_url": "http://example.com/QaWBfMxpytIeCRKjjXhEogCRZkpaQp", "description": "Question_desc:IQBklcEIKotIXIvxdlhhYgBJJNsDisgdLGFyTsQjFFYTroDHmuPYszCwCLmefLwCeGScHffScHzrWEILAelUkStcKlcACamqTkWG", "title": "Question_title:ChcHyOFYUphBgAR", "solved": 5}, "pk": 25, "model": "scoreserver.question"}, {"fields": {"category": 4, "problem_url": "http://example.com/oSBmXaJaiGISXftnETZccyYwfTHABY", "description": "Question_desc:YkoaHHpMghtzwerCreLrdxDyCkQsRWZhkWjtfAxafeyVMtMysmnbJApwHdmoreYecjFVZtyTSkatuMEXByohMpHIdQDJMQrKGsGb", "title": "Question_title:wcTmmtZiKCaZanv", "solved": 11}, "pk": 26, "model": "scoreserver.question"}, {"fields": {"category": 6, "problem_url": "http://example.com/DZUWpMDjEdFFtecfhLcAylvtbgjxgb", "description": "Question_desc:ZuylUYJDfUmlHGfyphGGvfDXuZEyhZXZmoUyqERtBdgcBzgLBTBGrvpDHZTkfzNUdwBGLtNMOpTstgTuLNOtFrozFQbMHXRyWkmt", "title": "Question_title:PAKQxQCUxJTTMpc", "solved": 17}, "pk": 27, "model": "scoreserver.question"}, {"fields": {"category": 5, "problem_url": "http://example.com/wrmTTFCIMFUfYTyCwDxvFPCCsyGvtH", "description": "Question_desc:rZEYuwYnyAKlJAocxtnvXKTugVNtHikkAUevXByjLclAwhtnsWHGbmxoqIQmqBeKrdHAJaqfRiIBvrxVSkUPcldfUxeNfoUPFmTw", "title": "Question_title:nnubGFIpkysoUBJ", "solved": 2}, "pk": 28, "model": "scoreserver.question"}, {"fields": {"category": 4, "problem_url": "http://example.com/uehddzfNBphTjOhuHdejjcziKIPamA", "description": "Question_desc:ohGjrsVgcxXamFvavTbXquhwdUNcXzWmKLWpExCiHzbxFAeVWiQosinyhlWIxTyJJRtFjWsZcycAlSmAZkrQnApouVBLZVQXCQYS", "title": "Question_title:vaHKfvIPaauhHLf", "solved": 0}, "pk": 29, "model": "scoreserver.question"}, {"fields": {"category": 3, "problem_url": "http://example.com/hUftnNXAiQgrPNJUirFgcmCQHYjYaF", "description": "Question_desc:CheHEgCaGIablKKCtcvskKYIdNwgpVXODcPrxMzfPzeZZApNettFEBxHWIZzLOgOOeElnFxIWPWapjFYneeermREnHqRXpKiEWRp", "title": "Question_title:iPwLLEbZhkqTcqR", "solved": 0}, "pk": 30, "model": "scoreserver.question"}, {"fields": {"category": 6, "problem_url": "http://example.com/fZnVIwZlFNOPPCdxWMIFFNdQQAygQJ", "description": "Question_desc:XpzjfStNQERayfdgMyVxxoEVCZKNAOIUtEGBBzNbXlpagbyPphiLnSoinuOEZCqJjcppNXHjTlzVXJUumRLcXIbNqrbayDWYzPYu", "title": "Question_title:YMeFkVBWdEtAXGs", "solved": 7}, "pk": 31, "model": "scoreserver.question"}, {"fields": {"category": 3, "problem_url": "http://example.com/VaGgonhGLiQKsgYDippFzebQblwDSv", "description": "Question_desc:gwOlHSynGqDYeDPJChFuGQkBubRlIkOzUGNCqIuKpRijcdvHgUmJLoNlfIFQeQPETMSUcGiLgORPfgRhIuCWdttGuAWULwVYFKTv", "title": "Question_title:LCbaDdsajlMBnAO", "solved": 16}, "pk": 32, "model": "scoreserver.question"}, {"fields": {"category": 5, "problem_url": "http://example.com/DMpBsGNXNKuPaCHRjZmfGqncHRfzDT", "description": "Question_desc:YNFJoEHYDTcLjshCgPnLHSbIHYCmTXUHscetSKjIKJmQejgLkVTIXYWZwzhHbynFeLhsAadIodHIsWQvnlXuUwpTqxIksNMkUMfa", "title": "Question_title:XzhrekphUaAkcpb", "solved": 14}, "pk": 33, "model": "scoreserver.question"}, {"fields": {"category": 5, "problem_url": "http://example.com/qmDIFHdCfelHtyknpBjafBTpXwfjgw", "description": "Question_desc:FLEidPXboNnwCmZuHsustbFxyZMPlOFPtRSuUASlaTRyPTVgixQBapeKpBOXTQwRxricoDQklJGKNGlKMvDXInTfCmRNWqtLVbOq", "title": "Question_title:DuGefbutLGnVbVA", "solved": 13}, "pk": 34, "model": "scoreserver.question"}, {"fields": {"category": 6, "problem_url": "http://example.com/OKqaAcRJRSHUUHtmIPQFeJzxLIbDWG", "description": "Question_desc:RYalAOHWitPjOgGBuiPhdLAMqknaXTfWFEoteZCfhugmoVQRkGzcUlaRLLnSazNeWxhXqGyDOekbaJOovgaXGJDAsyCwXKttjJyl", "title": "Question_title:LKYYoddQDgisTVu", "solved": 17}, "pk": 35, "model": "scoreserver.question"}, {"fields": {"category": 2, "problem_url": "http://example.com/TKdcVffhKJGKGqJlkpgAIvhqVyJncf", "description": "Question_desc:TlBrdswlBHfLiVmvzUGajsYtvImDODNbKqSieYqoGMhOwlHJlUTEFuwyHjVaJDyLTeOYDPdUeQQtlOgdBMsDRxshZjOoDJHEtCxc", "title": "Question_title:FTqOWAISsvzaenc", "solved": 2}, "pk": 36, "model": "scoreserver.question"}, {"fields": {"category": 2, "problem_url": "http://example.com/RkzIOlTbHtQsyeqFpSnNrCKjyaPlSw", "description": "Question_desc:XxSqzEkYOhsLYkeoicMYnzKomUaWeNfZlxQSlZkwpAdNpfZFHbxBFsWlclrkYnnchwqsdQnHvYIgOgfjRzpnzmOptCYknzdrJTkv", "title": "Question_title:kKitHeRPxhDvVjl", "solved": 10}, "pk": 37, "model": "scoreserver.question"}, {"fields": {"category": 6, "problem_url": "http://example.com/LxFYUAewtroMeADFcByEvBnrTuhGHT", "description": "Question_desc:jsjdfcxUOGVThzLYWEdvkUtuGlWjQdukqlELEelYqBlLpQTRfLwiqCDfrvawoWgrOXDyNCIdtiEEWSfrczSOcPzXMsIKyrEfoESy", "title": "Question_title:CZIpoFtiQbKOJpU", "solved": 3}, "pk": 38, "model": "scoreserver.question"}, {"fields": {"category": 6, "problem_url": "http://example.com/ipGAehJaZePRZfueXJffhfxNBpdfYJ", "description": "Question_desc:wpngWLVTtlrWtcfJikqcqYIpJcBZlIIIwjmFSiSYvsbwdMEqMMyaGrSffPDxrKkTprHxBJtugweqHqVVHYlPlhPcHDrWYUtZIjOw", "title": "Question_title:IbTvxVnQEgraMgT", "solved": 10}, "pk": 39, "model": "scoreserver.question"}, {"fields": {"category": 2, "problem_url": "http://example.com/QVWuLKXPjtCUojyHKKXzAfzqmfaLPK", "description": "Question_desc:evoBKyetFNJgtmEmSgzoKSWhvOCMVWernNgpVeVpRDzbLVUicFgNBimlrCtvOMrKhKqhMeCOsjaYqgUJwbdEkzTXYbVzNWACVijt", "title": "Question_title:bsbOeHPFPJUtbad", "solved": 10}, "pk": 40, "model": "scoreserver.question"}, {"fields": {"category": 3, "problem_url": "http://example.com/oARDDFTaQqxulbPcqBxmLkpvZojUiC", "description": "Question_desc:GfAqjWCdFTeloIvPDGePNDPITUBlZXyxyttOyGvPIpzRktSNShpBZrsgcILbxftOkneGfAHxOZSUmcYoyoVHkhtAGKmFhLCiNmGZ", "title": "Question_title:OkKIbmJSNiAmNLv", "solved": 8}, "pk": 41, "model": "scoreserver.question"}, {"fields": {"category": 1, "problem_url": "http://example.com/oVXbgJPigwWurcGokgBYdfFpmVlgPD", "description": "Question_desc:YnvHVcmlzFFlwwkuYepzbucwHaHhNXfpaWTvCrbKVUFUkdUeHKURRLOWrviaKqxYjxtYVmBYKPsqnZoUEJxUFplqFVMjWHkqHdPm", "title": "Question_title:PeeaVDbyPYqkFyh", "solved": 5}, "pk": 42, "model": "scoreserver.question"}, {"fields": {"category": 6, "problem_url": "http://example.com/naFDLRrOKbnduuqbXvEQpWkczoeelI", "description": "Question_desc:mqmAWGfeihkwamoyyLOkeiTHYgYdypzcYAUanagRKLYwjUSXFBPJkZpxmfqZWQlMBSiuwpIczKXSsGtusksgNagKUHNEAjTvOSdS", "title": "Question_title:unpBFEOEFCqrrWZ", "solved": 19}, "pk": 43, "model": "scoreserver.question"}, {"fields": {"category": 2, "problem_url": "http://example.com/sUGkkTnoJNvbARgSzeNKcdVIfkXsNL", "description": "Question_desc:dVMkIDrhgCxNTapsPJYUcoIPLrfOJqdgFJZElVIYYhaldzAkroWVBliembJRPRHXKoCOJNiKJTtFrKnkaDCsxLIPtVkJUeOoOYdf", "title": "Question_title:NuotBAAdyhCqsnd", "solved": 13}, "pk": 44, "model": "scoreserver.question"}, {"fields": {"category": 5, "problem_url": "http://example.com/hUbYFWXVeyxlJGyFUDghbLGrYrBYiZ", "description": "Question_desc:NlMVguMWprGepWYLVCLvSbivJchhvMKcSMbXWxzusEDRaKdQooajQHmKYmGMyQWxVLouaYtxbQmzyoWKswWPadPlYqVcGFguGvKr", "title": "Question_title:mzuzKyqSIhWkpCu", "solved": 4}, "pk": 45, "model": "scoreserver.question"}, {"fields": {"category": 2, "problem_url": "http://example.com/ngvNrJiKdcuxTUTawcJTqFqMVMWESz", "description": "Question_desc:PviEChxZwDbWDHmsBjWtwOcaBizmcsuojaKxzyIZOYXdQziOBgIeAzJbjaCNVrOmGDwVNKouOgBvhoLTAJIyFCLRsRxJCUFYrNDb", "title": "Question_title:EQwjtmkUXHoIqqe", "solved": 12}, "pk": 46, "model": "scoreserver.question"}, {"fields": {"category": 2, "problem_url": "http://example.com/ahIVPXPdxIAuiJwByjWezPKyvGjECW", "description": "Question_desc:cekmcyQygDcRZaMoUrZuezBrEktvNqOkLOMpQTQoklElFoLWKhlOIgqHDRuoaXbvbyvFKJbsyqHqzYJgugjrgWvpkJnHVdvIXqWc", "title": "Question_title:gJajycGJdaNOhLv", "solved": 10}, "pk": 47, "model": "scoreserver.question"}, {"fields": {"category": 4, "problem_url": "http://example.com/ErGYpSpIoKLzJgdPhSHeeIAcNeRPPz", "description": "Question_desc:ygzpBFEwKRRsngVCvuohuwGzjQzYTFIVjjTtTyQOLKkNeObgbqzBeNdMZslVbrfbjvjWJBMjhDkGNStDqZPnzElNRKWCVhQJrUoy", "title": "Question_title:BWsMlCgDHpBMDkJ", "solved": 19}, "pk": 48, "model": "scoreserver.question"}, {"fields": {"category": 4, "problem_url": "http://example.com/HQjOPuoyRiYvYJCBGZsMsMSyWbYkXb", "description": "Question_desc:QOFaxjkdSxckwZJlwDvHXyWSUFYSxrGRpHChBZpnPznZwYhhyQyupKqknTOnqWnOZbIHSZxFFUJdOLmFUyvfwnmoWjpluMPOkdKl", "title": "Question_title:uglUZwEptCskwhb", "solved": 13}, "pk": 49, "model": "scoreserver.question"}, {"fields": {"question": 39, "flag": "FLAG_IS_[ynHnHMmLVbAldxJ]", "point": 400}, "pk": 0, "model": "scoreserver.flag"}, {"fields": {"question": 12, "flag": "FLAG_IS_[areQOlzMooYmmmz]", "point": 500}, "pk": 1, "model": "scoreserver.flag"}, {"fields": {"question": 16, "flag": "FLAG_IS_[IAmZAejDOVPaCgB]", "point": 900}, "pk": 2, "model": "scoreserver.flag"}, {"fields": {"question": 21, "flag": "FLAG_IS_[WvGRapIiCVqrLHq]", "point": 1100}, "pk": 3, "model": "scoreserver.flag"}, {"fields": {"question": 11, "flag": "FLAG_IS_[vGEzEBXzYoaYUDA]", "point": 800}, "pk": 4, "model": "scoreserver.flag"}, {"fields": {"question": 32, "flag": "FLAG_IS_[fiVFwRIyzPepbgX]", "point": 700}, "pk": 5, "model": "scoreserver.flag"}, {"fields": {"question": 13, "flag": "FLAG_IS_[apqvEIYwwjWUKjn]", "point": 400}, "pk": 6, "model": "scoreserver.flag"}, {"fields": {"question": 41, "flag": "FLAG_IS_[xSWhmPMWJPVITcO]", "point": 900}, "pk": 7, "model": "scoreserver.flag"}, {"fields": {"question": 2, "flag": "FLAG_IS_[GiVFTfZDhKEOcUp]", "point": 500}, "pk": 8, "model": "scoreserver.flag"}, {"fields": {"question": 48, "flag": "FLAG_IS_[tgVzMEUevJXmUMz]", "point": 200}, "pk": 9, "model": "scoreserver.flag"}, {"fields": {"question": 21, "flag": "FLAG_IS_[WJPRVuDLSGyVdLv]", "point": 500}, "pk": 10, "model": "scoreserver.flag"}, {"fields": {"question": 7, "flag": "FLAG_IS_[citWtQTllhihbGE]", "point": 700}, "pk": 11, "model": "scoreserver.flag"}, {"fields": {"question": 7, "flag": "FLAG_IS_[zQTsVDdWrrZJdSh]", "point": 700}, "pk": 12, "model": "scoreserver.flag"}, {"fields": {"question": 8, "flag": "FLAG_IS_[CRZdUFcjDeUQFue]", "point": 400}, "pk": 13, "model": "scoreserver.flag"}, {"fields": {"question": 19, "flag": "FLAG_IS_[lskyFSGScMWZuxS]", "point": 300}, "pk": 14, "model": "scoreserver.flag"}, {"fields": {"question": 40, "flag": "FLAG_IS_[SwgxgUGdUyTMWrm]", "point": 700}, "pk": 15, "model": "scoreserver.flag"}, {"fields": {"question": 42, "flag": "FLAG_IS_[lVirqMbXsoUUpaF]", "point": 100}, "pk": 16, "model": "scoreserver.flag"}, {"fields": {"question": 44, "flag": "FLAG_IS_[dMbvxWFOgNHSqJw]", "point": 100}, "pk": 17, "model": "scoreserver.flag"}, {"fields": {"question": 39, "flag": "FLAG_IS_[HYrykejNkKbnale]", "point": 900}, "pk": 18, "model": "scoreserver.flag"}, {"fields": {"question": 24, "flag": "FLAG_IS_[rXAMrqjvsXMkaeB]", "point": 1100}, "pk": 19, "model": "scoreserver.flag"}, {"fields": {"question": 14, "flag": "FLAG_IS_[ezuMwqWfHymeigb]", "point": 1000}, "pk": 20, "model": "scoreserver.flag"}, {"fields": {"question": 6, "flag": "FLAG_IS_[aYvyAAFvrCCwbND]", "point": 700}, "pk": 21, "model": "scoreserver.flag"}, {"fields": {"question": 17, "flag": "FLAG_IS_[XutrltYNCZRACZD]", "point": 400}, "pk": 22, "model": "scoreserver.flag"}, {"fields": {"question": 21, "flag": "FLAG_IS_[xLlbotQdapQOOnx]", "point": 300}, "pk": 23, "model": "scoreserver.flag"}, {"fields": {"question": 11, "flag": "FLAG_IS_[cVMvAIRjXbJrfPa]", "point": 600}, "pk": 24, "model": "scoreserver.flag"}, {"fields": {"question": 18, "flag": "FLAG_IS_[YsPlEJsacITrKjg]", "point": 1000}, "pk": 25, "model": "scoreserver.flag"}, {"fields": {"question": 23, "flag": "FLAG_IS_[yGOtmjKpxkZKAxr]", "point": 100}, "pk": 26, "model": "scoreserver.flag"}, {"fields": {"question": 31, "flag": "FLAG_IS_[MWvdSOjLWwtruwq]", "point": 500}, "pk": 27, "model": "scoreserver.flag"}, {"fields": {"question": 15, "flag": "FLAG_IS_[hrfwDceQOStqscO]", "point": 200}, "pk": 28, "model": "scoreserver.flag"}, {"fields": {"question": 31, "flag": "FLAG_IS_[FLDsaqfGmdRqWmb]", "point": 100}, "pk": 29, "model": "scoreserver.flag"}, {"fields": {"question": 23, "flag": "FLAG_IS_[SlOgmyWZwNIwbAs]", "point": 700}, "pk": 30, "model": "scoreserver.flag"}, {"fields": {"question": 9, "flag": "FLAG_IS_[ngzYDAjlAVambOo]", "point": 1100}, "pk": 31, "model": "scoreserver.flag"}, {"fields": {"question": 9, "flag": "FLAG_IS_[PoOGAXCPaIJNsSw]", "point": 100}, "pk": 32, "model": "scoreserver.flag"}, {"fields": {"question": 19, "flag": "FLAG_IS_[mCRGUVwEclRSZsp]", "point": 800}, "pk": 33, "model": "scoreserver.flag"}, {"fields": {"question": 11, "flag": "FLAG_IS_[yVLAYipYzesTxzi]", "point": 300}, "pk": 34, "model": "scoreserver.flag"}, {"fields": {"question": 6, "flag": "FLAG_IS_[yISWbruCgbSKGEH]", "point": 600}, "pk": 35, "model": "scoreserver.flag"}, {"fields": {"question": 21, "flag": "FLAG_IS_[FrmKhuCLuMsBCgm]", "point": 800}, "pk": 36, "model": "scoreserver.flag"}, {"fields": {"question": 6, "flag": "FLAG_IS_[iGJKHLJzMednbao]", "point": 500}, "pk": 37, "model": "scoreserver.flag"}, {"fields": {"question": 8, "flag": "FLAG_IS_[ymcFsFwtQmocwPc]", "point": 600}, "pk": 38, "model": "scoreserver.flag"}, {"fields": {"question": 30, "flag": "FLAG_IS_[gVItQBKpKnhbStW]", "point": 200}, "pk": 39, "model": "scoreserver.flag"}, {"fields": {"question": 36, "flag": "FLAG_IS_[wTFYQQGNzogeIMZ]", "point": 700}, "pk": 40, "model": "scoreserver.flag"}, {"fields": {"question": 11, "flag": "FLAG_IS_[NNSXUZhVLlFMcSC]", "point": 600}, "pk": 41, "model": "scoreserver.flag"}, {"fields": {"question": 5, "flag": "FLAG_IS_[jYBqLFgbzsUsHbM]", "point": 400}, "pk": 42, "model": "scoreserver.flag"}, {"fields": {"question": 7, "flag": "FLAG_IS_[KTzXVsDQOhzcOvo]", "point": 500}, "pk": 43, "model": "scoreserver.flag"}, {"fields": {"question": 42, "flag": "FLAG_IS_[NBROJuECyWnbPcP]", "point": 500}, "pk": 44, "model": "scoreserver.flag"}, {"fields": {"question": 11, "flag": "FLAG_IS_[PubBGXrQkrWzxPE]", "point": 600}, "pk": 45, "model": "scoreserver.flag"}, {"fields": {"question": 9, "flag": "FLAG_IS_[yIujpdJlrjQVFgH]", "point": 200}, "pk": 46, "model": "scoreserver.flag"}, {"fields": {"question": 12, "flag": "FLAG_IS_[mtFgOxccRjXZjRC]", "point": 200}, "pk": 47, "model": "scoreserver.flag"}, {"fields": {"question": 33, "flag": "FLAG_IS_[OxYELuLOImcFPBR]", "point": 500}, "pk": 48, "model": "scoreserver.flag"}, {"fields": {"question": 34, "flag": "FLAG_IS_[SpqpWWXwIsmwUik]", "point": 500}, "pk": 49, "model": "scoreserver.flag"}, {"fields": {"question": 24, "flag": "FLAG_IS_[HIXYTDTPxicDnZW]", "point": 600}, "pk": 50, "model": "scoreserver.flag"}, {"fields": {"question": 11, "flag": "FLAG_IS_[vHGencznJLoAknS]", "point": 800}, "pk": 51, "model": "scoreserver.flag"}, {"fields": {"question": 36, "flag": "FLAG_IS_[ZdgfpsoyEqjNQeS]", "point": 600}, "pk": 52, "model": "scoreserver.flag"}, {"fields": {"question": 5, "flag": "FLAG_IS_[AjWbxXtEVMjCAVb]", "point": 400}, "pk": 53, "model": "scoreserver.flag"}, {"fields": {"question": 36, "flag": "FLAG_IS_[dJTahExgVMvruyM]", "point": 800}, "pk": 54, "model": "scoreserver.flag"}, {"fields": {"question": 38, "flag": "FLAG_IS_[ebFNLDddMfrmxvO]", "point": 1000}, "pk": 55, "model": "scoreserver.flag"}, {"fields": {"question": 13, "flag": "FLAG_IS_[weeYXrrgDooKiIh]", "point": 600}, "pk": 56, "model": "scoreserver.flag"}, {"fields": {"question": 41, "flag": "FLAG_IS_[VflqEUfcHntGima]", "point": 300}, "pk": 57, "model": "scoreserver.flag"}, {"fields": {"question": 40, "flag": "FLAG_IS_[vITtomfRtudUfbj]", "point": 700}, "pk": 58, "model": "scoreserver.flag"}, {"fields": {"question": 30, "flag": "FLAG_IS_[BIcqQBJmYVhPNyk]", "point": 600}, "pk": 59, "model": "scoreserver.flag"}, {"fields": {"question": 27, "flag": "FLAG_IS_[fZQETdoAEtdTnwa]", "point": 100}, "pk": 60, "model": "scoreserver.flag"}, {"fields": {"question": 45, "flag": "FLAG_IS_[fHVSMOgyyCoKAim]", "point": 1000}, "pk": 61, "model": "scoreserver.flag"}, {"fields": {"question": 48, "flag": "FLAG_IS_[pcPEUANxCVSqDsi]", "point": 900}, "pk": 62, "model": "scoreserver.flag"}, {"fields": {"question": 38, "flag": "FLAG_IS_[oBmyrJHlOTPykpk]", "point": 900}, "pk": 63, "model": "scoreserver.flag"}, {"fields": {"question": 43, "flag": "FLAG_IS_[lLVpyvYvJExszZH]", "point": 200}, "pk": 64, "model": "scoreserver.flag"}, {"fields": {"question": 4, "flag": "FLAG_IS_[EwHbUnSambJNBrj]", "point": 200}, "pk": 65, "model": "scoreserver.flag"}, {"fields": {"question": 10, "flag": "FLAG_IS_[BLWjNbtoptbIazy]", "point": 800}, "pk": 66, "model": "scoreserver.flag"}, {"fields": {"question": 7, "flag": "FLAG_IS_[HlovGyWVvQMAfqF]", "point": 600}, "pk": 67, "model": "scoreserver.flag"}, {"fields": {"question": 6, "flag": "FLAG_IS_[UXVTasKvGjKPNZQ]", "point": 400}, "pk": 68, "model": "scoreserver.flag"}, {"fields": {"question": 11, "flag": "FLAG_IS_[YngOAvAtbFAlKIv]", "point": 1100}, "pk": 69, "model": "scoreserver.flag"}, {"fields": {"question": 8, "flag": "FLAG_IS_[lDqfeNyCjMwiyfK]", "point": 1100}, "pk": 70, "model": "scoreserver.flag"}, {"fields": {"question": 38, "flag": "FLAG_IS_[oMvkuRZzagVcTTH]", "point": 300}, "pk": 71, "model": "scoreserver.flag"}, {"fields": {"question": 46, "flag": "FLAG_IS_[xqDAGtICUswuIeX]", "point": 600}, "pk": 72, "model": "scoreserver.flag"}, {"fields": {"question": 36, "flag": "FLAG_IS_[QYIFBLylCUYLeaR]", "point": 500}, "pk": 73, "model": "scoreserver.flag"}, {"fields": {"question": 43, "flag": "FLAG_IS_[rTpIJIbPutNkTic]", "point": 300}, "pk": 74, "model": "scoreserver.flag"}, {"fields": {"question": 10, "flag": "FLAG_IS_[zfeBxGqepWYjref]", "point": 200}, "pk": 75, "model": "scoreserver.flag"}, {"fields": {"question": 8, "flag": "FLAG_IS_[ZstuNjdUiWfjpHV]", "point": 100}, "pk": 76, "model": "scoreserver.flag"}, {"fields": {"question": 27, "flag": "FLAG_IS_[poBqfSOLIhYRBQA]", "point": 400}, "pk": 77, "model": "scoreserver.flag"}, {"fields": {"question": 10, "flag": "FLAG_IS_[krbKnXztJGzbRqE]", "point": 300}, "pk": 78, "model": "scoreserver.flag"}, {"fields": {"question": 41, "flag": "FLAG_IS_[hLgAeXxXXYJavLz]", "point": 400}, "pk": 79, "model": "scoreserver.flag"}, {"fields": {"question": 17, "flag": "FLAG_IS_[gGLNEayziWbNmSI]", "point": 300}, "pk": 80, "model": "scoreserver.flag"}, {"fields": {"question": 41, "flag": "FLAG_IS_[JDRQirvWocIXgMQ]", "point": 700}, "pk": 81, "model": "scoreserver.flag"}, {"fields": {"question": 8, "flag": "FLAG_IS_[vsOwsWotxBWjPWx]", "point": 300}, "pk": 82, "model": "scoreserver.flag"}, {"fields": {"question": 35, "flag": "FLAG_IS_[gNDcQlKXZVBGoll]", "point": 400}, "pk": 83, "model": "scoreserver.flag"}, {"fields": {"question": 37, "flag": "FLAG_IS_[BMQGJdZyaDyoSSp]", "point": 1100}, "pk": 84, "model": "scoreserver.flag"}, {"fields": {"question": 3, "flag": "FLAG_IS_[IgCAABzROofKwDG]", "point": 500}, "pk": 85, "model": "scoreserver.flag"}, {"fields": {"question": 34, "flag": "FLAG_IS_[OhfHwmkwNjczXYn]", "point": 300}, "pk": 86, "model": "scoreserver.flag"}, {"fields": {"question": 3, "flag": "FLAG_IS_[boGmanPiiVEaLOl]", "point": 400}, "pk": 87, "model": "scoreserver.flag"}, {"fields": {"question": 10, "flag": "FLAG_IS_[cDyzorKyRVdoSrH]", "point": 800}, "pk": 88, "model": "scoreserver.flag"}, {"fields": {"question": 36, "flag": "FLAG_IS_[weMsWfthhfBcoxZ]", "point": 400}, "pk": 89, "model": "scoreserver.flag"}, {"fields": {"question": 2, "flag": "FLAG_IS_[VaTfFsAsejjNxhA]", "point": 500}, "pk": 90, "model": "scoreserver.flag"}, {"fields": {"question": 25, "flag": "FLAG_IS_[nlaDtOFBHvLbpHS]", "point": 800}, "pk": 91, "model": "scoreserver.flag"}, {"fields": {"question": 14, "flag": "FLAG_IS_[jrqefLqVsYvWTEX]", "point": 900}, "pk": 92, "model": "scoreserver.flag"}, {"fields": {"question": 24, "flag": "FLAG_IS_[kojEUkHJVFtXujs]", "point": 800}, "pk": 93, "model": "scoreserver.flag"}, {"fields": {"question": 42, "flag": "FLAG_IS_[lBAkZTrZZrOwAIv]", "point": 300}, "pk": 94, "model": "scoreserver.flag"}, {"fields": {"question": 10, "flag": "FLAG_IS_[mKwBXZLbpZSzrxX]", "point": 400}, "pk": 95, "model": "scoreserver.flag"}, {"fields": {"question": 42, "flag": "FLAG_IS_[exAgkLAtcQZNvzy]", "point": 300}, "pk": 96, "model": "scoreserver.flag"}, {"fields": {"question": 26, "flag": "FLAG_IS_[UKFNfFYRXTLUwKa]", "point": 1000}, "pk": 97, "model": "scoreserver.flag"}, {"fields": {"question": 12, "flag": "FLAG_IS_[dzSkdgHWlRwIbob]", "point": 200}, "pk": 98, "model": "scoreserver.flag"}, {"fields": {"question": 6, "flag": "FLAG_IS_[RhgDrzNrnLzUJUs]", "point": 400}, "pk": 99, "model": "scoreserver.flag"}, {"fields": {"question": 13, "flag": "FLAG_IS_[BwGcxJSWEjyrwQO]", "point": 700}, "pk": 100, "model": "scoreserver.flag"}, {"fields": {"question": 25, "flag": "FLAG_IS_[EROpTOnkOlkcIMH]", "point": 100}, "pk": 101, "model": "scoreserver.flag"}, {"fields": {"question": 4, "flag": "FLAG_IS_[pkImILfZczDtuCA]", "point": 1100}, "pk": 102, "model": "scoreserver.flag"}, {"fields": {"question": 47, "flag": "FLAG_IS_[WtMdYseCKmvIyZa]", "point": 800}, "pk": 103, "model": "scoreserver.flag"}, {"fields": {"question": 35, "flag": "FLAG_IS_[MkSXooRhIOjHMyl]", "point": 300}, "pk": 104, "model": "scoreserver.flag"}, {"fields": {"question": 22, "flag": "FLAG_IS_[sXlTWmGCiWywVBL]", "point": 500}, "pk": 105, "model": "scoreserver.flag"}, {"fields": {"question": 14, "flag": "FLAG_IS_[YufYkJHxJdNJfwk]", "point": 400}, "pk": 106, "model": "scoreserver.flag"}, {"fields": {"question": 13, "flag": "FLAG_IS_[vRawOOrQpqhPORE]", "point": 300}, "pk": 107, "model": "scoreserver.flag"}, {"fields": {"question": 19, "flag": "FLAG_IS_[NQEaUqOPkQhtgdb]", "point": 300}, "pk": 108, "model": "scoreserver.flag"}, {"fields": {"question": 41, "flag": "FLAG_IS_[PozjBHkDEbAjtcs]", "point": 300}, "pk": 109, "model": "scoreserver.flag"}, {"fields": {"question": 43, "flag": "FLAG_IS_[qzpSDcUNuLnpDNW]", "point": 300}, "pk": 110, "model": "scoreserver.flag"}, {"fields": {"question": 41, "flag": "FLAG_IS_[VLejDQRFOGshdfV]", "point": 200}, "pk": 111, "model": "scoreserver.flag"}, {"fields": {"question": 9, "flag": "FLAG_IS_[yciTKClJWHmwIKd]", "point": 500}, "pk": 112, "model": "scoreserver.flag"}, {"fields": {"question": 34, "flag": "FLAG_IS_[RKUrAzTxIeoUgzM]", "point": 100}, "pk": 113, "model": "scoreserver.flag"}, {"fields": {"question": 42, "flag": "FLAG_IS_[NOJHyJKUywTlxkN]", "point": 400}, "pk": 114, "model": "scoreserver.flag"}, {"fields": {"question": 8, "flag": "FLAG_IS_[MBKPrjILbkDZSKm]", "point": 600}, "pk": 115, "model": "scoreserver.flag"}, {"fields": {"question": 30, "flag": "FLAG_IS_[khkJBADIITgsxaz]", "point": 400}, "pk": 116, "model": "scoreserver.flag"}, {"fields": {"question": 48, "flag": "FLAG_IS_[MbmhWZssFoIqYqe]", "point": 100}, "pk": 117, "model": "scoreserver.flag"}, {"fields": {"question": 27, "flag": "FLAG_IS_[OIVKiKxdNxCqYwJ]", "point": 1000}, "pk": 118, "model": "scoreserver.flag"}, {"fields": {"question": 6, "flag": "FLAG_IS_[UJLGdAlzElDQjil]", "point": 300}, "pk": 119, "model": "scoreserver.flag"}, {"fields": {"question": 12, "flag": "FLAG_IS_[LqcXTndpwZeGyca]", "point": 500}, "pk": 120, "model": "scoreserver.flag"}, {"fields": {"question": 8, "flag": "FLAG_IS_[izCyenEfRkLkDCu]", "point": 1100}, "pk": 121, "model": "scoreserver.flag"}, {"fields": {"question": 22, "flag": "FLAG_IS_[qWYMmaxkuLvsaco]", "point": 400}, "pk": 122, "model": "scoreserver.flag"}, {"fields": {"question": 11, "flag": "FLAG_IS_[rtCyDhhguIKfkfv]", "point": 400}, "pk": 123, "model": "scoreserver.flag"}, {"fields": {"question": 44, "flag": "FLAG_IS_[wvZPVpMwhevYGPx]", "point": 900}, "pk": 124, "model": "scoreserver.flag"}, {"fields": {"question": 7, "flag": "FLAG_IS_[oOTTVrwIgMxVVZH]", "point": 100}, "pk": 125, "model": "scoreserver.flag"}, {"fields": {"question": 34, "flag": "FLAG_IS_[RxPmYrxLhLOPMYA]", "point": 400}, "pk": 126, "model": "scoreserver.flag"}, {"fields": {"question": 26, "flag": "FLAG_IS_[NCqlTbmebjBAMmo]", "point": 200}, "pk": 127, "model": "scoreserver.flag"}, {"fields": {"question": 27, "flag": "FLAG_IS_[wPNRdYFGAclPJFW]", "point": 200}, "pk": 128, "model": "scoreserver.flag"}, {"fields": {"question": 17, "flag": "FLAG_IS_[RMJgfYSHkXWwFGm]", "point": 600}, "pk": 129, "model": "scoreserver.flag"}, {"fields": {"question": 3, "flag": "FLAG_IS_[flVMEQCygHCKtBy]", "point": 500}, "pk": 130, "model": "scoreserver.flag"}, {"fields": {"question": 46, "flag": "FLAG_IS_[FFeXQBDMHbYpWMh]", "point": 800}, "pk": 131, "model": "scoreserver.flag"}, {"fields": {"question": 11, "flag": "FLAG_IS_[jssfHUZvRUxKwPP]", "point": 600}, "pk": 132, "model": "scoreserver.flag"}, {"fields": {"question": 48, "flag": "FLAG_IS_[PdDjTlRJpSjewTr]", "point": 600}, "pk": 133, "model": "scoreserver.flag"}, {"fields": {"question": 6, "flag": "FLAG_IS_[YxgwyjPvQPvlAQI]", "point": 100}, "pk": 134, "model": "scoreserver.flag"}, {"fields": {"question": 48, "flag": "FLAG_IS_[fBALFFCYdfGxASi]", "point": 800}, "pk": 135, "model": "scoreserver.flag"}, {"fields": {"question": 21, "flag": "FLAG_IS_[lqgIUNwnxDOlmaj]", "point": 700}, "pk": 136, "model": "scoreserver.flag"}, {"fields": {"question": 6, "flag": "FLAG_IS_[CXLFZDpIYoPjgRk]", "point": 500}, "pk": 137, "model": "scoreserver.flag"}, {"fields": {"question": 7, "flag": "FLAG_IS_[OEodRQRFOGkYgfj]", "point": 500}, "pk": 138, "model": "scoreserver.flag"}, {"fields": {"question": 2, "flag": "FLAG_IS_[fTsCmmFlktBqTsU]", "point": 200}, "pk": 139, "model": "scoreserver.flag"}, {"fields": {"question": 22, "flag": "FLAG_IS_[LxNSWCDyDqUluTt]", "point": 200}, "pk": 140, "model": "scoreserver.flag"}, {"fields": {"question": 20, "flag": "FLAG_IS_[pocsJcshSMaQuPM]", "point": 900}, "pk": 141, "model": "scoreserver.flag"}, {"fields": {"question": 40, "flag": "FLAG_IS_[pbzbuDnImKkhzXp]", "point": 500}, "pk": 142, "model": "scoreserver.flag"}, {"fields": {"question": 21, "flag": "FLAG_IS_[rzpMkVQzCRzVTRt]", "point": 1100}, "pk": 143, "model": "scoreserver.flag"}, {"fields": {"question": 26, "flag": "FLAG_IS_[iRsQremXgZriPLg]", "point": 400}, "pk": 144, "model": "scoreserver.flag"}, {"fields": {"question": 11, "flag": "FLAG_IS_[UgEWGzEWgLeJqBk]", "point": 800}, "pk": 145, "model": "scoreserver.flag"}, {"fields": {"question": 2, "flag": "FLAG_IS_[zVuGipSutehAtpa]", "point": 300}, "pk": 146, "model": "scoreserver.flag"}, {"fields": {"question": 45, "flag": "FLAG_IS_[pVWwSUWaBMmPIRY]", "point": 100}, "pk": 147, "model": "scoreserver.flag"}, {"fields": {"question": 2, "flag": "FLAG_IS_[jAdIUDnBBCRNnvY]", "point": 300}, "pk": 148, "model": "scoreserver.flag"}, {"fields": {"question": 42, "flag": "FLAG_IS_[GhLPGbBVpKwviJR]", "point": 600}, "pk": 149, "model": "scoreserver.flag"}, {"fields": {"question": 3, "flag": "FLAG_IS_[iOgZPajbAVJpZtP]", "point": 900}, "pk": 150, "model": "scoreserver.flag"}, {"fields": {"question": 12, "flag": "FLAG_IS_[AztNtCcKuPYkDCi]", "point": 200}, "pk": 151, "model": "scoreserver.flag"}, {"fields": {"question": 5, "flag": "FLAG_IS_[PAOTjxcANmcpVPi]", "point": 400}, "pk": 152, "model": "scoreserver.flag"}, {"fields": {"question": 16, "flag": "FLAG_IS_[GylHlvvhtWXdTde]", "point": 700}, "pk": 153, "model": "scoreserver.flag"}, {"fields": {"question": 10, "flag": "FLAG_IS_[HeDAYVQqFhWyYie]", "point": 800}, "pk": 154, "model": "scoreserver.flag"}, {"fields": {"question": 49, "flag": "FLAG_IS_[cHdJDFaQmaEgdoX]", "point": 700}, "pk": 155, "model": "scoreserver.flag"}, {"fields": {"question": 38, "flag": "FLAG_IS_[pwoOIHCRkpblRMy]", "point": 200}, "pk": 156, "model": "scoreserver.flag"}, {"fields": {"question": 3, "flag": "FLAG_IS_[eEfVYraxJTMkjQD]", "point": 100}, "pk": 157, "model": "scoreserver.flag"}, {"fields": {"question": 28, "flag": "FLAG_IS_[wfGlmclwCcvCYxo]", "point": 600}, "pk": 158, "model": "scoreserver.flag"}, {"fields": {"question": 43, "flag": "FLAG_IS_[gQgABKcfWaDBvht]", "point": 300}, "pk": 159, "model": "scoreserver.flag"}, {"fields": {"question": 14, "flag": "FLAG_IS_[AJuAlQIbAQRjaVn]", "point": 1000}, "pk": 160, "model": "scoreserver.flag"}, {"fields": {"question": 47, "flag": "FLAG_IS_[lfMSxvocSNlkJMR]", "point": 600}, "pk": 161, "model": "scoreserver.flag"}, {"fields": {"question": 47, "flag": "FLAG_IS_[wLSSRETVemKuurq]", "point": 900}, "pk": 162, "model": "scoreserver.flag"}, {"fields": {"question": 5, "flag": "FLAG_IS_[dqFIErEbUMoMhPQ]", "point": 400}, "pk": 163, "model": "scoreserver.flag"}, {"fields": {"question": 48, "flag": "FLAG_IS_[DPYcYvrMAYcShxw]", "point": 400}, "pk": 164, "model": "scoreserver.flag"}, {"fields": {"question": 6, "flag": "FLAG_IS_[KBbSqfeCJmzCGBU]", "point": 200}, "pk": 165, "model": "scoreserver.flag"}, {"fields": {"question": 14, "flag": "FLAG_IS_[AHNatbJqiPhpmUO]", "point": 700}, "pk": 166, "model": "scoreserver.flag"}, {"fields": {"question": 49, "flag": "FLAG_IS_[LtjpkOAztKrnUgp]", "point": 700}, "pk": 167, "model": "scoreserver.flag"}, {"fields": {"question": 35, "flag": "FLAG_IS_[FRIoRvmTtVTFxOj]", "point": 800}, "pk": 168, "model": "scoreserver.flag"}, {"fields": {"question": 10, "flag": "FLAG_IS_[YMCkZGsbdkTtUHl]", "point": 600}, "pk": 169, "model": "scoreserver.flag"}, {"fields": {"question": 4, "flag": "FLAG_IS_[ryUXpbRftOQEWXc]", "point": 1000}, "pk": 170, "model": "scoreserver.flag"}, {"fields": {"question": 1, "flag": "FLAG_IS_[JbGyKxPQABhvwyE]", "point": 600}, "pk": 171, "model": "scoreserver.flag"}, {"fields": {"question": 27, "flag": "FLAG_IS_[ZBxbxCELrkArpCk]", "point": 600}, "pk": 172, "model": "scoreserver.flag"}, {"fields": {"question": 16, "flag": "FLAG_IS_[MUSsPbbgEOcYfke]", "point": 300}, "pk": 173, "model": "scoreserver.flag"}, {"fields": {"question": 29, "flag": "FLAG_IS_[pupVjghDvsFBVTO]", "point": 700}, "pk": 174, "model": "scoreserver.flag"}, {"fields": {"question": 39, "flag": "FLAG_IS_[idUnXuYuFBYwhjH]", "point": 400}, "pk": 175, "model": "scoreserver.flag"}, {"fields": {"question": 21, "flag": "FLAG_IS_[MHvyobCoeofHsHZ]", "point": 100}, "pk": 176, "model": "scoreserver.flag"}, {"fields": {"question": 36, "flag": "FLAG_IS_[mqjQRaiizdaPJzi]", "point": 700}, "pk": 177, "model": "scoreserver.flag"}, {"fields": {"question": 21, "flag": "FLAG_IS_[KQazpQTgriBKAQT]", "point": 1000}, "pk": 178, "model": "scoreserver.flag"}, {"fields": {"question": 24, "flag": "FLAG_IS_[RMnsKIZAgMTNMrd]", "point": 1100}, "pk": 179, "model": "scoreserver.flag"}, {"fields": {"question": 19, "flag": "FLAG_IS_[RCvITBiTkSxAyJW]", "point": 600}, "pk": 180, "model": "scoreserver.flag"}, {"fields": {"question": 7, "flag": "FLAG_IS_[DCytfYCYtuozlGx]", "point": 100}, "pk": 181, "model": "scoreserver.flag"}, {"fields": {"question": 47, "flag": "FLAG_IS_[tUtGRWxgEFQrDll]", "point": 1000}, "pk": 182, "model": "scoreserver.flag"}, {"fields": {"question": 19, "flag": "FLAG_IS_[axxZAUxeOwLeUhD]", "point": 1000}, "pk": 183, "model": "scoreserver.flag"}, {"fields": {"question": 44, "flag": "FLAG_IS_[wxBsZZYzypynRru]", "point": 400}, "pk": 184, "model": "scoreserver.flag"}, {"fields": {"question": 33, "flag": "FLAG_IS_[cVAdFEhTwAYBKWJ]", "point": 1000}, "pk": 185, "model": "scoreserver.flag"}, {"fields": {"question": 34, "flag": "FLAG_IS_[vAZxqUCnWRkGDsY]", "point": 1100}, "pk": 186, "model": "scoreserver.flag"}, {"fields": {"question": 47, "flag": "FLAG_IS_[TQAvbmgvQChIsse]", "point": 1000}, "pk": 187, "model": "scoreserver.flag"}, {"fields": {"question": 32, "flag": "FLAG_IS_[LLonWZTrbWkmjuW]", "point": 800}, "pk": 188, "model": "scoreserver.flag"}, {"fields": {"question": 39, "flag": "FLAG_IS_[fDhuIlVWniqEsdR]", "point": 500}, "pk": 189, "model": "scoreserver.flag"}, {"fields": {"question": 1, "flag": "FLAG_IS_[VERmYYtOftfvXoX]", "point": 100}, "pk": 190, "model": "scoreserver.flag"}, {"fields": {"question": 3, "flag": "FLAG_IS_[vhKDnLaoubrQucu]", "point": 1100}, "pk": 191, "model": "scoreserver.flag"}, {"fields": {"question": 44, "flag": "FLAG_IS_[SqVdeoZRGrHUJin]", "point": 700}, "pk": 192, "model": "scoreserver.flag"}, {"fields": {"question": 6, "flag": "FLAG_IS_[OzTsvfNESpztDSY]", "point": 300}, "pk": 193, "model": "scoreserver.flag"}, {"fields": {"question": 15, "flag": "FLAG_IS_[ldhLbiObLbKZlgb]", "point": 600}, "pk": 194, "model": "scoreserver.flag"}, {"fields": {"question": 12, "flag": "FLAG_IS_[AxByehkYnCBFXrG]", "point": 200}, "pk": 195, "model": "scoreserver.flag"}, {"fields": {"question": 39, "flag": "FLAG_IS_[sHyvsaXTAMePEIz]", "point": 200}, "pk": 196, "model": "scoreserver.flag"}, {"fields": {"question": 25, "flag": "FLAG_IS_[aNJLbdQCevBzTbe]", "point": 100}, "pk": 197, "model": "scoreserver.flag"}, {"fields": {"question": 11, "flag": "FLAG_IS_[WaZznjHuelRjXYQ]", "point": 900}, "pk": 198, "model": "scoreserver.flag"}, {"fields": {"question": 1, "flag": "FLAG_IS_[EpJmmowEmeIKjFN]", "point": 1000}, "pk": 199, "model": "scoreserver.flag"}, {"fields": {"password": "pbkdf2_sha256$24000$mwWHTjLpvxZc$IV+6EQQXsFBgyXUFx7yuYpButLgvmRa6oWjxfEEo+b8=", "username": "user0"}, "pk": 0, "model": "auth.user"}, {"fields": {"password": "pbkdf2_sha256$24000$oRQtfnK6vbsY$jOeejJUpsRpywcVN+jOBDWu1RJNMpNEaMeg+KxigR5I=", "username": "user1"}, "pk": 1, "model": "auth.user"}, {"fields": {"password": "pbkdf2_sha256$24000$QaNVhikfa4rt$hMClO5h8x3B547vBsBXGux7767zZDWLWjzvM4muW6aM=", "username": "user2"}, "pk": 2, "model": "auth.user"}, {"fields": {"password": "pbkdf2_sha256$24000$WG9EjWWHfxNi$ZEK+5eG/BjoQ81DG+hnk41y73mA7MAGqVs+swngprSA=", "username": "user3"}, "pk": 3, "model": "auth.user"}, {"fields": {"password": "pbkdf2_sha256$24000$HAqHIFYbiv2z$D27+jFkmtm0/pkBQ1kEFVXEWKsmu1qriZTfdozaRl68=", "username": "user4"}, "pk": 4, "model": "auth.user"}, {"fields": {"password": "pbkdf2_sha256$24000$SmNioPCgyaUj$1EdwRKjdP6ZyUIJNcHHnnpLonj965ptanmDeffqzFEo=", "username": "user5"}, "pk": 5, "model": "auth.user"}, {"fields": {"password": "pbkdf2_sha256$24000$VwiktjTop9Uc$cZj6GiVqsTxUj4B+4FLvFgnaWX7c74RNUMb4GU6U+Js=", "username": "user6"}, "pk": 6, "model": "auth.user"}, {"fields": {"password": "pbkdf2_sha256$24000$p93RUA1KffdC$MlqiPkRa7bcbZrw2B166wfs5O1ouXE8rj/BZrlGnbWg=", "username": "user7"}, "pk": 7, "model": "auth.user"}, {"fields": {"password": "pbkdf2_sha256$24000$2J8FFzrsbp3X$JnzULkQOd2jJ10z2BXAlTep7pGX4ibt0UlhjD09APFY=", "username": "user8"}, "pk": 8, "model": "auth.user"}, {"fields": {"password": "pbkdf2_sha256$24000$ZBXaQhF1LNZX$Eu3nW6zhCKqFWPuSjZMAbrb4biyn5D0LHsiA0G6ibYE=", "username": "user9"}, "pk": 9, "model": "auth.user"}, {"fields": {"password": "pbkdf2_sha256$24000$BbDKUqGCEPys$1B/FW2AUbwWLKNZ3rRCK9H8IJFcXVGT4jnBDdCWMi0A=", "username": "user10"}, "pk": 10, "model": "auth.user"}, {"fields": {"password": "pbkdf2_sha256$24000$uHiSknaZlXN1$Ieab+cggYLvbyeOnbfzRrDd7fLhIaA34j7Qm6EgZmK0=", "username": "user11"}, "pk": 11, "model": "auth.user"}, {"fields": {"password": "pbkdf2_sha256$24000$88CpM3Ur1xGN$Y0FyOtx3hzudLsGKvQQ0wpmCsdtG9gtkGPtsPP+ImbM=", "username": "user12"}, "pk": 12, "model": "auth.user"}, {"fields": {"password": "pbkdf2_sha256$24000$e4iDr7jBVSVp$gb8UwvZ3fdKrBmvqAsHTK/oFi5XX7w1rMSt7o0QyDjE=", "username": "user13"}, "pk": 13, "model": "auth.user"}, {"fields": {"password": "pbkdf2_sha256$24000$9LjQS67ahBjH$HIWxtV0YXFP3nHukM3TiU9c72ixvWoA25Fv19kgERgc=", "username": "user14"}, "pk": 14, "model": "auth.user"}, {"fields": {"password": "pbkdf2_sha256$24000$HEAM68RxJ7Bx$Mw2yuajveDHemqbFJphRP6XxVpQt1qrxYlB45AGbwWE=", "username": "user15"}, "pk": 15, "model": "auth.user"}, {"fields": {"password": "pbkdf2_sha256$24000$RWJXw77w6VlJ$9w/AnEd/tGyf5Dkknh19dr/1zbMZK09Z9mfdYmjx7g8=", "username": "user16"}, "pk": 16, "model": "auth.user"}, {"fields": {"password": "pbkdf2_sha256$24000$qvFX9OxJafvG$+oXwRN1NLDAIVtIV6apwvinsjdKTf6Dt/9EZt1gx6KY=", "username": "user17"}, "pk": 17, "model": "auth.user"}, {"fields": {"password": "pbkdf2_sha256$24000$ncCcHJ6xOoK9$Lmkp/Z7RwEeQ814Vdzh+6h4OpyoceAwFWeQhVFD0TAc=", "username": "user18"}, "pk": 18, "model": "auth.user"}, {"fields": {"password": "pbkdf2_sha256$24000$s213ZCYLXMAe$fd66HUWBfdIld60dleWMaahaQChCYbnhigf5GOpmmig=", "username": "user19"}, "pk": 19, "model": "auth.user"}, {"fields": {"password": "pbkdf2_sha256$24000$TmnAcSv3V4Zb$tGS/XKIuSX9Pw8QSiT7HxP/nkGCYBTGRW+1z2TAyKIs=", "username": "user20"}, "pk": 20, "model": "auth.user"}, {"fields": {"password": "pbkdf2_sha256$24000$k9y6xL3zfoem$P9uT+4xC4kDQwB0G1U8ehnK15w1DuuhxhxrBeKaYWyo=", "username": "user21"}, "pk": 21, "model": "auth.user"}, {"fields": {"password": "pbkdf2_sha256$24000$2fMC6BnrvtER$HXJsXWGI3ZiOpISfyvl3nmXvBuGruXIdAdX2PvntjQU=", "username": "user22"}, "pk": 22, "model": "auth.user"}, {"fields": {"password": "pbkdf2_sha256$24000$FDy4dPEcXumY$B+Uqj8J7XyQrIZXZy9KnPu8G38s+19/aFfcwPsaiSio=", "username": "user23"}, "pk": 23, "model": "auth.user"}, {"fields": {"password": "pbkdf2_sha256$24000$PHmTe8zutNal$pJKAC7k0u5ab+KoopbMaCBlk6LUeXXzFmidmmtEY5X0=", "username": "user24"}, "pk": 24, "model": "auth.user"}, {"fields": {"password": "pbkdf2_sha256$24000$BZCCdfVRkEPi$WniEA0j/izM3oSy+QX1nzfXWXIRi8muxztmuNEkGLQY=", "username": "user25"}, "pk": 25, "model": "auth.user"}, {"fields": {"password": "pbkdf2_sha256$24000$Bi28pOFc1vUz$Wv1c34hrqOGXw6QrfE/27mDQ5vy0MhZ3qAh3kXDpr9M=", "username": "user26"}, "pk": 26, "model": "auth.user"}, {"fields": {"password": "pbkdf2_sha256$24000$qp6EZxYjtXme$tDaNobn53zK6ypgshB4iEMk6kwelnODK0Sh7VHikpTA=", "username": "user27"}, "pk": 27, "model": "auth.user"}, {"fields": {"password": "pbkdf2_sha256$24000$9gR8P9Bx56fc$p/V1RNntp4bhskyAIt6O14vVeWgfOwAAiGnfzpNbIp0=", "username": "user28"}, "pk": 28, "model": "auth.user"}, {"fields": {"password": "pbkdf2_sha256$24000$TrtP0oLmssqI$/uacGPW3WQ5/0spt67XbCYacMlh2bcw388r/luXzpEA=", "username": "user29"}, "pk": 29, "model": "auth.user"}, {"fields": {"password": "pbkdf2_sha256$24000$XI1O9daYFxSt$kD4j7zUrP6L3DBH90oF8q+NkYoKpexIYfkrxHQC+ePY=", "username": "user30"}, "pk": 30, "model": "auth.user"}, {"fields": {"password": "pbkdf2_sha256$24000$Xb699GFolFkB$QwdjEulWnjO6Ruf4ZPbawB6B5GTYaFqrZtCWV85gzzg=", "username": "user31"}, "pk": 31, "model": "auth.user"}, {"fields": {"password": "pbkdf2_sha256$24000$wC5MHwhjLJ30$KpgVHGjnx+ZXdx3JFBoFk1H2QBaX/d2J5R7Z2qV+zIs=", "username": "user32"}, "pk": 32, "model": "auth.user"}, {"fields": {"password": "pbkdf2_sha256$24000$8bDlXreynYJ0$HY9OUczgyTbY0wvvhjFxt6WKZpr7QzD1oHGBGVjaKOw=", "username": "user33"}, "pk": 33, "model": "auth.user"}, {"fields": {"password": "pbkdf2_sha256$24000$wMGHVAC1hNNn$jTVf7yNCTA5DEV3lvqOBdVk6BRUyzPfbKpQVUzY57pM=", "username": "user34"}, "pk": 34, "model": "auth.user"}, {"fields": {"password": "pbkdf2_sha256$24000$3ZGebzMPMdcf$EpAk+dkx3XZFD6a1sXhjVE1gaxqjOaM5xe3w78ljEAA=", "username": "user35"}, "pk": 35, "model": "auth.user"}, {"fields": {"password": "pbkdf2_sha256$24000$7kb1wj9xeJoT$+0TNB68vh1EmdNKhAfJfW/RZD/wzUz/eD4QNcldoN/I=", "username": "user36"}, "pk": 36, "model": "auth.user"}, {"fields": {"password": "pbkdf2_sha256$24000$VaJ4FQk2YyaQ$ZiwltZvp8QP/rh6zway0Dr0qgB23qK/xJa4geBUsDOo=", "username": "user37"}, "pk": 37, "model": "auth.user"}, {"fields": {"password": "pbkdf2_sha256$24000$DgBqg4BSzYok$KTj88E9LXT+yA59E5FUdWZcU4ixdJhxJrM8sIBX5Sew=", "username": "user38"}, "pk": 38, "model": "auth.user"}, {"fields": {"password": "pbkdf2_sha256$24000$WyVsA5N2jmi0$9pk9S6fi/woWlFKOiXARO4kD+rn8DbeGV+OH3GojaZA=", "username": "user39"}, "pk": 39, "model": "auth.user"}, {"fields": {"password": "pbkdf2_sha256$24000$2CuUkfSJVBaL$pCPDgv4NhyahgtbV7R3jBzCG6jCtqT1yS2Q6TWo7FoA=", "username": "user40"}, "pk": 40, "model": "auth.user"}, {"fields": {"password": "pbkdf2_sha256$24000$0Z80zePZIs2Y$baFRt56m/F5HBGoiKWQk3zpw9+9zNvb5P88xTC4sfAk=", "username": "user41"}, "pk": 41, "model": "auth.user"}, {"fields": {"password": "pbkdf2_sha256$24000$8cdazB0bdHKO$xAg4i2Xncpt6icvdTfJoVSwVOq0ebM4nUBMIe8PKn7A=", "username": "user42"}, "pk": 42, "model": "auth.user"}, {"fields": {"password": "pbkdf2_sha256$24000$KyxiNfOr7Dl4$Qr61Jo3b1XwfoOu7a8grhvR4H4CH28WbZ6r4da2fKkI=", "username": "user43"}, "pk": 43, "model": "auth.user"}, {"fields": {"password": "pbkdf2_sha256$24000$B4W8w8zcYekZ$1lyCRg0o6R7s5UYNy7gv2EvnHWz9olrLWChEy3ORwWQ=", "username": "user44"}, "pk": 44, "model": "auth.user"}, {"fields": {"password": "pbkdf2_sha256$24000$ny1ReiYcmLuf$wTfaxu4qIDOw6LjtwTvucfZeOJ1Xy1Lzq0kF7ZyJjVU=", "username": "user45"}, "pk": 45, "model": "auth.user"}, {"fields": {"password": "pbkdf2_sha256$24000$yYoy7bH3FRSb$+70LDXmyAowVDdyy6irbbKx4N2CVHP9YdABrc2ecOsM=", "username": "user46"}, "pk": 46, "model": "auth.user"}, {"fields": {"password": "pbkdf2_sha256$24000$zi56ZNeLT98I$97sAARBawTKpybV599LNhoab0PpQwuo+g8C387N1bEE=", "username": "user47"}, "pk": 47, "model": "auth.user"}, {"fields": {"password": "pbkdf2_sha256$24000$4o8zP6ssuZmz$YAeFlM3WPALhLQvIFxifYAmOCZSveIN9QHzq7SCWla8=", "username": "user48"}, "pk": 48, "model": "auth.user"}, {"fields": {"password": "pbkdf2_sha256$24000$KJI1r6P6IA7y$nA/j6UII0tgMybzx7lbfnwz2QFFLlJ1a79CqIPdwRTA=", "username": "user49"}, "pk": 49, "model": "auth.user"}, {"fields": {"question": 2, "description": "vsAUvjbCLRGNlDIJTZoLGybcpXExnghBnFcHwPMVOXrsTnKKJNSHcClgmiffitJwadOiUsxJfuzRRlbQMFbsyljLKtIXheQWYtyt"}, "pk": 0, "model": "scoreserver.hint"}, {"fields": {"question": 16, "description": "JEopBYxImLRxJTUJCtcEoDAbyWxsvFGgaBsBPHnMWKuezdOYHgdiFvWXYmGhlYUtVqfcLcPpmSakTjhWNVlMHTfmheADZlgTHNHB"}, "pk": 1, "model": "scoreserver.hint"}, {"fields": {"question": 37, "description": "IWZgfybbuEeBXBIWEsTdTbcYXLoGJvrznfylLnaqCxtRarJQnjZxOSmualOCSgujOnsMDPsyixkRdrbymBGDQhZOgiNbKucVsocQ"}, "pk": 2, "model": "scoreserver.hint"}, {"fields": {"question": 1, "description": "yAdlyJHvLcXrEGjbmKEUKTwCXsbHDyyDieGpOCgKdZOCPzJNKhItpNTzeGnvqOTGOFpLMxMAEaHHEwYmPAWiuyGmUdhtGpeHlfGp"}, "pk": 3, "model": "scoreserver.hint"}, {"fields": {"question": 46, "description": "mjqhIWNDItNeDHcmksedoiOEekxqkAUneSOSZFOPcwhcmNavFHlYFzbRlaYlKZZdutUjgRKYFWNPxOKyqTwAwYNIIlpzniFtpRRR"}, "pk": 4, "model": "scoreserver.hint"}, {"fields": {"question": 16, "description": "WefNYnzVwInCtJYmOqJIBGziJoxpaWBDwlvsuxKbiZZCBTbLrKGrjYebltqoAOqFRYlhiwmWVXYgRwHWOgIjZSawABfnaNSMDksu"}, "pk": 5, "model": "scoreserver.hint"}, {"fields": {"question": 36, "description": "WcSjgjtMLTAeboPunUWHBPSkPkGthAxYcEHgvlheCBJKdlJFpqXuJyLuHzRJqFPreprZjQKlzPvXkBAcvKcKEQoMPQsBsrQaAKgM"}, "pk": 6, "model": "scoreserver.hint"}, {"fields": {"question": 41, "description": "OCLmyegJwsGnGeDZbbvfjBXrSXXRmqYJYjkqcnvoXaYwmebLCnpcuwfhMxkHfnbrwrvYcJqrOvQkcdVPsrubhwuwLLCMjeomqBLp"}, "pk": 7, "model": "scoreserver.hint"}, {"fields": {"question": 48, "description": "EbEHcmifxUmaUjudEoBDsiVZXUOvfsowCgZWozyBjpSkjiqlrCMCTJUmwTkYkhhIQfwPgbOdSTgzPsUMzfKxxFVxtHxdMhLedffq"}, "pk": 8, "model": "scoreserver.hint"}, {"fields": {"question": 18, "description": "nIqUUPFfDgvTmDUlMWKHgpZLpKHhSRqmlRZpkcHlLKupvYkRiebrGQsxvfnceOlGCkUzqBAvXPclqptkcgkOtdxRGzowLRbXTdXJ"}, "pk": 9, "model": "scoreserver.hint"}, {"fields": {"question": 46, "description": "GlVTKvtPyOUnqcORQDafrhsSLXHNxKoewMjWHiUAWGqnDxUVlxLVLQFXWOiomHtYimdNcWYJSRwePZdtcpqklbsqbyPuSjHUMrQG"}, "pk": 10, "model": "scoreserver.hint"}, {"fields": {"question": 31, "description": "KgMgNIfqChWHszALKcKVFykcjChCGoflDHWtqCrmUKFWuLPtVeNYKqPoVcHFnPrJzKzFFKEXCBWbwiDwHDmGQwoteUMrQMIgktFy"}, "pk": 11, "model": "scoreserver.hint"}, {"fields": {"question": 11, "description": "JCyEINsLcWYqUGMWeJaYqqYmBJPtTABoondGoDpYGLMbcvpiWUnEkOhznUQMQiMicuBtvvwDSfMojbTWhjgUvSnsEjTnrDNMEzxU"}, "pk": 12, "model": "scoreserver.hint"}, {"fields": {"question": 31, "description": "tnbNyNXtKDYKppsHuRcVRIYHSHSLBREisFqFECpcOaUkWybdVuhfhdIGFvHvEruABEqxXJiNcicqdbGKIJIgckpXKxcDzcsgBprM"}, "pk": 13, "model": "scoreserver.hint"}, {"fields": {"question": 46, "description": "vxTjFlvkKcZSMMRkdwPRvgrVhHDKdatBdFUzwvLTCuzZtXfoutgKwPTkaqnfLrWJjItJSIwrBwOERQoserMLFOrvaIGdWdIzVObY"}, "pk": 14, "model": "scoreserver.hint"}, {"fields": {"question": 40, "description": "BMVdocCtCsalRjgVzpeVSCMNOUBwtmmBzfcvaNfBHhjXJDijEIiCvWPwmNGSOXAAZsivokZNqoTIgTwViKQVKafReyJRNyjDNOst"}, "pk": 15, "model": "scoreserver.hint"}, {"fields": {"question": 16, "description": "WkvMdCOnWkZPMEKvNePyVwbLjlitwpZOizPCSYOIvApPdiQEkQrpqKMXPEXxLPwmsYSrogUsOkNGXmBSQVdpOFYupRnmHkGGvJMB"}, "pk": 16, "model": "scoreserver.hint"}, {"fields": {"question": 16, "description": "JTTTJmCazNSnmLLXksqreHGIWmUBmMEtzAhbcSLcHCwHwSaJImeyKICfGDiGsVBmaUCbUhdxFmVBnSuIoiLPzwdOYxDnAgdrZeeQ"}, "pk": 17, "model": "scoreserver.hint"}, {"fields": {"question": 46, "description": "FLGmPgOCVqPziTmzQsNeGVYhXLNIIeIMfhhNfIefEaNkErUzyGnnjUudvsyAzrriJZIVXykQOvZDDCLQemKYzYgQidtnhbtpZImB"}, "pk": 18, "model": "scoreserver.hint"}, {"fields": {"question": 44, "description": "knkmLgNYJUHmgcGZXfxBVoZIvdDvdLJkeaVUdZoiZVkNnsPCnsjCYyUpMKXlLBuyvmyLGUmgyOqzPVjNPqilJazmYtihVuyQgxkW"}, "pk": 19, "model": "scoreserver.hint"}, {"fields": {"question": 25, "description": "GZoOUbkvlbxeLKOkdAcGFkWLThfBGWHRusMOkRWmOHyysMSwmuEOQQVrsnMpwhZvcRWfouGDQsdaYvRmkxKHvlmVSZFxAFIadKXt"}, "pk": 20, "model": "scoreserver.hint"}, {"fields": {"question": 32, "description": "HAJiBeDmRxAGZiaCGDFVxSZMuXdcaNNJrSGKufCGTwviyteupMoKfQtUBSNcOHyYqaqYAiuhawDzcYmYZOXjHQksvdBwTUXskFxD"}, "pk": 21, "model": "scoreserver.hint"}, {"fields": {"question": 28, "description": "nzqkQgfFFRMXeZXRvylWhurWhYlkKcMyZrymzybGytslaAqmfUFAUjJjSlqKcqWFuRPMHBviYwDULYieBRycsigjVcjyrpzLxVLL"}, "pk": 22, "model": "scoreserver.hint"}, {"fields": {"question": 28, "description": "uUJlBZLhXdZniqxjgeIoyrpKoiJWMHrDxMLkseLxfuNSOHhjeCRmyZTBWllgJMIBFOaSroNaUohgQzXsxArguUJrtKfFCMlOiuMA"}, "pk": 23, "model": "scoreserver.hint"}, {"fields": {"question": 47, "description": "szPKiVHnWfgoQghHTqkVgBKvzdylIGybfWynSNyYJWhlbbHpZUuzrnQrOeDGmLSSAQLMFMRgfhQkCldayqKIwiFguKcyEUDjqVcX"}, "pk": 24, "model": "scoreserver.hint"}, {"fields": {"question": 20, "description": "BplsKvDSCuISjeGwiUajnymexjRymJkXlfjVYxhYXuCCcAHpZCAHVIyKKOSXxQDJnbWEwtzpGuVINCTnXZRZfUGKKLVqzQCmdrVa"}, "pk": 25, "model": "scoreserver.hint"}, {"fields": {"question": 20, "description": "LXYhywgfxCVsHeDJZjRWHvOeXuCBLYufWORnLYhcCgSAYzksNsPrBgmtzdvXjFaTpVpTFIRKfDszynlKuZbUtJKbbHvWqpVxfAYj"}, "pk": 26, "model": "scoreserver.hint"}, {"fields": {"question": 24, "description": "fHfvtlpFdNFwbXbwdCIdrbJiiMSLgxXKmRlYICKobqoOvdFPnjIRpMDGkJhFWOUolhHMEEGvCtpzVhVpSbenLElCSAqONDtifooT"}, "pk": 27, "model": "scoreserver.hint"}, {"fields": {"question": 47, "description": "dFoEOeuunsizrPQEGkloLeQZJlBKlIcnpuxCldNSopkSxgJFupUnncZUBSssbFtNfDkmMreslQYJzulATFjjlOuHdWUetJAeCFhN"}, "pk": 28, "model": "scoreserver.hint"}, {"fields": {"question": 5, "description": "KMLZMqktckGqcCzEtGghxXwifbgJbcDSbVNBXzxgGKJkgNFtJWqTPoeiwjtxGvhyzlNTYrzrFzKqUrwPNAzjUovuiTtbmHCwZHii"}, "pk": 29, "model": "scoreserver.hint"}, {"fields": {"question": 38, "description": "xgpTDLDMyQcGvaDdIvpGrRgksqKlpiSzxeQhBVpumqUlRxggIHpVsOXyThFRPHMWrgBYcxbTrADgcnsyQMuWAhiLjXUCSsgMtvAU"}, "pk": 30, "model": "scoreserver.hint"}, {"fields": {"question": 30, "description": "MAbABMlcWAepmadgvZbuAcooLLyGQFdmnspsaQPfYOqMpuexoeycKODaPJVPyxpjcXArbcvJATbhukasioSPpZLDQFORBtIQekVq"}, "pk": 31, "model": "scoreserver.hint"}, {"fields": {"question": 22, "description": "txrJZBgPagteUqHIyYqEoNyRISUglVNZHrtFOmVKxsLiRkhQICXGSYKAuPXTazJkdmNDkHfMnPrjdkxnAXRukPfOHVtzmHZQRDuG"}, "pk": 32, "model": "scoreserver.hint"}, {"fields": {"question": 36, "description": "jfTUxJLugfFvbdoyKByrYMCusStCXQAxubqrDEQdkEyGvkuDFsARpxPYQtfQuaykzmEFUmDGSnKhEprtpGOutoiBHFoEsIRTkvcR"}, "pk": 33, "model": "scoreserver.hint"}, {"fields": {"question": 15, "description": "CuXxLDOYUdUIIqwTSxfnzGOlozqLWMcJyfOftorRiMhcYUOtutYNzkIhUfggeVPTGdBcGOfaKHetsBClrtmIgLdaxHWvSUPwdyQo"}, "pk": 34, "model": "scoreserver.hint"}, {"fields": {"question": 15, "description": "HHfpTpNlPvlvXMnBQXvYhdDVIGRYYTkUGjXVFFTvnsOksriragupkFwkrRunNvRciVlXCKvuMbGskZoKAdzLggaqtucRjyUSVIHF"}, "pk": 35, "model": "scoreserver.hint"}, {"fields": {"question": 15, "description": "hlJUclfspHbixufiPUZXWttJoCMxUnCoKYJZLFXATENUmYxRNdovtdnXSTzwkrkZpjTpxaPoHibYvqivhmDKvcuoaLZEHHnAJKFD"}, "pk": 36, "model": "scoreserver.hint"}, {"fields": {"question": 38, "description": "DyIrhQLnnlyWClIKZWKwzebhASYXmPVtZRBnGBVVWLAIXUVSCBFHXTzXELPqDsNyzlJcLZrrVIKtvOIPXZnQqFHTkGZXYcJQkhFu"}, "pk": 37, "model": "scoreserver.hint"}, {"fields": {"question": 1, "description": "sLInuINExiQqKkjThVEdWDMUGlaQPqqyBrtoidfVcsRTZtCXRIlOgwLOIGWyVmydMcvduMQYIyZIpewJYzokInfGwiTYYopJXGCv"}, "pk": 38, "model": "scoreserver.hint"}, {"fields": {"question": 6, "description": "hArIuWRZhjURIoVHoHgaRYkGatxSjogAFdrkYTDkCrKKHArhWKYUoSNZwPuccZYWEaDwSsSIkTYdfZUJlOsISUIKymzsjdTKcycD"}, "pk": 39, "model": "scoreserver.hint"}, {"fields": {"question": 24, "description": "COxPUifogxdxGhFLyUWUovPEHXJZvdiLaILeQTcheFKqNcBPkBSufXapOFZnvDopVQkogXfpxEKKrhTenYUiWPoZwsEDomMlPoXe"}, "pk": 40, "model": "scoreserver.hint"}, {"fields": {"question": 15, "description": "iIUBPdCfGjpyBZSkuxFfpotnWfavTGycaWyQotYhrQlGNAjYiSIbJxxvPXDYflzMAsxwEoMZtDRHhePMQnyzNoRgkkYokNARWksd"}, "pk": 41, "model": "scoreserver.hint"}, {"fields": {"question": 46, "description": "PMPknsjdNiCelQiXUROYQnrwTYiFCzVkJsmwqzGXpORFQewYYnhCVdpUIPwfuFOUkLDiTIxjGSkvhOoGlaHxdZPFgRntACVWpgOY"}, "pk": 42, "model": "scoreserver.hint"}, {"fields": {"question": 30, "description": "VTqzGvJTJuLOeacedaGufFOcIQJjdZwCIyDRFkyqBCZYCDghYgIcmLITRqsDQgnEEaMSoaqMRgxNksJzNgDluYGSsVvzbzQKsNch"}, "pk": 43, "model": "scoreserver.hint"}, {"fields": {"question": 5, "description": "qbrAXeyEPvvNMcJwntSMvljgKTgzJZiirLmumXpOPEpYRHAzkEjINwKqVptYFOtELkClfIXnECZGtZTCauADChjIbjlilTjFRiHe"}, "pk": 44, "model": "scoreserver.hint"}, {"fields": {"question": 14, "description": "bRinLgsdbDWvHkpFYRXiwHFqTCXTeAWPRwMsQbmbvXYuTvdPVjRZXOnjfBYatYpWzVbhsCFSNeRudHMLBfAFYldnrRotRCwGCUbd"}, "pk": 45, "model": "scoreserver.hint"}, {"fields": {"question": 42, "description": "vnNAbBLRwOrjkWKYcaZTqQwXbUAJbqAElobjTdNWjojZQBDZLbQHPvxxPhkaFJyUbOeTUvrbnblmjgLxkiEXLzcIxKfIEyiZiLtE"}, "pk": 46, "model": "scoreserver.hint"}, {"fields": {"question": 26, "description": "euWpyZsyAoVWaHnITlroQYSaXMlfeWgLYSxyHCkZXjrSlkJNPDyIzszKhkEnYSvpDavQRrvuAlBBHqycUvQySpnURZTgtMdJLLaF"}, "pk": 47, "model": "scoreserver.hint"}, {"fields": {"question": 32, "description": "nYDhNvKglCTxwKQzeUWQINgClRRvpSAqjfbddipBdXgysMLcmBYgFNWHVQbIKwNIFqrktBOxPOFDOIpQehSEyIrSzkqJVyorscpm"}, "pk": 48, "model": "scoreserver.hint"}, {"fields": {"question": 6, "description": "rAQfwlugIUApXblfKKuwiSlEZdqrkHuQuWsFwjfWLXPJREZLXSqqfNRTNMHqXEABjPODzzGcpsZvzOoNPGlXtMZQclJPTbRSMTfu"}, "pk": 49, "model": "scoreserver.hint"}, {"fields": {"user": 21, "question": 3, "point": 1100}, "pk": 0, "model": "scoreserver.attackpointhistory"}, {"fields": {"user": 29, "question": 7, "point": 1000}, "pk": 1, "model": "scoreserver.attackpointhistory"}, {"fields": {"user": 44, "question": 3, "point": 1100}, "pk": 2, "model": "scoreserver.attackpointhistory"}, {"fields": {"user": 12, "question": 8, "point": 1100}, "pk": 3, "model": "scoreserver.attackpointhistory"}, {"fields": {"user": 21, "question": 9, "point": 1100}, "pk": 4, "model": "scoreserver.attackpointhistory"}, {"fields": {"user": 42, "question": 6, "point": 1000}, "pk": 5, "model": "scoreserver.attackpointhistory"}, {"fields": {"user": 26, "question": 9, "point": 1100}, "pk": 6, "model": "scoreserver.attackpointhistory"}, {"fields": {"user": 32, "question": 2, "point": 1100}, "pk": 7, "model": "scoreserver.attackpointhistory"}, {"fields": {"user": 36, "question": 8, "point": 1100}, "pk": 8, "model": "scoreserver.attackpointhistory"}, {"fields": {"user": 32, "question": 2, "point": 1100}, "pk": 9, "model": "scoreserver.attackpointhistory"}, {"fields": {"user": 27, "question": 8, "point": 1100}, "pk": 10, "model": "scoreserver.attackpointhistory"}, {"fields": {"user": 19, "question": 8, "point": 1100}, "pk": 11, "model": "scoreserver.attackpointhistory"}, {"fields": {"user": 26, "question": 3, "point": 1100}, "pk": 12, "model": "scoreserver.attackpointhistory"}, {"fields": {"user": 30, "question": 8, "point": 1100}, "pk": 13, "model": "scoreserver.attackpointhistory"}, {"fields": {"user": 45, "question": 9, "point": 1100}, "pk": 14, "model": "scoreserver.attackpointhistory"}, {"fields": {"user": 39, "question": 8, "point": 1100}, "pk": 15, "model": "scoreserver.attackpointhistory"}, {"fields": {"user": 42, "question": 4, "point": 1000}, "pk": 16, "model": "scoreserver.attackpointhistory"}, {"fields": {"user": 18, "question": 5, "point": 1100}, "pk": 17, "model": "scoreserver.attackpointhistory"}, {"fields": {"user": 12, "question": 6, "point": 1000}, "pk": 18, "model": "scoreserver.attackpointhistory"}, {"fields": {"user": 29, "question": 9, "point": 1100}, "pk": 19, "model": "scoreserver.attackpointhistory"}, {"fields": {"user": 48, "question": 3, "point": 1100}, "pk": 20, "model": "scoreserver.attackpointhistory"}, {"fields": {"user": 9, "question": 9, "point": 1100}, "pk": 21, "model": "scoreserver.attackpointhistory"}, {"fields": {"user": 22, "question": 1, "point": 1100}, "pk": 22, "model": "scoreserver.attackpointhistory"}, {"fields": {"user": 48, "question": 5, "point": 1100}, "pk": 23, "model": "scoreserver.attackpointhistory"}, {"fields": {"user": 46, "question": 4, "point": 1000}, "pk": 24, "model": "scoreserver.attackpointhistory"}, {"fields": {"user": 44, "question": 5, "point": 1100}, "pk": 25, "model": "scoreserver.attackpointhistory"}, {"fields": {"user": 7, "question": 8, "point": 1100}, "pk": 26, "model": "scoreserver.attackpointhistory"}, {"fields": {"user": 44, "question": 5, "point": 1100}, "pk": 27, "model": "scoreserver.attackpointhistory"}, {"fields": {"user": 3, "question": 1, "point": 1100}, "pk": 28, "model": "scoreserver.attackpointhistory"}, {"fields": {"user": 19, "question": 3, "point": 1100}, "pk": 29, "model": "scoreserver.attackpointhistory"}, {"fields": {"user": 44, "question": 3, "point": 1100}, "pk": 30, "model": "scoreserver.attackpointhistory"}, {"fields": {"user": 19, "question": 1, "point": 1100}, "pk": 31, "model": "scoreserver.attackpointhistory"}, {"fields": {"user": 15, "question": 6, "point": 1000}, "pk": 32, "model": "scoreserver.attackpointhistory"}, {"fields": {"user": 28, "question": 6, "point": 1000}, "pk": 33, "model": "scoreserver.attackpointhistory"}, {"fields": {"user": 2, "question": 5, "point": 1100}, "pk": 34, "model": "scoreserver.attackpointhistory"}, {"fields": {"user": 7, "question": 7, "point": 1000}, "pk": 35, "model": "scoreserver.attackpointhistory"}, {"fields": {"user": 1, "question": 1, "point": 1100}, "pk": 36, "model": "scoreserver.attackpointhistory"}, {"fields": {"user": 12, "question": 3, "point": 1100}, "pk": 37, "model": "scoreserver.attackpointhistory"}, {"fields": {"user": 17, "question": 1, "point": 1100}, "pk": 38, "model": "scoreserver.attackpointhistory"}, {"fields": {"user": 47, "question": 1, "point": 1100}, "pk": 39, "model": "scoreserver.attackpointhistory"}, {"fields": {"user": 38, "question": 7, "point": 1000}, "pk": 40, "model": "scoreserver.attackpointhistory"}, {"fields": {"user": 30, "question": 7, "point": 1000}, "pk": 41, "model": "scoreserver.attackpointhistory"}, {"fields": {"user": 28, "question": 1, "point": 1100}, "pk": 42, "model": "scoreserver.attackpointhistory"}, {"fields": {"user": 19, "question": 2, "point": 1100}, "pk": 43, "model": "scoreserver.attackpointhistory"}, {"fields": {"user": 20, "question": 2, "point": 1100}, "pk": 44, "model": "scoreserver.attackpointhistory"}, {"fields": {"user": 38, "question": 3, "point": 1100}, "pk": 45, "model": "scoreserver.attackpointhistory"}, {"fields": {"user": 20, "question": 3, "point": 1100}, "pk": 46, "model": "scoreserver.attackpointhistory"}, {"fields": {"user": 45, "question": 4, "point": 1000}, "pk": 47, "model": "scoreserver.attackpointhistory"}, {"fields": {"user": 15, "question": 8, "point": 1100}, "pk": 48, "model": "scoreserver.attackpointhistory"}, {"fields": {"user": 28, "question": 2, "point": 1100}, "pk": 49, "model": "scoreserver.attackpointhistory"}, {"fields": {"user": 29, "question": 1, "point": 1100}, "pk": 50, "model": "scoreserver.attackpointhistory"}, {"fields": {"user": 43, "question": 5, "point": 1100}, "pk": 51, "model": "scoreserver.attackpointhistory"}, {"fields": {"user": 23, "question": 8, "point": 1100}, "pk": 52, "model": "scoreserver.attackpointhistory"}, {"fields": {"user": 27, "question": 7, "point": 1000}, "pk": 53, "model": "scoreserver.attackpointhistory"}, {"fields": {"user": 3, "question": 3, "point": 1100}, "pk": 54, "model": "scoreserver.attackpointhistory"}, {"fields": {"user": 10, "question": 8, "point": 1100}, "pk": 55, "model": "scoreserver.attackpointhistory"}, {"fields": {"user": 22, "question": 4, "point": 1000}, "pk": 56, "model": "scoreserver.attackpointhistory"}, {"fields": {"user": 22, "question": 5, "point": 1100}, "pk": 57, "model": "scoreserver.attackpointhistory"}, {"fields": {"user": 29, "question": 4, "point": 1000}, "pk": 58, "model": "scoreserver.attackpointhistory"}, {"fields": {"user": 40, "question": 4, "point": 1000}, "pk": 59, "model": "scoreserver.attackpointhistory"}, {"fields": {"user": 10, "question": 6, "point": 1000}, "pk": 60, "model": "scoreserver.attackpointhistory"}, {"fields": {"user": 12, "question": 7, "point": 1000}, "pk": 61, "model": "scoreserver.attackpointhistory"}, {"fields": {"user": 18, "question": 6, "point": 1000}, "pk": 62, "model": "scoreserver.attackpointhistory"}, {"fields": {"user": 27, "question": 3, "point": 1100}, "pk": 63, "model": "scoreserver.attackpointhistory"}, {"fields": {"user": 24, "question": 1, "point": 1100}, "pk": 64, "model": "scoreserver.attackpointhistory"}, {"fields": {"user": 15, "question": 8, "point": 1100}, "pk": 65, "model": "scoreserver.attackpointhistory"}, {"fields": {"user": 37, "question": 3, "point": 1100}, "pk": 66, "model": "scoreserver.attackpointhistory"}, {"fields": {"user": 32, "question": 2, "point": 1100}, "pk": 67, "model": "scoreserver.attackpointhistory"}, {"fields": {"user": 28, "question": 1, "point": 1100}, "pk": 68, "model": "scoreserver.attackpointhistory"}, {"fields": {"user": 37, "question": 4, "point": 1000}, "pk": 69, "model": "scoreserver.attackpointhistory"}, {"fields": {"user": 10, "question": 5, "point": 1100}, "pk": 70, "model": "scoreserver.attackpointhistory"}, {"fields": {"user": 9, "question": 1, "point": 1100}, "pk": 71, "model": "scoreserver.attackpointhistory"}, {"fields": {"user": 16, "question": 5, "point": 1100}, "pk": 72, "model": "scoreserver.attackpointhistory"}, {"fields": {"user": 15, "question": 8, "point": 1100}, "pk": 73, "model": "scoreserver.attackpointhistory"}, {"fields": {"user": 8, "question": 1, "point": 1100}, "pk": 74, "model": "scoreserver.attackpointhistory"}, {"fields": {"user": 26, "question": 9, "point": 1100}, "pk": 75, "model": "scoreserver.attackpointhistory"}, {"fields": {"user": 37, "question": 1, "point": 1100}, "pk": 76, "model": "scoreserver.attackpointhistory"}, {"fields": {"user": 35, "question": 6, "point": 1000}, "pk": 77, "model": "scoreserver.attackpointhistory"}, {"fields": {"user": 34, "question": 7, "point": 1000}, "pk": 78, "model": "scoreserver.attackpointhistory"}, {"fields": {"user": 31, "question": 6, "point": 1000}, "pk": 79, "model": "scoreserver.attackpointhistory"}, {"fields": {"user": 16, "question": 1, "point": 1100}, "pk": 80, "model": "scoreserver.attackpointhistory"}, {"fields": {"user": 17, "question": 8, "point": 1100}, "pk": 81, "model": "scoreserver.attackpointhistory"}, {"fields": {"user": 7, "question": 1, "point": 1100}, "pk": 82, "model": "scoreserver.attackpointhistory"}, {"fields": {"user": 21, "question": 8, "point": 1100}, "pk": 83, "model": "scoreserver.attackpointhistory"}, {"fields": {"user": 25, "question": 2, "point": 1100}, "pk": 84, "model": "scoreserver.attackpointhistory"}, {"fields": {"user": 37, "question": 1, "point": 1100}, "pk": 85, "model": "scoreserver.attackpointhistory"}, {"fields": {"user": 15, "question": 7, "point": 1000}, "pk": 86, "model": "scoreserver.attackpointhistory"}, {"fields": {"user": 30, "question": 3, "point": 1100}, "pk": 87, "model": "scoreserver.attackpointhistory"}, {"fields": {"user": 14, "question": 1, "point": 1100}, "pk": 88, "model": "scoreserver.attackpointhistory"}, {"fields": {"user": 19, "question": 1, "point": 1100}, "pk": 89, "model": "scoreserver.attackpointhistory"}, {"fields": {"user": 42, "question": 3, "point": 1100}, "pk": 90, "model": "scoreserver.attackpointhistory"}, {"fields": {"user": 16, "question": 1, "point": 1100}, "pk": 91, "model": "scoreserver.attackpointhistory"}, {"fields": {"user": 27, "question": 1, "point": 1100}, "pk": 92, "model": "scoreserver.attackpointhistory"}, {"fields": {"user": 38, "question": 8, "point": 1100}, "pk": 93, "model": "scoreserver.attackpointhistory"}, {"fields": {"user": 46, "question": 6, "point": 1000}, "pk": 94, "model": "scoreserver.attackpointhistory"}, {"fields": {"user": 7, "question": 9, "point": 1100}, "pk": 95, "model": "scoreserver.attackpointhistory"}, {"fields": {"user": 11, "question": 3, "point": 1100}, "pk": 96, "model": "scoreserver.attackpointhistory"}, {"fields": {"user": 5, "question": 2, "point": 1100}, "pk": 97, "model": "scoreserver.attackpointhistory"}, {"fields": {"user": 17, "question": 6, "point": 1000}, "pk": 98, "model": "scoreserver.attackpointhistory"}, {"fields": {"user": 41, "question": 4, "point": 1000}, "pk": 99, "model": "scoreserver.attackpointhistory"}, {"fields": {"user": 26, "question": 1, "point": 1100}, "pk": 100, "model": "scoreserver.attackpointhistory"}, {"fields": {"user": 41, "question": 7, "point": 1000}, "pk": 101, "model": "scoreserver.attackpointhistory"}, {"fields": {"user": 7, "question": 2, "point": 1100}, "pk": 102, "model": "scoreserver.attackpointhistory"}, {"fields": {"user": 26, "question": 2, "point": 1100}, "pk": 103, "model": "scoreserver.attackpointhistory"}, {"fields": {"user": 34, "question": 8, "point": 1100}, "pk": 104, "model": "scoreserver.attackpointhistory"}, {"fields": {"user": 26, "question": 5, "point": 1100}, "pk": 105, "model": "scoreserver.attackpointhistory"}, {"fields": {"user": 30, "question": 8, "point": 1100}, "pk": 106, "model": "scoreserver.attackpointhistory"}, {"fields": {"user": 30, "question": 8, "point": 1100}, "pk": 107, "model": "scoreserver.attackpointhistory"}, {"fields": {"user": 5, "question": 6, "point": 1000}, "pk": 108, "model": "scoreserver.attackpointhistory"}, {"fields": {"user": 11, "question": 3, "point": 1100}, "pk": 109, "model": "scoreserver.attackpointhistory"}, {"fields": {"user": 36, "question": 7, "point": 1000}, "pk": 110, "model": "scoreserver.attackpointhistory"}, {"fields": {"user": 29, "question": 1, "point": 1100}, "pk": 111, "model": "scoreserver.attackpointhistory"}, {"fields": {"user": 33, "question": 6, "point": 1000}, "pk": 112, "model": "scoreserver.attackpointhistory"}, {"fields": {"user": 14, "question": 8, "point": 1100}, "pk": 113, "model": "scoreserver.attackpointhistory"}, {"fields": {"user": 12, "question": 6, "point": 1000}, "pk": 114, "model": "scoreserver.attackpointhistory"}, {"fields": {"user": 7, "question": 4, "point": 1000}, "pk": 115, "model": "scoreserver.attackpointhistory"}, {"fields": {"user": 4, "question": 7, "point": 1000}, "pk": 116, "model": "scoreserver.attackpointhistory"}, {"fields": {"user": 31, "question": 5, "point": 1100}, "pk": 117, "model": "scoreserver.attackpointhistory"}, {"fields": {"user": 20, "question": 9, "point": 1100}, "pk": 118, "model": "scoreserver.attackpointhistory"}, {"fields": {"user": 27, "question": 5, "point": 1100}, "pk": 119, "model": "scoreserver.attackpointhistory"}, {"fields": {"user": 38, "question": 4, "point": 1000}, "pk": 120, "model": "scoreserver.attackpointhistory"}, {"fields": {"user": 7, "question": 5, "point": 1100}, "pk": 121, "model": "scoreserver.attackpointhistory"}, {"fields": {"user": 46, "question": 4, "point": 1000}, "pk": 122, "model": "scoreserver.attackpointhistory"}, {"fields": {"user": 8, "question": 1, "point": 1100}, "pk": 123, "model": "scoreserver.attackpointhistory"}, {"fields": {"user": 12, "question": 2, "point": 1100}, "pk": 124, "model": "scoreserver.attackpointhistory"}, {"fields": {"user": 27, "question": 3, "point": 1100}, "pk": 125, "model": "scoreserver.attackpointhistory"}, {"fields": {"user": 6, "question": 2, "point": 1100}, "pk": 126, "model": "scoreserver.attackpointhistory"}, {"fields": {"user": 19, "question": 2, "point": 1100}, "pk": 127, "model": "scoreserver.attackpointhistory"}, {"fields": {"user": 5, "question": 7, "point": 1000}, "pk": 128, "model": "scoreserver.attackpointhistory"}, {"fields": {"user": 24, "question": 9, "point": 1100}, "pk": 129, "model": "scoreserver.attackpointhistory"}, {"fields": {"user": 39, "question": 4, "point": 1000}, "pk": 130, "model": "scoreserver.attackpointhistory"}, {"fields": {"user": 6, "question": 2, "point": 1100}, "pk": 131, "model": "scoreserver.attackpointhistory"}, {"fields": {"user": 14, "question": 7, "point": 1000}, "pk": 132, "model": "scoreserver.attackpointhistory"}, {"fields": {"user": 33, "question": 5, "point": 1100}, "pk": 133, "model": "scoreserver.attackpointhistory"}, {"fields": {"user": 2, "question": 6, "point": 1000}, "pk": 134, "model": "scoreserver.attackpointhistory"}, {"fields": {"user": 12, "question": 1, "point": 1100}, "pk": 135, "model": "scoreserver.attackpointhistory"}, {"fields": {"user": 44, "question": 2, "point": 1100}, "pk": 136, "model": "scoreserver.attackpointhistory"}, {"fields": {"user": 19, "question": 4, "point": 1000}, "pk": 137, "model": "scoreserver.attackpointhistory"}, {"fields": {"user": 22, "question": 9, "point": 1100}, "pk": 138, "model": "scoreserver.attackpointhistory"}, {"fields": {"user": 10, "question": 7, "point": 1000}, "pk": 139, "model": "scoreserver.attackpointhistory"}, {"fields": {"user": 22, "question": 7, "point": 1000}, "pk": 140, "model": "scoreserver.attackpointhistory"}, {"fields": {"user": 23, "question": 6, "point": 1000}, "pk": 141, "model": "scoreserver.attackpointhistory"}, {"fields": {"user": 44, "question": 5, "point": 1100}, "pk": 142, "model": "scoreserver.attackpointhistory"}, {"fields": {"user": 13, "question": 4, "point": 1000}, "pk": 143, "model": "scoreserver.attackpointhistory"}, {"fields": {"user": 20, "question": 1, "point": 1100}, "pk": 144, "model": "scoreserver.attackpointhistory"}, {"fields": {"user": 28, "question": 2, "point": 1100}, "pk": 145, "model": "scoreserver.attackpointhistory"}, {"fields": {"user": 10, "question": 1, "point": 1100}, "pk": 146, "model": "scoreserver.attackpointhistory"}, {"fields": {"user": 10, "question": 2, "point": 1100}, "pk": 147, "model": "scoreserver.attackpointhistory"}, {"fields": {"user": 8, "question": 2, "point": 1100}, "pk": 148, "model": "scoreserver.attackpointhistory"}, {"fields": {"user": 37, "question": 3, "point": 1100}, "pk": 149, "model": "scoreserver.attackpointhistory"}, {"fields": {"user": 18, "question": 3, "point": 1100}, "pk": 150, "model": "scoreserver.attackpointhistory"}, {"fields": {"user": 25, "question": 6, "point": 1000}, "pk": 151, "model": "scoreserver.attackpointhistory"}, {"fields": {"user": 46, "question": 4, "point": 1000}, "pk": 152, "model": "scoreserver.attackpointhistory"}, {"fields": {"user": 49, "question": 7, "point": 1000}, "pk": 153, "model": "scoreserver.attackpointhistory"}, {"fields": {"user": 41, "question": 2, "point": 1100}, "pk": 154, "model": "scoreserver.attackpointhistory"}, {"fields": {"user": 48, "question": 5, "point": 1100}, "pk": 155, "model": "scoreserver.attackpointhistory"}, {"fields": {"user": 13, "question": 2, "point": 1100}, "pk": 156, "model": "scoreserver.attackpointhistory"}, {"fields": {"user": 24, "question": 3, "point": 1100}, "pk": 157, "model": "scoreserver.attackpointhistory"}, {"fields": {"user": 20, "question": 4, "point": 1000}, "pk": 158, "model": "scoreserver.attackpointhistory"}, {"fields": {"user": 28, "question": 4, "point": 1000}, "pk": 159, "model": "scoreserver.attackpointhistory"}, {"fields": {"user": 24, "question": 1, "point": 1100}, "pk": 160, "model": "scoreserver.attackpointhistory"}, {"fields": {"user": 40, "question": 3, "point": 1100}, "pk": 161, "model": "scoreserver.attackpointhistory"}, {"fields": {"user": 42, "question": 5, "point": 1100}, "pk": 162, "model": "scoreserver.attackpointhistory"}, {"fields": {"user": 4, "question": 8, "point": 1100}, "pk": 163, "model": "scoreserver.attackpointhistory"}, {"fields": {"user": 31, "question": 3, "point": 1100}, "pk": 164, "model": "scoreserver.attackpointhistory"}, {"fields": {"user": 43, "question": 3, "point": 1100}, "pk": 165, "model": "scoreserver.attackpointhistory"}, {"fields": {"user": 27, "question": 2, "point": 1100}, "pk": 166, "model": "scoreserver.attackpointhistory"}, {"fields": {"user": 8, "question": 2, "point": 1100}, "pk": 167, "model": "scoreserver.attackpointhistory"}, {"fields": {"user": 30, "question": 8, "point": 1100}, "pk": 168, "model": "scoreserver.attackpointhistory"}, {"fields": {"user": 17, "question": 3, "point": 1100}, "pk": 169, "model": "scoreserver.attackpointhistory"}, {"fields": {"user": 10, "question": 9, "point": 1100}, "pk": 170, "model": "scoreserver.attackpointhistory"}, {"fields": {"user": 44, "question": 1, "point": 1100}, "pk": 171, "model": "scoreserver.attackpointhistory"}, {"fields": {"user": 32, "question": 7, "point": 1000}, "pk": 172, "model": "scoreserver.attackpointhistory"}, {"fields": {"user": 49, "question": 8, "point": 1100}, "pk": 173, "model": "scoreserver.attackpointhistory"}, {"fields": {"user": 17, "question": 8, "point": 1100}, "pk": 174, "model": "scoreserver.attackpointhistory"}, {"fields": {"user": 27, "question": 1, "point": 1100}, "pk": 175, "model": "scoreserver.attackpointhistory"}, {"fields": {"user": 33, "question": 3, "point": 1100}, "pk": 176, "model": "scoreserver.attackpointhistory"}, {"fields": {"user": 3, "question": 2, "point": 1100}, "pk": 177, "model": "scoreserver.attackpointhistory"}, {"fields": {"user": 28, "question": 6, "point": 1000}, "pk": 178, "model": "scoreserver.attackpointhistory"}, {"fields": {"user": 4, "question": 9, "point": 1100}, "pk": 179, "model": "scoreserver.attackpointhistory"}, {"fields": {"user": 30, "question": 5, "point": 1100}, "pk": 180, "model": "scoreserver.attackpointhistory"}, {"fields": {"user": 36, "question": 3, "point": 1100}, "pk": 181, "model": "scoreserver.attackpointhistory"}, {"fields": {"user": 46, "question": 6, "point": 1000}, "pk": 182, "model": "scoreserver.attackpointhistory"}, {"fields": {"user": 31, "question": 3, "point": 1100}, "pk": 183, "model": "scoreserver.attackpointhistory"}, {"fields": {"user": 36, "question": 8, "point": 1100}, "pk": 184, "model": "scoreserver.attackpointhistory"}, {"fields": {"user": 43, "question": 6, "point": 1000}, "pk": 185, "model": "scoreserver.attackpointhistory"}, {"fields": {"user": 14, "question": 6, "point": 1000}, "pk": 186, "model": "scoreserver.attackpointhistory"}, {"fields": {"user": 38, "question": 4, "point": 1000}, "pk": 187, "model": "scoreserver.attackpointhistory"}, {"fields": {"user": 13, "question": 8, "point": 1100}, "pk": 188, "model": "scoreserver.attackpointhistory"}, {"fields": {"user": 16, "question": 6, "point": 1000}, "pk": 189, "model": "scoreserver.attackpointhistory"}, {"fields": {"user": 22, "question": 8, "point": 1100}, "pk": 190, "model": "scoreserver.attackpointhistory"}, {"fields": {"user": 40, "question": 2, "point": 1100}, "pk": 191, "model": "scoreserver.attackpointhistory"}, {"fields": {"user": 19, "question": 3, "point": 1100}, "pk": 192, "model": "scoreserver.attackpointhistory"}, {"fields": {"user": 11, "question": 6, "point": 1000}, "pk": 193, "model": "scoreserver.attackpointhistory"}, {"fields": {"user": 26, "question": 1, "point": 1100}, "pk": 194, "model": "scoreserver.attackpointhistory"}, {"fields": {"user": 42, "question": 3, "point": 1100}, "pk": 195, "model": "scoreserver.attackpointhistory"}, {"fields": {"user": 16, "question": 6, "point": 1000}, "pk": 196, "model": "scoreserver.attackpointhistory"}, {"fields": {"user": 35, "question": 3, "point": 1100}, "pk": 197, "model": "scoreserver.attackpointhistory"}, {"fields": {"user": 8, "question": 3, "point": 1100}, "pk": 198, "model": "scoreserver.attackpointhistory"}, {"fields": {"user": 25, "question": 9, "point": 1100}, "pk": 199, "model": "scoreserver.attackpointhistory"}, {"fields": {"user": 16, "question": 5, "point": 1100}, "pk": 200, "model": "scoreserver.attackpointhistory"}, {"fields": {"user": 8, "question": 6, "point": 1000}, "pk": 201, "model": "scoreserver.attackpointhistory"}, {"fields": {"user": 24, "question": 2, "point": 1100}, "pk": 202, "model": "scoreserver.attackpointhistory"}, {"fields": {"user": 25, "question": 7, "point": 1000}, "pk": 203, "model": "scoreserver.attackpointhistory"}, {"fields": {"user": 32, "question": 2, "point": 1100}, "pk": 204, "model": "scoreserver.attackpointhistory"}, {"fields": {"user": 10, "question": 8, "point": 1100}, "pk": 205, "model": "scoreserver.attackpointhistory"}, {"fields": {"user": 32, "question": 2, "point": 1100}, "pk": 206, "model": "scoreserver.attackpointhistory"}, {"fields": {"user": 36, "question": 5, "point": 1100}, "pk": 207, "model": "scoreserver.attackpointhistory"}, {"fields": {"user": 16, "question": 5, "point": 1100}, "pk": 208, "model": "scoreserver.attackpointhistory"}, {"fields": {"user": 9, "question": 4, "point": 1000}, "pk": 209, "model": "scoreserver.attackpointhistory"}, {"fields": {"user": 23, "question": 3, "point": 1100}, "pk": 210, "model": "scoreserver.attackpointhistory"}, {"fields": {"user": 42, "question": 4, "point": 1000}, "pk": 211, "model": "scoreserver.attackpointhistory"}, {"fields": {"user": 15, "question": 6, "point": 1000}, "pk": 212, "model": "scoreserver.attackpointhistory"}, {"fields": {"user": 40, "question": 2, "point": 1100}, "pk": 213, "model": "scoreserver.attackpointhistory"}, {"fields": {"user": 5, "question": 5, "point": 1100}, "pk": 214, "model": "scoreserver.attackpointhistory"}, {"fields": {"user": 35, "question": 1, "point": 1100}, "pk": 215, "model": "scoreserver.attackpointhistory"}, {"fields": {"user": 11, "question": 6, "point": 1000}, "pk": 216, "model": "scoreserver.attackpointhistory"}, {"fields": {"user": 46, "question": 7, "point": 1000}, "pk": 217, "model": "scoreserver.attackpointhistory"}, {"fields": {"user": 19, "question": 9, "point": 1100}, "pk": 218, "model": "scoreserver.attackpointhistory"}, {"fields": {"user": 29, "question": 4, "point": 1000}, "pk": 219, "model": "scoreserver.attackpointhistory"}, {"fields": {"user": 20, "question": 2, "point": 1100}, "pk": 220, "model": "scoreserver.attackpointhistory"}, {"fields": {"user": 27, "question": 2, "point": 1100}, "pk": 221, "model": "scoreserver.attackpointhistory"}, {"fields": {"user": 28, "question": 3, "point": 1100}, "pk": 222, "model": "scoreserver.attackpointhistory"}, {"fields": {"user": 19, "question": 1, "point": 1100}, "pk": 223, "model": "scoreserver.attackpointhistory"}, {"fields": {"user": 44, "question": 9, "point": 1100}, "pk": 224, "model": "scoreserver.attackpointhistory"}, {"fields": {"user": 30, "question": 9, "point": 1100}, "pk": 225, "model": "scoreserver.attackpointhistory"}, {"fields": {"user": 42, "question": 1, "point": 1100}, "pk": 226, "model": "scoreserver.attackpointhistory"}, {"fields": {"user": 44, "question": 8, "point": 1100}, "pk": 227, "model": "scoreserver.attackpointhistory"}, {"fields": {"user": 47, "question": 1, "point": 1100}, "pk": 228, "model": "scoreserver.attackpointhistory"}, {"fields": {"user": 2, "question": 5, "point": 1100}, "pk": 229, "model": "scoreserver.attackpointhistory"}, {"fields": {"user": 46, "question": 1, "point": 1100}, "pk": 230, "model": "scoreserver.attackpointhistory"}, {"fields": {"user": 11, "question": 6, "point": 1000}, "pk": 231, "model": "scoreserver.attackpointhistory"}, {"fields": {"user": 33, "question": 4, "point": 1000}, "pk": 232, "model": "scoreserver.attackpointhistory"}, {"fields": {"user": 2, "question": 7, "point": 1000}, "pk": 233, "model": "scoreserver.attackpointhistory"}, {"fields": {"user": 15, "question": 5, "point": 1100}, "pk": 234, "model": "scoreserver.attackpointhistory"}, {"fields": {"user": 19, "question": 1, "point": 1100}, "pk": 235, "model": "scoreserver.attackpointhistory"}, {"fields": {"user": 32, "question": 6, "point": 1000}, "pk": 236, "model": "scoreserver.attackpointhistory"}, {"fields": {"user": 46, "question": 3, "point": 1100}, "pk": 237, "model": "scoreserver.attackpointhistory"}, {"fields": {"user": 10, "question": 3, "point": 1100}, "pk": 238, "model": "scoreserver.attackpointhistory"}, {"fields": {"user": 7, "question": 6, "point": 1000}, "pk": 239, "model": "scoreserver.attackpointhistory"}, {"fields": {"user": 20, "question": 9, "point": 1100}, "pk": 240, "model": "scoreserver.attackpointhistory"}, {"fields": {"user": 33, "question": 8, "point": 1100}, "pk": 241, "model": "scoreserver.attackpointhistory"}, {"fields": {"user": 36, "question": 1, "point": 1100}, "pk": 242, "model": "scoreserver.attackpointhistory"}, {"fields": {"user": 13, "question": 8, "point": 1100}, "pk": 243, "model": "scoreserver.attackpointhistory"}, {"fields": {"user": 32, "question": 1, "point": 1100}, "pk": 244, "model": "scoreserver.attackpointhistory"}, {"fields": {"user": 21, "question": 1, "point": 1100}, "pk": 245, "model": "scoreserver.attackpointhistory"}, {"fields": {"user": 44, "question": 7, "point": 1000}, "pk": 246, "model": "scoreserver.attackpointhistory"}, {"fields": {"user": 15, "question": 6, "point": 1000}, "pk": 247, "model": "scoreserver.attackpointhistory"}, {"fields": {"user": 15, "question": 8, "point": 1100}, "pk": 248, "model": "scoreserver.attackpointhistory"}, {"fields": {"user": 41, "question": 5, "point": 1100}, "pk": 249, "model": "scoreserver.attackpointhistory"}, {"fields": {"user": 34, "question": 4, "point": 1000}, "pk": 250, "model": "scoreserver.attackpointhistory"}, {"fields": {"user": 13, "question": 8, "point": 1100}, "pk": 251, "model": "scoreserver.attackpointhistory"}, {"fields": {"user": 23, "question": 7, "point": 1000}, "pk": 252, "model": "scoreserver.attackpointhistory"}, {"fields": {"user": 36, "question": 9, "point": 1100}, "pk": 253, "model": "scoreserver.attackpointhistory"}, {"fields": {"user": 5, "question": 6, "point": 1000}, "pk": 254, "model": "scoreserver.attackpointhistory"}, {"fields": {"user": 20, "question": 7, "point": 1000}, "pk": 255, "model": "scoreserver.attackpointhistory"}, {"fields": {"user": 39, "question": 9, "point": 1100}, "pk": 256, "model": "scoreserver.attackpointhistory"}, {"fields": {"user": 36, "question": 9, "point": 1100}, "pk": 257, "model": "scoreserver.attackpointhistory"}, {"fields": {"user": 1, "question": 7, "point": 1000}, "pk": 258, "model": "scoreserver.attackpointhistory"}, {"fields": {"user": 21, "question": 4, "point": 1000}, "pk": 259, "model": "scoreserver.attackpointhistory"}, {"fields": {"user": 18, "question": 8, "point": 1100}, "pk": 260, "model": "scoreserver.attackpointhistory"}, {"fields": {"user": 22, "question": 7, "point": 1000}, "pk": 261, "model": "scoreserver.attackpointhistory"}, {"fields": {"user": 7, "question": 7, "point": 1000}, "pk": 262, "model": "scoreserver.attackpointhistory"}, {"fields": {"user": 10, "question": 4, "point": 1000}, "pk": 263, "model": "scoreserver.attackpointhistory"}, {"fields": {"user": 26, "question": 5, "point": 1100}, "pk": 264, "model": "scoreserver.attackpointhistory"}, {"fields": {"user": 24, "question": 8, "point": 1100}, "pk": 265, "model": "scoreserver.attackpointhistory"}, {"fields": {"user": 40, "question": 4, "point": 1000}, "pk": 266, "model": "scoreserver.attackpointhistory"}, {"fields": {"user": 32, "question": 5, "point": 1100}, "pk": 267, "model": "scoreserver.attackpointhistory"}, {"fields": {"user": 1, "question": 5, "point": 1100}, "pk": 268, "model": "scoreserver.attackpointhistory"}, {"fields": {"user": 13, "question": 2, "point": 1100}, "pk": 269, "model": "scoreserver.attackpointhistory"}, {"fields": {"user": 1, "question": 5, "point": 1100}, "pk": 270, "model": "scoreserver.attackpointhistory"}, {"fields": {"user": 40, "question": 2, "point": 1100}, "pk": 271, "model": "scoreserver.attackpointhistory"}, {"fields": {"user": 26, "question": 1, "point": 1100}, "pk": 272, "model": "scoreserver.attackpointhistory"}, {"fields": {"user": 19, "question": 4, "point": 1000}, "pk": 273, "model": "scoreserver.attackpointhistory"}, {"fields": {"user": 4, "question": 2, "point": 1100}, "pk": 274, "model": "scoreserver.attackpointhistory"}, {"fields": {"user": 7, "question": 1, "point": 1100}, "pk": 275, "model": "scoreserver.attackpointhistory"}, {"fields": {"user": 44, "question": 2, "point": 1100}, "pk": 276, "model": "scoreserver.attackpointhistory"}, {"fields": {"user": 42, "question": 8, "point": 1100}, "pk": 277, "model": "scoreserver.attackpointhistory"}, {"fields": {"user": 12, "question": 7, "point": 1000}, "pk": 278, "model": "scoreserver.attackpointhistory"}, {"fields": {"user": 25, "question": 2, "point": 1100}, "pk": 279, "model": "scoreserver.attackpointhistory"}, {"fields": {"user": 31, "question": 1, "point": 1100}, "pk": 280, "model": "scoreserver.attackpointhistory"}, {"fields": {"user": 36, "question": 4, "point": 1000}, "pk": 281, "model": "scoreserver.attackpointhistory"}, {"fields": {"user": 8, "question": 3, "point": 1100}, "pk": 282, "model": "scoreserver.attackpointhistory"}, {"fields": {"user": 44, "question": 3, "point": 1100}, "pk": 283, "model": "scoreserver.attackpointhistory"}, {"fields": {"user": 22, "question": 9, "point": 1100}, "pk": 284, "model": "scoreserver.attackpointhistory"}, {"fields": {"user": 4, "question": 4, "point": 1000}, "pk": 285, "model": "scoreserver.attackpointhistory"}, {"fields": {"user": 15, "question": 4, "point": 1000}, "pk": 286, "model": "scoreserver.attackpointhistory"}, {"fields": {"user": 34, "question": 7, "point": 1000}, "pk": 287, "model": "scoreserver.attackpointhistory"}, {"fields": {"user": 49, "question": 2, "point": 1100}, "pk": 288, "model": "scoreserver.attackpointhistory"}, {"fields": {"user": 49, "question": 5, "point": 1100}, "pk": 289, "model": "scoreserver.attackpointhistory"}, {"fields": {"user": 42, "question": 7, "point": 1000}, "pk": 290, "model": "scoreserver.attackpointhistory"}, {"fields": {"user": 15, "question": 7, "point": 1000}, "pk": 291, "model": "scoreserver.attackpointhistory"}, {"fields": {"user": 40, "question": 1, "point": 1100}, "pk": 292, "model": "scoreserver.attackpointhistory"}, {"fields": {"user": 14, "question": 3, "point": 1100}, "pk": 293, "model": "scoreserver.attackpointhistory"}, {"fields": {"user": 35, "question": 2, "point": 1100}, "pk": 294, "model": "scoreserver.attackpointhistory"}, {"fields": {"user": 23, "question": 9, "point": 1100}, "pk": 295, "model": "scoreserver.attackpointhistory"}, {"fields": {"user": 17, "question": 2, "point": 1100}, "pk": 296, "model": "scoreserver.attackpointhistory"}, {"fields": {"user": 7, "question": 6, "point": 1000}, "pk": 297, "model": "scoreserver.attackpointhistory"}, {"fields": {"user": 32, "question": 6, "point": 1000}, "pk": 298, "model": "scoreserver.attackpointhistory"}, {"fields": {"user": 44, "question": 5, "point": 1100}, "pk": 299, "model": "scoreserver.attackpointhistory"}, {"fields": {"user": 15, "question": 8, "submit_flag": "FLAG_IS_VobYCUFZAUqkdph"}, "pk": 0, "model": "scoreserver.answerhistory"}, {"fields": {"user": 47, "question": 9, "submit_flag": "FLAG_IS_NhhHxBNLJqoIyGB"}, "pk": 1, "model": "scoreserver.answerhistory"}, {"fields": {"user": 38, "question": 6, "submit_flag": "FLAG_IS_BFMRWfMjmXfbEPh"}, "pk": 2, "model": "scoreserver.answerhistory"}, {"fields": {"user": 32, "question": 5, "submit_flag": "FLAG_IS_wBDrxMvABNwYbKa"}, "pk": 3, "model": "scoreserver.answerhistory"}, {"fields": {"user": 12, "question": 8, "submit_flag": "FLAG_IS_ViaYVdBlwPznUoc"}, "pk": 4, "model": "scoreserver.answerhistory"}, {"fields": {"user": 40, "question": 2, "submit_flag": "FLAG_IS_uwkDQRfJBuKfHMi"}, "pk": 5, "model": "scoreserver.answerhistory"}, {"fields": {"user": 30, "question": 4, "submit_flag": "FLAG_IS_qgvgLIMQDrdWrcA"}, "pk": 6, "model": "scoreserver.answerhistory"}, {"fields": {"user": 29, "question": 1, "submit_flag": "FLAG_IS_PjrWzlmbPQNqSLa"}, "pk": 7, "model": "scoreserver.answerhistory"}, {"fields": {"user": 14, "question": 5, "submit_flag": "FLAG_IS_lReYGScMJAyOJtZ"}, "pk": 8, "model": "scoreserver.answerhistory"}, {"fields": {"user": 46, "question": 4, "submit_flag": "FLAG_IS_TOUIOrIiEcqQxCl"}, "pk": 9, "model": "scoreserver.answerhistory"}, {"fields": {"user": 49, "question": 2, "submit_flag": "FLAG_IS_YixyICEEVWyCMjQ"}, "pk": 10, "model": "scoreserver.answerhistory"}, {"fields": {"user": 6, "question": 6, "submit_flag": "FLAG_IS_GUIbDLaWUTHKjGi"}, "pk": 11, "model": "scoreserver.answerhistory"}, {"fields": {"user": 18, "question": 9, "submit_flag": "FLAG_IS_TUAQEoWMUgfDnKQ"}, "pk": 12, "model": "scoreserver.answerhistory"}, {"fields": {"user": 33, "question": 5, "submit_flag": "FLAG_IS_aGzwXVLKfXsujEU"}, "pk": 13, "model": "scoreserver.answerhistory"}, {"fields": {"user": 30, "question": 8, "submit_flag": "FLAG_IS_WIgXojAFNfZXmEj"}, "pk": 14, "model": "scoreserver.answerhistory"}, {"fields": {"user": 9, "question": 4, "submit_flag": "FLAG_IS_NnQMqqzLAiJiArx"}, "pk": 15, "model": "scoreserver.answerhistory"}, {"fields": {"user": 19, "question": 3, "submit_flag": "FLAG_IS_grRZvOqJoqINJag"}, "pk": 16, "model": "scoreserver.answerhistory"}, {"fields": {"user": 40, "question": 3, "submit_flag": "FLAG_IS_fJPZQKFmFKcErgN"}, "pk": 17, "model": "scoreserver.answerhistory"}, {"fields": {"user": 46, "question": 8, "submit_flag": "FLAG_IS_YaUkeXWdLkItoiL"}, "pk": 18, "model": "scoreserver.answerhistory"}, {"fields": {"user": 35, "question": 8, "submit_flag": "FLAG_IS_hQbCMJKnluwrcfD"}, "pk": 19, "model": "scoreserver.answerhistory"}, {"fields": {"user": 34, "question": 1, "submit_flag": "FLAG_IS_XmXoRjgVggrnEhP"}, "pk": 20, "model": "scoreserver.answerhistory"}, {"fields": {"user": 28, "question": 8, "submit_flag": "FLAG_IS_gvNWOznaqCqRskZ"}, "pk": 21, "model": "scoreserver.answerhistory"}, {"fields": {"user": 39, "question": 3, "submit_flag": "FLAG_IS_zRlePaujCFWDmwu"}, "pk": 22, "model": "scoreserver.answerhistory"}, {"fields": {"user": 13, "question": 6, "submit_flag": "FLAG_IS_OqKNznuyIJNLoMz"}, "pk": 23, "model": "scoreserver.answerhistory"}, {"fields": {"user": 40, "question": 1, "submit_flag": "FLAG_IS_rvLerfogfnlbmnY"}, "pk": 24, "model": "scoreserver.answerhistory"}, {"fields": {"user": 37, "question": 1, "submit_flag": "FLAG_IS_sSAJQOnfIaBPrPS"}, "pk": 25, "model": "scoreserver.answerhistory"}, {"fields": {"user": 37, "question": 7, "submit_flag": "FLAG_IS_yaWwTNPYQJWAndg"}, "pk": 26, "model": "scoreserver.answerhistory"}, {"fields": {"user": 3, "question": 4, "submit_flag": "FLAG_IS_DTysGswHOtOzOXH"}, "pk": 27, "model": "scoreserver.answerhistory"}, {"fields": {"user": 28, "question": 5, "submit_flag": "FLAG_IS_ToTKRCITfzIXzOj"}, "pk": 28, "model": "scoreserver.answerhistory"}, {"fields": {"user": 25, "question": 5, "submit_flag": "FLAG_IS_sJiWGLhIxvYYXSB"}, "pk": 29, "model": "scoreserver.answerhistory"}, {"fields": {"user": 7, "question": 3, "submit_flag": "FLAG_IS_MabOmjthdzllCfQ"}, "pk": 30, "model": "scoreserver.answerhistory"}, {"fields": {"user": 43, "question": 9, "submit_flag": "FLAG_IS_TpsaLzArVfEARNi"}, "pk": 31, "model": "scoreserver.answerhistory"}, {"fields": {"user": 27, "question": 5, "submit_flag": "FLAG_IS_nPEzYiRhBEvkflx"}, "pk": 32, "model": "scoreserver.answerhistory"}, {"fields": {"user": 14, "question": 4, "submit_flag": "FLAG_IS_XOHhKfXKYuXKjjP"}, "pk": 33, "model": "scoreserver.answerhistory"}, {"fields": {"user": 20, "question": 2, "submit_flag": "FLAG_IS_YqrMfggrpnGhmRF"}, "pk": 34, "model": "scoreserver.answerhistory"}, {"fields": {"user": 7, "question": 1, "submit_flag": "FLAG_IS_CQVJcPdYyzMylqt"}, "pk": 35, "model": "scoreserver.answerhistory"}, {"fields": {"user": 32, "question": 3, "submit_flag": "FLAG_IS_fbyulVuztWgBoid"}, "pk": 36, "model": "scoreserver.answerhistory"}, {"fields": {"user": 47, "question": 7, "submit_flag": "FLAG_IS_VaxZIovPmqmYVzl"}, "pk": 37, "model": "scoreserver.answerhistory"}, {"fields": {"user": 28, "question": 2, "submit_flag": "FLAG_IS_LbdJqikCyfXrORI"}, "pk": 38, "model": "scoreserver.answerhistory"}, {"fields": {"user": 28, "question": 6, "submit_flag": "FLAG_IS_fziIHDRrblxBdpa"}, "pk": 39, "model": "scoreserver.answerhistory"}, {"fields": {"user": 30, "question": 9, "submit_flag": "FLAG_IS_utNPcwBtxKBVhNF"}, "pk": 40, "model": "scoreserver.answerhistory"}, {"fields": {"user": 18, "question": 9, "submit_flag": "FLAG_IS_VCxjISvOECnnPYv"}, "pk": 41, "model": "scoreserver.answerhistory"}, {"fields": {"user": 27, "question": 1, "submit_flag": "FLAG_IS_QFXqMZLPdxcHXgF"}, "pk": 42, "model": "scoreserver.answerhistory"}, {"fields": {"user": 31, "question": 2, "submit_flag": "FLAG_IS_QvBmXZxitnxhjEG"}, "pk": 43, "model": "scoreserver.answerhistory"}, {"fields": {"user": 8, "question": 5, "submit_flag": "FLAG_IS_QgQrNOkhSKTBjpL"}, "pk": 44, "model": "scoreserver.answerhistory"}, {"fields": {"user": 30, "question": 2, "submit_flag": "FLAG_IS_iTOyiUclHrtWujy"}, "pk": 45, "model": "scoreserver.answerhistory"}, {"fields": {"user": 4, "question": 5, "submit_flag": "FLAG_IS_adGpfXZCdWMPBER"}, "pk": 46, "model": "scoreserver.answerhistory"}, {"fields": {"user": 43, "question": 6, "submit_flag": "FLAG_IS_tiHlAtyffeoOpid"}, "pk": 47, "model": "scoreserver.answerhistory"}, {"fields": {"user": 44, "question": 3, "submit_flag": "FLAG_IS_STeDoHUZKqPSffD"}, "pk": 48, "model": "scoreserver.answerhistory"}, {"fields": {"user": 6, "question": 7, "submit_flag": "FLAG_IS_nlAkaqPZycjbdTo"}, "pk": 49, "model": "scoreserver.answerhistory"}, {"fields": {"user": 48, "question": 1, "submit_flag": "FLAG_IS_hBiqCymPRzNFWMp"}, "pk": 50, "model": "scoreserver.answerhistory"}, {"fields": {"user": 4, "question": 8, "submit_flag": "FLAG_IS_mfLHWFMNbKedriX"}, "pk": 51, "model": "scoreserver.answerhistory"}, {"fields": {"user": 36, "question": 5, "submit_flag": "FLAG_IS_nrWeLMtaXeYONvg"}, "pk": 52, "model": "scoreserver.answerhistory"}, {"fields": {"user": 19, "question": 9, "submit_flag": "FLAG_IS_raVWABCnxiyZDgn"}, "pk": 53, "model": "scoreserver.answerhistory"}, {"fields": {"user": 12, "question": 9, "submit_flag": "FLAG_IS_GsofCeAIiTFpvkd"}, "pk": 54, "model": "scoreserver.answerhistory"}, {"fields": {"user": 47, "question": 3, "submit_flag": "FLAG_IS_tsCaBpyZvQUHmLv"}, "pk": 55, "model": "scoreserver.answerhistory"}, {"fields": {"user": 16, "question": 8, "submit_flag": "FLAG_IS_QEkWNrTjvQkeIoc"}, "pk": 56, "model": "scoreserver.answerhistory"}, {"fields": {"user": 46, "question": 7, "submit_flag": "FLAG_IS_nwaDksXgsXmUKrC"}, "pk": 57, "model": "scoreserver.answerhistory"}, {"fields": {"user": 37, "question": 3, "submit_flag": "FLAG_IS_MZvlNzPvukMFmgO"}, "pk": 58, "model": "scoreserver.answerhistory"}, {"fields": {"user": 47, "question": 8, "submit_flag": "FLAG_IS_FJThkWlEdfXnhyY"}, "pk": 59, "model": "scoreserver.answerhistory"}, {"fields": {"user": 47, "question": 3, "submit_flag": "FLAG_IS_IFSOamkMQIghXse"}, "pk": 60, "model": "scoreserver.answerhistory"}, {"fields": {"user": 44, "question": 2, "submit_flag": "FLAG_IS_iVlpFAzOKoEdKFN"}, "pk": 61, "model": "scoreserver.answerhistory"}, {"fields": {"user": 26, "question": 2, "submit_flag": "FLAG_IS_YQxzguvunQyWNIU"}, "pk": 62, "model": "scoreserver.answerhistory"}, {"fields": {"user": 43, "question": 7, "submit_flag": "FLAG_IS_pQWvnmkwcALqpQK"}, "pk": 63, "model": "scoreserver.answerhistory"}, {"fields": {"user": 35, "question": 9, "submit_flag": "FLAG_IS_jpScxtOLtjnijGu"}, "pk": 64, "model": "scoreserver.answerhistory"}, {"fields": {"user": 5, "question": 5, "submit_flag": "FLAG_IS_jTxJYiQVsfVwIIq"}, "pk": 65, "model": "scoreserver.answerhistory"}, {"fields": {"user": 35, "question": 2, "submit_flag": "FLAG_IS_xiNPvDaRAInofyo"}, "pk": 66, "model": "scoreserver.answerhistory"}, {"fields": {"user": 37, "question": 5, "submit_flag": "FLAG_IS_SfKQPKCJvjwyhEh"}, "pk": 67, "model": "scoreserver.answerhistory"}, {"fields": {"user": 39, "question": 7, "submit_flag": "FLAG_IS_fUEtBmdOZcbMRNT"}, "pk": 68, "model": "scoreserver.answerhistory"}, {"fields": {"user": 32, "question": 8, "submit_flag": "FLAG_IS_BCyjbQeuqncwXdB"}, "pk": 69, "model": "scoreserver.answerhistory"}, {"fields": {"user": 39, "question": 9, "submit_flag": "FLAG_IS_cmpYqBgUVsxoEfm"}, "pk": 70, "model": "scoreserver.answerhistory"}, {"fields": {"user": 24, "question": 1, "submit_flag": "FLAG_IS_AOwnCTFjxMoCPiO"}, "pk": 71, "model": "scoreserver.answerhistory"}, {"fields": {"user": 20, "question": 9, "submit_flag": "FLAG_IS_UgRIXwINkRlylha"}, "pk": 72, "model": "scoreserver.answerhistory"}, {"fields": {"user": 12, "question": 7, "submit_flag": "FLAG_IS_uroLJmXNUUWcSXZ"}, "pk": 73, "model": "scoreserver.answerhistory"}, {"fields": {"user": 6, "question": 8, "submit_flag": "FLAG_IS_IRLVMchGZpWVZJY"}, "pk": 74, "model": "scoreserver.answerhistory"}, {"fields": {"user": 21, "question": 7, "submit_flag": "FLAG_IS_BzMqrdJVvPkqUng"}, "pk": 75, "model": "scoreserver.answerhistory"}, {"fields": {"user": 7, "question": 6, "submit_flag": "FLAG_IS_pZKEctOmliAXwDI"}, "pk": 76, "model": "scoreserver.answerhistory"}, {"fields": {"user": 44, "question": 9, "submit_flag": "FLAG_IS_ihorUVvUkNkuSqL"}, "pk": 77, "model": "scoreserver.answerhistory"}, {"fields": {"user": 12, "question": 8, "submit_flag": "FLAG_IS_rWAjBZqgWSsXxqk"}, "pk": 78, "model": "scoreserver.answerhistory"}, {"fields": {"user": 15, "question": 7, "submit_flag": "FLAG_IS_LRSZWqpANLsSORT"}, "pk": 79, "model": "scoreserver.answerhistory"}, {"fields": {"user": 29, "question": 6, "submit_flag": "FLAG_IS_ViiUydslNDNcJeF"}, "pk": 80, "model": "scoreserver.answerhistory"}, {"fields": {"user": 13, "question": 5, "submit_flag": "FLAG_IS_mckktWRSyObszBR"}, "pk": 81, "model": "scoreserver.answerhistory"}, {"fields": {"user": 10, "question": 9, "submit_flag": "FLAG_IS_IjbolTWZcZBNBGj"}, "pk": 82, "model": "scoreserver.answerhistory"}, {"fields": {"user": 20, "question": 8, "submit_flag": "FLAG_IS_MtwxCLjdTXrdtsN"}, "pk": 83, "model": "scoreserver.answerhistory"}, {"fields": {"user": 23, "question": 6, "submit_flag": "FLAG_IS_QjgNJMkASSQUrbg"}, "pk": 84, "model": "scoreserver.answerhistory"}, {"fields": {"user": 10, "question": 5, "submit_flag": "FLAG_IS_xHzpypfMaDnVcdL"}, "pk": 85, "model": "scoreserver.answerhistory"}, {"fields": {"user": 32, "question": 4, "submit_flag": "FLAG_IS_skWBXeARCJFANQq"}, "pk": 86, "model": "scoreserver.answerhistory"}, {"fields": {"user": 23, "question": 2, "submit_flag": "FLAG_IS_wDeszPGEXXwzTvi"}, "pk": 87, "model": "scoreserver.answerhistory"}, {"fields": {"user": 34, "question": 5, "submit_flag": "FLAG_IS_KzrZugIITfTeyWo"}, "pk": 88, "model": "scoreserver.answerhistory"}, {"fields": {"user": 43, "question": 6, "submit_flag": "FLAG_IS_UXEThFuXdOVdwEb"}, "pk": 89, "model": "scoreserver.answerhistory"}, {"fields": {"user": 25, "question": 2, "submit_flag": "FLAG_IS_PqBEmHtJOHxYcwn"}, "pk": 90, "model": "scoreserver.answerhistory"}, {"fields": {"user": 20, "question": 8, "submit_flag": "FLAG_IS_iRihJKmtCVgdzmN"}, "pk": 91, "model": "scoreserver.answerhistory"}, {"fields": {"user": 25, "question": 8, "submit_flag": "FLAG_IS_VWAldyhQKgVZpqQ"}, "pk": 92, "model": "scoreserver.answerhistory"}, {"fields": {"user": 30, "question": 9, "submit_flag": "FLAG_IS_TNbAWEQJrIdDDzb"}, "pk": 93, "model": "scoreserver.answerhistory"}, {"fields": {"user": 42, "question": 4, "submit_flag": "FLAG_IS_SnIRCPvHhlMBsOF"}, "pk": 94, "model": "scoreserver.answerhistory"}, {"fields": {"user": 3, "question": 9, "submit_flag": "FLAG_IS_TmpwTQVLyfscgnK"}, "pk": 95, "model": "scoreserver.answerhistory"}, {"fields": {"user": 39, "question": 8, "submit_flag": "FLAG_IS_HJehoeNFWBXuWOW"}, "pk": 96, "model": "scoreserver.answerhistory"}, {"fields": {"user": 37, "question": 8, "submit_flag": "FLAG_IS_vQFHpeUZMMQZGeT"}, "pk": 97, "model": "scoreserver.answerhistory"}, {"fields": {"user": 6, "question": 7, "submit_flag": "FLAG_IS_wtccpfuAIMTiGJO"}, "pk": 98, "model": "scoreserver.answerhistory"}, {"fields": {"user": 34, "question": 9, "submit_flag": "FLAG_IS_nDAZwsWEKoifRAS"}, "pk": 99, "model": "scoreserver.answerhistory"}, {"fields": {"user": 42, "question": 7, "submit_flag": "FLAG_IS_MIihqeQTvAApnLY"}, "pk": 100, "model": "scoreserver.answerhistory"}, {"fields": {"user": 12, "question": 6, "submit_flag": "FLAG_IS_eoowaEMWYApebLf"}, "pk": 101, "model": "scoreserver.answerhistory"}, {"fields": {"user": 4, "question": 5, "submit_flag": "FLAG_IS_ZpuGBmbDEmQIqAo"}, "pk": 102, "model": "scoreserver.answerhistory"}, {"fields": {"user": 38, "question": 1, "submit_flag": "FLAG_IS_ZrhQJBIAAqGiMQb"}, "pk": 103, "model": "scoreserver.answerhistory"}, {"fields": {"user": 45, "question": 7, "submit_flag": "FLAG_IS_VMVRgzphJbtSHhH"}, "pk": 104, "model": "scoreserver.answerhistory"}, {"fields": {"user": 18, "question": 1, "submit_flag": "FLAG_IS_dhEwwoxFdfwMjDi"}, "pk": 105, "model": "scoreserver.answerhistory"}, {"fields": {"user": 20, "question": 4, "submit_flag": "FLAG_IS_AnIOTKYoCoyluPP"}, "pk": 106, "model": "scoreserver.answerhistory"}, {"fields": {"user": 3, "question": 9, "submit_flag": "FLAG_IS_RDbnWhIfioCQqpc"}, "pk": 107, "model": "scoreserver.answerhistory"}, {"fields": {"user": 1, "question": 9, "submit_flag": "FLAG_IS_MLqmWxesNNPelFQ"}, "pk": 108, "model": "scoreserver.answerhistory"}, {"fields": {"user": 4, "question": 2, "submit_flag": "FLAG_IS_TVXNxUqHdRjpXjR"}, "pk": 109, "model": "scoreserver.answerhistory"}, {"fields": {"user": 23, "question": 1, "submit_flag": "FLAG_IS_NmeMChuyZzTUmDt"}, "pk": 110, "model": "scoreserver.answerhistory"}, {"fields": {"user": 41, "question": 7, "submit_flag": "FLAG_IS_DwtfZAhaFzBPCGW"}, "pk": 111, "model": "scoreserver.answerhistory"}, {"fields": {"user": 9, "question": 1, "submit_flag": "FLAG_IS_UaQJaupKjtXzAut"}, "pk": 112, "model": "scoreserver.answerhistory"}, {"fields": {"user": 49, "question": 5, "submit_flag": "FLAG_IS_wGmwWjTBXxNSiKE"}, "pk": 113, "model": "scoreserver.answerhistory"}, {"fields": {"user": 36, "question": 5, "submit_flag": "FLAG_IS_OAyQhmfaoyWvbLF"}, "pk": 114, "model": "scoreserver.answerhistory"}, {"fields": {"user": 40, "question": 2, "submit_flag": "FLAG_IS_DQLJYqpjycxFyaU"}, "pk": 115, "model": "scoreserver.answerhistory"}, {"fields": {"user": 16, "question": 4, "submit_flag": "FLAG_IS_OXVzSAkEcFHicCU"}, "pk": 116, "model": "scoreserver.answerhistory"}, {"fields": {"user": 45, "question": 4, "submit_flag": "FLAG_IS_MdpoYHSZKBxFhOI"}, "pk": 117, "model": "scoreserver.answerhistory"}, {"fields": {"user": 4, "question": 4, "submit_flag": "FLAG_IS_pgprcRXDrTogdho"}, "pk": 118, "model": "scoreserver.answerhistory"}, {"fields": {"user": 41, "question": 4, "submit_flag": "FLAG_IS_cBMvFJQRIyNLpAT"}, "pk": 119, "model": "scoreserver.answerhistory"}, {"fields": {"user": 38, "question": 6, "submit_flag": "FLAG_IS_auHMmnyaAwOLGcM"}, "pk": 120, "model": "scoreserver.answerhistory"}, {"fields": {"user": 6, "question": 4, "submit_flag": "FLAG_IS_GMLhsBwYHFqAiMd"}, "pk": 121, "model": "scoreserver.answerhistory"}, {"fields": {"user": 32, "question": 5, "submit_flag": "FLAG_IS_YIbBaSkrfxQUAmn"}, "pk": 122, "model": "scoreserver.answerhistory"}, {"fields": {"user": 36, "question": 1, "submit_flag": "FLAG_IS_qyAEubLWBQEnqka"}, "pk": 123, "model": "scoreserver.answerhistory"}, {"fields": {"user": 28, "question": 6, "submit_flag": "FLAG_IS_QHXomkSczDpCvsK"}, "pk": 124, "model": "scoreserver.answerhistory"}, {"fields": {"user": 21, "question": 1, "submit_flag": "FLAG_IS_BaqgBWjGMriDTtk"}, "pk": 125, "model": "scoreserver.answerhistory"}, {"fields": {"user": 42, "question": 5, "submit_flag": "FLAG_IS_plYWzosuGQJppad"}, "pk": 126, "model": "scoreserver.answerhistory"}, {"fields": {"user": 42, "question": 3, "submit_flag": "FLAG_IS_cfxCJzDuuKRYCRs"}, "pk": 127, "model": "scoreserver.answerhistory"}, {"fields": {"user": 7, "question": 2, "submit_flag": "FLAG_IS_XrsbSPfITirQnfb"}, "pk": 128, "model": "scoreserver.answerhistory"}, {"fields": {"user": 18, "question": 9, "submit_flag": "FLAG_IS_AgIBPYyrZKQWzPi"}, "pk": 129, "model": "scoreserver.answerhistory"}, {"fields": {"user": 25, "question": 5, "submit_flag": "FLAG_IS_EpBrlIZzZwyYStD"}, "pk": 130, "model": "scoreserver.answerhistory"}, {"fields": {"user": 19, "question": 3, "submit_flag": "FLAG_IS_GfAcNxTowrJTTGW"}, "pk": 131, "model": "scoreserver.answerhistory"}, {"fields": {"user": 28, "question": 6, "submit_flag": "FLAG_IS_RzMFCzehDKDvKSl"}, "pk": 132, "model": "scoreserver.answerhistory"}, {"fields": {"user": 7, "question": 8, "submit_flag": "FLAG_IS_BryHWMMeaqsMDOR"}, "pk": 133, "model": "scoreserver.answerhistory"}, {"fields": {"user": 16, "question": 3, "submit_flag": "FLAG_IS_YuvxKQAzGrckGxL"}, "pk": 134, "model": "scoreserver.answerhistory"}, {"fields": {"user": 49, "question": 8, "submit_flag": "FLAG_IS_QxgskbgObxykMwX"}, "pk": 135, "model": "scoreserver.answerhistory"}, {"fields": {"user": 38, "question": 7, "submit_flag": "FLAG_IS_ZaQKkidAdMZgmmz"}, "pk": 136, "model": "scoreserver.answerhistory"}, {"fields": {"user": 6, "question": 5, "submit_flag": "FLAG_IS_ZGHtzvjRwLXYanf"}, "pk": 137, "model": "scoreserver.answerhistory"}, {"fields": {"user": 44, "question": 6, "submit_flag": "FLAG_IS_OYkQKwElbJRHbnF"}, "pk": 138, "model": "scoreserver.answerhistory"}, {"fields": {"user": 33, "question": 9, "submit_flag": "FLAG_IS_MbKXXwNLLXkJnjP"}, "pk": 139, "model": "scoreserver.answerhistory"}, {"fields": {"user": 49, "question": 6, "submit_flag": "FLAG_IS_qvZuZgxeryHhfej"}, "pk": 140, "model": "scoreserver.answerhistory"}, {"fields": {"user": 39, "question": 8, "submit_flag": "FLAG_IS_KfdfZzaVfHygbDa"}, "pk": 141, "model": "scoreserver.answerhistory"}, {"fields": {"user": 19, "question": 3, "submit_flag": "FLAG_IS_KzVmneIKcudrZSd"}, "pk": 142, "model": "scoreserver.answerhistory"}, {"fields": {"user": 8, "question": 3, "submit_flag": "FLAG_IS_CPpWsROoiBxcDUw"}, "pk": 143, "model": "scoreserver.answerhistory"}, {"fields": {"user": 34, "question": 4, "submit_flag": "FLAG_IS_HwBHEdEkJuYvxiC"}, "pk": 144, "model": "scoreserver.answerhistory"}, {"fields": {"user": 14, "question": 1, "submit_flag": "FLAG_IS_AVdMAYPkgAbplFr"}, "pk": 145, "model": "scoreserver.answerhistory"}, {"fields": {"user": 49, "question": 8, "submit_flag": "FLAG_IS_jWdNcoOrOjiFoNM"}, "pk": 146, "model": "scoreserver.answerhistory"}, {"fields": {"user": 19, "question": 8, "submit_flag": "FLAG_IS_bJvEefeqXEjfKjh"}, "pk": 147, "model": "scoreserver.answerhistory"}, {"fields": {"user": 35, "question": 2, "submit_flag": "FLAG_IS_DpVvvaEzJbFysuM"}, "pk": 148, "model": "scoreserver.answerhistory"}, {"fields": {"user": 3, "question": 3, "submit_flag": "FLAG_IS_aXQIxSpGRFFsvct"}, "pk": 149, "model": "scoreserver.answerhistory"}, {"fields": {"user": 31, "question": 9, "submit_flag": "FLAG_IS_eMIyuHIuZhhafYe"}, "pk": 150, "model": "scoreserver.answerhistory"}, {"fields": {"user": 28, "question": 6, "submit_flag": "FLAG_IS_jLKLRSGWtwOvkiy"}, "pk": 151, "model": "scoreserver.answerhistory"}, {"fields": {"user": 28, "question": 2, "submit_flag": "FLAG_IS_jGGEIwJHYUWAHIP"}, "pk": 152, "model": "scoreserver.answerhistory"}, {"fields": {"user": 24, "question": 6, "submit_flag": "FLAG_IS_QkQjUUJWjXnneLr"}, "pk": 153, "model": "scoreserver.answerhistory"}, {"fields": {"user": 31, "question": 5, "submit_flag": "FLAG_IS_UMVdcAWTTOwKcfE"}, "pk": 154, "model": "scoreserver.answerhistory"}, {"fields": {"user": 2, "question": 3, "submit_flag": "FLAG_IS_gVgucIQBIYoMYWM"}, "pk": 155, "model": "scoreserver.answerhistory"}, {"fields": {"user": 15, "question": 9, "submit_flag": "FLAG_IS_PjnxcjLJOcOwrtN"}, "pk": 156, "model": "scoreserver.answerhistory"}, {"fields": {"user": 23, "question": 6, "submit_flag": "FLAG_IS_gbgaeylnfrefOez"}, "pk": 157, "model": "scoreserver.answerhistory"}, {"fields": {"user": 32, "question": 7, "submit_flag": "FLAG_IS_IijcUEhaDquiCPq"}, "pk": 158, "model": "scoreserver.answerhistory"}, {"fields": {"user": 43, "question": 4, "submit_flag": "FLAG_IS_ZFBApKvbAkTmqPd"}, "pk": 159, "model": "scoreserver.answerhistory"}, {"fields": {"user": 10, "question": 9, "submit_flag": "FLAG_IS_iGednxiTFdzvgSl"}, "pk": 160, "model": "scoreserver.answerhistory"}, {"fields": {"user": 41, "question": 1, "submit_flag": "FLAG_IS_bcsoqBdMCsSzsME"}, "pk": 161, "model": "scoreserver.answerhistory"}, {"fields": {"user": 40, "question": 5, "submit_flag": "FLAG_IS_VDsBiKKkFGpKdeH"}, "pk": 162, "model": "scoreserver.answerhistory"}, {"fields": {"user": 10, "question": 9, "submit_flag": "FLAG_IS_dlLOzkZGNHHoNpw"}, "pk": 163, "model": "scoreserver.answerhistory"}, {"fields": {"user": 6, "question": 1, "submit_flag": "FLAG_IS_iqfvWKNkRYCVfHB"}, "pk": 164, "model": "scoreserver.answerhistory"}, {"fields": {"user": 49, "question": 1, "submit_flag": "FLAG_IS_OTxtOoAbAncNXqp"}, "pk": 165, "model": "scoreserver.answerhistory"}, {"fields": {"user": 42, "question": 3, "submit_flag": "FLAG_IS_jJIEwjJaVUURarP"}, "pk": 166, "model": "scoreserver.answerhistory"}, {"fields": {"user": 14, "question": 2, "submit_flag": "FLAG_IS_hRpwaEfbBBFkjFy"}, "pk": 167, "model": "scoreserver.answerhistory"}, {"fields": {"user": 4, "question": 7, "submit_flag": "FLAG_IS_eXMOmmjcSwASYUi"}, "pk": 168, "model": "scoreserver.answerhistory"}, {"fields": {"user": 38, "question": 3, "submit_flag": "FLAG_IS_vzgNNnmgPeGfAcy"}, "pk": 169, "model": "scoreserver.answerhistory"}, {"fields": {"user": 47, "question": 1, "submit_flag": "FLAG_IS_yoHyYAQdVEHyBTb"}, "pk": 170, "model": "scoreserver.answerhistory"}, {"fields": {"user": 30, "question": 1, "submit_flag": "FLAG_IS_osUUnlCsVVRIHsL"}, "pk": 171, "model": "scoreserver.answerhistory"}, {"fields": {"user": 27, "question": 2, "submit_flag": "FLAG_IS_RjZNvCOxbcvkqSr"}, "pk": 172, "model": "scoreserver.answerhistory"}, {"fields": {"user": 22, "question": 8, "submit_flag": "FLAG_IS_LwIfQqgBdpPQyro"}, "pk": 173, "model": "scoreserver.answerhistory"}, {"fields": {"user": 20, "question": 7, "submit_flag": "FLAG_IS_MfaURyTewjtjOIq"}, "pk": 174, "model": "scoreserver.answerhistory"}, {"fields": {"user": 42, "question": 4, "submit_flag": "FLAG_IS_AvTDvcCoUdfxvpu"}, "pk": 175, "model": "scoreserver.answerhistory"}, {"fields": {"user": 49, "question": 5, "submit_flag": "FLAG_IS_RgVbRXsAVMLQXCI"}, "pk": 176, "model": "scoreserver.answerhistory"}, {"fields": {"user": 42, "question": 1, "submit_flag": "FLAG_IS_LrPsLpKdJmfOrwe"}, "pk": 177, "model": "scoreserver.answerhistory"}, {"fields": {"user": 47, "question": 4, "submit_flag": "FLAG_IS_ogzojZnYRIltACO"}, "pk": 178, "model": "scoreserver.answerhistory"}, {"fields": {"user": 31, "question": 9, "submit_flag": "FLAG_IS_EvErsgDargfsBkz"}, "pk": 179, "model": "scoreserver.answerhistory"}, {"fields": {"user": 15, "question": 7, "submit_flag": "FLAG_IS_wHUneihKxOrCiJC"}, "pk": 180, "model": "scoreserver.answerhistory"}, {"fields": {"user": 22, "question": 5, "submit_flag": "FLAG_IS_iTAYEzOhQxspajt"}, "pk": 181, "model": "scoreserver.answerhistory"}, {"fields": {"user": 5, "question": 9, "submit_flag": "FLAG_IS_WbPZgXbiLBIMsFS"}, "pk": 182, "model": "scoreserver.answerhistory"}, {"fields": {"user": 37, "question": 1, "submit_flag": "FLAG_IS_oZNIVZCNokXLacV"}, "pk": 183, "model": "scoreserver.answerhistory"}, {"fields": {"user": 37, "question": 6, "submit_flag": "FLAG_IS_DVKpoxciteDzaHp"}, "pk": 184, "model": "scoreserver.answerhistory"}, {"fields": {"user": 27, "question": 2, "submit_flag": "FLAG_IS_RSSXKjeIGQsesuP"}, "pk": 185, "model": "scoreserver.answerhistory"}, {"fields": {"user": 34, "question": 8, "submit_flag": "FLAG_IS_mxBZlvVnlQhgiSN"}, "pk": 186, "model": "scoreserver.answerhistory"}, {"fields": {"user": 2, "question": 1, "submit_flag": "FLAG_IS_SienNqlNsXCjcDP"}, "pk": 187, "model": "scoreserver.answerhistory"}, {"fields": {"user": 33, "question": 7, "submit_flag": "FLAG_IS_JzyJrGFdbztjRvP"}, "pk": 188, "model": "scoreserver.answerhistory"}, {"fields": {"user": 7, "question": 4, "submit_flag": "FLAG_IS_bnkqsYZyHLMmsvk"}, "pk": 189, "model": "scoreserver.answerhistory"}, {"fields": {"user": 4, "question": 1, "submit_flag": "FLAG_IS_XamdYgEgykNbpvU"}, "pk": 190, "model": "scoreserver.answerhistory"}, {"fields": {"user": 37, "question": 9, "submit_flag": "FLAG_IS_TVYcwoNtXRokRHc"}, "pk": 191, "model": "scoreserver.answerhistory"}, {"fields": {"user": 18, "question": 8, "submit_flag": "FLAG_IS_DoMnnyCLRiSZbIn"}, "pk": 192, "model": "scoreserver.answerhistory"}, {"fields": {"user": 41, "question": 9, "submit_flag": "FLAG_IS_cUXctRySAvAmpWJ"}, "pk": 193, "model": "scoreserver.answerhistory"}, {"fields": {"user": 1, "question": 9, "submit_flag": "FLAG_IS_mZpNSzQhYPJNEpg"}, "pk": 194, "model": "scoreserver.answerhistory"}, {"fields": {"user": 40, "question": 7, "submit_flag": "FLAG_IS_IyWAlqOukPMXnrD"}, "pk": 195, "model": "scoreserver.answerhistory"}, {"fields": {"user": 44, "question": 7, "submit_flag": "FLAG_IS_eUqPZbrNPqVNHpq"}, "pk": 196, "model": "scoreserver.answerhistory"}, {"fields": {"user": 33, "question": 7, "submit_flag": "FLAG_IS_abaFJgRpSvNVcoU"}, "pk": 197, "model": "scoreserver.answerhistory"}, {"fields": {"user": 18, "question": 5, "submit_flag": "FLAG_IS_cZZAeFKAGkJdvwd"}, "pk": 198, "model": "scoreserver.answerhistory"}, {"fields": {"user": 33, "question": 8, "submit_flag": "FLAG_IS_dWoYUQFLFcXqtDK"}, "pk": 199, "model": "scoreserver.answerhistory"}, {"fields": {"user": 5, "question": 4, "submit_flag": "FLAG_IS_QKtqqpPDWasSvWk"}, "pk": 200, "model": "scoreserver.answerhistory"}, {"fields": {"user": 28, "question": 9, "submit_flag": "FLAG_IS_RuRhBEQcXIrkBAf"}, "pk": 201, "model": "scoreserver.answerhistory"}, {"fields": {"user": 2, "question": 6, "submit_flag": "FLAG_IS_DkpiVYltVzfVwbV"}, "pk": 202, "model": "scoreserver.answerhistory"}, {"fields": {"user": 4, "question": 6, "submit_flag": "FLAG_IS_nFDunbdKQNxCuQk"}, "pk": 203, "model": "scoreserver.answerhistory"}, {"fields": {"user": 40, "question": 5, "submit_flag": "FLAG_IS_pojqlbFcjASRYdD"}, "pk": 204, "model": "scoreserver.answerhistory"}, {"fields": {"user": 37, "question": 3, "submit_flag": "FLAG_IS_cvtDsRnHSPcLDpL"}, "pk": 205, "model": "scoreserver.answerhistory"}, {"fields": {"user": 40, "question": 7, "submit_flag": "FLAG_IS_krKnDPzTNcDZQqY"}, "pk": 206, "model": "scoreserver.answerhistory"}, {"fields": {"user": 22, "question": 8, "submit_flag": "FLAG_IS_NdKUOwFFuQRuKFH"}, "pk": 207, "model": "scoreserver.answerhistory"}, {"fields": {"user": 13, "question": 4, "submit_flag": "FLAG_IS_eNAhIgtWElrFiYa"}, "pk": 208, "model": "scoreserver.answerhistory"}, {"fields": {"user": 15, "question": 1, "submit_flag": "FLAG_IS_LTwJZfbxudygTwZ"}, "pk": 209, "model": "scoreserver.answerhistory"}, {"fields": {"user": 33, "question": 1, "submit_flag": "FLAG_IS_qnCVWBEEDjPLSGY"}, "pk": 210, "model": "scoreserver.answerhistory"}, {"fields": {"user": 46, "question": 8, "submit_flag": "FLAG_IS_IBhuixxNYBvpVDF"}, "pk": 211, "model": "scoreserver.answerhistory"}, {"fields": {"user": 26, "question": 1, "submit_flag": "FLAG_IS_OraiRJDCMafyFeX"}, "pk": 212, "model": "scoreserver.answerhistory"}, {"fields": {"user": 49, "question": 1, "submit_flag": "FLAG_IS_FTBmDKhAVeeuaWw"}, "pk": 213, "model": "scoreserver.answerhistory"}, {"fields": {"user": 31, "question": 7, "submit_flag": "FLAG_IS_WuMoUvpXiwxrQPv"}, "pk": 214, "model": "scoreserver.answerhistory"}, {"fields": {"user": 23, "question": 4, "submit_flag": "FLAG_IS_leHGQsDMqOqizhP"}, "pk": 215, "model": "scoreserver.answerhistory"}, {"fields": {"user": 32, "question": 8, "submit_flag": "FLAG_IS_MaAmOnQmuJEdMNh"}, "pk": 216, "model": "scoreserver.answerhistory"}, {"fields": {"user": 27, "question": 2, "submit_flag": "FLAG_IS_gIVPiQwcFQBuQVj"}, "pk": 217, "model": "scoreserver.answerhistory"}, {"fields": {"user": 20, "question": 1, "submit_flag": "FLAG_IS_cNhaLCkKaewzjyh"}, "pk": 218, "model": "scoreserver.answerhistory"}, {"fields": {"user": 44, "question": 6, "submit_flag": "FLAG_IS_EBPzDkAOGNiAgYg"}, "pk": 219, "model": "scoreserver.answerhistory"}, {"fields": {"user": 46, "question": 3, "submit_flag": "FLAG_IS_FiqpfHvTGGStiXn"}, "pk": 220, "model": "scoreserver.answerhistory"}, {"fields": {"user": 38, "question": 3, "submit_flag": "FLAG_IS_uVgxNyJPmxgIWhn"}, "pk": 221, "model": "scoreserver.answerhistory"}, {"fields": {"user": 20, "question": 3, "submit_flag": "FLAG_IS_LdaMcXzMgSbiLjj"}, "pk": 222, "model": "scoreserver.answerhistory"}, {"fields": {"user": 43, "question": 1, "submit_flag": "FLAG_IS_wancPHvYfJgZqWh"}, "pk": 223, "model": "scoreserver.answerhistory"}, {"fields": {"user": 4, "question": 6, "submit_flag": "FLAG_IS_yddXUZAqryqHPGC"}, "pk": 224, "model": "scoreserver.answerhistory"}, {"fields": {"user": 49, "question": 1, "submit_flag": "FLAG_IS_hztfcesndNEiwVn"}, "pk": 225, "model": "scoreserver.answerhistory"}, {"fields": {"user": 43, "question": 1, "submit_flag": "FLAG_IS_zoxwIHAJwHNBkWs"}, "pk": 226, "model": "scoreserver.answerhistory"}, {"fields": {"user": 23, "question": 2, "submit_flag": "FLAG_IS_BgsexpkuBYkdXJH"}, "pk": 227, "model": "scoreserver.answerhistory"}, {"fields": {"user": 25, "question": 3, "submit_flag": "FLAG_IS_rFePMWUWkagnKZr"}, "pk": 228, "model": "scoreserver.answerhistory"}, {"fields": {"user": 5, "question": 4, "submit_flag": "FLAG_IS_kfIfiFfHSpAUfJm"}, "pk": 229, "model": "scoreserver.answerhistory"}, {"fields": {"user": 7, "question": 8, "submit_flag": "FLAG_IS_qPdPhqDFzzLshqZ"}, "pk": 230, "model": "scoreserver.answerhistory"}, {"fields": {"user": 22, "question": 3, "submit_flag": "FLAG_IS_mwgkRCGazOGKtiA"}, "pk": 231, "model": "scoreserver.answerhistory"}, {"fields": {"user": 30, "question": 2, "submit_flag": "FLAG_IS_YWEbdLSeWxrWZxP"}, "pk": 232, "model": "scoreserver.answerhistory"}, {"fields": {"user": 32, "question": 8, "submit_flag": "FLAG_IS_rNWUPFlKIUJERVm"}, "pk": 233, "model": "scoreserver.answerhistory"}, {"fields": {"user": 20, "question": 5, "submit_flag": "FLAG_IS_edtiwBkxTBKlAer"}, "pk": 234, "model": "scoreserver.answerhistory"}, {"fields": {"user": 16, "question": 9, "submit_flag": "FLAG_IS_mOanVyVRBRPGDmL"}, "pk": 235, "model": "scoreserver.answerhistory"}, {"fields": {"user": 22, "question": 1, "submit_flag": "FLAG_IS_OnmGDhAASSGwuMH"}, "pk": 236, "model": "scoreserver.answerhistory"}, {"fields": {"user": 8, "question": 6, "submit_flag": "FLAG_IS_yUtQxbQbLDkGHVb"}, "pk": 237, "model": "scoreserver.answerhistory"}, {"fields": {"user": 47, "question": 7, "submit_flag": "FLAG_IS_bEDkZKNVuUSDoEq"}, "pk": 238, "model": "scoreserver.answerhistory"}, {"fields": {"user": 46, "question": 7, "submit_flag": "FLAG_IS_QWPQESZsrwUCQnR"}, "pk": 239, "model": "scoreserver.answerhistory"}, {"fields": {"user": 19, "question": 2, "submit_flag": "FLAG_IS_WgbqQaWWqAUCsqH"}, "pk": 240, "model": "scoreserver.answerhistory"}, {"fields": {"user": 34, "question": 5, "submit_flag": "FLAG_IS_kJQOKsFiYSByXnl"}, "pk": 241, "model": "scoreserver.answerhistory"}, {"fields": {"user": 29, "question": 4, "submit_flag": "FLAG_IS_ppTaDKhDYMrsGUT"}, "pk": 242, "model": "scoreserver.answerhistory"}, {"fields": {"user": 9, "question": 7, "submit_flag": "FLAG_IS_kGwSpUukbvXsBnf"}, "pk": 243, "model": "scoreserver.answerhistory"}, {"fields": {"user": 47, "question": 1, "submit_flag": "FLAG_IS_ePLJvaHVtLjpBoX"}, "pk": 244, "model": "scoreserver.answerhistory"}, {"fields": {"user": 38, "question": 5, "submit_flag": "FLAG_IS_eVQNplkbdaWSbIo"}, "pk": 245, "model": "scoreserver.answerhistory"}, {"fields": {"user": 36, "question": 3, "submit_flag": "FLAG_IS_nELyPferJhcLZBL"}, "pk": 246, "model": "scoreserver.answerhistory"}, {"fields": {"user": 38, "question": 3, "submit_flag": "FLAG_IS_BTQmPKQIhqzxlvx"}, "pk": 247, "model": "scoreserver.answerhistory"}, {"fields": {"user": 45, "question": 2, "submit_flag": "FLAG_IS_TDWSMjicCPTKgFS"}, "pk": 248, "model": "scoreserver.answerhistory"}, {"fields": {"user": 6, "question": 6, "submit_flag": "FLAG_IS_sACEkMAxcVrFPRD"}, "pk": 249, "model": "scoreserver.answerhistory"}, {"fields": {"user": 42, "question": 1, "submit_flag": "FLAG_IS_DursALxmrQwvSKg"}, "pk": 250, "model": "scoreserver.answerhistory"}, {"fields": {"user": 1, "question": 3, "submit_flag": "FLAG_IS_EkZcLdAJOXFqDBr"}, "pk": 251, "model": "scoreserver.answerhistory"}, {"fields": {"user": 8, "question": 7, "submit_flag": "FLAG_IS_PuqWiWglBtmRBcG"}, "pk": 252, "model": "scoreserver.answerhistory"}, {"fields": {"user": 6, "question": 9, "submit_flag": "FLAG_IS_eHhOfeCfdKZSVRm"}, "pk": 253, "model": "scoreserver.answerhistory"}, {"fields": {"user": 47, "question": 8, "submit_flag": "FLAG_IS_aSjiJJybneEEmfE"}, "pk": 254, "model": "scoreserver.answerhistory"}, {"fields": {"user": 40, "question": 5, "submit_flag": "FLAG_IS_YpfLXLZqRyRisCr"}, "pk": 255, "model": "scoreserver.answerhistory"}, {"fields": {"user": 25, "question": 1, "submit_flag": "FLAG_IS_YkCAJDoYVRuVhlw"}, "pk": 256, "model": "scoreserver.answerhistory"}, {"fields": {"user": 10, "question": 5, "submit_flag": "FLAG_IS_QvzXdQgklvDEYsO"}, "pk": 257, "model": "scoreserver.answerhistory"}, {"fields": {"user": 46, "question": 8, "submit_flag": "FLAG_IS_wvBwLbBTZezMiWe"}, "pk": 258, "model": "scoreserver.answerhistory"}, {"fields": {"user": 14, "question": 5, "submit_flag": "FLAG_IS_TmxNFzSRkzUWNbs"}, "pk": 259, "model": "scoreserver.answerhistory"}, {"fields": {"user": 21, "question": 5, "submit_flag": "FLAG_IS_FClhVUDuWruEBLM"}, "pk": 260, "model": "scoreserver.answerhistory"}, {"fields": {"user": 32, "question": 3, "submit_flag": "FLAG_IS_xdUBTBlGyLjCkGq"}, "pk": 261, "model": "scoreserver.answerhistory"}, {"fields": {"user": 7, "question": 6, "submit_flag": "FLAG_IS_OduqxLGSzdsSBbP"}, "pk": 262, "model": "scoreserver.answerhistory"}, {"fields": {"user": 47, "question": 1, "submit_flag": "FLAG_IS_DaqYOIiKBWIaQwi"}, "pk": 263, "model": "scoreserver.answerhistory"}, {"fields": {"user": 39, "question": 8, "submit_flag": "FLAG_IS_IEtHvmjGBNZSSqB"}, "pk": 264, "model": "scoreserver.answerhistory"}, {"fields": {"user": 32, "question": 2, "submit_flag": "FLAG_IS_VvdLdYQidqUwtzN"}, "pk": 265, "model": "scoreserver.answerhistory"}, {"fields": {"user": 2, "question": 4, "submit_flag": "FLAG_IS_OnIMdYvnTHXpMNo"}, "pk": 266, "model": "scoreserver.answerhistory"}, {"fields": {"user": 21, "question": 2, "submit_flag": "FLAG_IS_dPdQbjklEhCKmeT"}, "pk": 267, "model": "scoreserver.answerhistory"}, {"fields": {"user": 31, "question": 5, "submit_flag": "FLAG_IS_gvBQxnhrtqZSIiA"}, "pk": 268, "model": "scoreserver.answerhistory"}, {"fields": {"user": 16, "question": 6, "submit_flag": "FLAG_IS_uYRXuoCAfJEEcyM"}, "pk": 269, "model": "scoreserver.answerhistory"}, {"fields": {"user": 40, "question": 8, "submit_flag": "FLAG_IS_DqJKQaxqNyrBttO"}, "pk": 270, "model": "scoreserver.answerhistory"}, {"fields": {"user": 21, "question": 8, "submit_flag": "FLAG_IS_HfgcDJmsAHwIsyw"}, "pk": 271, "model": "scoreserver.answerhistory"}, {"fields": {"user": 39, "question": 1, "submit_flag": "FLAG_IS_ToxXaYbIzPPadYz"}, "pk": 272, "model": "scoreserver.answerhistory"}, {"fields": {"user": 11, "question": 5, "submit_flag": "FLAG_IS_qBgTtfQwWAnfTKG"}, "pk": 273, "model": "scoreserver.answerhistory"}, {"fields": {"user": 26, "question": 2, "submit_flag": "FLAG_IS_pLLUUqzaEhgcBJo"}, "pk": 274, "model": "scoreserver.answerhistory"}, {"fields": {"user": 17, "question": 1, "submit_flag": "FLAG_IS_SGFpakifRBckPNW"}, "pk": 275, "model": "scoreserver.answerhistory"}, {"fields": {"user": 36, "question": 7, "submit_flag": "FLAG_IS_UOfKZPjRRUpydRN"}, "pk": 276, "model": "scoreserver.answerhistory"}, {"fields": {"user": 19, "question": 4, "submit_flag": "FLAG_IS_QmLekVElvhrerSq"}, "pk": 277, "model": "scoreserver.answerhistory"}, {"fields": {"user": 25, "question": 8, "submit_flag": "FLAG_IS_OCyczcVwetoehwp"}, "pk": 278, "model": "scoreserver.answerhistory"}, {"fields": {"user": 4, "question": 5, "submit_flag": "FLAG_IS_fYGKVfqBKqRBMmQ"}, "pk": 279, "model": "scoreserver.answerhistory"}, {"fields": {"user": 8, "question": 5, "submit_flag": "FLAG_IS_rXQhGVHNBhgLxmf"}, "pk": 280, "model": "scoreserver.answerhistory"}, {"fields": {"user": 32, "question": 3, "submit_flag": "FLAG_IS_ZWoCqSgGvKXntcU"}, "pk": 281, "model": "scoreserver.answerhistory"}, {"fields": {"user": 15, "question": 2, "submit_flag": "FLAG_IS_lkAXbeUicxiWalX"}, "pk": 282, "model": "scoreserver.answerhistory"}, {"fields": {"user": 14, "question": 6, "submit_flag": "FLAG_IS_DEassHghbTjjwEW"}, "pk": 283, "model": "scoreserver.answerhistory"}, {"fields": {"user": 7, "question": 4, "submit_flag": "FLAG_IS_ZWSllYRohcpsdes"}, "pk": 284, "model": "scoreserver.answerhistory"}, {"fields": {"user": 33, "question": 5, "submit_flag": "FLAG_IS_nWNHjQcBGGrRIoF"}, "pk": 285, "model": "scoreserver.answerhistory"}, {"fields": {"user": 29, "question": 4, "submit_flag": "FLAG_IS_crDLRJYhOYHGZlP"}, "pk": 286, "model": "scoreserver.answerhistory"}, {"fields": {"user": 25, "question": 4, "submit_flag": "FLAG_IS_xITmwWGULxHRsRV"}, "pk": 287, "model": "scoreserver.answerhistory"}, {"fields": {"user": 14, "question": 3, "submit_flag": "FLAG_IS_IqzfInIbtYsmvgB"}, "pk": 288, "model": "scoreserver.answerhistory"}, {"fields": {"user": 12, "question": 1, "submit_flag": "FLAG_IS_YSdDMujqrTgfyGT"}, "pk": 289, "model": "scoreserver.answerhistory"}, {"fields": {"user": 15, "question": 9, "submit_flag": "FLAG_IS_jqGFaLloJUfIgvF"}, "pk": 290, "model": "scoreserver.answerhistory"}, {"fields": {"user": 17, "question": 4, "submit_flag": "FLAG_IS_fVZnOuHGWRoTVGu"}, "pk": 291, "model": "scoreserver.answerhistory"}, {"fields": {"user": 4, "question": 4, "submit_flag": "FLAG_IS_aDMPzZPgjDvfQcf"}, "pk": 292, "model": "scoreserver.answerhistory"}, {"fields": {"user": 21, "question": 6, "submit_flag": "FLAG_IS_uKxnfLiqajNbxkP"}, "pk": 293, "model": "scoreserver.answerhistory"}, {"fields": {"user": 4, "question": 5, "submit_flag": "FLAG_IS_acWodMyVcPchdhu"}, "pk": 294, "model": "scoreserver.answerhistory"}, {"fields": {"user": 28, "question": 6, "submit_flag": "FLAG_IS_sDuWaGegRxfErJD"}, "pk": 295, "model": "scoreserver.answerhistory"}, {"fields": {"user": 22, "question": 7, "submit_flag": "FLAG_IS_tPPgsVUUQBVIKFN"}, "pk": 296, "model": "scoreserver.answerhistory"}, {"fields": {"user": 6, "question": 3, "submit_flag": "FLAG_IS_tJZchktQwBZLbbu"}, "pk": 297, "model": "scoreserver.answerhistory"}, {"fields": {"user": 4, "question": 8, "submit_flag": "FLAG_IS_OClfRLZbnbQCXZG"}, "pk": 298, "model": "scoreserver.answerhistory"}, {"fields": {"user": 49, "question": 5, "submit_flag": "FLAG_IS_QqSHEgkXaQUHzwM"}, "pk": 299, "model": "scoreserver.answerhistory"}]