[{"fields": {"name": "Web"}, "model": "scoreserver.category", "pk": 1}, {"fields": {"name": "Network"}, "model": "scoreserver.category", "pk": 2}, {"fields": {"name": "Binary"}, "model": "scoreserver.category", "pk": 3}, {"fields": {"name": "Forensics"}, "model": "scoreserver.category", "pk": 4}, {"fields": {"name": "Crypto"}, "model": "scoreserver.category", "pk": 5}, {"fields": {"name": "Misc"}, "model": "scoreserver.category", "pk": 6}, {"fields": {"problem_url": "http://example.com/zntwDfhaaNbabxazrMyDYnvZngBtKw", "title": "Question_title:cHSMlMgUCqYxeyx", "category": 4, "description": "Question_desc:SVMGcZWVPqRrPvVgdXkmVpNjOuvbLYVvFSrkAIaYKJpApOgqyIBxlIJrWltRZYKagGFYDZARoLTBBrLJnaeLCzkcsEbYJhVNzjLX", "solved": 20}, "model": "scoreserver.question", "pk": 0}, {"fields": {"problem_url": "http://example.com/YEERAknztCjGDFxoLRRcXLRxPwEfdh", "title": "Question_title:ibMhjuKwzAMMcLH", "category": 5, "description": "Question_desc:nyxQMzxctWRUdzUWEGHoawPLSvURtVXhxRcoKcZgSsBoOHVzLOrFXXidVxXKVjbzdtUzmOPpoIxTDKZYzHtpPlXGLbrZZwvqyCiw", "solved": 16}, "model": "scoreserver.question", "pk": 1}, {"fields": {"problem_url": "http://example.com/JxiaKrrMWfipuhLbEdhNsWOhigypOJ", "title": "Question_title:CZCcFPkgPhNdReC", "category": 6, "description": "Question_desc:mZrOuUDzliydiLpKtTOWAqtdjFUSLyATaglWdkcbZtjlyZuBrXZFTNiyxcdkEAHlnbyAnSzyPoXGVJnCIVypVAzxSfZQVoUTaPnA", "solved": 8}, "model": "scoreserver.question", "pk": 2}, {"fields": {"problem_url": "http://example.com/NMjNrijuMSicKuNFtrwpumPVPTMWGw", "title": "Question_title:NTgjbBCoFOsccRq", "category": 3, "description": "Question_desc:YMnHynCVYJJlAfzNUdvSnQfoxIMkOCBohfniliSfQAxDlODOIKktphZYMEKrJyYQmCXFaJNzGlmzrimyhCRCQXSzWzwxHwPhgrvq", "solved": 5}, "model": "scoreserver.question", "pk": 3}, {"fields": {"problem_url": "http://example.com/ubaLERwpVxRsbixgrzPELrSsFrltXM", "title": "Question_title:CoyOIGEVjzPptMk", "category": 2, "description": "Question_desc:HtvhUVUwSntocElNabotEiVgitrIzbDgZNUxpdKRhmfgnJanxDbDvlzmMEHzdfDZtKmckyUCuSiowGbUDBDgBpewNwokaWmkqEcC", "solved": 20}, "model": "scoreserver.question", "pk": 4}, {"fields": {"problem_url": "http://example.com/QHknLkVmTEeCsZtftebATZjWicHXKi", "title": "Question_title:kYYimerMguYWyfK", "category": 3, "description": "Question_desc:aqeyAhCTlcbmeLZdflsuljzHtBWxbOuFyHcRDouarJWZukwtBukQcdqEDjdlXbAzFckNSXRuvrOAByZpISOOqMlriNsOkxREPkVk", "solved": 11}, "model": "scoreserver.question", "pk": 5}, {"fields": {"problem_url": "http://example.com/mZPyrbFaKGWiNvwYBcECsIhzkgqECm", "title": "Question_title:kOHzDKGsXbaJxuc", "category": 5, "description": "Question_desc:CxSVsYuAMmWdiFloMfSJRHZyfiVRdXjZcPtzdoEAQOcVqpkHmthYmuhVkeOZShVBzPGsWsPbfrwlqHDgMTUCxUphISsLOsGfUobs", "solved": 7}, "model": "scoreserver.question", "pk": 6}, {"fields": {"problem_url": "http://example.com/hXgTeEVnEAJPdXRYKiYADAHhGAAmpp", "title": "Question_title:tUvgpKtseoIzXda", "category": 5, "description": "Question_desc:lceOIoEOzEXXjjWSBpzVnInxIFomYeteegYZBHHXMoDNQDpiVlcJugebDslyDxesWnmQqnwQvDqJgrAvyNVxMQkrLEuuQFnyyGOy", "solved": 12}, "model": "scoreserver.question", "pk": 7}, {"fields": {"problem_url": "http://example.com/HvPoAzKZARHVCJJWDsXrWPXKXvgAyW", "title": "Question_title:UNdFfVfdHjCkmAV", "category": 1, "description": "Question_desc:GvYJmqcqygWjnLGsqCoAxyAdSPcyaWPtsJHMQuhyYNuGkqUMhjBGslXFeoIIYUjCSuPuOIapALIunGwSBVpedyKRcofEyetZdEHA", "solved": 12}, "model": "scoreserver.question", "pk": 8}, {"fields": {"problem_url": "http://example.com/tpKLVJgtaykfMPXZahLbQreVOMOHei", "title": "Question_title:KUZnpIeJecqCHkZ", "category": 4, "description": "Question_desc:kZKwJYScbzdHyNqzRdycCcpFYPeOUqjtzyXWIrEpinoDXApDOIEsypzzMVyYmzPsvvxZaocgkMLQYchBqbTEWCVpbCvWcbvoIfEv", "solved": 4}, "model": "scoreserver.question", "pk": 9}, {"fields": {"point": 100, "flag": "FLAG_IS_[vJJVRoVOzxIKcUd]", "question": 8}, "model": "scoreserver.flag", "pk": 0}, {"fields": {"point": 1000, "flag": "FLAG_IS_[yFSyIsgvYnIPIXD]", "question": 3}, "model": "scoreserver.flag", "pk": 1}, {"fields": {"point": 500, "flag": "FLAG_IS_[SjKPDPOmyKBRGjp]", "question": 4}, "model": "scoreserver.flag", "pk": 2}, {"fields": {"point": 400, "flag": "FLAG_IS_[bVUedmBRSXlraxX]", "question": 2}, "model": "scoreserver.flag", "pk": 3}, {"fields": {"point": 300, "flag": "FLAG_IS_[VxDpfRJDLRfiDtq]", "question": 6}, "model": "scoreserver.flag", "pk": 4}, {"fields": {"point": 900, "flag": "FLAG_IS_[SsCouThNvOBHNua]", "question": 4}, "model": "scoreserver.flag", "pk": 5}, {"fields": {"point": 200, "flag": "FLAG_IS_[KQWrxiAtBPjlLNB]", "question": 8}, "model": "scoreserver.flag", "pk": 6}, {"fields": {"point": 400, "flag": "FLAG_IS_[fMOEeMNjkVrcOaf]", "question": 8}, "model": "scoreserver.flag", "pk": 7}, {"fields": {"point": 800, "flag": "FLAG_IS_[KUBJwkNKysZRoLo]", "question": 5}, "model": "scoreserver.flag", "pk": 8}, {"fields": {"point": 400, "flag": "FLAG_IS_[qoEyKVtkxssANDW]", "question": 6}, "model": "scoreserver.flag", "pk": 9}, {"fields": {"point": 1100, "flag": "FLAG_IS_[lvFmlDRNXEiBUzn]", "question": 9}, "model": "scoreserver.flag", "pk": 10}, {"fields": {"point": 600, "flag": "FLAG_IS_[hJCOGEbIHNJGyRx]", "question": 9}, "model": "scoreserver.flag", "pk": 11}, {"fields": {"point": 800, "flag": "FLAG_IS_[ghhFgYOLIipnrHr]", "question": 7}, "model": "scoreserver.flag", "pk": 12}, {"fields": {"point": 400, "flag": "FLAG_IS_[goqtNydzpSTMpIv]", "question": 1}, "model": "scoreserver.flag", "pk": 13}, {"fields": {"point": 800, "flag": "FLAG_IS_[nxkkZqptoaCpgXi]", "question": 6}, "model": "scoreserver.flag", "pk": 14}, {"fields": {"point": 300, "flag": "FLAG_IS_[dmHMlfPuNeUFtam]", "question": 8}, "model": "scoreserver.flag", "pk": 15}, {"fields": {"point": 1100, "flag": "FLAG_IS_[iIUdiVzhRDWeXEn]", "question": 1}, "model": "scoreserver.flag", "pk": 16}, {"fields": {"point": 200, "flag": "FLAG_IS_[ZiCWsDxIWvlNfkC]", "question": 6}, "model": "scoreserver.flag", "pk": 17}, {"fields": {"point": 800, "flag": "FLAG_IS_[JRzOkQtbKpvBHYm]", "question": 5}, "model": "scoreserver.flag", "pk": 18}, {"fields": {"point": 1000, "flag": "FLAG_IS_[PmbfziaPifRVhGl]", "question": 7}, "model": "scoreserver.flag", "pk": 19}, {"fields": {"point": 600, "flag": "FLAG_IS_[NtDfGVRNaBWIEyu]", "question": 2}, "model": "scoreserver.flag", "pk": 20}, {"fields": {"point": 1000, "flag": "FLAG_IS_[IafcFCdZaIJJRzt]", "question": 2}, "model": "scoreserver.flag", "pk": 21}, {"fields": {"point": 1100, "flag": "FLAG_IS_[FvEssseltWGtCth]", "question": 2}, "model": "scoreserver.flag", "pk": 22}, {"fields": {"point": 700, "flag": "FLAG_IS_[SMXHJfikdaPpCmV]", "question": 8}, "model": "scoreserver.flag", "pk": 23}, {"fields": {"point": 1000, "flag": "FLAG_IS_[RMAsIgWJJwbYtPq]", "question": 9}, "model": "scoreserver.flag", "pk": 24}, {"fields": {"point": 700, "flag": "FLAG_IS_[EHdSuYUtvpilerX]", "question": 6}, "model": "scoreserver.flag", "pk": 25}, {"fields": {"point": 500, "flag": "FLAG_IS_[AEiKpeomwPYzDsW]", "question": 1}, "model": "scoreserver.flag", "pk": 26}, {"fields": {"point": 600, "flag": "FLAG_IS_[kmRVnUqgdLLvfMo]", "question": 8}, "model": "scoreserver.flag", "pk": 27}, {"fields": {"point": 1000, "flag": "FLAG_IS_[SQkQdJXftpqhUAf]", "question": 8}, "model": "scoreserver.flag", "pk": 28}, {"fields": {"point": 300, "flag": "FLAG_IS_[QKkPvxxSLjfNYur]", "question": 6}, "model": "scoreserver.flag", "pk": 29}, {"fields": {"point": 200, "flag": "FLAG_IS_[mNHgZzIyRivitTP]", "question": 8}, "model": "scoreserver.flag", "pk": 30}, {"fields": {"point": 1100, "flag": "FLAG_IS_[kpEzpkcSuNfsCTo]", "question": 5}, "model": "scoreserver.flag", "pk": 31}, {"fields": {"point": 500, "flag": "FLAG_IS_[CpjolsOWgNsoUXm]", "question": 5}, "model": "scoreserver.flag", "pk": 32}, {"fields": {"point": 1100, "flag": "FLAG_IS_[XBDZhXBtvrxXBtE]", "question": 8}, "model": "scoreserver.flag", "pk": 33}, {"fields": {"point": 400, "flag": "FLAG_IS_[cwSILznQoHzYxpd]", "question": 8}, "model": "scoreserver.flag", "pk": 34}, {"fields": {"point": 200, "flag": "FLAG_IS_[SnUyPuyiuOUCktj]", "question": 1}, "model": "scoreserver.flag", "pk": 35}, {"fields": {"point": 700, "flag": "FLAG_IS_[YmVTRxlWOtGwNdj]", "question": 4}, "model": "scoreserver.flag", "pk": 36}, {"fields": {"point": 500, "flag": "FLAG_IS_[gGsCTsWcdQCUCyS]", "question": 8}, "model": "scoreserver.flag", "pk": 37}, {"fields": {"point": 800, "flag": "FLAG_IS_[zlAusIZXMIhbRuG]", "question": 9}, "model": "scoreserver.flag", "pk": 38}, {"fields": {"point": 1100, "flag": "FLAG_IS_[QPxPKXLvtXLWECh]", "question": 5}, "model": "scoreserver.flag", "pk": 39}, {"fields": {"point": 1100, "flag": "FLAG_IS_[kGKtalHCeFxjHvn]", "question": 3}, "model": "scoreserver.flag", "pk": 40}, {"fields": {"point": 600, "flag": "FLAG_IS_[xkVbTVPsFldLzxy]", "question": 8}, "model": "scoreserver.flag", "pk": 41}, {"fields": {"point": 500, "flag": "FLAG_IS_[XKaldboLCQtbdIT]", "question": 8}, "model": "scoreserver.flag", "pk": 42}, {"fields": {"point": 800, "flag": "FLAG_IS_[sBlSuXsJInVGwGV]", "question": 3}, "model": "scoreserver.flag", "pk": 43}, {"fields": {"point": 500, "flag": "FLAG_IS_[BNpTsBoVfAHHhHF]", "question": 3}, "model": "scoreserver.flag", "pk": 44}, {"fields": {"point": 200, "flag": "FLAG_IS_[tAZfbQhFPmUIseg]", "question": 6}, "model": "scoreserver.flag", "pk": 45}, {"fields": {"point": 700, "flag": "FLAG_IS_[nJLTSmGQakmwtwA]", "question": 8}, "model": "scoreserver.flag", "pk": 46}, {"fields": {"point": 400, "flag": "FLAG_IS_[FNpcSnZrHiSYRVJ]", "question": 8}, "model": "scoreserver.flag", "pk": 47}, {"fields": {"point": 1000, "flag": "FLAG_IS_[BXlhBMBMZXMvnUv]", "question": 3}, "model": "scoreserver.flag", "pk": 48}, {"fields": {"point": 400, "flag": "FLAG_IS_[OKLtlvbLfMQfsRe]", "question": 9}, "model": "scoreserver.flag", "pk": 49}, {"fields": {"username": "user0", "password": "pbkdf2_sha256$24000$kRCrSySKhMby$B5KUGJYuIZJVrBX4xrx7OZIT+fnpdm01sQ1/XEL54O0="}, "model": "auth.user", "pk": 0}, {"fields": {"username": "user1", "password": "pbkdf2_sha256$24000$iQFEBBJVw6Fa$kmJ1tJ0bBw9WlKwjS2sOHdexx3gS1hzBu+rjXPX7tSc="}, "model": "auth.user", "pk": 1}, {"fields": {"username": "user2", "password": "pbkdf2_sha256$24000$VTPNpl6U8Vyd$QyLyBrWEbLndgDMhu3vwB94ugdWdZIP9tbHMVxFLlSc="}, "model": "auth.user", "pk": 2}, {"fields": {"username": "user3", "password": "pbkdf2_sha256$24000$5zQpQqFiMzQ1$+PUw98d47pwtqJn6rgVVpMJij3JUBTfQth4opFm1h2U="}, "model": "auth.user", "pk": 3}, {"fields": {"username": "user4", "password": "pbkdf2_sha256$24000$RFZXWUucH07z$z+xl1pMaUKTV1YGcygtr5zo1wJ83mYULwAiX1zdGJJ8="}, "model": "auth.user", "pk": 4}, {"fields": {"username": "user5", "password": "pbkdf2_sha256$24000$M6tqScj2wL1o$OYH5mHPF2pOrBNU4Kc2xLjZDVxPZxem1YNryxg3gxA8="}, "model": "auth.user", "pk": 5}, {"fields": {"username": "user6", "password": "pbkdf2_sha256$24000$55f7T8HRhRTb$nrCATigVpO9xQCvlBsYJC6MEayCAZAiWLNm1ctWVFaw="}, "model": "auth.user", "pk": 6}, {"fields": {"username": "user7", "password": "pbkdf2_sha256$24000$OBnHk9FrqaiU$Ot1U8kIIZTI+Mdl6pEgj1qtutveBij5eRotzPS/uMhA="}, "model": "auth.user", "pk": 7}, {"fields": {"username": "user8", "password": "pbkdf2_sha256$24000$18nbXbPvVSNS$oJ4w0G6UYniIR9/MREoE+YhROEnjWUMaNlWVsP+Luhk="}, "model": "auth.user", "pk": 8}, {"fields": {"username": "user9", "password": "pbkdf2_sha256$24000$aYTmOH3g8CPa$7jwbVEXfzFmwRp92T+gGyYKUvV3+u2eGRTBkWbkq5mE="}, "model": "auth.user", "pk": 9}, {"fields": {"description": "jtqvymWboEknIetwvIHptGwuoLxlsMevbRJGyBOCZtjcWQJYuXPMFnQoIrjLBEHVlEOUdMlzfIYbleCRfGJCnHHzTzyuqigMYsuY", "question": 1}, "model": "scoreserver.hint", "pk": 0}, {"fields": {"description": "QMjzYBiuVrHMtwjCieeKdeRtpjIKGNkXQzppDrFzyXJgYkfSEfPRoXHhUslnKHoccQnGTlRHAxyyuELZHNIXGsIRpCPnTQyFoKyK", "question": 9}, "model": "scoreserver.hint", "pk": 1}, {"fields": {"description": "ICdAOKnOkvsHjAVKtgAeSsmnpkACSnKKIojZpjBEIKpZjxtkmSuCbENiLLmMYSLoBzELxrwtymvoLTmanabTMDrCDApiXKmyVnWt", "question": 5}, "model": "scoreserver.hint", "pk": 2}, {"fields": {"description": "pldIxjMtrPZaIfXwmpPMfMdNewOiRVvzzuYpsYuTXfcNSFPwYMXWKdEGqcwmijiDPipmAnVFAiLuTKKyOdSOCuZLTBlTElZejohw", "question": 1}, "model": "scoreserver.hint", "pk": 3}, {"fields": {"description": "JGQRYMVOXARVDNBpOsgqKWrqIVramVXnFNnDatPURkRFlQtaisyIWmCowQZkmUGGWYHVXuCOXGgYQMCInrRCbpvIwjocFsNQxmBC", "question": 9}, "model": "scoreserver.hint", "pk": 4}, {"fields": {"description": "FHJuyenwObtabLGloLsybIiVLZPxWsPAEQepaAIWtaVGsTGrGikAoFRFxMTrJrFICyVbLeuezsElgaISgqDTAwrbVlMfpnjkEdtn", "question": 9}, "model": "scoreserver.hint", "pk": 5}, {"fields": {"description": "BtBGgzIJvgeVRlVxOnmZbTrUrBKphQiHbriUHVqyEbZCMpItsSayMPEwjEYjqoixrAPSMnLZKajZehTXUlvYaVAoExFQRHZmxCDw", "question": 4}, "model": "scoreserver.hint", "pk": 6}, {"fields": {"description": "LUBxJTFetCDObvLTpRtnNcqDdrooJpkOiIKglbRQzodMiWlyGeuIqcXpBkyHHwbftAeUityZoYYSvKqbAFVmRDGvdQUTYaANxybx", "question": 4}, "model": "scoreserver.hint", "pk": 7}, {"fields": {"description": "brBmCYMoGpXrLlEHvaJHhRuMKGRMhkuIgYywlPQZioBrwEZOXmAVoyGoRmDYQJoePBxXKpAKhsmtNMELyQZBsqktsJwebRCEPtxF", "question": 8}, "model": "scoreserver.hint", "pk": 8}, {"fields": {"description": "QYXCYhJJPYKIduDQyheVAhXYRfEOtkJgtJDvFtUPZakECGLswFMDQyVgHANBxeqKgNPhHkZpWzaWDGIbcxIXnvrvQTfInwGqUwUM", "question": 5}, "model": "scoreserver.hint", "pk": 9}, {"fields": {"point": 100, "user": 6, "question": 6}, "model": "scoreserver.attackpointhistory", "pk": 0}, {"fields": {"point": 100, "user": 2, "question": 9}, "model": "scoreserver.attackpointhistory", "pk": 1}, {"fields": {"point": 900, "user": 2, "question": 8}, "model": "scoreserver.attackpointhistory", "pk": 2}, {"fields": {"point": 600, "user": 9, "question": 8}, "model": "scoreserver.attackpointhistory", "pk": 3}, {"fields": {"point": 900, "user": 6, "question": 3}, "model": "scoreserver.attackpointhistory", "pk": 4}, {"fields": {"point": 300, "user": 7, "question": 6}, "model": "scoreserver.attackpointhistory", "pk": 5}, {"fields": {"point": 700, "user": 2, "question": 6}, "model": "scoreserver.attackpointhistory", "pk": 6}, {"fields": {"point": 500, "user": 9, "question": 8}, "model": "scoreserver.attackpointhistory", "pk": 7}, {"fields": {"point": 300, "user": 7, "question": 2}, "model": "scoreserver.attackpointhistory", "pk": 8}, {"fields": {"point": 300, "user": 1, "question": 7}, "model": "scoreserver.attackpointhistory", "pk": 9}, {"fields": {"point": 300, "user": 8, "question": 3}, "model": "scoreserver.attackpointhistory", "pk": 10}, {"fields": {"point": 600, "user": 6, "question": 7}, "model": "scoreserver.attackpointhistory", "pk": 11}, {"fields": {"point": 200, "user": 3, "question": 3}, "model": "scoreserver.attackpointhistory", "pk": 12}, {"fields": {"point": 700, "user": 5, "question": 3}, "model": "scoreserver.attackpointhistory", "pk": 13}, {"fields": {"point": 900, "user": 3, "question": 1}, "model": "scoreserver.attackpointhistory", "pk": 14}, {"fields": {"point": 900, "user": 8, "question": 7}, "model": "scoreserver.attackpointhistory", "pk": 15}, {"fields": {"point": 1000, "user": 3, "question": 3}, "model": "scoreserver.attackpointhistory", "pk": 16}, {"fields": {"point": 300, "user": 9, "question": 1}, "model": "scoreserver.attackpointhistory", "pk": 17}, {"fields": {"point": 300, "user": 5, "question": 5}, "model": "scoreserver.attackpointhistory", "pk": 18}, {"fields": {"point": 300, "user": 8, "question": 3}, "model": "scoreserver.attackpointhistory", "pk": 19}, {"fields": {"point": 500, "user": 3, "question": 7}, "model": "scoreserver.attackpointhistory", "pk": 20}, {"fields": {"point": 1000, "user": 9, "question": 2}, "model": "scoreserver.attackpointhistory", "pk": 21}, {"fields": {"point": 1000, "user": 8, "question": 1}, "model": "scoreserver.attackpointhistory", "pk": 22}, {"fields": {"point": 600, "user": 4, "question": 3}, "model": "scoreserver.attackpointhistory", "pk": 23}, {"fields": {"point": 200, "user": 8, "question": 2}, "model": "scoreserver.attackpointhistory", "pk": 24}, {"fields": {"point": 900, "user": 4, "question": 8}, "model": "scoreserver.attackpointhistory", "pk": 25}, {"fields": {"point": 900, "user": 7, "question": 3}, "model": "scoreserver.attackpointhistory", "pk": 26}, {"fields": {"point": 600, "user": 4, "question": 1}, "model": "scoreserver.attackpointhistory", "pk": 27}, {"fields": {"point": 500, "user": 1, "question": 5}, "model": "scoreserver.attackpointhistory", "pk": 28}, {"fields": {"point": 700, "user": 9, "question": 4}, "model": "scoreserver.attackpointhistory", "pk": 29}, {"fields": {"point": 500, "user": 5, "question": 7}, "model": "scoreserver.attackpointhistory", "pk": 30}, {"fields": {"point": 600, "user": 4, "question": 3}, "model": "scoreserver.attackpointhistory", "pk": 31}, {"fields": {"point": 400, "user": 3, "question": 9}, "model": "scoreserver.attackpointhistory", "pk": 32}, {"fields": {"point": 700, "user": 5, "question": 4}, "model": "scoreserver.attackpointhistory", "pk": 33}, {"fields": {"point": 300, "user": 2, "question": 6}, "model": "scoreserver.attackpointhistory", "pk": 34}, {"fields": {"point": 700, "user": 7, "question": 7}, "model": "scoreserver.attackpointhistory", "pk": 35}, {"fields": {"point": 900, "user": 6, "question": 5}, "model": "scoreserver.attackpointhistory", "pk": 36}, {"fields": {"point": 400, "user": 5, "question": 2}, "model": "scoreserver.attackpointhistory", "pk": 37}, {"fields": {"point": 200, "user": 5, "question": 1}, "model": "scoreserver.attackpointhistory", "pk": 38}, {"fields": {"point": 900, "user": 3, "question": 7}, "model": "scoreserver.attackpointhistory", "pk": 39}, {"fields": {"point": 600, "user": 7, "question": 5}, "model": "scoreserver.attackpointhistory", "pk": 40}, {"fields": {"point": 500, "user": 2, "question": 9}, "model": "scoreserver.attackpointhistory", "pk": 41}, {"fields": {"point": 600, "user": 6, "question": 6}, "model": "scoreserver.attackpointhistory", "pk": 42}, {"fields": {"point": 700, "user": 4, "question": 5}, "model": "scoreserver.attackpointhistory", "pk": 43}, {"fields": {"point": 500, "user": 2, "question": 3}, "model": "scoreserver.attackpointhistory", "pk": 44}, {"fields": {"point": 400, "user": 9, "question": 5}, "model": "scoreserver.attackpointhistory", "pk": 45}, {"fields": {"point": 1000, "user": 4, "question": 5}, "model": "scoreserver.attackpointhistory", "pk": 46}, {"fields": {"point": 600, "user": 9, "question": 8}, "model": "scoreserver.attackpointhistory", "pk": 47}, {"fields": {"point": 800, "user": 6, "question": 4}, "model": "scoreserver.attackpointhistory", "pk": 48}, {"fields": {"point": 600, "user": 2, "question": 4}, "model": "scoreserver.attackpointhistory", "pk": 49}, {"fields": {"user": 7, "submit_flag": "FLAG_IS_nJQhHPYZHAHSMly", "question": 7}, "model": "scoreserver.answerhistory", "pk": 0}, {"fields": {"user": 2, "submit_flag": "FLAG_IS_ekZGAshCfjNvrGN", "question": 2}, "model": "scoreserver.answerhistory", "pk": 1}, {"fields": {"user": 4, "submit_flag": "FLAG_IS_NSJeymEFIZlyKEc", "question": 1}, "model": "scoreserver.answerhistory", "pk": 2}, {"fields": {"user": 9, "submit_flag": "FLAG_IS_jGgfIIcJBWsrlzU", "question": 1}, "model": "scoreserver.answerhistory", "pk": 3}, {"fields": {"user": 7, "submit_flag": "FLAG_IS_gOiWtQXywiklXkk", "question": 6}, "model": "scoreserver.answerhistory", "pk": 4}, {"fields": {"user": 5, "submit_flag": "FLAG_IS_vJPGkKrYSDwgVWg", "question": 7}, "model": "scoreserver.answerhistory", "pk": 5}, {"fields": {"user": 8, "submit_flag": "FLAG_IS_hICIRvsrcNmrlJn", "question": 7}, "model": "scoreserver.answerhistory", "pk": 6}, {"fields": {"user": 1, "submit_flag": "FLAG_IS_FfzKlbJgvoNZyeQ", "question": 8}, "model": "scoreserver.answerhistory", "pk": 7}, {"fields": {"user": 8, "submit_flag": "FLAG_IS_oHiadkmVfPgmpVK", "question": 9}, "model": "scoreserver.answerhistory", "pk": 8}, {"fields": {"user": 1, "submit_flag": "FLAG_IS_VRPAcIoQTXDLjZE", "question": 4}, "model": "scoreserver.answerhistory", "pk": 9}, {"fields": {"user": 4, "submit_flag": "FLAG_IS_hbrWLdLQTRAxaGH", "question": 2}, "model": "scoreserver.answerhistory", "pk": 10}, {"fields": {"user": 7, "submit_flag": "FLAG_IS_DeuzOXrxOInIfqr", "question": 3}, "model": "scoreserver.answerhistory", "pk": 11}, {"fields": {"user": 9, "submit_flag": "FLAG_IS_fyAfcNFtEFAACKo", "question": 4}, "model": "scoreserver.answerhistory", "pk": 12}, {"fields": {"user": 6, "submit_flag": "FLAG_IS_OHCPiStMmkCWtEF", "question": 3}, "model": "scoreserver.answerhistory", "pk": 13}, {"fields": {"user": 9, "submit_flag": "FLAG_IS_IywprqIhxGoeiie", "question": 8}, "model": "scoreserver.answerhistory", "pk": 14}, {"fields": {"user": 1, "submit_flag": "FLAG_IS_ElIMIZvBgkFCOeG", "question": 2}, "model": "scoreserver.answerhistory", "pk": 15}, {"fields": {"user": 4, "submit_flag": "FLAG_IS_QUUSpxhfbDSleJI", "question": 7}, "model": "scoreserver.answerhistory", "pk": 16}, {"fields": {"user": 3, "submit_flag": "FLAG_IS_PnFnGLVxlBxIQOU", "question": 5}, "model": "scoreserver.answerhistory", "pk": 17}, {"fields": {"user": 2, "submit_flag": "FLAG_IS_pETpvRmIUjQzncK", "question": 4}, "model": "scoreserver.answerhistory", "pk": 18}, {"fields": {"user": 5, "submit_flag": "FLAG_IS_uKEIXMyhTnKWHVZ", "question": 8}, "model": "scoreserver.answerhistory", "pk": 19}, {"fields": {"user": 2, "submit_flag": "FLAG_IS_mJgFIsbXsornwjn", "question": 7}, "model": "scoreserver.answerhistory", "pk": 20}, {"fields": {"user": 6, "submit_flag": "FLAG_IS_StjcjSSmIMfAPDl", "question": 4}, "model": "scoreserver.answerhistory", "pk": 21}, {"fields": {"user": 1, "submit_flag": "FLAG_IS_VSIBASwFuOQKaDI", "question": 4}, "model": "scoreserver.answerhistory", "pk": 22}, {"fields": {"user": 2, "submit_flag": "FLAG_IS_FcRuWWrQtXsEGxR", "question": 2}, "model": "scoreserver.answerhistory", "pk": 23}, {"fields": {"user": 8, "submit_flag": "FLAG_IS_OkJCZSZYcQmsgCC", "question": 1}, "model": "scoreserver.answerhistory", "pk": 24}, {"fields": {"user": 2, "submit_flag": "FLAG_IS_tCwUwxESaKLHrFy", "question": 9}, "model": "scoreserver.answerhistory", "pk": 25}, {"fields": {"user": 5, "submit_flag": "FLAG_IS_HzJlZwwxjuKBkpq", "question": 1}, "model": "scoreserver.answerhistory", "pk": 26}, {"fields": {"user": 2, "submit_flag": "FLAG_IS_bmFVmQinShDCpwa", "question": 5}, "model": "scoreserver.answerhistory", "pk": 27}, {"fields": {"user": 6, "submit_flag": "FLAG_IS_CMgogOiPkWlJZRb", "question": 8}, "model": "scoreserver.answerhistory", "pk": 28}, {"fields": {"user": 6, "submit_flag": "FLAG_IS_xZVGvFyZpHXWNUE", "question": 2}, "model": "scoreserver.answerhistory", "pk": 29}, {"fields": {"user": 3, "submit_flag": "FLAG_IS_ssluGNzmtsZyOwY", "question": 6}, "model": "scoreserver.answerhistory", "pk": 30}, {"fields": {"user": 4, "submit_flag": "FLAG_IS_dHxGKOLdrgamPck", "question": 1}, "model": "scoreserver.answerhistory", "pk": 31}, {"fields": {"user": 7, "submit_flag": "FLAG_IS_LFFXBZIMxfgoNTf", "question": 1}, "model": "scoreserver.answerhistory", "pk": 32}, {"fields": {"user": 2, "submit_flag": "FLAG_IS_NBUhyXFZWOPhxSx", "question": 7}, "model": "scoreserver.answerhistory", "pk": 33}, {"fields": {"user": 6, "submit_flag": "FLAG_IS_ZCEUMVWzQRpWJet", "question": 5}, "model": "scoreserver.answerhistory", "pk": 34}, {"fields": {"user": 3, "submit_flag": "FLAG_IS_ROmHfaNeQIMLehl", "question": 9}, "model": "scoreserver.answerhistory", "pk": 35}, {"fields": {"user": 2, "submit_flag": "FLAG_IS_YDLOkRptTaSnjsz", "question": 9}, "model": "scoreserver.answerhistory", "pk": 36}, {"fields": {"user": 4, "submit_flag": "FLAG_IS_oYTFEJBgCDXHBmZ", "question": 8}, "model": "scoreserver.answerhistory", "pk": 37}, {"fields": {"user": 5, "submit_flag": "FLAG_IS_UecaTBMQzFbjsJg", "question": 8}, "model": "scoreserver.answerhistory", "pk": 38}, {"fields": {"user": 9, "submit_flag": "FLAG_IS_IuyThmVUSCRizTT", "question": 3}, "model": "scoreserver.answerhistory", "pk": 39}, {"fields": {"user": 4, "submit_flag": "FLAG_IS_ozZTqtoHFXPcrID", "question": 7}, "model": "scoreserver.answerhistory", "pk": 40}, {"fields": {"user": 1, "submit_flag": "FLAG_IS_xXfqNGWAPJGRxlJ", "question": 7}, "model": "scoreserver.answerhistory", "pk": 41}, {"fields": {"user": 2, "submit_flag": "FLAG_IS_jqFeDHmajXdYwrn", "question": 4}, "model": "scoreserver.answerhistory", "pk": 42}, {"fields": {"user": 5, "submit_flag": "FLAG_IS_fBIPgrXbflkuXoc", "question": 6}, "model": "scoreserver.answerhistory", "pk": 43}, {"fields": {"user": 2, "submit_flag": "FLAG_IS_RkQwLGJtNAdiEsR", "question": 9}, "model": "scoreserver.answerhistory", "pk": 44}, {"fields": {"user": 2, "submit_flag": "FLAG_IS_CxRwySQXVSNVgAm", "question": 6}, "model": "scoreserver.answerhistory", "pk": 45}, {"fields": {"user": 2, "submit_flag": "FLAG_IS_WkOErrsrGAlaUfT", "question": 7}, "model": "scoreserver.answerhistory", "pk": 46}, {"fields": {"user": 8, "submit_flag": "FLAG_IS_osgqBrPYRUycbrG", "question": 6}, "model": "scoreserver.answerhistory", "pk": 47}, {"fields": {"user": 7, "submit_flag": "FLAG_IS_dxuAzipxGaRwfAU", "question": 6}, "model": "scoreserver.answerhistory", "pk": 48}, {"fields": {"user": 8, "submit_flag": "FLAG_IS_HxKnIdnuVpTmzdy", "question": 1}, "model": "scoreserver.answerhistory", "pk": 49}]