[{"model": "scoreserver.category", "pk": 1, "fields": {"name": "Web"}}, {"model": "scoreserver.category", "pk": 2, "fields": {"name": "Network"}}, {"model": "scoreserver.category", "pk": 3, "fields": {"name": "Binary"}}, {"model": "scoreserver.category", "pk": 4, "fields": {"name": "Forensics"}}, {"model": "scoreserver.category", "pk": 5, "fields": {"name": "Crypto"}}, {"model": "scoreserver.category", "pk": 6, "fields": {"name": "Misc"}}, {"model": "scoreserver.question", "pk": 0, "fields": {"description": "Question_desc:ddlAbrQKoMtRJQDcyVCciPRabNPvlhNraPZMVltjehRxYgOJIsvvrptFHffJZjAvyPGasreOGHBBlFbcOBLEaEJNxGhwqaSfXsUI", "category": 2, "solved": 11, "problem_url": "http://example.com/mDTchmhiVyNyCTKnEtZMjznRpDqtyE", "title": "Question_title:YgWCbiUeGKSpGog"}}, {"model": "scoreserver.question", "pk": 1, "fields": {"description": "Question_desc:zvXagdWZsgeqqkQIyoRbGANkBXiTzRPaxtqJbguQfJPUijWaLusOKuWovWphDLpFwfClMeNoAnoKsBbbWvmnHIWAQAbLeOSSAazi", "category": 1, "solved": 14, "problem_url": "http://example.com/emxhJqdRXeMFTdqJslRtPqOWBNYgOD", "title": "Question_title:iDoBAjaKgCZQbTB"}}, {"model": "scoreserver.question", "pk": 2, "fields": {"description": "Question_desc:iveXGTOMpZULGfujQgQrQeldWTeAKwaRRKENVpedAlAcifkHGGprDMKYKbsGwPzygtVMEeJYubrLAsLyUbOhYYDLAfAMbSupfSai", "category": 4, "solved": 9, "problem_url": "http://example.com/eKJvVuNGUoPszKbSvRazxZjsgoNBfw", "title": "Question_title:gsJuKZqYPeaWGMb"}}, {"model": "scoreserver.question", "pk": 3, "fields": {"description": "Question_desc:LdSmPEPuFhRXrEaPnFyBMqUELyHYlbeYiuNxTBmWehgJgLYjMZIKqhVPDClULZbVFMthJuFMGyWuEyeLQWFNkiKSVgVVbZCCUCLB", "category": 1, "solved": 19, "problem_url": "http://example.com/XYVMxqxuCvDQZuMmrepyVRQGnNTQEp", "title": "Question_title:stgiUVFNORsOrxg"}}, {"model": "scoreserver.question", "pk": 4, "fields": {"description": "Question_desc:PdiSEJPZOuOMALOLPUTiMiflFXVhPAffZfQsDATZUogccZSUWINiBTiBHCjtyGNGtBKEMfSeYltTDgXyVpmwbTEBVOdEhtkcwhEP", "category": 6, "solved": 19, "problem_url": "http://example.com/TYOjXdTuqthVPvlfArzJMsGzVVazwW", "title": "Question_title:HyaGBHkCoiRztan"}}, {"model": "scoreserver.question", "pk": 5, "fields": {"description": "Question_desc:GXsNLEnmikoMTHgXWcuGSKcPreqMcCXjZiFEsPzIhRGlHiKhWRzKxcdQpVBOotgTtTZdIevCTIxyikHyhbucmvKVvZlTfdhbaIav", "category": 3, "solved": 15, "problem_url": "http://example.com/lSOmeHlyaqnoSNHTwdWfPkxPWjWIbi", "title": "Question_title:zikJPfmLmnfOvEh"}}, {"model": "scoreserver.question", "pk": 6, "fields": {"description": "Question_desc:TCCXLPeCPMedYICNVOftLRIzRuoEYToHJlsWVKQnMQVEbxWVXkAORMoOfTDCJvMVUSwuGkZgeoObHWxQiCWIrkEaiAgTXyxrAMgS", "category": 2, "solved": 17, "problem_url": "http://example.com/XvWUjMhKCMCMORJkmyqyqEAivkKgmU", "title": "Question_title:VsdbpTjeQFEjhQj"}}, {"model": "scoreserver.question", "pk": 7, "fields": {"description": "Question_desc:lLXJXIBzZCBOEEcncrZCTnscCpsfkuLRwNMCuyIiWWWBYcFFTcgerdNszqiecfVMSqedMfCcpTqjyVfPsYiFGntAaJQdjZRBUhVi", "category": 5, "solved": 4, "problem_url": "http://example.com/uWesRNMojCDwynRQkVCNHtNWWbQJXP", "title": "Question_title:qLubnJqtyESUBie"}}, {"model": "scoreserver.question", "pk": 8, "fields": {"description": "Question_desc:fciHYYNOUeUsmcJobecaXXYhPXtJxIvdRTqdeWQaRoFcHjknDBqsWbEPXMLzddXQdFotxKxGJdFhFFydwkAFQyrWtugQNtLDrnWj", "category": 3, "solved": 9, "problem_url": "http://example.com/DpCCznQPKTXoeCwPoJQCJOhfXMnMds", "title": "Question_title:akhxoJcqLABtywh"}}, {"model": "scoreserver.question", "pk": 9, "fields": {"description": "Question_desc:wGFACVHBEEZfiNjyDhyjRVdIjEXRjbpdvZtTiwGWjPEqLyxexIpWiUSgcaTtSsgNGfvVneHaZVcBNBfxhoUzxHJoatfZufuabXgd", "category": 4, "solved": 3, "problem_url": "http://example.com/BVHwxHUQZkcIRqaLiCFkRriHHbzJHX", "title": "Question_title:yYAvqlwSakQCFQg"}}, {"model": "scoreserver.question", "pk": 10, "fields": {"description": "Question_desc:IboypbNhFonumWyFJvszMbRtjGNSfZrkhwfpkOPpMySatwzDezaWFbGrusHgDFwnBNvdxcnqIJEXcblztcBadzTdPpVdXUngMZnb", "category": 5, "solved": 15, "problem_url": "http://example.com/nihAXgaiUDgBQVKqfEZTnJbIbEWMLd", "title": "Question_title:fgMjrGVWmLUhIYB"}}, {"model": "scoreserver.question", "pk": 11, "fields": {"description": "Question_desc:PccoGtWSeDcgOjEGdtfrLQjpFvnBvAvNGcCDrMyWfZMkVWknjyJxuWdAjDwDDZDMkPPHxIhJMcqmyiPpeFFDSpobeBapQCCWlZsH", "category": 6, "solved": 6, "problem_url": "http://example.com/kzqvuaoPeYpCGgRsPaUPlfxTufuaUg", "title": "Question_title:zIKDcXEXuHbRZqU"}}, {"model": "scoreserver.question", "pk": 12, "fields": {"description": "Question_desc:gqGTkbHQfLJKOfVJXeNEPtkwMgScDwgxQwjemoomHIUdfSquWXMZizBjeDfNnchabldPByIZFbVGlMWstZwDlNWoQkODiZQKcUec", "category": 1, "solved": 1, "problem_url": "http://example.com/cZIzymBqJfxxLKnFCKQJtjnXrjyVAp", "title": "Question_title:bJswfPoBpkReWms"}}, {"model": "scoreserver.question", "pk": 13, "fields": {"description": "Question_desc:DAGYEKbOAVIYrVpAuisqOCeRkQiQeNdrKWKFmWLZQqCORWVOiXFqIauBQtGYcmrPKCjbuzClDSlTatajrdsraBVFwpMwkMLyWhzA", "category": 1, "solved": 14, "problem_url": "http://example.com/azKsIWPFxTXuHQzlMHXQMSMgPlURza", "title": "Question_title:JDCsUPKKdoiSYBL"}}, {"model": "scoreserver.question", "pk": 14, "fields": {"description": "Question_desc:wEUcbnuqRZlLvYhhAKatEObmgDCGsdLrGClVDRmrnmaSWIuSZOnTezJVLxrhUflNAXOmeahmdzFeqhNPjuifFwbsBeAKjmwsEURf", "category": 5, "solved": 3, "problem_url": "http://example.com/tmFpsmVHkFiTgRrFexiQPkogCuPsSN", "title": "Question_title:tfcOiqKzGDpRmQW"}}, {"model": "scoreserver.question", "pk": 15, "fields": {"description": "Question_desc:prwFcsCJxcDsYkmfDjVisVOznQyHrzZQUCvJpPtPOoOhZmpcbxsmDNGiHoJrgdTtOVYYvIjddoTzGsuLHLWAfICwiXgAuWJUSPlQ", "category": 4, "solved": 13, "problem_url": "http://example.com/SLKuXAPWhbAemKgWnTncvnzbupDLry", "title": "Question_title:cryEkaNtTebcgiU"}}, {"model": "scoreserver.question", "pk": 16, "fields": {"description": "Question_desc:QZoWmSXROssWhZjwmxhMxdAzRHysRplQraWVgSVhbLcvNbFpvVpbzsIBnzQrdeKOzdDuweJmlYiZputEOZEMHnYhpeMDHmuZsSnW", "category": 1, "solved": 6, "problem_url": "http://example.com/ibnmWzUXarbFuvCLyyBtVjXhOVxTiT", "title": "Question_title:GHUhQzGfagllZqI"}}, {"model": "scoreserver.question", "pk": 17, "fields": {"description": "Question_desc:NlPijUHDbJtVTQqYGslgQbzhLuoqmbNyjLaghILMtDRSbTNCyAkSkTIRMFVpnnxbfruBGpRFzWEQsgCrFZGklGWTzPIVnCCQgeOK", "category": 3, "solved": 17, "problem_url": "http://example.com/xhhfNnuQvpcCNPGmCiVhIkTZfBBxGb", "title": "Question_title:mKsBBBhvxNaLJwI"}}, {"model": "scoreserver.question", "pk": 18, "fields": {"description": "Question_desc:aYUZlhJEJZIQmXqvKmSyzTRUjCNWynHNXtDZnBttrSCGYoMmKDleYEjmPnUHkExZuFMmHjtkTpyNteSMXqTCTTxCZGNkqmDUydJU", "category": 6, "solved": 15, "problem_url": "http://example.com/ReWSjHETwFRXtWAUKDEaPFBCbXQgrn", "title": "Question_title:dkBxavFNXrTdcdP"}}, {"model": "scoreserver.question", "pk": 19, "fields": {"description": "Question_desc:brrBTDBtqYuGMmCMveVGgjyDinrGlqxsfslhDldcrOHWcJxsOhJJTBbZVKJjvDPQgqFDsZMfvKjcFeLtpXQlradundWqEvFYnUpp", "category": 4, "solved": 10, "problem_url": "http://example.com/EYaRDJAMgNhZPLPXEgnhCLvoUcmJAe", "title": "Question_title:kvlLTDivmirJiSz"}}, {"model": "scoreserver.question", "pk": 20, "fields": {"description": "Question_desc:yODtAFeOmgjOcVCpNbbXmpQSWrcXLoiGqshUKBpTjqJnwhrdPePTUKvKWsVVcLZklBLfXFRWIbwOsgfObXsbmRCIoKZnyYKlQPVb", "category": 1, "solved": 18, "problem_url": "http://example.com/QzDQrZlwAHbzttKiTXTdDuyLeseKUk", "title": "Question_title:kvkkamtMDQXzDDE"}}, {"model": "scoreserver.question", "pk": 21, "fields": {"description": "Question_desc:LUjaRMloDuqmURbYFOVgswCjifRetIlwTKcSSjNvcxBxFNhCQsleDjmjkFwlCikseCVyaWbwOXYLOlKzDNBopnsODecGxxRvdivg", "category": 6, "solved": 8, "problem_url": "http://example.com/HekXOUYqpuEEWLzDgzzwEfsntKRBhJ", "title": "Question_title:EwuRSyERDCKsQUG"}}, {"model": "scoreserver.question", "pk": 22, "fields": {"description": "Question_desc:JVQBcIOvtSJHEfbNRHyBpgHphyaTOKLoiYTaTXfXHwSLotFGegEMqgWfRtkBDIqvTQJjtwxtRsXEWTuduDmDMnETrLHYggSvtUIH", "category": 1, "solved": 1, "problem_url": "http://example.com/jMgiXnqwpACreIinAonYKxeAlAXkCL", "title": "Question_title:bSKwjrmKoIRuaiM"}}, {"model": "scoreserver.question", "pk": 23, "fields": {"description": "Question_desc:xArYvRUbdIlpMFJxWwMbTToNmJNiNTNKrBRYWFoPlfCVqXGnGdFPFmCfonaZFEVHAajttSlnswElMGabJLLOAhUPLAuyAZxjcnje", "category": 1, "solved": 20, "problem_url": "http://example.com/SaqqAUUTdzrSdbySqAareObrmcaKNf", "title": "Question_title:nuWmpiFvxnkdpVW"}}, {"model": "scoreserver.question", "pk": 24, "fields": {"description": "Question_desc:mKkBmPsCxSXkJmbaWBmtNmkBzJASOmIpRHnFhaomuFxNxGlOnePawoWdxjqXuMoZmoQFbgtbCVSAhDGwHBDUhuqlqxdhqapnfrTn", "category": 4, "solved": 3, "problem_url": "http://example.com/ebuxZSPuGYTQKXIIRvlVhtlCdntWcu", "title": "Question_title:cdptOLICcDxCRLU"}}, {"model": "scoreserver.question", "pk": 25, "fields": {"description": "Question_desc:aUhIxqTKdzHDFRJVKZWVlOXTExoIcoUdkWwvVJmOntXNDOGNyGXTSUUcmgdUtzwKrLITSwTPvvWDockJBvpHcVMiBBtNwbBQFuFe", "category": 1, "solved": 5, "problem_url": "http://example.com/uLnqtPjWMgqewrRIFLpRhMhhCKBkgE", "title": "Question_title:KNOEkjZcvhaRIRf"}}, {"model": "scoreserver.question", "pk": 26, "fields": {"description": "Question_desc:LjKtpUbxFMrZgialWmOIejVrSQuJhQAmZwgrlgmNMJjsBCmdmJxZKbdBleFUhFbPcqOFjqlzNZZFUnaIRgLeMWIydQFiNKbHsppI", "category": 6, "solved": 11, "problem_url": "http://example.com/pWDdSrDgOshjOAwHRVAtWTpijQWRro", "title": "Question_title:WYHBqKuhDyKGCWr"}}, {"model": "scoreserver.question", "pk": 27, "fields": {"description": "Question_desc:NlJwZbCJkeBmDuCtUniWrLBPcIRfIgWQmnBAvnlUSaHJTwVzpzuBZVyznAUCNLkmSxdAVJCkMzkLOnnvJkgYTZTFkrwhsVXiffMS", "category": 5, "solved": 0, "problem_url": "http://example.com/hrlCWTxlODBWGMTZsnHJPEUJAQEGGL", "title": "Question_title:bekzjjNXEFwNUTR"}}, {"model": "scoreserver.question", "pk": 28, "fields": {"description": "Question_desc:sWezUsBweXiMBCftGyFFvrmZDENgqiwuOXzvKCuVbceHFjkMmfjfonvFHOeHpIHpzTElzalZaQxnGaFwTPhHTtMRDtNROfzfqZlp", "category": 5, "solved": 5, "problem_url": "http://example.com/GLWfspqATSavZeZfwkmdNYFwnSBmcZ", "title": "Question_title:fwytKrgyYirilaz"}}, {"model": "scoreserver.question", "pk": 29, "fields": {"description": "Question_desc:QHVewWkUnAydRvLmCzpJwDcwdvzPletqPstbTYepDAnaUaGBLmtdUlFRdIjkABbkThuHWTeoAGJXzCffXJJRoHAJERObdoUBVPgz", "category": 4, "solved": 2, "problem_url": "http://example.com/LeDmoCGkCCgYSxESZFqEGFOsgIyvbE", "title": "Question_title:qpjTlmeBLfJTYkX"}}, {"model": "scoreserver.question", "pk": 30, "fields": {"description": "Question_desc:MGZPNHWnxQLSRyeuOLlQROoxtSiQZnYuWloiQkjJbhdCOhHXeiJewqIBwQqVYTUeRavekKAjFJgcdjJdPOzogJIrBjIgAbBDkcAK", "category": 2, "solved": 3, "problem_url": "http://example.com/SZrKYLkpltVIYdYCgbXACkxjHgLaDy", "title": "Question_title:BLZAFbKeCroGTnq"}}, {"model": "scoreserver.question", "pk": 31, "fields": {"description": "Question_desc:rElPJhHsBmEWjFEGZBWKVLmFdMgqxchOjukwKiGxwNEdXURWwHfnyBaprxDaTLLgabjRDzFlRkRsXDRCKaapEAWNTKPgygnLlqgb", "category": 6, "solved": 11, "problem_url": "http://example.com/vXvJCpZkPWyQicfWtYgLbQZmvxOKJE", "title": "Question_title:iCCdwQeyUlWcxGy"}}, {"model": "scoreserver.question", "pk": 32, "fields": {"description": "Question_desc:UWblwXhLjUSqlhXgVluUfsmqOywuVdgqoRMZhemvCvyXEbXOQFWneFIhcvnzIXhsSWWZKMrhaFwmvimpotcXYMMuqaxFovBJPFUH", "category": 2, "solved": 17, "problem_url": "http://example.com/OCtuyPaAATtvuZLsBphpYTybjHCGKK", "title": "Question_title:IbCIjTVcTHBItJh"}}, {"model": "scoreserver.question", "pk": 33, "fields": {"description": "Question_desc:eluprqfvuFAQtIntqJgxMSkowzfFfyKJcltpvIOoBzAiGGvLehtzvsYyCDbfxEBvwJpICdrBTRLexoTJlgwpavXsxpuECIiCdLlU", "category": 5, "solved": 20, "problem_url": "http://example.com/LMbOQuGcmGtsQPDPvoexUywqQKllyM", "title": "Question_title:LCXwXzRXxyfLmHh"}}, {"model": "scoreserver.question", "pk": 34, "fields": {"description": "Question_desc:JfuDUMyYIcPjDdzbMUVKCSIUGdMqbdJkrBmeDtzcLuOqIunwSRjjyLEYrowIjvYOmQccorSjAbRbilNsrnjJVLxSgelYVzYWCIPY", "category": 5, "solved": 4, "problem_url": "http://example.com/YOxQjaFAMCUKvrkBmUxtSNQvToeJGk", "title": "Question_title:GEPmlodhJeeCkVn"}}, {"model": "scoreserver.question", "pk": 35, "fields": {"description": "Question_desc:wonKCpznmJQjoYmeJrxEbUATQzvIueeEEXQYBEzCdExaHflTvIumZdmwRrjhriWiQpytFDMcLQZbQoeWOHjhQAmKCQMoWXDFoYFp", "category": 1, "solved": 15, "problem_url": "http://example.com/ZtImLMFMjREfCTStiIvObmHDSDvwNm", "title": "Question_title:fjMSXJqMubYxeJR"}}, {"model": "scoreserver.question", "pk": 36, "fields": {"description": "Question_desc:CVqxoPSOLePGGuwBmExvAMXKgtoyhdOUxHHKNdqMEoadbRsnoLsWbQQyFweenHGCmLQqmbUwaFPHkZbsVkgaudypNKPYyYDqpeeM", "category": 1, "solved": 9, "problem_url": "http://example.com/vumyxfUYpbhvDiMLthUlkdRqPEMEVZ", "title": "Question_title:TlmhUpcQabdxJxy"}}, {"model": "scoreserver.question", "pk": 37, "fields": {"description": "Question_desc:oEQBlNXgnlrEDtIOFtITXRhfQEGVJOLwCCJGUiGvlJXwVWuDfXbxDjURuwRUAbCjeKGqOTVJTuqRBJkQPkMOahnsLjkUHGHPtHJB", "category": 6, "solved": 15, "problem_url": "http://example.com/OhQDxRnueLMTXIjgKfqTzGhuKcvqyK", "title": "Question_title:FWuwdEYcBrWdnyr"}}, {"model": "scoreserver.question", "pk": 38, "fields": {"description": "Question_desc:vPolImPtWLdvnYZTMOmmzHTxUAqqGOMXRnZKKMAxnFWCfQxAqBnYryxmowvfoobuUIjroslVJhBROpqWszQpSAJUkvARcQyNahHM", "category": 5, "solved": 6, "problem_url": "http://example.com/dumkPRMYOPrcDJTmQNpoGYlHWEKtUA", "title": "Question_title:JAJJekBizkySNcB"}}, {"model": "scoreserver.question", "pk": 39, "fields": {"description": "Question_desc:mRPRslBKlyRHcbtbPRnlwSqLsExNgHiuFcgzbUTavrZiABWMftfMwUatWxkSLduuFGgDFpLhgaGMPIcljOyCDPEGxpjLYZoTzoin", "category": 2, "solved": 20, "problem_url": "http://example.com/cNanbsPzQAPlRqVUKNOhKsSiQvWIft", "title": "Question_title:AuFaHeZBXRxtmgW"}}, {"model": "scoreserver.question", "pk": 40, "fields": {"description": "Question_desc:uJDAxMIhxhgbwenupTMFTtLgIUINlxsqnDmqVefBFLaQUZiBtIWGdgUGFZaEvoCPCDUoQbtSTqjrALzmdxkSOurvgEUycFwyorgx", "category": 6, "solved": 14, "problem_url": "http://example.com/fJmrtNvKuOcbkhUGCOGUapKhgBKavg", "title": "Question_title:oHFogOjzAeEDreJ"}}, {"model": "scoreserver.question", "pk": 41, "fields": {"description": "Question_desc:fJbkTqjmpOAXGrBNdtAJXneEkZTEgHsmXFOpqVsrVXcFQBzXrjZUndsTKREEINrndTILiMxAlHARUMEirsdWnHweBGMuojKdpGJt", "category": 3, "solved": 11, "problem_url": "http://example.com/ZUryoeaaHrUDdQhKhVwGSFowPkUeUo", "title": "Question_title:MaDJKAtLJwfVRBE"}}, {"model": "scoreserver.question", "pk": 42, "fields": {"description": "Question_desc:xWBYfCmwXmVWiBWweANIdXVulSsOyQANAzUHsWplBjWdMKgCjUsijtggsByvfYtQFSepkmasfCANwStSxctaoMJrPGsexklLcTki", "category": 6, "solved": 18, "problem_url": "http://example.com/IQKhBRYIyNatmvQFjrgwhxdliRkcBm", "title": "Question_title:jaIjGuRyaAYlmVQ"}}, {"model": "scoreserver.question", "pk": 43, "fields": {"description": "Question_desc:jqIGowsZWnALkOHjbPUPrbFnxFXVlVPvEOudErpesrVLhvFEzicAcEHVHqUjRzYmEFCJACEcuKghrekCKLlsiAVJRpPhbwhaVZvh", "category": 5, "solved": 6, "problem_url": "http://example.com/KGONglyywtspuKdskNdywAPinhFuDI", "title": "Question_title:oJVNHahjwWVdMts"}}, {"model": "scoreserver.question", "pk": 44, "fields": {"description": "Question_desc:rOSvWUVkFCycAnGEuuwpZdTAliStZJvznNNkyGperajcZUzWOiyIYPsgsQteZqtTwPFpzFuNyAqGnIfqCVBMBIsGLjSFeoiGHlWx", "category": 3, "solved": 8, "problem_url": "http://example.com/JnCJnxAiahuJmXIdiNobJvULsGmIqA", "title": "Question_title:onkQXOGjcrqlrcL"}}, {"model": "scoreserver.question", "pk": 45, "fields": {"description": "Question_desc:ujjRWroMifBNuWMjaEQfAxPJedNQvDfXhyIIaZVRgPSftTwsSQbsoNMsaTKLCqTWBZLMZjlSStncsGpSOiaJwJMLTQrLiYdXXWJH", "category": 1, "solved": 4, "problem_url": "http://example.com/RnqGxzdxpIobkeHOEzcMndaBsOxdAu", "title": "Question_title:myXwjfYBsjyCsGJ"}}, {"model": "scoreserver.question", "pk": 46, "fields": {"description": "Question_desc:QwrGhMFSHszARQkjtDBcuZWDRxWeTNYMxpfOmSXgBIzkmxiTvMSRJgxrGXdCkbNugAWEqttmMiTsLatsiomKmguUOptdrwFscIyR", "category": 2, "solved": 13, "problem_url": "http://example.com/OkHkiSEKcPVwSTEdfEpDtZWubUoERg", "title": "Question_title:AhtQuJwKdhRULaG"}}, {"model": "scoreserver.question", "pk": 47, "fields": {"description": "Question_desc:tTsdisbPDJItUsKCUKQKJxSvboefODUFfJmRzqvAhCgaYCElVPhajygPDcrHppTuQFqrLRDgwiXSbtEDdvKgirnJqcIRWQhMubEd", "category": 2, "solved": 16, "problem_url": "http://example.com/MJrmhMKbIhKnzZuDhLATAAZBqiBQgs", "title": "Question_title:SZeOGzfocGWkdEZ"}}, {"model": "scoreserver.question", "pk": 48, "fields": {"description": "Question_desc:gaVbdrEGZLafBqMrnAKqyXlDgjkFwZOWEtIiGcJGqjiDBwMawaDGDEypjlSZotGXmMXReiBChMQmqMjPqkFDuueWhWCBXoaTdfRO", "category": 6, "solved": 20, "problem_url": "http://example.com/TuzbSvPxJhoijliHJkPiTvUVDtLAzj", "title": "Question_title:pYerNnLSBPBwTbs"}}, {"model": "scoreserver.question", "pk": 49, "fields": {"description": "Question_desc:dKbFNXNFPKDbWvzXOcXAmUhuiVGxtbMHHHWcJxkfeHXRBvtgLRNPOpHULFHPfKgbZTeSMrebuuIslFTtVBLIOWjZsUyDbmBgDeSb", "category": 5, "solved": 15, "problem_url": "http://example.com/xWwjeeYcAgRVjklPbNRbDxRtPDgQUA", "title": "Question_title:vqpJvpJnzLwUOlp"}}, {"model": "scoreserver.flag", "pk": 0, "fields": {"point": 100, "flag": "FLAG_IS_[YRxvqIaICwJiSLC]", "question": 36}}, {"model": "scoreserver.flag", "pk": 1, "fields": {"point": 200, "flag": "FLAG_IS_[KUTNBKOPanQmHxk]", "question": 45}}, {"model": "scoreserver.flag", "pk": 2, "fields": {"point": 500, "flag": "FLAG_IS_[KbBlzQFJLKwkPzs]", "question": 1}}, {"model": "scoreserver.flag", "pk": 3, "fields": {"point": 1000, "flag": "FLAG_IS_[wMOmkVfXuwFBEMZ]", "question": 2}}, {"model": "scoreserver.flag", "pk": 4, "fields": {"point": 400, "flag": "FLAG_IS_[heCUmhUmuSvvguB]", "question": 2}}, {"model": "scoreserver.flag", "pk": 5, "fields": {"point": 1100, "flag": "FLAG_IS_[ILHUaPgIRVVWPcO]", "question": 42}}, {"model": "scoreserver.flag", "pk": 6, "fields": {"point": 1100, "flag": "FLAG_IS_[iYGDWYXmcUuraxT]", "question": 31}}, {"model": "scoreserver.flag", "pk": 7, "fields": {"point": 1100, "flag": "FLAG_IS_[nJYxGgaSRJycDNo]", "question": 36}}, {"model": "scoreserver.flag", "pk": 8, "fields": {"point": 200, "flag": "FLAG_IS_[MrMtMxGxiShovWM]", "question": 17}}, {"model": "scoreserver.flag", "pk": 9, "fields": {"point": 300, "flag": "FLAG_IS_[wmrVQPGbWZlLbGf]", "question": 16}}, {"model": "scoreserver.flag", "pk": 10, "fields": {"point": 700, "flag": "FLAG_IS_[aznkOlAPztzvTVV]", "question": 43}}, {"model": "scoreserver.flag", "pk": 11, "fields": {"point": 600, "flag": "FLAG_IS_[KwfVDIdxxnUhwmI]", "question": 20}}, {"model": "scoreserver.flag", "pk": 12, "fields": {"point": 700, "flag": "FLAG_IS_[aEyboHtPajDMOwG]", "question": 12}}, {"model": "scoreserver.flag", "pk": 13, "fields": {"point": 800, "flag": "FLAG_IS_[rtTzRwslDPbaFQl]", "question": 43}}, {"model": "scoreserver.flag", "pk": 14, "fields": {"point": 1000, "flag": "FLAG_IS_[sroKUtclZFakmbX]", "question": 10}}, {"model": "scoreserver.flag", "pk": 15, "fields": {"point": 300, "flag": "FLAG_IS_[STEqEUzRUYeKlEo]", "question": 12}}, {"model": "scoreserver.flag", "pk": 16, "fields": {"point": 1000, "flag": "FLAG_IS_[WDWrdzxrcCKrjyY]", "question": 15}}, {"model": "scoreserver.flag", "pk": 17, "fields": {"point": 800, "flag": "FLAG_IS_[MXfsNTpwQapuThh]", "question": 19}}, {"model": "scoreserver.flag", "pk": 18, "fields": {"point": 900, "flag": "FLAG_IS_[vXDucKfIkEbDRUW]", "question": 36}}, {"model": "scoreserver.flag", "pk": 19, "fields": {"point": 1000, "flag": "FLAG_IS_[ZmjTsSRFLqLQuMM]", "question": 10}}, {"model": "scoreserver.flag", "pk": 20, "fields": {"point": 800, "flag": "FLAG_IS_[ALxgObqfMQbBbjy]", "question": 21}}, {"model": "scoreserver.flag", "pk": 21, "fields": {"point": 1100, "flag": "FLAG_IS_[nflRtJmMyLejifX]", "question": 9}}, {"model": "scoreserver.flag", "pk": 22, "fields": {"point": 100, "flag": "FLAG_IS_[rCRjuNtjUnVUxCg]", "question": 11}}, {"model": "scoreserver.flag", "pk": 23, "fields": {"point": 400, "flag": "FLAG_IS_[pngOezsUOSoJHkz]", "question": 39}}, {"model": "scoreserver.flag", "pk": 24, "fields": {"point": 500, "flag": "FLAG_IS_[LymzhfSbsqgqGGw]", "question": 16}}, {"model": "scoreserver.flag", "pk": 25, "fields": {"point": 400, "flag": "FLAG_IS_[qygLPWpbPJqDtIF]", "question": 42}}, {"model": "scoreserver.flag", "pk": 26, "fields": {"point": 300, "flag": "FLAG_IS_[AqvtMzklSdYStgd]", "question": 41}}, {"model": "scoreserver.flag", "pk": 27, "fields": {"point": 200, "flag": "FLAG_IS_[xSUGmNqfvLlkvUl]", "question": 38}}, {"model": "scoreserver.flag", "pk": 28, "fields": {"point": 300, "flag": "FLAG_IS_[HHYEiNqQrAujclP]", "question": 13}}, {"model": "scoreserver.flag", "pk": 29, "fields": {"point": 600, "flag": "FLAG_IS_[EiVMlRVJENHZaBP]", "question": 7}}, {"model": "scoreserver.flag", "pk": 30, "fields": {"point": 200, "flag": "FLAG_IS_[UeUFadhxBagKOXh]", "question": 11}}, {"model": "scoreserver.flag", "pk": 31, "fields": {"point": 1100, "flag": "FLAG_IS_[xRWlIvLncKyEWVp]", "question": 2}}, {"model": "scoreserver.flag", "pk": 32, "fields": {"point": 400, "flag": "FLAG_IS_[IpZzouTblIDgISd]", "question": 12}}, {"model": "scoreserver.flag", "pk": 33, "fields": {"point": 1000, "flag": "FLAG_IS_[EUJmoYfCpRkMHTN]", "question": 38}}, {"model": "scoreserver.flag", "pk": 34, "fields": {"point": 600, "flag": "FLAG_IS_[CCviYOeBmqjmdCB]", "question": 29}}, {"model": "scoreserver.flag", "pk": 35, "fields": {"point": 900, "flag": "FLAG_IS_[HCUJsNscnkWPFGs]", "question": 32}}, {"model": "scoreserver.flag", "pk": 36, "fields": {"point": 900, "flag": "FLAG_IS_[bMHHGEnMWZzNqVy]", "question": 44}}, {"model": "scoreserver.flag", "pk": 37, "fields": {"point": 700, "flag": "FLAG_IS_[pvavMJZctZjtqeg]", "question": 45}}, {"model": "scoreserver.flag", "pk": 38, "fields": {"point": 800, "flag": "FLAG_IS_[OwBtpyzWnrIMwZy]", "question": 5}}, {"model": "scoreserver.flag", "pk": 39, "fields": {"point": 1000, "flag": "FLAG_IS_[tFZGLDqfHziclQT]", "question": 27}}, {"model": "scoreserver.flag", "pk": 40, "fields": {"point": 900, "flag": "FLAG_IS_[SltsvPrcrpoTFkU]", "question": 19}}, {"model": "scoreserver.flag", "pk": 41, "fields": {"point": 700, "flag": "FLAG_IS_[IlMtlCGWhiZdONB]", "question": 3}}, {"model": "scoreserver.flag", "pk": 42, "fields": {"point": 600, "flag": "FLAG_IS_[kMCGoYpvfXzzmZL]", "question": 38}}, {"model": "scoreserver.flag", "pk": 43, "fields": {"point": 600, "flag": "FLAG_IS_[EORRSBqWoqfbJGR]", "question": 16}}, {"model": "scoreserver.flag", "pk": 44, "fields": {"point": 100, "flag": "FLAG_IS_[PLGHQNcGtSzQBLO]", "question": 17}}, {"model": "scoreserver.flag", "pk": 45, "fields": {"point": 600, "flag": "FLAG_IS_[rAszPwuFrRFCPiD]", "question": 12}}, {"model": "scoreserver.flag", "pk": 46, "fields": {"point": 600, "flag": "FLAG_IS_[rQEDQyKrOKrxvaa]", "question": 44}}, {"model": "scoreserver.flag", "pk": 47, "fields": {"point": 900, "flag": "FLAG_IS_[FRMLFcLWOpxqmEo]", "question": 32}}, {"model": "scoreserver.flag", "pk": 48, "fields": {"point": 300, "flag": "FLAG_IS_[NlTPHTYiGDpqoak]", "question": 9}}, {"model": "scoreserver.flag", "pk": 49, "fields": {"point": 100, "flag": "FLAG_IS_[aVUzQvkCyqpLjWn]", "question": 20}}, {"model": "scoreserver.flag", "pk": 50, "fields": {"point": 100, "flag": "FLAG_IS_[ELobAyadNcxEPQJ]", "question": 4}}, {"model": "scoreserver.flag", "pk": 51, "fields": {"point": 900, "flag": "FLAG_IS_[uOlfGWovGLOeCbh]", "question": 14}}, {"model": "scoreserver.flag", "pk": 52, "fields": {"point": 500, "flag": "FLAG_IS_[gXiezgHpmpCfzbd]", "question": 47}}, {"model": "scoreserver.flag", "pk": 53, "fields": {"point": 200, "flag": "FLAG_IS_[cHbbTYQGnEBXeJe]", "question": 35}}, {"model": "scoreserver.flag", "pk": 54, "fields": {"point": 400, "flag": "FLAG_IS_[EKCLHaOxxNtOXZW]", "question": 46}}, {"model": "scoreserver.flag", "pk": 55, "fields": {"point": 1000, "flag": "FLAG_IS_[RkGjvvDprSYOREk]", "question": 29}}, {"model": "scoreserver.flag", "pk": 56, "fields": {"point": 700, "flag": "FLAG_IS_[dBJXVjMxFDfkNdY]", "question": 40}}, {"model": "scoreserver.flag", "pk": 57, "fields": {"point": 500, "flag": "FLAG_IS_[FPIGRfkuQVHaNLX]", "question": 48}}, {"model": "scoreserver.flag", "pk": 58, "fields": {"point": 1100, "flag": "FLAG_IS_[bIOEDncJkeZBBRN]", "question": 10}}, {"model": "scoreserver.flag", "pk": 59, "fields": {"point": 1100, "flag": "FLAG_IS_[aoeQFQnzQjzETBf]", "question": 21}}, {"model": "scoreserver.flag", "pk": 60, "fields": {"point": 200, "flag": "FLAG_IS_[IUWzuLURGwHemeU]", "question": 46}}, {"model": "scoreserver.flag", "pk": 61, "fields": {"point": 300, "flag": "FLAG_IS_[rHVWBlNcLafNGkh]", "question": 47}}, {"model": "scoreserver.flag", "pk": 62, "fields": {"point": 400, "flag": "FLAG_IS_[LJIAsOcbLugCPJx]", "question": 42}}, {"model": "scoreserver.flag", "pk": 63, "fields": {"point": 900, "flag": "FLAG_IS_[nfjbfNbDPtfVCPj]", "question": 1}}, {"model": "scoreserver.flag", "pk": 64, "fields": {"point": 500, "flag": "FLAG_IS_[OhfKjkohoZdscNQ]", "question": 6}}, {"model": "scoreserver.flag", "pk": 65, "fields": {"point": 1000, "flag": "FLAG_IS_[GEaPRmFLkZXRhhP]", "question": 32}}, {"model": "scoreserver.flag", "pk": 66, "fields": {"point": 500, "flag": "FLAG_IS_[CUigsvmFpUYWLvP]", "question": 27}}, {"model": "scoreserver.flag", "pk": 67, "fields": {"point": 300, "flag": "FLAG_IS_[tpeGIbWSdOjQHDw]", "question": 27}}, {"model": "scoreserver.flag", "pk": 68, "fields": {"point": 100, "flag": "FLAG_IS_[eSonItwRDPvJHAS]", "question": 15}}, {"model": "scoreserver.flag", "pk": 69, "fields": {"point": 200, "flag": "FLAG_IS_[lhjtTFbCxroQrJh]", "question": 11}}, {"model": "scoreserver.flag", "pk": 70, "fields": {"point": 800, "flag": "FLAG_IS_[LqUZLMnDkSZqzAT]", "question": 33}}, {"model": "scoreserver.flag", "pk": 71, "fields": {"point": 800, "flag": "FLAG_IS_[uUSaduabYblferC]", "question": 34}}, {"model": "scoreserver.flag", "pk": 72, "fields": {"point": 200, "flag": "FLAG_IS_[aLWiLTBMBCRwgYY]", "question": 25}}, {"model": "scoreserver.flag", "pk": 73, "fields": {"point": 200, "flag": "FLAG_IS_[ZDQieeWscajVuFJ]", "question": 45}}, {"model": "scoreserver.flag", "pk": 74, "fields": {"point": 900, "flag": "FLAG_IS_[jPFhRGDQWclMuRr]", "question": 22}}, {"model": "scoreserver.flag", "pk": 75, "fields": {"point": 700, "flag": "FLAG_IS_[gfJgXqkmtsFICNe]", "question": 48}}, {"model": "scoreserver.flag", "pk": 76, "fields": {"point": 100, "flag": "FLAG_IS_[WhyuqvOSavWcBAc]", "question": 30}}, {"model": "scoreserver.flag", "pk": 77, "fields": {"point": 400, "flag": "FLAG_IS_[eHzBfUpxiaXNCOu]", "question": 28}}, {"model": "scoreserver.flag", "pk": 78, "fields": {"point": 600, "flag": "FLAG_IS_[QUGdwqCuinEbMod]", "question": 22}}, {"model": "scoreserver.flag", "pk": 79, "fields": {"point": 600, "flag": "FLAG_IS_[vzqqfUwRzKUTRkD]", "question": 15}}, {"model": "scoreserver.flag", "pk": 80, "fields": {"point": 1100, "flag": "FLAG_IS_[eEbItgabqpYizqp]", "question": 46}}, {"model": "scoreserver.flag", "pk": 81, "fields": {"point": 100, "flag": "FLAG_IS_[fhiSQKraatIiNsa]", "question": 17}}, {"model": "scoreserver.flag", "pk": 82, "fields": {"point": 600, "flag": "FLAG_IS_[QraoRcvBZYBREJt]", "question": 42}}, {"model": "scoreserver.flag", "pk": 83, "fields": {"point": 700, "flag": "FLAG_IS_[HeGeGQUXerbWxHk]", "question": 42}}, {"model": "scoreserver.flag", "pk": 84, "fields": {"point": 500, "flag": "FLAG_IS_[VZnDqOMvXQcvJGK]", "question": 15}}, {"model": "scoreserver.flag", "pk": 85, "fields": {"point": 700, "flag": "FLAG_IS_[EQzAsVfqWwNKKIQ]", "question": 7}}, {"model": "scoreserver.flag", "pk": 86, "fields": {"point": 300, "flag": "FLAG_IS_[WvsyMDGCnnyjMRt]", "question": 41}}, {"model": "scoreserver.flag", "pk": 87, "fields": {"point": 400, "flag": "FLAG_IS_[LZfkMhjGFdeViXd]", "question": 40}}, {"model": "scoreserver.flag", "pk": 88, "fields": {"point": 400, "flag": "FLAG_IS_[GgUllYxYLiEuQaB]", "question": 19}}, {"model": "scoreserver.flag", "pk": 89, "fields": {"point": 1000, "flag": "FLAG_IS_[MdhGAzPkqvNtgVt]", "question": 30}}, {"model": "scoreserver.flag", "pk": 90, "fields": {"point": 500, "flag": "FLAG_IS_[aLrWDIDsQElPhdC]", "question": 31}}, {"model": "scoreserver.flag", "pk": 91, "fields": {"point": 900, "flag": "FLAG_IS_[MBwGNwJbWcwZsSC]", "question": 48}}, {"model": "scoreserver.flag", "pk": 92, "fields": {"point": 1000, "flag": "FLAG_IS_[ANFgVTkEBncYywh]", "question": 49}}, {"model": "scoreserver.flag", "pk": 93, "fields": {"point": 200, "flag": "FLAG_IS_[SpObVBPCeHmpzAO]", "question": 23}}, {"model": "scoreserver.flag", "pk": 94, "fields": {"point": 200, "flag": "FLAG_IS_[yrJkXSBWMvBenCP]", "question": 45}}, {"model": "scoreserver.flag", "pk": 95, "fields": {"point": 400, "flag": "FLAG_IS_[XXFPdoIqECxFLVV]", "question": 33}}, {"model": "scoreserver.flag", "pk": 96, "fields": {"point": 1100, "flag": "FLAG_IS_[ngWrrTcBcvCZtcs]", "question": 18}}, {"model": "scoreserver.flag", "pk": 97, "fields": {"point": 500, "flag": "FLAG_IS_[ruCuZawuXPnvpcZ]", "question": 6}}, {"model": "scoreserver.flag", "pk": 98, "fields": {"point": 500, "flag": "FLAG_IS_[LBoWueWahubSVmJ]", "question": 39}}, {"model": "scoreserver.flag", "pk": 99, "fields": {"point": 1100, "flag": "FLAG_IS_[sxLcIVdpaixRNTK]", "question": 41}}, {"model": "scoreserver.flag", "pk": 100, "fields": {"point": 700, "flag": "FLAG_IS_[zFXdkECYCyAKlLq]", "question": 19}}, {"model": "scoreserver.flag", "pk": 101, "fields": {"point": 1000, "flag": "FLAG_IS_[XrFkZKPpZWIQQWR]", "question": 17}}, {"model": "scoreserver.flag", "pk": 102, "fields": {"point": 100, "flag": "FLAG_IS_[XwWKJBAcRmmbBwE]", "question": 26}}, {"model": "scoreserver.flag", "pk": 103, "fields": {"point": 600, "flag": "FLAG_IS_[YVmtXnSsTxOqdVZ]", "question": 32}}, {"model": "scoreserver.flag", "pk": 104, "fields": {"point": 1000, "flag": "FLAG_IS_[lUqoSYFoywGWvmO]", "question": 10}}, {"model": "scoreserver.flag", "pk": 105, "fields": {"point": 1000, "flag": "FLAG_IS_[dLeLIIztqqcBzSz]", "question": 14}}, {"model": "scoreserver.flag", "pk": 106, "fields": {"point": 800, "flag": "FLAG_IS_[IWLMHfwzNwotAqa]", "question": 39}}, {"model": "scoreserver.flag", "pk": 107, "fields": {"point": 500, "flag": "FLAG_IS_[loDbydZYttGbSHZ]", "question": 5}}, {"model": "scoreserver.flag", "pk": 108, "fields": {"point": 100, "flag": "FLAG_IS_[CcyqLFoENpSLvmQ]", "question": 21}}, {"model": "scoreserver.flag", "pk": 109, "fields": {"point": 800, "flag": "FLAG_IS_[kYdjsVtzPJUQYsW]", "question": 28}}, {"model": "scoreserver.flag", "pk": 110, "fields": {"point": 1000, "flag": "FLAG_IS_[JaKbAnrhUGBVKUL]", "question": 28}}, {"model": "scoreserver.flag", "pk": 111, "fields": {"point": 200, "flag": "FLAG_IS_[omPbmxiYkBjGzjs]", "question": 16}}, {"model": "scoreserver.flag", "pk": 112, "fields": {"point": 500, "flag": "FLAG_IS_[aicDKqqxpzhcBEG]", "question": 27}}, {"model": "scoreserver.flag", "pk": 113, "fields": {"point": 300, "flag": "FLAG_IS_[GeaznRYqLZcjBfK]", "question": 7}}, {"model": "scoreserver.flag", "pk": 114, "fields": {"point": 1000, "flag": "FLAG_IS_[GOyFDELevHvixLq]", "question": 14}}, {"model": "scoreserver.flag", "pk": 115, "fields": {"point": 400, "flag": "FLAG_IS_[obthdFyYKVLDOws]", "question": 7}}, {"model": "scoreserver.flag", "pk": 116, "fields": {"point": 1000, "flag": "FLAG_IS_[ynVReCSsvTRJfFe]", "question": 39}}, {"model": "scoreserver.flag", "pk": 117, "fields": {"point": 800, "flag": "FLAG_IS_[EwUNeDmwzhdjTwd]", "question": 40}}, {"model": "scoreserver.flag", "pk": 118, "fields": {"point": 600, "flag": "FLAG_IS_[JycodFVcQqzGbPW]", "question": 45}}, {"model": "scoreserver.flag", "pk": 119, "fields": {"point": 200, "flag": "FLAG_IS_[xrVUEBQjJPlFzhI]", "question": 15}}, {"model": "scoreserver.flag", "pk": 120, "fields": {"point": 300, "flag": "FLAG_IS_[iuucXNEoqsIvMWA]", "question": 20}}, {"model": "scoreserver.flag", "pk": 121, "fields": {"point": 500, "flag": "FLAG_IS_[XZtAGMMvJgdQEuj]", "question": 42}}, {"model": "scoreserver.flag", "pk": 122, "fields": {"point": 700, "flag": "FLAG_IS_[JuyQApoKckgfHKT]", "question": 27}}, {"model": "scoreserver.flag", "pk": 123, "fields": {"point": 300, "flag": "FLAG_IS_[fvXyulGPlVrSWmQ]", "question": 27}}, {"model": "scoreserver.flag", "pk": 124, "fields": {"point": 200, "flag": "FLAG_IS_[uvNMJpKcFUFaEGS]", "question": 6}}, {"model": "scoreserver.flag", "pk": 125, "fields": {"point": 200, "flag": "FLAG_IS_[diDXXXLXFcHewty]", "question": 5}}, {"model": "scoreserver.flag", "pk": 126, "fields": {"point": 500, "flag": "FLAG_IS_[MUIzlmoSjSTOiTF]", "question": 17}}, {"model": "scoreserver.flag", "pk": 127, "fields": {"point": 600, "flag": "FLAG_IS_[dSDqjlDzxLAicYU]", "question": 40}}, {"model": "scoreserver.flag", "pk": 128, "fields": {"point": 1100, "flag": "FLAG_IS_[ZqARhVFgDsjfria]", "question": 25}}, {"model": "scoreserver.flag", "pk": 129, "fields": {"point": 900, "flag": "FLAG_IS_[vjLqAiXEJEEwfhO]", "question": 31}}, {"model": "scoreserver.flag", "pk": 130, "fields": {"point": 600, "flag": "FLAG_IS_[XOXawucPgBHspFT]", "question": 35}}, {"model": "scoreserver.flag", "pk": 131, "fields": {"point": 600, "flag": "FLAG_IS_[DggUvgXFomUsQcv]", "question": 15}}, {"model": "scoreserver.flag", "pk": 132, "fields": {"point": 100, "flag": "FLAG_IS_[PpuurFTSiJszsnv]", "question": 30}}, {"model": "scoreserver.flag", "pk": 133, "fields": {"point": 1000, "flag": "FLAG_IS_[vFnaLHcstaxbISB]", "question": 33}}, {"model": "scoreserver.flag", "pk": 134, "fields": {"point": 700, "flag": "FLAG_IS_[nhdklvfZLBQspcS]", "question": 22}}, {"model": "scoreserver.flag", "pk": 135, "fields": {"point": 700, "flag": "FLAG_IS_[fDUUUjYNrmmmwVL]", "question": 25}}, {"model": "scoreserver.flag", "pk": 136, "fields": {"point": 400, "flag": "FLAG_IS_[YIXwLTeQvtJxhAs]", "question": 13}}, {"model": "scoreserver.flag", "pk": 137, "fields": {"point": 800, "flag": "FLAG_IS_[lkKThaQRHTBSjKn]", "question": 23}}, {"model": "scoreserver.flag", "pk": 138, "fields": {"point": 100, "flag": "FLAG_IS_[jEkNGypvjQCkUhx]", "question": 23}}, {"model": "scoreserver.flag", "pk": 139, "fields": {"point": 300, "flag": "FLAG_IS_[hwkBJIquWLmIwBH]", "question": 6}}, {"model": "scoreserver.flag", "pk": 140, "fields": {"point": 1000, "flag": "FLAG_IS_[CzggDLgOgbYowBY]", "question": 48}}, {"model": "scoreserver.flag", "pk": 141, "fields": {"point": 900, "flag": "FLAG_IS_[CMGNIcTFjnItHdZ]", "question": 17}}, {"model": "scoreserver.flag", "pk": 142, "fields": {"point": 600, "flag": "FLAG_IS_[rmFbKibBJmbHSEA]", "question": 28}}, {"model": "scoreserver.flag", "pk": 143, "fields": {"point": 1100, "flag": "FLAG_IS_[vQCikuXWKjuJtCC]", "question": 39}}, {"model": "scoreserver.flag", "pk": 144, "fields": {"point": 400, "flag": "FLAG_IS_[GnBTiOvmMeuqHTI]", "question": 14}}, {"model": "scoreserver.flag", "pk": 145, "fields": {"point": 700, "flag": "FLAG_IS_[sxuNZsmIyvBJpeZ]", "question": 29}}, {"model": "scoreserver.flag", "pk": 146, "fields": {"point": 300, "flag": "FLAG_IS_[ViurpXdxrgFGRyI]", "question": 46}}, {"model": "scoreserver.flag", "pk": 147, "fields": {"point": 200, "flag": "FLAG_IS_[QetXHxFlxBVHVKh]", "question": 4}}, {"model": "scoreserver.flag", "pk": 148, "fields": {"point": 800, "flag": "FLAG_IS_[HSQHUlxtkOCRjaQ]", "question": 24}}, {"model": "scoreserver.flag", "pk": 149, "fields": {"point": 300, "flag": "FLAG_IS_[vWGDPzlNVUlSBJn]", "question": 25}}, {"model": "scoreserver.flag", "pk": 150, "fields": {"point": 1100, "flag": "FLAG_IS_[mPkQiYMqSfwJoWd]", "question": 48}}, {"model": "scoreserver.flag", "pk": 151, "fields": {"point": 700, "flag": "FLAG_IS_[HldhLkpSIhZCgwB]", "question": 37}}, {"model": "scoreserver.flag", "pk": 152, "fields": {"point": 600, "flag": "FLAG_IS_[ensMrqZdmBmGvCZ]", "question": 5}}, {"model": "scoreserver.flag", "pk": 153, "fields": {"point": 200, "flag": "FLAG_IS_[jaSKOcafufBZRYY]", "question": 9}}, {"model": "scoreserver.flag", "pk": 154, "fields": {"point": 600, "flag": "FLAG_IS_[lrJdKElGpSiEHdc]", "question": 49}}, {"model": "scoreserver.flag", "pk": 155, "fields": {"point": 600, "flag": "FLAG_IS_[xtAhDPacdmisPLH]", "question": 42}}, {"model": "scoreserver.flag", "pk": 156, "fields": {"point": 1000, "flag": "FLAG_IS_[ZelMJLeuPhSRirB]", "question": 7}}, {"model": "scoreserver.flag", "pk": 157, "fields": {"point": 900, "flag": "FLAG_IS_[drzzdzjhyZHNOQW]", "question": 31}}, {"model": "scoreserver.flag", "pk": 158, "fields": {"point": 900, "flag": "FLAG_IS_[EAekcxxgrVxYlwT]", "question": 44}}, {"model": "scoreserver.flag", "pk": 159, "fields": {"point": 1000, "flag": "FLAG_IS_[YIHhwcCfecVuiiR]", "question": 49}}, {"model": "scoreserver.flag", "pk": 160, "fields": {"point": 700, "flag": "FLAG_IS_[lBLyJYCaAZsxMgY]", "question": 2}}, {"model": "scoreserver.flag", "pk": 161, "fields": {"point": 300, "flag": "FLAG_IS_[pAscfJmRpTOmGEP]", "question": 27}}, {"model": "scoreserver.flag", "pk": 162, "fields": {"point": 800, "flag": "FLAG_IS_[DdJoniSvSbTEwti]", "question": 5}}, {"model": "scoreserver.flag", "pk": 163, "fields": {"point": 400, "flag": "FLAG_IS_[cjBXHVZdKcrEdcm]", "question": 49}}, {"model": "scoreserver.flag", "pk": 164, "fields": {"point": 500, "flag": "FLAG_IS_[KxTGWqGMBqWnmfd]", "question": 11}}, {"model": "scoreserver.flag", "pk": 165, "fields": {"point": 600, "flag": "FLAG_IS_[beYTTxJPmXhVeGs]", "question": 17}}, {"model": "scoreserver.flag", "pk": 166, "fields": {"point": 300, "flag": "FLAG_IS_[WeXVOmRHkhSCtAr]", "question": 37}}, {"model": "scoreserver.flag", "pk": 167, "fields": {"point": 300, "flag": "FLAG_IS_[wxnhweDgHshnYpc]", "question": 21}}, {"model": "scoreserver.flag", "pk": 168, "fields": {"point": 600, "flag": "FLAG_IS_[NzPCoeRWCNOXgmP]", "question": 33}}, {"model": "scoreserver.flag", "pk": 169, "fields": {"point": 300, "flag": "FLAG_IS_[TNwGUntYFgLYNxa]", "question": 21}}, {"model": "scoreserver.flag", "pk": 170, "fields": {"point": 500, "flag": "FLAG_IS_[UehQaimbgtCEQTt]", "question": 31}}, {"model": "scoreserver.flag", "pk": 171, "fields": {"point": 200, "flag": "FLAG_IS_[FpucSwzqhxLuFjj]", "question": 33}}, {"model": "scoreserver.flag", "pk": 172, "fields": {"point": 100, "flag": "FLAG_IS_[lswRQLPjVrXWXlc]", "question": 30}}, {"model": "scoreserver.flag", "pk": 173, "fields": {"point": 1000, "flag": "FLAG_IS_[AmsqZmkaYmGBsev]", "question": 15}}, {"model": "scoreserver.flag", "pk": 174, "fields": {"point": 500, "flag": "FLAG_IS_[bDArsYoCHaEnXRB]", "question": 47}}, {"model": "scoreserver.flag", "pk": 175, "fields": {"point": 700, "flag": "FLAG_IS_[vtvYIPdSJysTMdt]", "question": 13}}, {"model": "scoreserver.flag", "pk": 176, "fields": {"point": 300, "flag": "FLAG_IS_[GtLSkSSJSSQMQFZ]", "question": 4}}, {"model": "scoreserver.flag", "pk": 177, "fields": {"point": 700, "flag": "FLAG_IS_[HvkoDkoSfpncUMX]", "question": 49}}, {"model": "scoreserver.flag", "pk": 178, "fields": {"point": 1000, "flag": "FLAG_IS_[eLUIJZjHKvuHPPo]", "question": 44}}, {"model": "scoreserver.flag", "pk": 179, "fields": {"point": 200, "flag": "FLAG_IS_[dijaACPCEQLmSEi]", "question": 19}}, {"model": "scoreserver.flag", "pk": 180, "fields": {"point": 800, "flag": "FLAG_IS_[vFNYVpnKhsznnCq]", "question": 3}}, {"model": "scoreserver.flag", "pk": 181, "fields": {"point": 600, "flag": "FLAG_IS_[kaDMkUYxJNyFRZn]", "question": 28}}, {"model": "scoreserver.flag", "pk": 182, "fields": {"point": 300, "flag": "FLAG_IS_[MWMpLXEJWHQIJkh]", "question": 26}}, {"model": "scoreserver.flag", "pk": 183, "fields": {"point": 1100, "flag": "FLAG_IS_[eHWjzlOZeDPTYTY]", "question": 18}}, {"model": "scoreserver.flag", "pk": 184, "fields": {"point": 1100, "flag": "FLAG_IS_[XRYRULqxiqGAkvD]", "question": 35}}, {"model": "scoreserver.flag", "pk": 185, "fields": {"point": 300, "flag": "FLAG_IS_[ZAhNwyiCbatuLmt]", "question": 29}}, {"model": "scoreserver.flag", "pk": 186, "fields": {"point": 1100, "flag": "FLAG_IS_[JoDHOBDbqheJXlY]", "question": 44}}, {"model": "scoreserver.flag", "pk": 187, "fields": {"point": 700, "flag": "FLAG_IS_[mDtPYpVAguzFjBl]", "question": 33}}, {"model": "scoreserver.flag", "pk": 188, "fields": {"point": 600, "flag": "FLAG_IS_[eWdnKDKzszZInah]", "question": 42}}, {"model": "scoreserver.flag", "pk": 189, "fields": {"point": 400, "flag": "FLAG_IS_[VxFOoArAahWOijD]", "question": 31}}, {"model": "scoreserver.flag", "pk": 190, "fields": {"point": 600, "flag": "FLAG_IS_[afpmRUNVPEifDIY]", "question": 46}}, {"model": "scoreserver.flag", "pk": 191, "fields": {"point": 1000, "flag": "FLAG_IS_[ybyWiANkWQUPsJB]", "question": 17}}, {"model": "scoreserver.flag", "pk": 192, "fields": {"point": 400, "flag": "FLAG_IS_[hABCmqpMWAwkliT]", "question": 36}}, {"model": "scoreserver.flag", "pk": 193, "fields": {"point": 1000, "flag": "FLAG_IS_[CuGxSgeTFZUDNdE]", "question": 10}}, {"model": "scoreserver.flag", "pk": 194, "fields": {"point": 400, "flag": "FLAG_IS_[INwUFuizCyUetnr]", "question": 17}}, {"model": "scoreserver.flag", "pk": 195, "fields": {"point": 200, "flag": "FLAG_IS_[XVUOYVtcOayaYWR]", "question": 12}}, {"model": "scoreserver.flag", "pk": 196, "fields": {"point": 400, "flag": "FLAG_IS_[tNrzvkapmXsztwa]", "question": 3}}, {"model": "scoreserver.flag", "pk": 197, "fields": {"point": 800, "flag": "FLAG_IS_[tPBAEmeMMhqRhfo]", "question": 40}}, {"model": "scoreserver.flag", "pk": 198, "fields": {"point": 200, "flag": "FLAG_IS_[SDpPxwjvcYAeihJ]", "question": 3}}, {"model": "scoreserver.flag", "pk": 199, "fields": {"point": 1100, "flag": "FLAG_IS_[yeHRFKaNJVymzHj]", "question": 39}}, {"model": "auth.user", "pk": 0, "fields": {"username": "user0", "password": "pbkdf2_sha256$24000$xxWRTk6bNwDb$egDK4K1EHjuelOBEB2uIR8vOGYjGRI3ckwUiGRT503Q="}}, {"model": "auth.user", "pk": 1, "fields": {"username": "user1", "password": "pbkdf2_sha256$24000$Dg19sV3ujME4$j7p6F/ZivyTUwuDFfO9qYTm6DR4vTSUXspLKyiJw8eU="}}, {"model": "auth.user", "pk": 2, "fields": {"username": "user2", "password": "pbkdf2_sha256$24000$xv0UT4dmvxre$Uyi6OLwKP0BpTjI1gSOVLB9WXoLY5aIQRxRBmobdT7w="}}, {"model": "auth.user", "pk": 3, "fields": {"username": "user3", "password": "pbkdf2_sha256$24000$DMizAKQPExiu$mkPl0CW33SZsyk1PARfEtjDRimbCP5z5C4aUrKWbtZA="}}, {"model": "auth.user", "pk": 4, "fields": {"username": "user4", "password": "pbkdf2_sha256$24000$KXhnT3GTKzsL$/zg+UKXKF2BigNw6wnEKxcztAUGvLrjMaGwUAlpdFYI="}}, {"model": "auth.user", "pk": 5, "fields": {"username": "user5", "password": "pbkdf2_sha256$24000$pw7SD1CAbltB$Ji0zx7potscLyWuFl7oocQjnhAjZ4vcLWZEELU58aKE="}}, {"model": "auth.user", "pk": 6, "fields": {"username": "user6", "password": "pbkdf2_sha256$24000$NXi7kMCqIIja$DPDtSqtolHOz04E5gon/hIUrTokPiwspGdEZI1sCEIs="}}, {"model": "auth.user", "pk": 7, "fields": {"username": "user7", "password": "pbkdf2_sha256$24000$OYXH7V1SblLL$ae83Ps5FjxrZQlOMuafaB5Tw+xDf1inyjpFksbAneno="}}, {"model": "auth.user", "pk": 8, "fields": {"username": "user8", "password": "pbkdf2_sha256$24000$KEHZO7Z5DXt1$cccpMCfSUerik/7EEz6BBQb2bugoExsNI738FlffqZw="}}, {"model": "auth.user", "pk": 9, "fields": {"username": "user9", "password": "pbkdf2_sha256$24000$VMUeInEYuVCC$+3YPd9rwrJfj19kYEhud/KQ6kj91T7bdqdHFVXBc5w8="}}, {"model": "auth.user", "pk": 10, "fields": {"username": "user10", "password": "pbkdf2_sha256$24000$NnXIJ58HDBzX$/wCWJX9L9/+UrAJOLjjdEWMsleSKJeZvl3G0AJRY2uM="}}, {"model": "auth.user", "pk": 11, "fields": {"username": "user11", "password": "pbkdf2_sha256$24000$hiLggXD31MTk$jRHcvJ+XaS0rwqUTdV9L+wzomqS7M4jibeMe6BOqONI="}}, {"model": "auth.user", "pk": 12, "fields": {"username": "user12", "password": "pbkdf2_sha256$24000$RtT0kA3tkWWO$Ztn2eZHmGb1Jw4hcpwqfWLv9GpME63Fr41YJNX6IQVI="}}, {"model": "auth.user", "pk": 13, "fields": {"username": "user13", "password": "pbkdf2_sha256$24000$uMjQ9Bh9hA7l$tfq4RI4mTJNaXLpApPYE225W2NSFEbohK+OS7/9L6Ds="}}, {"model": "auth.user", "pk": 14, "fields": {"username": "user14", "password": "pbkdf2_sha256$24000$Srj2HBu6CBCr$8m5dPgAwdBDryaHzKKzWoQWpkRkJ9nKp1Z31xDJ5n2k="}}, {"model": "auth.user", "pk": 15, "fields": {"username": "user15", "password": "pbkdf2_sha256$24000$RRwE3W75LMfe$R2aPe4AmWDjzHHowSDK0XCWYbY8I23kutP/MA/qzjbU="}}, {"model": "auth.user", "pk": 16, "fields": {"username": "user16", "password": "pbkdf2_sha256$24000$qXStXcfryRgE$HaYlwij5JgvAd3/LrlzMnEpguimL/DtJmhiyGzdkjkk="}}, {"model": "auth.user", "pk": 17, "fields": {"username": "user17", "password": "pbkdf2_sha256$24000$AaIqSyQagL5u$XjXwbwCpLaOYLW76kSeeHlgXkfqjo6dBAgIYk3anLsk="}}, {"model": "auth.user", "pk": 18, "fields": {"username": "user18", "password": "pbkdf2_sha256$24000$uZPL4s7BpNwp$rLlsr3JQY6z+A5U1BN6X02HDs4vGId/ACy6Ls2VMZgc="}}, {"model": "auth.user", "pk": 19, "fields": {"username": "user19", "password": "pbkdf2_sha256$24000$xhbXgRTEN4yU$y49VOtqZUUiSucwrq5fUTxGgWMpgh+rOrh42GuMy2CI="}}, {"model": "auth.user", "pk": 20, "fields": {"username": "user20", "password": "pbkdf2_sha256$24000$jeLxARTk8x42$h1Qev2pvFm1F4HgkHhfLIHRrssDEuFp8M6ag5NdeqCk="}}, {"model": "auth.user", "pk": 21, "fields": {"username": "user21", "password": "pbkdf2_sha256$24000$rAjMjiP27BqK$eNUdTyRFRIk0kQQ/ZCMI+5ZOGM2jaJ42DMqMqEn+Iaw="}}, {"model": "auth.user", "pk": 22, "fields": {"username": "user22", "password": "pbkdf2_sha256$24000$u08z9uFxM0R0$k9hVjc9XdRnAc3MVlMo7HEyHWnSoKA5Y9VezN6Huqb0="}}, {"model": "auth.user", "pk": 23, "fields": {"username": "user23", "password": "pbkdf2_sha256$24000$uTfGKQ4v20Vz$sOoPPX6+Rl+XIwBI4cx22LWZL9qcwqHAR+2zFscyhng="}}, {"model": "auth.user", "pk": 24, "fields": {"username": "user24", "password": "pbkdf2_sha256$24000$xOQHNYAAT44A$gxqc8sTph8ZPabSaI9GFM6xibI5xoeJDpqhsrtNxKss="}}, {"model": "auth.user", "pk": 25, "fields": {"username": "user25", "password": "pbkdf2_sha256$24000$WLVzrP4pU3Np$LaRUpps0sUlVQ/uc3Tqn7I5Qnlj1XTR28o1y0zOX/E8="}}, {"model": "auth.user", "pk": 26, "fields": {"username": "user26", "password": "pbkdf2_sha256$24000$BXZDz4YMUL0j$m6DknjnWFil/9VFz0O71irvptprC2f106hboSjCEahI="}}, {"model": "auth.user", "pk": 27, "fields": {"username": "user27", "password": "pbkdf2_sha256$24000$yQTlCb5b52vq$D84k/1k7sHQVcSeX7IO+EbAOWVCRtlEripAXX991Oyc="}}, {"model": "auth.user", "pk": 28, "fields": {"username": "user28", "password": "pbkdf2_sha256$24000$5s8AZIAjaJOI$t3WuhhyNvZ9bFq4e+nzEzRsax7hadKhZyYANuETlyj8="}}, {"model": "auth.user", "pk": 29, "fields": {"username": "user29", "password": "pbkdf2_sha256$24000$JMQKv8sy24jc$433zNo+lZHmx0oG2eXaRjuA4nQN8vRWTnhEIQgMbEbI="}}, {"model": "auth.user", "pk": 30, "fields": {"username": "user30", "password": "pbkdf2_sha256$24000$6QtecN47z6RD$EMZMFWKYbpt+HmpSv9zKLAM958WWUoDj5tG3UwxjhHM="}}, {"model": "auth.user", "pk": 31, "fields": {"username": "user31", "password": "pbkdf2_sha256$24000$dVLfQtZX7sfX$vleDVdTHjtRoKlR/o3bM6CcqdMtzAedymBU9kLyLLUc="}}, {"model": "auth.user", "pk": 32, "fields": {"username": "user32", "password": "pbkdf2_sha256$24000$mEBqlMQSiDD0$MvNZmVum+RVowcVD+Nv1AuR5f5yK2ZqwyYsryvujw9U="}}, {"model": "auth.user", "pk": 33, "fields": {"username": "user33", "password": "pbkdf2_sha256$24000$fOYg61rSY5eg$Sn4qcyCoNdIocnXW1NLeFKkh6DZlkUIeZifgqr0vJ6Q="}}, {"model": "auth.user", "pk": 34, "fields": {"username": "user34", "password": "pbkdf2_sha256$24000$sxiUFkOqulZD$RE1xYBAYZQVT2H6T3ROtkpU9R6REBZ84nubljDAoZPQ="}}, {"model": "auth.user", "pk": 35, "fields": {"username": "user35", "password": "pbkdf2_sha256$24000$Ooy7QXy6DQBk$Q9LhGujo3vFJF04pWMOkXhrOohbdM9xu/phfPRscSks="}}, {"model": "auth.user", "pk": 36, "fields": {"username": "user36", "password": "pbkdf2_sha256$24000$hHnNYdNfwsgj$StQLnhYCCVnNzz+5QpdfyiSKI4ac8QzoNzisfkdvjt4="}}, {"model": "auth.user", "pk": 37, "fields": {"username": "user37", "password": "pbkdf2_sha256$24000$u4JRIV6QIQwN$Fpte4CdJaDYbwnwIHYFmH9otulx+FS26oNiWo7fS51o="}}, {"model": "auth.user", "pk": 38, "fields": {"username": "user38", "password": "pbkdf2_sha256$24000$tnwIRbmbzf4i$Wg+9ZydixNqA7QvN75+6UhZPdMZx7aUpEXly0n+/xQo="}}, {"model": "auth.user", "pk": 39, "fields": {"username": "user39", "password": "pbkdf2_sha256$24000$sk6hK9F9KT8L$kHkVoKWULWsbno2T3VZNN2NuF+YdEl1nigZn0LHOs1k="}}, {"model": "auth.user", "pk": 40, "fields": {"username": "user40", "password": "pbkdf2_sha256$24000$90S36UyI1fwl$lh1meueGWXExwbtgJuSXzKfXuOPIlKJOmVA/lK/ij2s="}}, {"model": "auth.user", "pk": 41, "fields": {"username": "user41", "password": "pbkdf2_sha256$24000$1awIN1X3BR4X$x19eBaXhNlCi5WeGWoIeulHDCqqCVXEQvi1qm6z2dgM="}}, {"model": "auth.user", "pk": 42, "fields": {"username": "user42", "password": "pbkdf2_sha256$24000$NgIxFFYrKmUO$QWSYQ4TqBWzNq19hhMQfbbEO0tjniESiZKs9xX3ZnqE="}}, {"model": "auth.user", "pk": 43, "fields": {"username": "user43", "password": "pbkdf2_sha256$24000$Yt9FXWC6Gle9$2EbYxX4Ut2PksPJtuRWrwS2la6paqgl6O7x5jLFszSU="}}, {"model": "auth.user", "pk": 44, "fields": {"username": "user44", "password": "pbkdf2_sha256$24000$JwhbElXo6XbG$WQyxgV4r5mI21eBjUwiSlnGmPx/9M9d+G2AKGaFoR5E="}}, {"model": "auth.user", "pk": 45, "fields": {"username": "user45", "password": "pbkdf2_sha256$24000$Qwr0IACedMVR$SfZJS7twZMOoqv9032QHP4oeuH+GYaIhiwqOd1Zs3rQ="}}, {"model": "auth.user", "pk": 46, "fields": {"username": "user46", "password": "pbkdf2_sha256$24000$iA7UL9oBuzUa$XTAOhRN7jZZkv0k1ZW23HAohrRzGgPncnqYIGI89rS8="}}, {"model": "auth.user", "pk": 47, "fields": {"username": "user47", "password": "pbkdf2_sha256$24000$YVQvXCT70U6L$ucyRF5QGiI9jkPYXJkYVFzWGrydCknMT8A0hwI4qV9U="}}, {"model": "auth.user", "pk": 48, "fields": {"username": "user48", "password": "pbkdf2_sha256$24000$d4JJSOvvLUlz$eTL+yYQUZRao9gGOUrWQ+I8VkLsg0100FZltI3vZ3y4="}}, {"model": "auth.user", "pk": 49, "fields": {"username": "user49", "password": "pbkdf2_sha256$24000$LdpfxP6Wxg4G$qF5nttqg+W+qs/d1Fs8XIFo2gy0YhVhz4zU9k3yENHY="}}, {"model": "scoreserver.hint", "pk": 0, "fields": {"description": "zyOlEwxTmmtkbMDIcfzvuoGsVsgTZRGkKvOhRbCjipejIokuKLvYddYzsplqMyxrcnHmrFfTjKzUdlQOyjigjKJQIsKsMpYSZYbv", "question": 35}}, {"model": "scoreserver.hint", "pk": 1, "fields": {"description": "EKQQXnveTwpSDldmHqnLeLPYqxfWKWZiKOkxzCJfgKBIBbmEZjbNBfIcZBbQYTSrZZjiGSaQGHVWfHPqJoYrXfrCRvEoocoEmNAG", "question": 40}}, {"model": "scoreserver.hint", "pk": 2, "fields": {"description": "ITqSPhKazMAbbNCanDEFuiKKDjhZyizuGsYePFHuOUryTrQBxueZqDTHmHlzpgBzRchEVkPVxYdMQxJrdmgaPpxaFOdJnxNUOgTX", "question": 49}}, {"model": "scoreserver.hint", "pk": 3, "fields": {"description": "dAqKTGZMKqJKecWblayGpBstYQuPoWgkAKQOKNPWVtNGEXdzIfzuaVOywakpjOGVVABIGQoPIqYEaaxVkCbHZTjKNyxAJQabXKvS", "question": 43}}, {"model": "scoreserver.hint", "pk": 4, "fields": {"description": "jnUOBwDRcMJexcLuqwwlTnKDmjdVhBPlVJZTNwkTKqZhLWfxLkHtvErzjLpkGQWHMZDbOxYuchQGVYlncAipObRquzEKAIPHOlVA", "question": 23}}, {"model": "scoreserver.hint", "pk": 5, "fields": {"description": "PROLHbmqLkSSsXYGaXPzrtHVHZJCcBmGHbVbAjBfcNCkdImjCblVHXyhOdYTLFYICpqCSPzkfYtDyIQVZtVHwRGSQDNSkOoWimOd", "question": 40}}, {"model": "scoreserver.hint", "pk": 6, "fields": {"description": "IASBhTGzsleVVSXrJoNKrpZiSMpggkbVbnWrCeENLeZgdPXmASioovQgVuzXoLgCAjnkZryytAKwJxowfMIcbIyUCJDxCyueyPpd", "question": 43}}, {"model": "scoreserver.hint", "pk": 7, "fields": {"description": "BeKLeZNguAAdqgNAvzcTpeQbdnxhiVhOMrBjufYGDzKVpLFSmBQiupIWCtpDxitqMebmRXulwTcBmyrFywLwdZbXkBJitVkfPsGR", "question": 40}}, {"model": "scoreserver.hint", "pk": 8, "fields": {"description": "lWbURryVIbBYplUjjEIxVzvOZawrJuEwSgdToPvgXiTBaqgcwuIYmhGsipIscstuaUToscBRWDrKgwRiZoSzNftmaHGirxKzWDsp", "question": 28}}, {"model": "scoreserver.hint", "pk": 9, "fields": {"description": "ioEhfoBDIROWXbhxjiGdcklopvNltFgqFuVQmfCkVvOZEOArqbFPnLMUhbMWOVQWlFSpBVbyeBfWZXJvKJpFqsmwPDnIzbhwKdvx", "question": 20}}, {"model": "scoreserver.hint", "pk": 10, "fields": {"description": "YUtofKaJNLTUFMFnpLRwNOaXPkgSvKGnRBzGsykuAkGCXXvXgeZpnqudqTthYMnZOOQUAaYkoKpYktHmcRTPStMQpBRHJXIdlSPh", "question": 16}}, {"model": "scoreserver.hint", "pk": 11, "fields": {"description": "cBxluKeqFGNVmRRLggwCrFpOqZYLDxBHeGkCzKZQwJkgPFycTwcMQkCPKMnzRRyIiMEhGLSAFYhSieBdCQvRNetBqJpPGOQpzmjw", "question": 44}}, {"model": "scoreserver.hint", "pk": 12, "fields": {"description": "SNMbFDLAbeXmVZMRYiLPhoEIWuRCVbhqlNnrbcXskQEfHRGgptkpEteUcHANjQjOPMdjFVOhIhXwyqkDDtwMYAAHpLMvnRMulgbc", "question": 35}}, {"model": "scoreserver.hint", "pk": 13, "fields": {"description": "ldDBIkxlxoJyrEhfecLTDpHWsGySHTwTKAEmAdPTTqCcvCGRlUnpsEYRRiZmUOcAtNgpnoQImJWxDOdUCBQCWCCNfUDGQxifUXTr", "question": 45}}, {"model": "scoreserver.hint", "pk": 14, "fields": {"description": "GlvspuzLGielTurzNdMsfWRSnRpisaYkLLhnaHpbmabZfnzKHYCboDUmmmeqRNQwFpniJNGlzaGuzWmgYZmfzDAbjenHDysynXQT", "question": 28}}, {"model": "scoreserver.hint", "pk": 15, "fields": {"description": "MisTdANfdBfxHasOGFAwdytbfZIYaWULQYxGWCXFgIZtxGUkCyLyTrKthLNXjnAigysYktNEvTMAFrplkGKSdaRuUFiRoRnNuQSG", "question": 20}}, {"model": "scoreserver.hint", "pk": 16, "fields": {"description": "ajVNZHFcaNvbuYTRbMggIAVurTFQiWTocchIzyXTFpMyGdImzKZKnXjVfqBqPyVBjUaWFRWsoxvRSdsMSgRegckircsmddlxvzdp", "question": 48}}, {"model": "scoreserver.hint", "pk": 17, "fields": {"description": "jqDvOgsfxYIqIAizZGqvfmLiKHPgiWPzNVDyRurvVUfXwtzmGZAoCuAVkXJhlLHSSFaSNsECmiGjaomrSceYvvEFcQPJPHPXWxQc", "question": 35}}, {"model": "scoreserver.hint", "pk": 18, "fields": {"description": "LEhFDIkTHzJijNqOOxxEftIJVkmuaQgNcLytTclIzGwxvaqDBkQLfEdReiQzvLSJdVMtZyxkzLrOOGHmVFXSqiqgOzjlVAamMMTh", "question": 23}}, {"model": "scoreserver.hint", "pk": 19, "fields": {"description": "dHFcqRWYBKHrdjufhDuXJFaCGZWsuKLjJBfaRqsqtIGmPTsoJzrsPysQEyYnrNggadQruDrSdlVqZCZFsImAZuUlyDpbtOAEgBuO", "question": 30}}, {"model": "scoreserver.hint", "pk": 20, "fields": {"description": "KsmKdzXdRmLpXaYKESPSzKYYlUYHXoAtOdQldZMCraRAxBwTVRRfWNsgoGtGiqZGtJdaScJfBLJdaSwIgVWfFLdnsqjIQxKbcEhv", "question": 39}}, {"model": "scoreserver.hint", "pk": 21, "fields": {"description": "OKPCaKnveIWWpVDcOtCxCubnJCokDITObwUgFbpeoEazGtrJCNWVEWbLoWTKdRuEYYUYENUGFqihexZRKPvMsZcAFJRKZhpXQDhB", "question": 6}}, {"model": "scoreserver.hint", "pk": 22, "fields": {"description": "jSWBzfuqhXOOkiFCKVSiKyaYYsndajQytakAqPCTqnYGExYVxBuLDdaSHkfpqpYxvInZYDouCLeNwgZdUCZVGcGeylpVWInEZpQp", "question": 43}}, {"model": "scoreserver.hint", "pk": 23, "fields": {"description": "iKtoASsXZNodgKtNZJKGnbJhvPAgnykkuWNWzPYdezKjLfpgvqGIHeOATDaBCgQmmAQBFcnXMRdMBwmbxWMhaamlZaQIlcjSESNu", "question": 44}}, {"model": "scoreserver.hint", "pk": 24, "fields": {"description": "shqTkiExgqfUKDqPgOqwCORwFxpOHFwomiziqcjuXZaCtARFEcZQUsWseIlOukDZTweenNGkiYpuyyGLdvyyrflNlpQjXmilQLUC", "question": 8}}, {"model": "scoreserver.hint", "pk": 25, "fields": {"description": "TlGmgpOdbIYtixIzZLZUhOquEZGTZmhNwJcpwulRHAbLcVTtqTqeTASXPtrFTsgpDmZEtevgdSEXXBGzFwwvbkMGhMMIADvZUFQR", "question": 36}}, {"model": "scoreserver.hint", "pk": 26, "fields": {"description": "ZltYvQfDyqnvVDrgwuncPpBmvleLxchHUsrieNticstZsXZaEeRWqWxBGRrXatGzsmMOXOgjjgtGCisWuhIIMlahejjgPudKefbh", "question": 27}}, {"model": "scoreserver.hint", "pk": 27, "fields": {"description": "coIdNpRkJWhOnVRFPUNjZKFnbcHuAhUVFBJjlYttLbsRAkIdJNOiRDEBNcLUMWsBnIOJSFIrdtsZBpdODnkFlsSjlzdowVsoSQbL", "question": 24}}, {"model": "scoreserver.hint", "pk": 28, "fields": {"description": "jVMPaaFmWUbTFtwqUDOEyPlLniivYudCnbavKjMCCSgxCMWleJSIGBSYEzKSTVoexVNscrqLFGJPzIVWsckEbwqbVHCiUjUCrEXK", "question": 7}}, {"model": "scoreserver.hint", "pk": 29, "fields": {"description": "VUVihbYLPQrwCWBjMUXqzKrJOocxwxZrZzerldnBekgSpEciKTTYgYZtjIEQgZqgfQedtdmRJUobMWPdzmMDHMzjymYVPPCjPXZx", "question": 41}}, {"model": "scoreserver.hint", "pk": 30, "fields": {"description": "uRyUMNhVPTCJnBiwqOZRhsrXIFChueWcxFErniPtrtoMJhfUcxzIpLqxhcUsaMgZfvlTBxlidyyjlNhCdGShuvFGmpoPjcCsEAda", "question": 2}}, {"model": "scoreserver.hint", "pk": 31, "fields": {"description": "LCReaaHplITkedoAzweMZHCoxYqQCxMBKfFQZNPAlGuzdmndOLFGDPPQjpEZowodtkjYoOlBNWdeGNOKdXeCcJweJzxerJYHocWr", "question": 9}}, {"model": "scoreserver.hint", "pk": 32, "fields": {"description": "AqfWqpYDxmYkaLWwrEvqKvdgqVSToyQBYUFMDiUuoAJVCGWBVsAApCNjbqqzeyLrrbEWhsmJuCwNRevwNwpjFRmNODBpyyKQnQvb", "question": 31}}, {"model": "scoreserver.hint", "pk": 33, "fields": {"description": "xNtVjqxDMLcrbXnNYKTMQvXbzVVgugHrorwQdkZssNkFQjmUWSAhzfKOaCKQKHmmAxrCPTurqqSelcMnCnFNzzdXWtBFSLCKijcK", "question": 9}}, {"model": "scoreserver.hint", "pk": 34, "fields": {"description": "hvorVLUxsiIOdUsGJQUSScDaDZPKZAjyJVtElqerXLmdHnuokoviCgLPVOEqEqHiqZytPAyhTCJosHAioMUQjXayMAWEfGrQATEl", "question": 28}}, {"model": "scoreserver.hint", "pk": 35, "fields": {"description": "LHNzznkeMvEaKdXAUPWUBIErUYdmrFudyWarcwWxWHHFHyBUszatVhwCBPsoOJrflouAedinaZXkEvtOswgyNuqQyNylSRneeQoN", "question": 39}}, {"model": "scoreserver.hint", "pk": 36, "fields": {"description": "fDDyPcHVoqKfJoncGHqhjSFUEBqWKuzfyMqUKNINONoDEnJTiVYxPwBxgjZuRghfspnHEuLItmEXFAUdamSfFQcGHIMciBbuIyCg", "question": 36}}, {"model": "scoreserver.hint", "pk": 37, "fields": {"description": "McCnSnCTuLAoRoHbKtskXMduEmwcqwkvmAYleXqbFSPZelAsurRCuKfUHGcuYLhhXOfFDIXZlImwxXDdTQyOacbNTZriPBNMOdEX", "question": 31}}, {"model": "scoreserver.hint", "pk": 38, "fields": {"description": "ZtMdVDqSBJvWQbeVZfOGvtVfoUfluvkJUggGmJWXYjYHkPhceftTioGqgTskEjnJnhLtbnbwtdkdkBCdbKzXFFKvhnReZBeCggvU", "question": 34}}, {"model": "scoreserver.hint", "pk": 39, "fields": {"description": "WsoCIfceqftkSEloSKAePVouUJXxIFlZTQZcepnmKLYenKJpxMNwcBylvliJazJYZHCRIQlOoCNybwDLFldjDyGFMLNFuQnlWvSz", "question": 33}}, {"model": "scoreserver.hint", "pk": 40, "fields": {"description": "aOyHrdYSFBGDlcPCVIYeoUlzRGXqarjnuBSFOmJnngvrQfodwXTwswjsmcaCHTPKhfrTZaQokxusWRJVhYoGVjtsdvmLkdbzcRNw", "question": 11}}, {"model": "scoreserver.hint", "pk": 41, "fields": {"description": "LyDkfwKYeqdHZecZKwiuJbOUqgvSRNHsvTiVTukwDGYuyfggMRAKIfMUqAZSBIFLuIPWqcBxMHliPVDzTOfYRNxlvAvAeczdzFhW", "question": 8}}, {"model": "scoreserver.hint", "pk": 42, "fields": {"description": "AxXuuDDNkkQZezeuqehoFHqtKaYbVGlTpSBeLaHEbNHQSFpeALXnbammRUhGWLjfwFkVoRkGMpbITvxKHtExobirxvPFhXvMKILZ", "question": 47}}, {"model": "scoreserver.hint", "pk": 43, "fields": {"description": "KofgVCXymKHWBWWSIHxRFZJzFegvEUlBRmisrezZmmdUgvfpnjTsVVivNknFfwhlHsFKUjOncDBQXVsksHCKCZzYfUXDfpddFlVr", "question": 49}}, {"model": "scoreserver.hint", "pk": 44, "fields": {"description": "VuBqgidcVzlEMXMcBvWQCfGrfdGbAMDxXnIjcngLNjiomPuhPGaxTGJkwEpSKByhxEULgQEzaOoiFnWRRcZEPcfwQBbYBYoYICMP", "question": 30}}, {"model": "scoreserver.hint", "pk": 45, "fields": {"description": "DjjyFBTneKXCcCVeXuAIlegNgUTzQWnNAfEJwJJMwrotnANUYnmLYhjsUpCghtZZYaQJkNRcGmvnjXGMZdvcQiFHCHKImhItCVNw", "question": 8}}, {"model": "scoreserver.hint", "pk": 46, "fields": {"description": "nUdycMTpVLxSTjzwuTBpnIvagAwlJrXAGdhlLNAzvQMkBTDcfrrdLZSyTRsqTVQUPKIefEVteylGjeQtewmkHYJOaZpHYGqWktPe", "question": 8}}, {"model": "scoreserver.hint", "pk": 47, "fields": {"description": "XUdwemBSpgTWGytUkxdHyIfKJkOTUCRlmbwcRVRgsyqwsCPKrHbyMEhknwSTaGQLQUFsUeDWGaNRyenZsUhqGqBCfelulwmwqVfA", "question": 44}}, {"model": "scoreserver.hint", "pk": 48, "fields": {"description": "qOaSMbVVgPZnJytUKVzYSYxtxZlxXfkqomGkiGWJtonBtmFSJedDFOKmTGjkJsrbmotmNqnvTiHqRkRrFlbsmxzuSPcLjdfHkhmY", "question": 40}}, {"model": "scoreserver.hint", "pk": 49, "fields": {"description": "rZXaWqFGkEIMyGAYDOJRWndGXlJGQFuMbkfplZTdKcIoFYOjDXHBJRcOcUsKSIqvFKvOnnTeIvryZJuEsueWQRVqCpYBAsnnhrsM", "question": 32}}, {"model": "scoreserver.attackpointhistory", "pk": 0, "fields": {"user": 49, "point": 529, "question": 5}}, {"model": "scoreserver.attackpointhistory", "pk": 1, "fields": {"user": 26, "point": 823, "question": 7}}, {"model": "scoreserver.attackpointhistory", "pk": 2, "fields": {"user": 39, "point": 757, "question": 3}}, {"model": "scoreserver.attackpointhistory", "pk": 3, "fields": {"user": 39, "point": 900, "question": 9}}, {"model": "scoreserver.attackpointhistory", "pk": 4, "fields": {"user": 5, "point": 945, "question": 2}}, {"model": "scoreserver.attackpointhistory", "pk": 5, "fields": {"user": 18, "point": 290, "question": 1}}, {"model": "scoreserver.attackpointhistory", "pk": 6, "fields": {"user": 48, "point": 400, "question": 4}}, {"model": "scoreserver.attackpointhistory", "pk": 7, "fields": {"user": 33, "point": 290, "question": 1}}, {"model": "scoreserver.attackpointhistory", "pk": 8, "fields": {"user": 23, "point": 290, "question": 1}}, {"model": "scoreserver.attackpointhistory", "pk": 9, "fields": {"user": 21, "point": 290, "question": 1}}, {"model": "scoreserver.attackpointhistory", "pk": 10, "fields": {"user": 46, "point": 1000, "question": 8}}, {"model": "scoreserver.attackpointhistory", "pk": 11, "fields": {"user": 1, "point": 823, "question": 7}}, {"model": "scoreserver.attackpointhistory", "pk": 12, "fields": {"user": 14, "point": 823, "question": 7}}, {"model": "scoreserver.attackpointhistory", "pk": 13, "fields": {"user": 16, "point": 400, "question": 9}}, {"model": "scoreserver.attackpointhistory", "pk": 14, "fields": {"user": 44, "point": 900, "question": 6}}, {"model": "scoreserver.attackpointhistory", "pk": 15, "fields": {"user": 2, "point": 945, "question": 2}}, {"model": "scoreserver.attackpointhistory", "pk": 16, "fields": {"user": 7, "point": 823, "question": 7}}, {"model": "scoreserver.attackpointhistory", "pk": 17, "fields": {"user": 32, "point": 100, "question": 9}}, {"model": "scoreserver.attackpointhistory", "pk": 18, "fields": {"user": 15, "point": 757, "question": 3}}, {"model": "scoreserver.attackpointhistory", "pk": 19, "fields": {"user": 41, "point": 290, "question": 1}}, {"model": "scoreserver.attackpointhistory", "pk": 20, "fields": {"user": 27, "point": 757, "question": 3}}, {"model": "scoreserver.attackpointhistory", "pk": 21, "fields": {"user": 41, "point": 500, "question": 4}}, {"model": "scoreserver.attackpointhistory", "pk": 22, "fields": {"user": 10, "point": 757, "question": 3}}, {"model": "scoreserver.attackpointhistory", "pk": 23, "fields": {"user": 4, "point": 757, "question": 3}}, {"model": "scoreserver.attackpointhistory", "pk": 24, "fields": {"user": 13, "point": 800, "question": 8}}, {"model": "scoreserver.attackpointhistory", "pk": 25, "fields": {"user": 6, "point": 800, "question": 9}}, {"model": "scoreserver.attackpointhistory", "pk": 26, "fields": {"user": 39, "point": 823, "question": 7}}, {"model": "scoreserver.attackpointhistory", "pk": 27, "fields": {"user": 47, "point": 529, "question": 5}}, {"model": "scoreserver.attackpointhistory", "pk": 28, "fields": {"user": 10, "point": 600, "question": 4}}, {"model": "scoreserver.attackpointhistory", "pk": 29, "fields": {"user": 23, "point": 800, "question": 4}}, {"model": "scoreserver.attackpointhistory", "pk": 30, "fields": {"user": 16, "point": 900, "question": 6}}, {"model": "scoreserver.attackpointhistory", "pk": 31, "fields": {"user": 43, "point": 300, "question": 4}}, {"model": "scoreserver.attackpointhistory", "pk": 32, "fields": {"user": 8, "point": 945, "question": 2}}, {"model": "scoreserver.attackpointhistory", "pk": 33, "fields": {"user": 19, "point": 290, "question": 1}}, {"model": "scoreserver.attackpointhistory", "pk": 34, "fields": {"user": 34, "point": 600, "question": 6}}, {"model": "scoreserver.attackpointhistory", "pk": 35, "fields": {"user": 42, "point": 529, "question": 5}}, {"model": "scoreserver.attackpointhistory", "pk": 36, "fields": {"user": 20, "point": 529, "question": 5}}, {"model": "scoreserver.attackpointhistory", "pk": 37, "fields": {"user": 30, "point": 1000, "question": 8}}, {"model": "scoreserver.attackpointhistory", "pk": 38, "fields": {"user": 46, "point": 800, "question": 9}}, {"model": "scoreserver.attackpointhistory", "pk": 39, "fields": {"user": 10, "point": 529, "question": 5}}, {"model": "scoreserver.attackpointhistory", "pk": 40, "fields": {"user": 29, "point": 290, "question": 1}}, {"model": "scoreserver.attackpointhistory", "pk": 41, "fields": {"user": 14, "point": 757, "question": 3}}, {"model": "scoreserver.attackpointhistory", "pk": 42, "fields": {"user": 37, "point": 757, "question": 3}}, {"model": "scoreserver.attackpointhistory", "pk": 43, "fields": {"user": 8, "point": 823, "question": 7}}, {"model": "scoreserver.attackpointhistory", "pk": 44, "fields": {"user": 37, "point": 300, "question": 6}}, {"model": "scoreserver.attackpointhistory", "pk": 45, "fields": {"user": 5, "point": 529, "question": 5}}, {"model": "scoreserver.attackpointhistory", "pk": 46, "fields": {"user": 44, "point": 600, "question": 6}}, {"model": "scoreserver.attackpointhistory", "pk": 47, "fields": {"user": 8, "point": 290, "question": 1}}, {"model": "scoreserver.attackpointhistory", "pk": 48, "fields": {"user": 42, "point": 757, "question": 3}}, {"model": "scoreserver.attackpointhistory", "pk": 49, "fields": {"user": 37, "point": 757, "question": 3}}, {"model": "scoreserver.attackpointhistory", "pk": 50, "fields": {"user": 10, "point": 529, "question": 5}}, {"model": "scoreserver.attackpointhistory", "pk": 51, "fields": {"user": 17, "point": 300, "question": 9}}, {"model": "scoreserver.attackpointhistory", "pk": 52, "fields": {"user": 29, "point": 529, "question": 5}}, {"model": "scoreserver.attackpointhistory", "pk": 53, "fields": {"user": 24, "point": 945, "question": 2}}, {"model": "scoreserver.attackpointhistory", "pk": 54, "fields": {"user": 25, "point": 757, "question": 3}}, {"model": "scoreserver.attackpointhistory", "pk": 55, "fields": {"user": 47, "point": 529, "question": 5}}, {"model": "scoreserver.attackpointhistory", "pk": 56, "fields": {"user": 18, "point": 300, "question": 8}}, {"model": "scoreserver.attackpointhistory", "pk": 57, "fields": {"user": 26, "point": 757, "question": 3}}, {"model": "scoreserver.attackpointhistory", "pk": 58, "fields": {"user": 10, "point": 757, "question": 3}}, {"model": "scoreserver.attackpointhistory", "pk": 59, "fields": {"user": 12, "point": 945, "question": 2}}, {"model": "scoreserver.attackpointhistory", "pk": 60, "fields": {"user": 18, "point": 945, "question": 2}}, {"model": "scoreserver.attackpointhistory", "pk": 61, "fields": {"user": 46, "point": 290, "question": 1}}, {"model": "scoreserver.attackpointhistory", "pk": 62, "fields": {"user": 12, "point": 800, "question": 6}}, {"model": "scoreserver.attackpointhistory", "pk": 63, "fields": {"user": 46, "point": 529, "question": 5}}, {"model": "scoreserver.attackpointhistory", "pk": 64, "fields": {"user": 40, "point": 300, "question": 8}}, {"model": "scoreserver.attackpointhistory", "pk": 65, "fields": {"user": 5, "point": 945, "question": 2}}, {"model": "scoreserver.attackpointhistory", "pk": 66, "fields": {"user": 47, "point": 529, "question": 5}}, {"model": "scoreserver.attackpointhistory", "pk": 67, "fields": {"user": 8, "point": 757, "question": 3}}, {"model": "scoreserver.attackpointhistory", "pk": 68, "fields": {"user": 24, "point": 529, "question": 5}}, {"model": "scoreserver.attackpointhistory", "pk": 69, "fields": {"user": 21, "point": 290, "question": 1}}, {"model": "scoreserver.attackpointhistory", "pk": 70, "fields": {"user": 22, "point": 529, "question": 5}}, {"model": "scoreserver.attackpointhistory", "pk": 71, "fields": {"user": 26, "point": 823, "question": 7}}, {"model": "scoreserver.attackpointhistory", "pk": 72, "fields": {"user": 20, "point": 300, "question": 8}}, {"model": "scoreserver.attackpointhistory", "pk": 73, "fields": {"user": 21, "point": 529, "question": 5}}, {"model": "scoreserver.attackpointhistory", "pk": 74, "fields": {"user": 49, "point": 290, "question": 1}}, {"model": "scoreserver.attackpointhistory", "pk": 75, "fields": {"user": 37, "point": 900, "question": 4}}, {"model": "scoreserver.attackpointhistory", "pk": 76, "fields": {"user": 11, "point": 290, "question": 1}}, {"model": "scoreserver.attackpointhistory", "pk": 77, "fields": {"user": 35, "point": 500, "question": 6}}, {"model": "scoreserver.attackpointhistory", "pk": 78, "fields": {"user": 20, "point": 290, "question": 1}}, {"model": "scoreserver.attackpointhistory", "pk": 79, "fields": {"user": 18, "point": 200, "question": 4}}, {"model": "scoreserver.attackpointhistory", "pk": 80, "fields": {"user": 13, "point": 800, "question": 8}}, {"model": "scoreserver.attackpointhistory", "pk": 81, "fields": {"user": 25, "point": 900, "question": 4}}, {"model": "scoreserver.attackpointhistory", "pk": 82, "fields": {"user": 44, "point": 500, "question": 4}}, {"model": "scoreserver.attackpointhistory", "pk": 83, "fields": {"user": 42, "point": 100, "question": 9}}, {"model": "scoreserver.attackpointhistory", "pk": 84, "fields": {"user": 21, "point": 1000, "question": 9}}, {"model": "scoreserver.attackpointhistory", "pk": 85, "fields": {"user": 18, "point": 945, "question": 2}}, {"model": "scoreserver.attackpointhistory", "pk": 86, "fields": {"user": 44, "point": 945, "question": 2}}, {"model": "scoreserver.attackpointhistory", "pk": 87, "fields": {"user": 10, "point": 757, "question": 3}}, {"model": "scoreserver.attackpointhistory", "pk": 88, "fields": {"user": 4, "point": 100, "question": 8}}, {"model": "scoreserver.attackpointhistory", "pk": 89, "fields": {"user": 4, "point": 529, "question": 5}}, {"model": "scoreserver.attackpointhistory", "pk": 90, "fields": {"user": 26, "point": 823, "question": 7}}, {"model": "scoreserver.attackpointhistory", "pk": 91, "fields": {"user": 31, "point": 529, "question": 5}}, {"model": "scoreserver.attackpointhistory", "pk": 92, "fields": {"user": 34, "point": 290, "question": 1}}, {"model": "scoreserver.attackpointhistory", "pk": 93, "fields": {"user": 44, "point": 529, "question": 5}}, {"model": "scoreserver.attackpointhistory", "pk": 94, "fields": {"user": 38, "point": 290, "question": 1}}, {"model": "scoreserver.attackpointhistory", "pk": 95, "fields": {"user": 13, "point": 290, "question": 1}}, {"model": "scoreserver.attackpointhistory", "pk": 96, "fields": {"user": 21, "point": 945, "question": 2}}, {"model": "scoreserver.attackpointhistory", "pk": 97, "fields": {"user": 42, "point": 757, "question": 3}}, {"model": "scoreserver.attackpointhistory", "pk": 98, "fields": {"user": 46, "point": 700, "question": 6}}, {"model": "scoreserver.attackpointhistory", "pk": 99, "fields": {"user": 7, "point": 757, "question": 3}}, {"model": "scoreserver.attackpointhistory", "pk": 100, "fields": {"user": 31, "point": 400, "question": 8}}, {"model": "scoreserver.attackpointhistory", "pk": 101, "fields": {"user": 38, "point": 757, "question": 3}}, {"model": "scoreserver.attackpointhistory", "pk": 102, "fields": {"user": 23, "point": 600, "question": 9}}, {"model": "scoreserver.attackpointhistory", "pk": 103, "fields": {"user": 8, "point": 823, "question": 7}}, {"model": "scoreserver.attackpointhistory", "pk": 104, "fields": {"user": 2, "point": 529, "question": 5}}, {"model": "scoreserver.attackpointhistory", "pk": 105, "fields": {"user": 8, "point": 600, "question": 6}}, {"model": "scoreserver.attackpointhistory", "pk": 106, "fields": {"user": 18, "point": 823, "question": 7}}, {"model": "scoreserver.attackpointhistory", "pk": 107, "fields": {"user": 29, "point": 290, "question": 1}}, {"model": "scoreserver.attackpointhistory", "pk": 108, "fields": {"user": 34, "point": 200, "question": 9}}, {"model": "scoreserver.attackpointhistory", "pk": 109, "fields": {"user": 44, "point": 400, "question": 4}}, {"model": "scoreserver.attackpointhistory", "pk": 110, "fields": {"user": 46, "point": 600, "question": 8}}, {"model": "scoreserver.attackpointhistory", "pk": 111, "fields": {"user": 39, "point": 757, "question": 3}}, {"model": "scoreserver.attackpointhistory", "pk": 112, "fields": {"user": 38, "point": 100, "question": 6}}, {"model": "scoreserver.attackpointhistory", "pk": 113, "fields": {"user": 16, "point": 400, "question": 4}}, {"model": "scoreserver.attackpointhistory", "pk": 114, "fields": {"user": 2, "point": 945, "question": 2}}, {"model": "scoreserver.attackpointhistory", "pk": 115, "fields": {"user": 15, "point": 100, "question": 6}}, {"model": "scoreserver.attackpointhistory", "pk": 116, "fields": {"user": 39, "point": 529, "question": 5}}, {"model": "scoreserver.attackpointhistory", "pk": 117, "fields": {"user": 12, "point": 900, "question": 9}}, {"model": "scoreserver.attackpointhistory", "pk": 118, "fields": {"user": 16, "point": 1000, "question": 4}}, {"model": "scoreserver.attackpointhistory", "pk": 119, "fields": {"user": 2, "point": 290, "question": 1}}, {"model": "scoreserver.attackpointhistory", "pk": 120, "fields": {"user": 49, "point": 100, "question": 6}}, {"model": "scoreserver.attackpointhistory", "pk": 121, "fields": {"user": 3, "point": 823, "question": 7}}, {"model": "scoreserver.attackpointhistory", "pk": 122, "fields": {"user": 40, "point": 945, "question": 2}}, {"model": "scoreserver.attackpointhistory", "pk": 123, "fields": {"user": 40, "point": 200, "question": 6}}, {"model": "scoreserver.attackpointhistory", "pk": 124, "fields": {"user": 32, "point": 290, "question": 1}}, {"model": "scoreserver.attackpointhistory", "pk": 125, "fields": {"user": 29, "point": 600, "question": 6}}, {"model": "scoreserver.attackpointhistory", "pk": 126, "fields": {"user": 1, "point": 700, "question": 9}}, {"model": "scoreserver.attackpointhistory", "pk": 127, "fields": {"user": 18, "point": 500, "question": 9}}, {"model": "scoreserver.attackpointhistory", "pk": 128, "fields": {"user": 14, "point": 529, "question": 5}}, {"model": "scoreserver.attackpointhistory", "pk": 129, "fields": {"user": 31, "point": 529, "question": 5}}, {"model": "scoreserver.attackpointhistory", "pk": 130, "fields": {"user": 4, "point": 290, "question": 1}}, {"model": "scoreserver.attackpointhistory", "pk": 131, "fields": {"user": 21, "point": 800, "question": 6}}, {"model": "scoreserver.attackpointhistory", "pk": 132, "fields": {"user": 47, "point": 900, "question": 6}}, {"model": "scoreserver.attackpointhistory", "pk": 133, "fields": {"user": 1, "point": 100, "question": 9}}, {"model": "scoreserver.attackpointhistory", "pk": 134, "fields": {"user": 38, "point": 529, "question": 5}}, {"model": "scoreserver.attackpointhistory", "pk": 135, "fields": {"user": 1, "point": 823, "question": 7}}, {"model": "scoreserver.attackpointhistory", "pk": 136, "fields": {"user": 27, "point": 1000, "question": 8}}, {"model": "scoreserver.attackpointhistory", "pk": 137, "fields": {"user": 39, "point": 290, "question": 1}}, {"model": "scoreserver.attackpointhistory", "pk": 138, "fields": {"user": 41, "point": 757, "question": 3}}, {"model": "scoreserver.attackpointhistory", "pk": 139, "fields": {"user": 34, "point": 900, "question": 9}}, {"model": "scoreserver.attackpointhistory", "pk": 140, "fields": {"user": 36, "point": 500, "question": 4}}, {"model": "scoreserver.attackpointhistory", "pk": 141, "fields": {"user": 1, "point": 200, "question": 8}}, {"model": "scoreserver.attackpointhistory", "pk": 142, "fields": {"user": 5, "point": 823, "question": 7}}, {"model": "scoreserver.attackpointhistory", "pk": 143, "fields": {"user": 6, "point": 290, "question": 1}}, {"model": "scoreserver.attackpointhistory", "pk": 144, "fields": {"user": 13, "point": 1000, "question": 4}}, {"model": "scoreserver.attackpointhistory", "pk": 145, "fields": {"user": 11, "point": 945, "question": 2}}, {"model": "scoreserver.attackpointhistory", "pk": 146, "fields": {"user": 1, "point": 600, "question": 6}}, {"model": "scoreserver.attackpointhistory", "pk": 147, "fields": {"user": 24, "point": 290, "question": 1}}, {"model": "scoreserver.attackpointhistory", "pk": 148, "fields": {"user": 6, "point": 945, "question": 2}}, {"model": "scoreserver.attackpointhistory", "pk": 149, "fields": {"user": 25, "point": 823, "question": 7}}, {"model": "scoreserver.attackpointhistory", "pk": 150, "fields": {"user": 10, "point": 945, "question": 2}}, {"model": "scoreserver.attackpointhistory", "pk": 151, "fields": {"user": 5, "point": 290, "question": 1}}, {"model": "scoreserver.attackpointhistory", "pk": 152, "fields": {"user": 23, "point": 100, "question": 6}}, {"model": "scoreserver.attackpointhistory", "pk": 153, "fields": {"user": 18, "point": 945, "question": 2}}, {"model": "scoreserver.attackpointhistory", "pk": 154, "fields": {"user": 37, "point": 529, "question": 5}}, {"model": "scoreserver.attackpointhistory", "pk": 155, "fields": {"user": 27, "point": 290, "question": 1}}, {"model": "scoreserver.attackpointhistory", "pk": 156, "fields": {"user": 6, "point": 945, "question": 2}}, {"model": "scoreserver.attackpointhistory", "pk": 157, "fields": {"user": 19, "point": 823, "question": 7}}, {"model": "scoreserver.attackpointhistory", "pk": 158, "fields": {"user": 39, "point": 529, "question": 5}}, {"model": "scoreserver.attackpointhistory", "pk": 159, "fields": {"user": 46, "point": 400, "question": 8}}, {"model": "scoreserver.attackpointhistory", "pk": 160, "fields": {"user": 27, "point": 945, "question": 2}}, {"model": "scoreserver.attackpointhistory", "pk": 161, "fields": {"user": 4, "point": 100, "question": 8}}, {"model": "scoreserver.attackpointhistory", "pk": 162, "fields": {"user": 21, "point": 945, "question": 2}}, {"model": "scoreserver.attackpointhistory", "pk": 163, "fields": {"user": 49, "point": 600, "question": 8}}, {"model": "scoreserver.attackpointhistory", "pk": 164, "fields": {"user": 1, "point": 529, "question": 5}}, {"model": "scoreserver.attackpointhistory", "pk": 165, "fields": {"user": 29, "point": 529, "question": 5}}, {"model": "scoreserver.attackpointhistory", "pk": 166, "fields": {"user": 13, "point": 900, "question": 4}}, {"model": "scoreserver.attackpointhistory", "pk": 167, "fields": {"user": 23, "point": 290, "question": 1}}, {"model": "scoreserver.attackpointhistory", "pk": 168, "fields": {"user": 49, "point": 945, "question": 2}}, {"model": "scoreserver.attackpointhistory", "pk": 169, "fields": {"user": 9, "point": 900, "question": 8}}, {"model": "scoreserver.attackpointhistory", "pk": 170, "fields": {"user": 31, "point": 823, "question": 7}}, {"model": "scoreserver.attackpointhistory", "pk": 171, "fields": {"user": 41, "point": 945, "question": 2}}, {"model": "scoreserver.attackpointhistory", "pk": 172, "fields": {"user": 42, "point": 757, "question": 3}}, {"model": "scoreserver.attackpointhistory", "pk": 173, "fields": {"user": 2, "point": 823, "question": 7}}, {"model": "scoreserver.attackpointhistory", "pk": 174, "fields": {"user": 37, "point": 945, "question": 2}}, {"model": "scoreserver.attackpointhistory", "pk": 175, "fields": {"user": 47, "point": 823, "question": 7}}, {"model": "scoreserver.attackpointhistory", "pk": 176, "fields": {"user": 11, "point": 290, "question": 1}}, {"model": "scoreserver.attackpointhistory", "pk": 177, "fields": {"user": 41, "point": 500, "question": 8}}, {"model": "scoreserver.attackpointhistory", "pk": 178, "fields": {"user": 17, "point": 100, "question": 4}}, {"model": "scoreserver.attackpointhistory", "pk": 179, "fields": {"user": 46, "point": 600, "question": 4}}, {"model": "scoreserver.attackpointhistory", "pk": 180, "fields": {"user": 28, "point": 290, "question": 1}}, {"model": "scoreserver.attackpointhistory", "pk": 181, "fields": {"user": 24, "point": 529, "question": 5}}, {"model": "scoreserver.attackpointhistory", "pk": 182, "fields": {"user": 41, "point": 757, "question": 3}}, {"model": "scoreserver.attackpointhistory", "pk": 183, "fields": {"user": 16, "point": 400, "question": 8}}, {"model": "scoreserver.attackpointhistory", "pk": 184, "fields": {"user": 26, "point": 800, "question": 9}}, {"model": "scoreserver.attackpointhistory", "pk": 185, "fields": {"user": 12, "point": 200, "question": 9}}, {"model": "scoreserver.attackpointhistory", "pk": 186, "fields": {"user": 26, "point": 290, "question": 1}}, {"model": "scoreserver.attackpointhistory", "pk": 187, "fields": {"user": 19, "point": 300, "question": 6}}, {"model": "scoreserver.attackpointhistory", "pk": 188, "fields": {"user": 29, "point": 1000, "question": 4}}, {"model": "scoreserver.attackpointhistory", "pk": 189, "fields": {"user": 37, "point": 529, "question": 5}}, {"model": "scoreserver.attackpointhistory", "pk": 190, "fields": {"user": 3, "point": 800, "question": 8}}, {"model": "scoreserver.attackpointhistory", "pk": 191, "fields": {"user": 1, "point": 823, "question": 7}}, {"model": "scoreserver.attackpointhistory", "pk": 192, "fields": {"user": 41, "point": 700, "question": 4}}, {"model": "scoreserver.attackpointhistory", "pk": 193, "fields": {"user": 42, "point": 823, "question": 7}}, {"model": "scoreserver.attackpointhistory", "pk": 194, "fields": {"user": 25, "point": 823, "question": 7}}, {"model": "scoreserver.attackpointhistory", "pk": 195, "fields": {"user": 33, "point": 757, "question": 3}}, {"model": "scoreserver.attackpointhistory", "pk": 196, "fields": {"user": 5, "point": 823, "question": 7}}, {"model": "scoreserver.attackpointhistory", "pk": 197, "fields": {"user": 43, "point": 1000, "question": 6}}, {"model": "scoreserver.attackpointhistory", "pk": 198, "fields": {"user": 4, "point": 945, "question": 2}}, {"model": "scoreserver.attackpointhistory", "pk": 199, "fields": {"user": 16, "point": 1000, "question": 4}}, {"model": "scoreserver.attackpointhistory", "pk": 200, "fields": {"user": 22, "point": 529, "question": 5}}, {"model": "scoreserver.attackpointhistory", "pk": 201, "fields": {"user": 42, "point": 100, "question": 8}}, {"model": "scoreserver.attackpointhistory", "pk": 202, "fields": {"user": 49, "point": 1000, "question": 9}}, {"model": "scoreserver.attackpointhistory", "pk": 203, "fields": {"user": 39, "point": 900, "question": 4}}, {"model": "scoreserver.attackpointhistory", "pk": 204, "fields": {"user": 3, "point": 529, "question": 5}}, {"model": "scoreserver.attackpointhistory", "pk": 205, "fields": {"user": 43, "point": 300, "question": 8}}, {"model": "scoreserver.attackpointhistory", "pk": 206, "fields": {"user": 6, "point": 757, "question": 3}}, {"model": "scoreserver.attackpointhistory", "pk": 207, "fields": {"user": 20, "point": 400, "question": 9}}, {"model": "scoreserver.attackpointhistory", "pk": 208, "fields": {"user": 35, "point": 800, "question": 6}}, {"model": "scoreserver.attackpointhistory", "pk": 209, "fields": {"user": 17, "point": 529, "question": 5}}, {"model": "scoreserver.attackpointhistory", "pk": 210, "fields": {"user": 17, "point": 600, "question": 9}}, {"model": "scoreserver.attackpointhistory", "pk": 211, "fields": {"user": 22, "point": 529, "question": 5}}, {"model": "scoreserver.attackpointhistory", "pk": 212, "fields": {"user": 47, "point": 290, "question": 1}}, {"model": "scoreserver.attackpointhistory", "pk": 213, "fields": {"user": 16, "point": 500, "question": 6}}, {"model": "scoreserver.attackpointhistory", "pk": 214, "fields": {"user": 6, "point": 900, "question": 9}}, {"model": "scoreserver.attackpointhistory", "pk": 215, "fields": {"user": 1, "point": 300, "question": 6}}, {"model": "scoreserver.attackpointhistory", "pk": 216, "fields": {"user": 21, "point": 529, "question": 5}}, {"model": "scoreserver.attackpointhistory", "pk": 217, "fields": {"user": 5, "point": 700, "question": 4}}, {"model": "scoreserver.attackpointhistory", "pk": 218, "fields": {"user": 13, "point": 500, "question": 8}}, {"model": "scoreserver.attackpointhistory", "pk": 219, "fields": {"user": 38, "point": 700, "question": 8}}, {"model": "scoreserver.attackpointhistory", "pk": 220, "fields": {"user": 4, "point": 290, "question": 1}}, {"model": "scoreserver.attackpointhistory", "pk": 221, "fields": {"user": 5, "point": 290, "question": 1}}, {"model": "scoreserver.attackpointhistory", "pk": 222, "fields": {"user": 22, "point": 290, "question": 1}}, {"model": "scoreserver.attackpointhistory", "pk": 223, "fields": {"user": 34, "point": 600, "question": 8}}, {"model": "scoreserver.attackpointhistory", "pk": 224, "fields": {"user": 40, "point": 290, "question": 1}}, {"model": "scoreserver.attackpointhistory", "pk": 225, "fields": {"user": 37, "point": 823, "question": 7}}, {"model": "scoreserver.attackpointhistory", "pk": 226, "fields": {"user": 18, "point": 757, "question": 3}}, {"model": "scoreserver.attackpointhistory", "pk": 227, "fields": {"user": 25, "point": 100, "question": 9}}, {"model": "scoreserver.attackpointhistory", "pk": 228, "fields": {"user": 45, "point": 290, "question": 1}}, {"model": "scoreserver.attackpointhistory", "pk": 229, "fields": {"user": 3, "point": 200, "question": 6}}, {"model": "scoreserver.attackpointhistory", "pk": 230, "fields": {"user": 17, "point": 200, "question": 9}}, {"model": "scoreserver.attackpointhistory", "pk": 231, "fields": {"user": 39, "point": 757, "question": 3}}, {"model": "scoreserver.attackpointhistory", "pk": 232, "fields": {"user": 47, "point": 945, "question": 2}}, {"model": "scoreserver.attackpointhistory", "pk": 233, "fields": {"user": 5, "point": 500, "question": 9}}, {"model": "scoreserver.attackpointhistory", "pk": 234, "fields": {"user": 23, "point": 500, "question": 4}}, {"model": "scoreserver.attackpointhistory", "pk": 235, "fields": {"user": 10, "point": 945, "question": 2}}, {"model": "scoreserver.attackpointhistory", "pk": 236, "fields": {"user": 19, "point": 945, "question": 2}}, {"model": "scoreserver.attackpointhistory", "pk": 237, "fields": {"user": 38, "point": 823, "question": 7}}, {"model": "scoreserver.attackpointhistory", "pk": 238, "fields": {"user": 48, "point": 529, "question": 5}}, {"model": "scoreserver.attackpointhistory", "pk": 239, "fields": {"user": 27, "point": 757, "question": 3}}, {"model": "scoreserver.attackpointhistory", "pk": 240, "fields": {"user": 32, "point": 900, "question": 8}}, {"model": "scoreserver.attackpointhistory", "pk": 241, "fields": {"user": 8, "point": 1000, "question": 4}}, {"model": "scoreserver.attackpointhistory", "pk": 242, "fields": {"user": 6, "point": 823, "question": 7}}, {"model": "scoreserver.attackpointhistory", "pk": 243, "fields": {"user": 13, "point": 823, "question": 7}}, {"model": "scoreserver.attackpointhistory", "pk": 244, "fields": {"user": 31, "point": 100, "question": 6}}, {"model": "scoreserver.attackpointhistory", "pk": 245, "fields": {"user": 17, "point": 757, "question": 3}}, {"model": "scoreserver.attackpointhistory", "pk": 246, "fields": {"user": 24, "point": 100, "question": 6}}, {"model": "scoreserver.attackpointhistory", "pk": 247, "fields": {"user": 35, "point": 600, "question": 6}}, {"model": "scoreserver.attackpointhistory", "pk": 248, "fields": {"user": 2, "point": 529, "question": 5}}, {"model": "scoreserver.attackpointhistory", "pk": 249, "fields": {"user": 41, "point": 600, "question": 4}}, {"model": "scoreserver.attackpointhistory", "pk": 250, "fields": {"user": 19, "point": 200, "question": 6}}, {"model": "scoreserver.attackpointhistory", "pk": 251, "fields": {"user": 45, "point": 945, "question": 2}}, {"model": "scoreserver.attackpointhistory", "pk": 252, "fields": {"user": 40, "point": 1000, "question": 4}}, {"model": "scoreserver.attackpointhistory", "pk": 253, "fields": {"user": 33, "point": 300, "question": 8}}, {"model": "scoreserver.attackpointhistory", "pk": 254, "fields": {"user": 43, "point": 500, "question": 8}}, {"model": "scoreserver.attackpointhistory", "pk": 255, "fields": {"user": 7, "point": 823, "question": 7}}, {"model": "scoreserver.attackpointhistory", "pk": 256, "fields": {"user": 27, "point": 529, "question": 5}}, {"model": "scoreserver.attackpointhistory", "pk": 257, "fields": {"user": 40, "point": 945, "question": 2}}, {"model": "scoreserver.attackpointhistory", "pk": 258, "fields": {"user": 26, "point": 945, "question": 2}}, {"model": "scoreserver.attackpointhistory", "pk": 259, "fields": {"user": 28, "point": 290, "question": 1}}, {"model": "scoreserver.attackpointhistory", "pk": 260, "fields": {"user": 24, "point": 500, "question": 4}}, {"model": "scoreserver.attackpointhistory", "pk": 261, "fields": {"user": 28, "point": 200, "question": 8}}, {"model": "scoreserver.attackpointhistory", "pk": 262, "fields": {"user": 20, "point": 800, "question": 8}}, {"model": "scoreserver.attackpointhistory", "pk": 263, "fields": {"user": 34, "point": 823, "question": 7}}, {"model": "scoreserver.attackpointhistory", "pk": 264, "fields": {"user": 22, "point": 300, "question": 8}}, {"model": "scoreserver.attackpointhistory", "pk": 265, "fields": {"user": 15, "point": 200, "question": 8}}, {"model": "scoreserver.attackpointhistory", "pk": 266, "fields": {"user": 47, "point": 757, "question": 3}}, {"model": "scoreserver.attackpointhistory", "pk": 267, "fields": {"user": 14, "point": 400, "question": 4}}, {"model": "scoreserver.attackpointhistory", "pk": 268, "fields": {"user": 47, "point": 200, "question": 6}}, {"model": "scoreserver.attackpointhistory", "pk": 269, "fields": {"user": 6, "point": 100, "question": 4}}, {"model": "scoreserver.attackpointhistory", "pk": 270, "fields": {"user": 4, "point": 757, "question": 3}}, {"model": "scoreserver.attackpointhistory", "pk": 271, "fields": {"user": 10, "point": 100, "question": 6}}, {"model": "scoreserver.attackpointhistory", "pk": 272, "fields": {"user": 7, "point": 800, "question": 8}}, {"model": "scoreserver.attackpointhistory", "pk": 273, "fields": {"user": 12, "point": 400, "question": 9}}, {"model": "scoreserver.attackpointhistory", "pk": 274, "fields": {"user": 42, "point": 529, "question": 5}}, {"model": "scoreserver.attackpointhistory", "pk": 275, "fields": {"user": 45, "point": 200, "question": 9}}, {"model": "scoreserver.attackpointhistory", "pk": 276, "fields": {"user": 31, "point": 945, "question": 2}}, {"model": "scoreserver.attackpointhistory", "pk": 277, "fields": {"user": 13, "point": 800, "question": 8}}, {"model": "scoreserver.attackpointhistory", "pk": 278, "fields": {"user": 39, "point": 945, "question": 2}}, {"model": "scoreserver.attackpointhistory", "pk": 279, "fields": {"user": 30, "point": 823, "question": 7}}, {"model": "scoreserver.attackpointhistory", "pk": 280, "fields": {"user": 42, "point": 823, "question": 7}}, {"model": "scoreserver.attackpointhistory", "pk": 281, "fields": {"user": 36, "point": 757, "question": 3}}, {"model": "scoreserver.attackpointhistory", "pk": 282, "fields": {"user": 12, "point": 529, "question": 5}}, {"model": "scoreserver.attackpointhistory", "pk": 283, "fields": {"user": 7, "point": 823, "question": 7}}, {"model": "scoreserver.attackpointhistory", "pk": 284, "fields": {"user": 26, "point": 400, "question": 6}}, {"model": "scoreserver.attackpointhistory", "pk": 285, "fields": {"user": 23, "point": 290, "question": 1}}, {"model": "scoreserver.attackpointhistory", "pk": 286, "fields": {"user": 14, "point": 600, "question": 6}}, {"model": "scoreserver.attackpointhistory", "pk": 287, "fields": {"user": 21, "point": 757, "question": 3}}, {"model": "scoreserver.attackpointhistory", "pk": 288, "fields": {"user": 13, "point": 100, "question": 4}}, {"model": "scoreserver.attackpointhistory", "pk": 289, "fields": {"user": 34, "point": 757, "question": 3}}, {"model": "scoreserver.attackpointhistory", "pk": 290, "fields": {"user": 31, "point": 800, "question": 8}}, {"model": "scoreserver.attackpointhistory", "pk": 291, "fields": {"user": 10, "point": 500, "question": 8}}, {"model": "scoreserver.attackpointhistory", "pk": 292, "fields": {"user": 29, "point": 290, "question": 1}}, {"model": "scoreserver.attackpointhistory", "pk": 293, "fields": {"user": 44, "point": 290, "question": 1}}, {"model": "scoreserver.attackpointhistory", "pk": 294, "fields": {"user": 21, "point": 757, "question": 3}}, {"model": "scoreserver.attackpointhistory", "pk": 295, "fields": {"user": 29, "point": 500, "question": 4}}, {"model": "scoreserver.attackpointhistory", "pk": 296, "fields": {"user": 14, "point": 290, "question": 1}}, {"model": "scoreserver.attackpointhistory", "pk": 297, "fields": {"user": 28, "point": 800, "question": 8}}, {"model": "scoreserver.attackpointhistory", "pk": 298, "fields": {"user": 17, "point": 945, "question": 2}}, {"model": "scoreserver.attackpointhistory", "pk": 299, "fields": {"user": 48, "point": 823, "question": 7}}, {"model": "scoreserver.answerhistory", "pk": 0, "fields": {"user": 4, "question": 6, "submit_flag": "FLAG_IS_THJWuXrLsBhJgGY"}}, {"model": "scoreserver.answerhistory", "pk": 1, "fields": {"user": 6, "question": 4, "submit_flag": "FLAG_IS_EjupkFOFoXRELEq"}}, {"model": "scoreserver.answerhistory", "pk": 2, "fields": {"user": 1, "question": 5, "submit_flag": "FLAG_IS_KvnuqIrMxVEGqTM"}}, {"model": "scoreserver.answerhistory", "pk": 3, "fields": {"user": 18, "question": 1, "submit_flag": "FLAG_IS_zzWurXTNOMerwuY"}}, {"model": "scoreserver.answerhistory", "pk": 4, "fields": {"user": 1, "question": 9, "submit_flag": "FLAG_IS_xzFAmRDJYOKkBCv"}}, {"model": "scoreserver.answerhistory", "pk": 5, "fields": {"user": 22, "question": 4, "submit_flag": "FLAG_IS_vPMBxEEoAUXltlC"}}, {"model": "scoreserver.answerhistory", "pk": 6, "fields": {"user": 31, "question": 6, "submit_flag": "FLAG_IS_mRkJGEMoiDFjTCj"}}, {"model": "scoreserver.answerhistory", "pk": 7, "fields": {"user": 38, "question": 3, "submit_flag": "FLAG_IS_KUiLsGzLlHPUOxN"}}, {"model": "scoreserver.answerhistory", "pk": 8, "fields": {"user": 20, "question": 1, "submit_flag": "FLAG_IS_KbxBFhrXzFwxatg"}}, {"model": "scoreserver.answerhistory", "pk": 9, "fields": {"user": 27, "question": 8, "submit_flag": "FLAG_IS_CCafekxLixoMYTM"}}, {"model": "scoreserver.answerhistory", "pk": 10, "fields": {"user": 14, "question": 8, "submit_flag": "FLAG_IS_LzvJEzReBtaKukN"}}, {"model": "scoreserver.answerhistory", "pk": 11, "fields": {"user": 28, "question": 7, "submit_flag": "FLAG_IS_GjyvwAqBWHMWJvo"}}, {"model": "scoreserver.answerhistory", "pk": 12, "fields": {"user": 10, "question": 5, "submit_flag": "FLAG_IS_hrOwzMyLWdbVrPP"}}, {"model": "scoreserver.answerhistory", "pk": 13, "fields": {"user": 28, "question": 4, "submit_flag": "FLAG_IS_XCmXcQKSupmWakz"}}, {"model": "scoreserver.answerhistory", "pk": 14, "fields": {"user": 15, "question": 8, "submit_flag": "FLAG_IS_gvSynMRkFeDvRdi"}}, {"model": "scoreserver.answerhistory", "pk": 15, "fields": {"user": 20, "question": 5, "submit_flag": "FLAG_IS_cBNVvCmkpxGBUYN"}}, {"model": "scoreserver.answerhistory", "pk": 16, "fields": {"user": 45, "question": 5, "submit_flag": "FLAG_IS_YbmegZqweaCfBeo"}}, {"model": "scoreserver.answerhistory", "pk": 17, "fields": {"user": 35, "question": 8, "submit_flag": "FLAG_IS_idJvcDvvPUXvdHz"}}, {"model": "scoreserver.answerhistory", "pk": 18, "fields": {"user": 43, "question": 4, "submit_flag": "FLAG_IS_lIykSRbifMquImh"}}, {"model": "scoreserver.answerhistory", "pk": 19, "fields": {"user": 34, "question": 1, "submit_flag": "FLAG_IS_FzSNsOWTMCpQFfc"}}, {"model": "scoreserver.answerhistory", "pk": 20, "fields": {"user": 29, "question": 6, "submit_flag": "FLAG_IS_gMGgoVbHogdIbPw"}}, {"model": "scoreserver.answerhistory", "pk": 21, "fields": {"user": 13, "question": 6, "submit_flag": "FLAG_IS_mjCLaxAxxkebMlL"}}, {"model": "scoreserver.answerhistory", "pk": 22, "fields": {"user": 25, "question": 1, "submit_flag": "FLAG_IS_TdIjiMcBqZfNagG"}}, {"model": "scoreserver.answerhistory", "pk": 23, "fields": {"user": 7, "question": 4, "submit_flag": "FLAG_IS_MkobQFjCFHACqJI"}}, {"model": "scoreserver.answerhistory", "pk": 24, "fields": {"user": 26, "question": 8, "submit_flag": "FLAG_IS_APqHMQyInnhchij"}}, {"model": "scoreserver.answerhistory", "pk": 25, "fields": {"user": 33, "question": 3, "submit_flag": "FLAG_IS_aRlrUYWYSoyAtOS"}}, {"model": "scoreserver.answerhistory", "pk": 26, "fields": {"user": 12, "question": 9, "submit_flag": "FLAG_IS_coucDwzyugycRdE"}}, {"model": "scoreserver.answerhistory", "pk": 27, "fields": {"user": 5, "question": 6, "submit_flag": "FLAG_IS_SIIiThalZBSmeAt"}}, {"model": "scoreserver.answerhistory", "pk": 28, "fields": {"user": 38, "question": 7, "submit_flag": "FLAG_IS_jRGnfieSXUZxMnL"}}, {"model": "scoreserver.answerhistory", "pk": 29, "fields": {"user": 12, "question": 4, "submit_flag": "FLAG_IS_YxjlSRuReowsfvY"}}, {"model": "scoreserver.answerhistory", "pk": 30, "fields": {"user": 11, "question": 1, "submit_flag": "FLAG_IS_JxzInqRKouzixAH"}}, {"model": "scoreserver.answerhistory", "pk": 31, "fields": {"user": 16, "question": 9, "submit_flag": "FLAG_IS_OVebGUUOhHIJsEa"}}, {"model": "scoreserver.answerhistory", "pk": 32, "fields": {"user": 23, "question": 2, "submit_flag": "FLAG_IS_bjajzLVIzZFrXvN"}}, {"model": "scoreserver.answerhistory", "pk": 33, "fields": {"user": 6, "question": 8, "submit_flag": "FLAG_IS_pLQHiWGvjPzDQrZ"}}, {"model": "scoreserver.answerhistory", "pk": 34, "fields": {"user": 17, "question": 4, "submit_flag": "FLAG_IS_exhMOKDhZAraTdI"}}, {"model": "scoreserver.answerhistory", "pk": 35, "fields": {"user": 47, "question": 8, "submit_flag": "FLAG_IS_yrTBkhnvLxvGEyP"}}, {"model": "scoreserver.answerhistory", "pk": 36, "fields": {"user": 24, "question": 8, "submit_flag": "FLAG_IS_jrKDpzxrTXkzFWR"}}, {"model": "scoreserver.answerhistory", "pk": 37, "fields": {"user": 44, "question": 6, "submit_flag": "FLAG_IS_NMGZgvRWyXBdJfA"}}, {"model": "scoreserver.answerhistory", "pk": 38, "fields": {"user": 20, "question": 8, "submit_flag": "FLAG_IS_NZTkFwzKenflESp"}}, {"model": "scoreserver.answerhistory", "pk": 39, "fields": {"user": 14, "question": 4, "submit_flag": "FLAG_IS_NPeqAqPKUqFEpCf"}}, {"model": "scoreserver.answerhistory", "pk": 40, "fields": {"user": 6, "question": 4, "submit_flag": "FLAG_IS_nDVogeMpbzARtkt"}}, {"model": "scoreserver.answerhistory", "pk": 41, "fields": {"user": 42, "question": 3, "submit_flag": "FLAG_IS_MdJqfmQicvJUYKo"}}, {"model": "scoreserver.answerhistory", "pk": 42, "fields": {"user": 39, "question": 5, "submit_flag": "FLAG_IS_QYXhSnVOeGafWST"}}, {"model": "scoreserver.answerhistory", "pk": 43, "fields": {"user": 21, "question": 1, "submit_flag": "FLAG_IS_HdRkHtmLGDMDCGp"}}, {"model": "scoreserver.answerhistory", "pk": 44, "fields": {"user": 39, "question": 8, "submit_flag": "FLAG_IS_gcRBXLRbBFLpSxF"}}, {"model": "scoreserver.answerhistory", "pk": 45, "fields": {"user": 4, "question": 6, "submit_flag": "FLAG_IS_GoFWUswUQNhcKBE"}}, {"model": "scoreserver.answerhistory", "pk": 46, "fields": {"user": 15, "question": 5, "submit_flag": "FLAG_IS_ESfmctvwTBuLoBS"}}, {"model": "scoreserver.answerhistory", "pk": 47, "fields": {"user": 17, "question": 7, "submit_flag": "FLAG_IS_JhtTSZLLeKhysUR"}}, {"model": "scoreserver.answerhistory", "pk": 48, "fields": {"user": 12, "question": 1, "submit_flag": "FLAG_IS_BBXDhtYqTwfesJv"}}, {"model": "scoreserver.answerhistory", "pk": 49, "fields": {"user": 48, "question": 5, "submit_flag": "FLAG_IS_QdzFXRJLgJVGUpE"}}, {"model": "scoreserver.answerhistory", "pk": 50, "fields": {"user": 41, "question": 9, "submit_flag": "FLAG_IS_LjpojSCXXqtQeNk"}}, {"model": "scoreserver.answerhistory", "pk": 51, "fields": {"user": 28, "question": 5, "submit_flag": "FLAG_IS_xQjGrRVghjctCct"}}, {"model": "scoreserver.answerhistory", "pk": 52, "fields": {"user": 4, "question": 9, "submit_flag": "FLAG_IS_cMbjOaUCzPhopuD"}}, {"model": "scoreserver.answerhistory", "pk": 53, "fields": {"user": 45, "question": 9, "submit_flag": "FLAG_IS_BPOFCCCurASTfVV"}}, {"model": "scoreserver.answerhistory", "pk": 54, "fields": {"user": 39, "question": 3, "submit_flag": "FLAG_IS_kaHnQnnOhgIHAPM"}}, {"model": "scoreserver.answerhistory", "pk": 55, "fields": {"user": 15, "question": 7, "submit_flag": "FLAG_IS_AyeZkmGhWKbEWdc"}}, {"model": "scoreserver.answerhistory", "pk": 56, "fields": {"user": 5, "question": 5, "submit_flag": "FLAG_IS_dTTCxvBHYlselGg"}}, {"model": "scoreserver.answerhistory", "pk": 57, "fields": {"user": 27, "question": 3, "submit_flag": "FLAG_IS_mRDqhHmHrxQWSiF"}}, {"model": "scoreserver.answerhistory", "pk": 58, "fields": {"user": 21, "question": 3, "submit_flag": "FLAG_IS_wMsNpwcEOsosFpr"}}, {"model": "scoreserver.answerhistory", "pk": 59, "fields": {"user": 47, "question": 5, "submit_flag": "FLAG_IS_NngFdqKBjaBleZI"}}, {"model": "scoreserver.answerhistory", "pk": 60, "fields": {"user": 21, "question": 9, "submit_flag": "FLAG_IS_VhSwaHnoRNOczjE"}}, {"model": "scoreserver.answerhistory", "pk": 61, "fields": {"user": 7, "question": 9, "submit_flag": "FLAG_IS_pNMTKhZTPVAvBOF"}}, {"model": "scoreserver.answerhistory", "pk": 62, "fields": {"user": 26, "question": 9, "submit_flag": "FLAG_IS_MhpoBdanHNwIGHs"}}, {"model": "scoreserver.answerhistory", "pk": 63, "fields": {"user": 15, "question": 8, "submit_flag": "FLAG_IS_HGrqTDHKCzRwtiw"}}, {"model": "scoreserver.answerhistory", "pk": 64, "fields": {"user": 32, "question": 4, "submit_flag": "FLAG_IS_pcJHZOyilECeCCK"}}, {"model": "scoreserver.answerhistory", "pk": 65, "fields": {"user": 14, "question": 1, "submit_flag": "FLAG_IS_fNaSRnBrGNvbuHU"}}, {"model": "scoreserver.answerhistory", "pk": 66, "fields": {"user": 49, "question": 1, "submit_flag": "FLAG_IS_UJeQCcwpsBBCidx"}}, {"model": "scoreserver.answerhistory", "pk": 67, "fields": {"user": 32, "question": 1, "submit_flag": "FLAG_IS_kBclwzzsNBnxxZX"}}, {"model": "scoreserver.answerhistory", "pk": 68, "fields": {"user": 35, "question": 7, "submit_flag": "FLAG_IS_XidwGJBiQsWewfF"}}, {"model": "scoreserver.answerhistory", "pk": 69, "fields": {"user": 4, "question": 8, "submit_flag": "FLAG_IS_TRViLFIGvfrUabf"}}, {"model": "scoreserver.answerhistory", "pk": 70, "fields": {"user": 9, "question": 9, "submit_flag": "FLAG_IS_luXKsLhhYzsoieC"}}, {"model": "scoreserver.answerhistory", "pk": 71, "fields": {"user": 5, "question": 7, "submit_flag": "FLAG_IS_PyPWPGOJwBhBUxJ"}}, {"model": "scoreserver.answerhistory", "pk": 72, "fields": {"user": 6, "question": 5, "submit_flag": "FLAG_IS_DmOBazaCqvprdbV"}}, {"model": "scoreserver.answerhistory", "pk": 73, "fields": {"user": 38, "question": 3, "submit_flag": "FLAG_IS_BygUTDZFdGcEbsN"}}, {"model": "scoreserver.answerhistory", "pk": 74, "fields": {"user": 46, "question": 2, "submit_flag": "FLAG_IS_CSmHZaDNuRRxKOY"}}, {"model": "scoreserver.answerhistory", "pk": 75, "fields": {"user": 49, "question": 3, "submit_flag": "FLAG_IS_TaOaJCTHwZGbIUM"}}, {"model": "scoreserver.answerhistory", "pk": 76, "fields": {"user": 8, "question": 1, "submit_flag": "FLAG_IS_hfTdomcjuNDUCsY"}}, {"model": "scoreserver.answerhistory", "pk": 77, "fields": {"user": 25, "question": 9, "submit_flag": "FLAG_IS_tZbJDfpxgCDoyZw"}}, {"model": "scoreserver.answerhistory", "pk": 78, "fields": {"user": 21, "question": 1, "submit_flag": "FLAG_IS_hpLUCHvsmEpmTDz"}}, {"model": "scoreserver.answerhistory", "pk": 79, "fields": {"user": 33, "question": 2, "submit_flag": "FLAG_IS_HBSKmZbUqEjbchS"}}, {"model": "scoreserver.answerhistory", "pk": 80, "fields": {"user": 3, "question": 9, "submit_flag": "FLAG_IS_jqgQvClWfYgLkTw"}}, {"model": "scoreserver.answerhistory", "pk": 81, "fields": {"user": 28, "question": 6, "submit_flag": "FLAG_IS_ZEFEUFSlpRwYZZG"}}, {"model": "scoreserver.answerhistory", "pk": 82, "fields": {"user": 48, "question": 5, "submit_flag": "FLAG_IS_pQECBgdFkpEbqiN"}}, {"model": "scoreserver.answerhistory", "pk": 83, "fields": {"user": 17, "question": 5, "submit_flag": "FLAG_IS_YvOKxCXKKEqoaDH"}}, {"model": "scoreserver.answerhistory", "pk": 84, "fields": {"user": 12, "question": 5, "submit_flag": "FLAG_IS_ZmFKSogbQfdkIku"}}, {"model": "scoreserver.answerhistory", "pk": 85, "fields": {"user": 36, "question": 5, "submit_flag": "FLAG_IS_rEvzdLvtFuIyGZO"}}, {"model": "scoreserver.answerhistory", "pk": 86, "fields": {"user": 2, "question": 9, "submit_flag": "FLAG_IS_LzIYDtevtBAghoN"}}, {"model": "scoreserver.answerhistory", "pk": 87, "fields": {"user": 26, "question": 8, "submit_flag": "FLAG_IS_OSSPCQJqVlbjPVM"}}, {"model": "scoreserver.answerhistory", "pk": 88, "fields": {"user": 5, "question": 6, "submit_flag": "FLAG_IS_XeXlpnoNIqNzbTz"}}, {"model": "scoreserver.answerhistory", "pk": 89, "fields": {"user": 43, "question": 8, "submit_flag": "FLAG_IS_aZskSpboiQpFBIe"}}, {"model": "scoreserver.answerhistory", "pk": 90, "fields": {"user": 49, "question": 6, "submit_flag": "FLAG_IS_PYZLZZLcWRQMTsl"}}, {"model": "scoreserver.answerhistory", "pk": 91, "fields": {"user": 13, "question": 6, "submit_flag": "FLAG_IS_PqQqvhJhAyPVjoS"}}, {"model": "scoreserver.answerhistory", "pk": 92, "fields": {"user": 32, "question": 9, "submit_flag": "FLAG_IS_UjnPsdMfspJcIss"}}, {"model": "scoreserver.answerhistory", "pk": 93, "fields": {"user": 48, "question": 5, "submit_flag": "FLAG_IS_ZCoOtnqPZtIsCMB"}}, {"model": "scoreserver.answerhistory", "pk": 94, "fields": {"user": 42, "question": 7, "submit_flag": "FLAG_IS_wCZIXUlqOyxRGsA"}}, {"model": "scoreserver.answerhistory", "pk": 95, "fields": {"user": 33, "question": 3, "submit_flag": "FLAG_IS_jOpwsanCMzhcGup"}}, {"model": "scoreserver.answerhistory", "pk": 96, "fields": {"user": 22, "question": 7, "submit_flag": "FLAG_IS_EqlxcFxPAypankK"}}, {"model": "scoreserver.answerhistory", "pk": 97, "fields": {"user": 24, "question": 7, "submit_flag": "FLAG_IS_JzsXaivQAwiiOyz"}}, {"model": "scoreserver.answerhistory", "pk": 98, "fields": {"user": 20, "question": 4, "submit_flag": "FLAG_IS_FNutqpbvxrWgdIP"}}, {"model": "scoreserver.answerhistory", "pk": 99, "fields": {"user": 45, "question": 4, "submit_flag": "FLAG_IS_fBbycZPAnBmTyOU"}}, {"model": "scoreserver.answerhistory", "pk": 100, "fields": {"user": 2, "question": 2, "submit_flag": "FLAG_IS_zFZGTEknNILvdck"}}, {"model": "scoreserver.answerhistory", "pk": 101, "fields": {"user": 30, "question": 2, "submit_flag": "FLAG_IS_kbGrEChbWmfoQVK"}}, {"model": "scoreserver.answerhistory", "pk": 102, "fields": {"user": 16, "question": 2, "submit_flag": "FLAG_IS_EobOsrWHhyOCHJD"}}, {"model": "scoreserver.answerhistory", "pk": 103, "fields": {"user": 17, "question": 8, "submit_flag": "FLAG_IS_ZLboBQUTUqPpsyi"}}, {"model": "scoreserver.answerhistory", "pk": 104, "fields": {"user": 32, "question": 6, "submit_flag": "FLAG_IS_eSgVJoqzgfbJhbv"}}, {"model": "scoreserver.answerhistory", "pk": 105, "fields": {"user": 41, "question": 2, "submit_flag": "FLAG_IS_pPECfGInktvTVwZ"}}, {"model": "scoreserver.answerhistory", "pk": 106, "fields": {"user": 37, "question": 2, "submit_flag": "FLAG_IS_tOAzfRXhhMqjacH"}}, {"model": "scoreserver.answerhistory", "pk": 107, "fields": {"user": 32, "question": 9, "submit_flag": "FLAG_IS_QtVUsuqvospKiwM"}}, {"model": "scoreserver.answerhistory", "pk": 108, "fields": {"user": 4, "question": 8, "submit_flag": "FLAG_IS_krmMlWkGAaLdTtV"}}, {"model": "scoreserver.answerhistory", "pk": 109, "fields": {"user": 16, "question": 9, "submit_flag": "FLAG_IS_VuOjUSmVdSxYtcu"}}, {"model": "scoreserver.answerhistory", "pk": 110, "fields": {"user": 38, "question": 4, "submit_flag": "FLAG_IS_deQpxEFBqaABowH"}}, {"model": "scoreserver.answerhistory", "pk": 111, "fields": {"user": 10, "question": 1, "submit_flag": "FLAG_IS_zLUAtNkIGLTFgGH"}}, {"model": "scoreserver.answerhistory", "pk": 112, "fields": {"user": 45, "question": 1, "submit_flag": "FLAG_IS_phcjzEodXmkHkTZ"}}, {"model": "scoreserver.answerhistory", "pk": 113, "fields": {"user": 5, "question": 3, "submit_flag": "FLAG_IS_jGASMWqcoRnAXHf"}}, {"model": "scoreserver.answerhistory", "pk": 114, "fields": {"user": 13, "question": 1, "submit_flag": "FLAG_IS_LDRoPhREUFCeoFr"}}, {"model": "scoreserver.answerhistory", "pk": 115, "fields": {"user": 43, "question": 3, "submit_flag": "FLAG_IS_FnwrSlohXQBubiI"}}, {"model": "scoreserver.answerhistory", "pk": 116, "fields": {"user": 41, "question": 6, "submit_flag": "FLAG_IS_QwkzqfWDeZkhxEw"}}, {"model": "scoreserver.answerhistory", "pk": 117, "fields": {"user": 13, "question": 2, "submit_flag": "FLAG_IS_buYnOokDmHUbMgN"}}, {"model": "scoreserver.answerhistory", "pk": 118, "fields": {"user": 46, "question": 2, "submit_flag": "FLAG_IS_bbSpzuCPdJqLMfC"}}, {"model": "scoreserver.answerhistory", "pk": 119, "fields": {"user": 46, "question": 5, "submit_flag": "FLAG_IS_ZfgmtWxGMJqdrXb"}}, {"model": "scoreserver.answerhistory", "pk": 120, "fields": {"user": 4, "question": 9, "submit_flag": "FLAG_IS_kWTzhhXeTugrTxc"}}, {"model": "scoreserver.answerhistory", "pk": 121, "fields": {"user": 14, "question": 4, "submit_flag": "FLAG_IS_cMvbrarbzMVzAqI"}}, {"model": "scoreserver.answerhistory", "pk": 122, "fields": {"user": 49, "question": 6, "submit_flag": "FLAG_IS_gGhsliXumtfYXlL"}}, {"model": "scoreserver.answerhistory", "pk": 123, "fields": {"user": 28, "question": 9, "submit_flag": "FLAG_IS_ZFebyYdFLyZRSQc"}}, {"model": "scoreserver.answerhistory", "pk": 124, "fields": {"user": 25, "question": 4, "submit_flag": "FLAG_IS_uqBPXSsKArVlzrk"}}, {"model": "scoreserver.answerhistory", "pk": 125, "fields": {"user": 40, "question": 4, "submit_flag": "FLAG_IS_DfWEBtxKSbRDcga"}}, {"model": "scoreserver.answerhistory", "pk": 126, "fields": {"user": 22, "question": 9, "submit_flag": "FLAG_IS_ubXmHRCFSfsKYsA"}}, {"model": "scoreserver.answerhistory", "pk": 127, "fields": {"user": 8, "question": 8, "submit_flag": "FLAG_IS_UKEggWivoGAUJRy"}}, {"model": "scoreserver.answerhistory", "pk": 128, "fields": {"user": 1, "question": 2, "submit_flag": "FLAG_IS_JIcYmplXQYSRojy"}}, {"model": "scoreserver.answerhistory", "pk": 129, "fields": {"user": 4, "question": 4, "submit_flag": "FLAG_IS_VRrOFrbflRXkAZv"}}, {"model": "scoreserver.answerhistory", "pk": 130, "fields": {"user": 33, "question": 7, "submit_flag": "FLAG_IS_RqgMFIOBYOToKUl"}}, {"model": "scoreserver.answerhistory", "pk": 131, "fields": {"user": 34, "question": 5, "submit_flag": "FLAG_IS_PoihbpgNaHUFxPT"}}, {"model": "scoreserver.answerhistory", "pk": 132, "fields": {"user": 34, "question": 9, "submit_flag": "FLAG_IS_OuRWtkRkNtkStYV"}}, {"model": "scoreserver.answerhistory", "pk": 133, "fields": {"user": 16, "question": 8, "submit_flag": "FLAG_IS_GpYsAcEnylOgCMc"}}, {"model": "scoreserver.answerhistory", "pk": 134, "fields": {"user": 35, "question": 8, "submit_flag": "FLAG_IS_rrcLeDGekfUKUXU"}}, {"model": "scoreserver.answerhistory", "pk": 135, "fields": {"user": 47, "question": 3, "submit_flag": "FLAG_IS_IHZIcIjSpdcxlMI"}}, {"model": "scoreserver.answerhistory", "pk": 136, "fields": {"user": 1, "question": 2, "submit_flag": "FLAG_IS_PokzIxQDVhfgLjn"}}, {"model": "scoreserver.answerhistory", "pk": 137, "fields": {"user": 34, "question": 3, "submit_flag": "FLAG_IS_iddFBUQSajYUHFe"}}, {"model": "scoreserver.answerhistory", "pk": 138, "fields": {"user": 23, "question": 7, "submit_flag": "FLAG_IS_VXnwoVcYGRpTBYo"}}, {"model": "scoreserver.answerhistory", "pk": 139, "fields": {"user": 36, "question": 3, "submit_flag": "FLAG_IS_YVzUluoQzoVHprW"}}, {"model": "scoreserver.answerhistory", "pk": 140, "fields": {"user": 12, "question": 7, "submit_flag": "FLAG_IS_cJcBKhllvWgRVOO"}}, {"model": "scoreserver.answerhistory", "pk": 141, "fields": {"user": 36, "question": 4, "submit_flag": "FLAG_IS_iSLtUEbXhDxLoeF"}}, {"model": "scoreserver.answerhistory", "pk": 142, "fields": {"user": 38, "question": 1, "submit_flag": "FLAG_IS_OYTjqQZRuZdMBBe"}}, {"model": "scoreserver.answerhistory", "pk": 143, "fields": {"user": 7, "question": 2, "submit_flag": "FLAG_IS_gfqjtqYjgSSiBcI"}}, {"model": "scoreserver.answerhistory", "pk": 144, "fields": {"user": 9, "question": 4, "submit_flag": "FLAG_IS_qTqwyxlBAWdWsXq"}}, {"model": "scoreserver.answerhistory", "pk": 145, "fields": {"user": 40, "question": 2, "submit_flag": "FLAG_IS_vTiwJVJAudEYaGX"}}, {"model": "scoreserver.answerhistory", "pk": 146, "fields": {"user": 39, "question": 1, "submit_flag": "FLAG_IS_tEbspqUbqMiYTfQ"}}, {"model": "scoreserver.answerhistory", "pk": 147, "fields": {"user": 29, "question": 3, "submit_flag": "FLAG_IS_CqddlZvWBpwtXBA"}}, {"model": "scoreserver.answerhistory", "pk": 148, "fields": {"user": 46, "question": 8, "submit_flag": "FLAG_IS_icnEGoKLVXFLwFM"}}, {"model": "scoreserver.answerhistory", "pk": 149, "fields": {"user": 49, "question": 3, "submit_flag": "FLAG_IS_ungzZpcaQENQnob"}}, {"model": "scoreserver.answerhistory", "pk": 150, "fields": {"user": 13, "question": 5, "submit_flag": "FLAG_IS_uzFDVvKdAoBhzFo"}}, {"model": "scoreserver.answerhistory", "pk": 151, "fields": {"user": 41, "question": 8, "submit_flag": "FLAG_IS_DJViJoEtkrtlbTi"}}, {"model": "scoreserver.answerhistory", "pk": 152, "fields": {"user": 7, "question": 8, "submit_flag": "FLAG_IS_EmEcJnOuFwtbpcS"}}, {"model": "scoreserver.answerhistory", "pk": 153, "fields": {"user": 27, "question": 7, "submit_flag": "FLAG_IS_edusEuAZlHIIovL"}}, {"model": "scoreserver.answerhistory", "pk": 154, "fields": {"user": 28, "question": 1, "submit_flag": "FLAG_IS_ThvEetmGbLnHWAk"}}, {"model": "scoreserver.answerhistory", "pk": 155, "fields": {"user": 24, "question": 5, "submit_flag": "FLAG_IS_gQZhKqepwrLjeuz"}}, {"model": "scoreserver.answerhistory", "pk": 156, "fields": {"user": 10, "question": 5, "submit_flag": "FLAG_IS_dBIVqpmhIMdtnGj"}}, {"model": "scoreserver.answerhistory", "pk": 157, "fields": {"user": 45, "question": 5, "submit_flag": "FLAG_IS_hrZdhbkZLJuAkpx"}}, {"model": "scoreserver.answerhistory", "pk": 158, "fields": {"user": 47, "question": 1, "submit_flag": "FLAG_IS_mwclIigbVBZUsXm"}}, {"model": "scoreserver.answerhistory", "pk": 159, "fields": {"user": 40, "question": 9, "submit_flag": "FLAG_IS_qneFZtfokExCBmg"}}, {"model": "scoreserver.answerhistory", "pk": 160, "fields": {"user": 21, "question": 8, "submit_flag": "FLAG_IS_NbcmEqmggzVDhGw"}}, {"model": "scoreserver.answerhistory", "pk": 161, "fields": {"user": 25, "question": 7, "submit_flag": "FLAG_IS_MxKsxifGanNUulN"}}, {"model": "scoreserver.answerhistory", "pk": 162, "fields": {"user": 11, "question": 3, "submit_flag": "FLAG_IS_FWfFRKVStpaxmae"}}, {"model": "scoreserver.answerhistory", "pk": 163, "fields": {"user": 18, "question": 4, "submit_flag": "FLAG_IS_DJAaFAgumwyGXGX"}}, {"model": "scoreserver.answerhistory", "pk": 164, "fields": {"user": 27, "question": 1, "submit_flag": "FLAG_IS_HgezpPdHuWgFIut"}}, {"model": "scoreserver.answerhistory", "pk": 165, "fields": {"user": 37, "question": 7, "submit_flag": "FLAG_IS_wPmFAvuoALTLrRG"}}, {"model": "scoreserver.answerhistory", "pk": 166, "fields": {"user": 36, "question": 5, "submit_flag": "FLAG_IS_YXQgrGtCHFPAEKb"}}, {"model": "scoreserver.answerhistory", "pk": 167, "fields": {"user": 3, "question": 2, "submit_flag": "FLAG_IS_CATXpDsVZHZSALI"}}, {"model": "scoreserver.answerhistory", "pk": 168, "fields": {"user": 26, "question": 6, "submit_flag": "FLAG_IS_tHFJwhgnAiDIFjc"}}, {"model": "scoreserver.answerhistory", "pk": 169, "fields": {"user": 12, "question": 7, "submit_flag": "FLAG_IS_MVmpnInZCgHgbjl"}}, {"model": "scoreserver.answerhistory", "pk": 170, "fields": {"user": 36, "question": 5, "submit_flag": "FLAG_IS_AouKopzSkOeUbkQ"}}, {"model": "scoreserver.answerhistory", "pk": 171, "fields": {"user": 46, "question": 4, "submit_flag": "FLAG_IS_QqtbUCkvVYKMhkk"}}, {"model": "scoreserver.answerhistory", "pk": 172, "fields": {"user": 22, "question": 5, "submit_flag": "FLAG_IS_waabyQGHvLDExPY"}}, {"model": "scoreserver.answerhistory", "pk": 173, "fields": {"user": 49, "question": 3, "submit_flag": "FLAG_IS_kvqUiwvUWrSmMGv"}}, {"model": "scoreserver.answerhistory", "pk": 174, "fields": {"user": 44, "question": 9, "submit_flag": "FLAG_IS_iyLudiuIpSXovxd"}}, {"model": "scoreserver.answerhistory", "pk": 175, "fields": {"user": 26, "question": 5, "submit_flag": "FLAG_IS_cbXseTWzLVOwFNN"}}, {"model": "scoreserver.answerhistory", "pk": 176, "fields": {"user": 9, "question": 1, "submit_flag": "FLAG_IS_SRRlixZsdVrJjpl"}}, {"model": "scoreserver.answerhistory", "pk": 177, "fields": {"user": 13, "question": 5, "submit_flag": "FLAG_IS_etsRFJDzXZwHIqQ"}}, {"model": "scoreserver.answerhistory", "pk": 178, "fields": {"user": 28, "question": 5, "submit_flag": "FLAG_IS_fuuMaIxtVsNilcP"}}, {"model": "scoreserver.answerhistory", "pk": 179, "fields": {"user": 41, "question": 4, "submit_flag": "FLAG_IS_BhiHJePXEfGmvAy"}}, {"model": "scoreserver.answerhistory", "pk": 180, "fields": {"user": 15, "question": 5, "submit_flag": "FLAG_IS_iRhrmcCHIQVIrzG"}}, {"model": "scoreserver.answerhistory", "pk": 181, "fields": {"user": 39, "question": 6, "submit_flag": "FLAG_IS_KfZavWTeHHtPafI"}}, {"model": "scoreserver.answerhistory", "pk": 182, "fields": {"user": 15, "question": 7, "submit_flag": "FLAG_IS_STcbcYCOHnBeLFf"}}, {"model": "scoreserver.answerhistory", "pk": 183, "fields": {"user": 6, "question": 3, "submit_flag": "FLAG_IS_hSxvEvpjQEilUKX"}}, {"model": "scoreserver.answerhistory", "pk": 184, "fields": {"user": 29, "question": 1, "submit_flag": "FLAG_IS_zqhjhbqqtNGSena"}}, {"model": "scoreserver.answerhistory", "pk": 185, "fields": {"user": 16, "question": 9, "submit_flag": "FLAG_IS_yflzvuaOfWCHFNu"}}, {"model": "scoreserver.answerhistory", "pk": 186, "fields": {"user": 44, "question": 1, "submit_flag": "FLAG_IS_vdQPClCkKhQtwci"}}, {"model": "scoreserver.answerhistory", "pk": 187, "fields": {"user": 20, "question": 5, "submit_flag": "FLAG_IS_icccYrmWQTfzsJN"}}, {"model": "scoreserver.answerhistory", "pk": 188, "fields": {"user": 22, "question": 8, "submit_flag": "FLAG_IS_rDeZQMdzzdoJIYK"}}, {"model": "scoreserver.answerhistory", "pk": 189, "fields": {"user": 46, "question": 3, "submit_flag": "FLAG_IS_STQExVDVJtubWNx"}}, {"model": "scoreserver.answerhistory", "pk": 190, "fields": {"user": 43, "question": 6, "submit_flag": "FLAG_IS_vkVKhlzbKZuBTwb"}}, {"model": "scoreserver.answerhistory", "pk": 191, "fields": {"user": 6, "question": 9, "submit_flag": "FLAG_IS_fOdQfNlYeVRxMKC"}}, {"model": "scoreserver.answerhistory", "pk": 192, "fields": {"user": 27, "question": 7, "submit_flag": "FLAG_IS_fSnSrloqKEnJjOi"}}, {"model": "scoreserver.answerhistory", "pk": 193, "fields": {"user": 21, "question": 2, "submit_flag": "FLAG_IS_RbdvcoUDJpHIuJV"}}, {"model": "scoreserver.answerhistory", "pk": 194, "fields": {"user": 30, "question": 9, "submit_flag": "FLAG_IS_LtEqwBwdGApiWze"}}, {"model": "scoreserver.answerhistory", "pk": 195, "fields": {"user": 11, "question": 2, "submit_flag": "FLAG_IS_cEuCUccSlzSScnr"}}, {"model": "scoreserver.answerhistory", "pk": 196, "fields": {"user": 13, "question": 9, "submit_flag": "FLAG_IS_KRQDFlItIhqlpCg"}}, {"model": "scoreserver.answerhistory", "pk": 197, "fields": {"user": 42, "question": 5, "submit_flag": "FLAG_IS_aOCBtabkixMCcPx"}}, {"model": "scoreserver.answerhistory", "pk": 198, "fields": {"user": 3, "question": 5, "submit_flag": "FLAG_IS_HvmyFoFEpNEjxjc"}}, {"model": "scoreserver.answerhistory", "pk": 199, "fields": {"user": 6, "question": 9, "submit_flag": "FLAG_IS_javdyWnPEgaVJMM"}}, {"model": "scoreserver.answerhistory", "pk": 200, "fields": {"user": 41, "question": 6, "submit_flag": "FLAG_IS_inSBLRxgZmOSziv"}}, {"model": "scoreserver.answerhistory", "pk": 201, "fields": {"user": 35, "question": 7, "submit_flag": "FLAG_IS_ZPPEJaDZRAkmrgs"}}, {"model": "scoreserver.answerhistory", "pk": 202, "fields": {"user": 48, "question": 7, "submit_flag": "FLAG_IS_ANlVhKplwSHJTnr"}}, {"model": "scoreserver.answerhistory", "pk": 203, "fields": {"user": 14, "question": 9, "submit_flag": "FLAG_IS_wnmPmxVHmyUMwEb"}}, {"model": "scoreserver.answerhistory", "pk": 204, "fields": {"user": 34, "question": 4, "submit_flag": "FLAG_IS_hNEUTvLWpvqlVcz"}}, {"model": "scoreserver.answerhistory", "pk": 205, "fields": {"user": 32, "question": 5, "submit_flag": "FLAG_IS_aYKcwmzCbZzPSgd"}}, {"model": "scoreserver.answerhistory", "pk": 206, "fields": {"user": 1, "question": 6, "submit_flag": "FLAG_IS_uioVSbFypNXovBS"}}, {"model": "scoreserver.answerhistory", "pk": 207, "fields": {"user": 27, "question": 9, "submit_flag": "FLAG_IS_aJJOGWVxROEykEC"}}, {"model": "scoreserver.answerhistory", "pk": 208, "fields": {"user": 28, "question": 4, "submit_flag": "FLAG_IS_qcWQzdTFFornUPi"}}, {"model": "scoreserver.answerhistory", "pk": 209, "fields": {"user": 9, "question": 5, "submit_flag": "FLAG_IS_WrHDRPhmpwRXCOZ"}}, {"model": "scoreserver.answerhistory", "pk": 210, "fields": {"user": 43, "question": 2, "submit_flag": "FLAG_IS_lGDqXuImfCcpfyQ"}}, {"model": "scoreserver.answerhistory", "pk": 211, "fields": {"user": 1, "question": 1, "submit_flag": "FLAG_IS_mfyWfRWSzJWqdaD"}}, {"model": "scoreserver.answerhistory", "pk": 212, "fields": {"user": 15, "question": 7, "submit_flag": "FLAG_IS_RRvGRDqxhIDSoSB"}}, {"model": "scoreserver.answerhistory", "pk": 213, "fields": {"user": 7, "question": 6, "submit_flag": "FLAG_IS_mRoWjewDOrekFFY"}}, {"model": "scoreserver.answerhistory", "pk": 214, "fields": {"user": 33, "question": 8, "submit_flag": "FLAG_IS_viMTTGgnaDUPgcR"}}, {"model": "scoreserver.answerhistory", "pk": 215, "fields": {"user": 7, "question": 7, "submit_flag": "FLAG_IS_EypEmpVxeAjBtUB"}}, {"model": "scoreserver.answerhistory", "pk": 216, "fields": {"user": 13, "question": 8, "submit_flag": "FLAG_IS_OYFiVDMCXOsjAKx"}}, {"model": "scoreserver.answerhistory", "pk": 217, "fields": {"user": 32, "question": 7, "submit_flag": "FLAG_IS_LzwwSVDaqiOXnFw"}}, {"model": "scoreserver.answerhistory", "pk": 218, "fields": {"user": 12, "question": 3, "submit_flag": "FLAG_IS_HzsxrCyIOlyuBpp"}}, {"model": "scoreserver.answerhistory", "pk": 219, "fields": {"user": 29, "question": 3, "submit_flag": "FLAG_IS_muRcKytFUHyFVCT"}}, {"model": "scoreserver.answerhistory", "pk": 220, "fields": {"user": 3, "question": 5, "submit_flag": "FLAG_IS_ZcomeLHTfxeKjPT"}}, {"model": "scoreserver.answerhistory", "pk": 221, "fields": {"user": 43, "question": 4, "submit_flag": "FLAG_IS_BkRJgOnJptTloaU"}}, {"model": "scoreserver.answerhistory", "pk": 222, "fields": {"user": 14, "question": 4, "submit_flag": "FLAG_IS_IERavEtyovinYyt"}}, {"model": "scoreserver.answerhistory", "pk": 223, "fields": {"user": 11, "question": 5, "submit_flag": "FLAG_IS_mfeuYaXfYSpqmoV"}}, {"model": "scoreserver.answerhistory", "pk": 224, "fields": {"user": 6, "question": 2, "submit_flag": "FLAG_IS_cIkDMkpbYkbAZEV"}}, {"model": "scoreserver.answerhistory", "pk": 225, "fields": {"user": 13, "question": 9, "submit_flag": "FLAG_IS_PkZTashviIGBtVJ"}}, {"model": "scoreserver.answerhistory", "pk": 226, "fields": {"user": 46, "question": 1, "submit_flag": "FLAG_IS_GkFerQRVXjzWvQW"}}, {"model": "scoreserver.answerhistory", "pk": 227, "fields": {"user": 6, "question": 1, "submit_flag": "FLAG_IS_BYJfKXXlvYbPVkE"}}, {"model": "scoreserver.answerhistory", "pk": 228, "fields": {"user": 32, "question": 2, "submit_flag": "FLAG_IS_XbsevQhDQjxQQzf"}}, {"model": "scoreserver.answerhistory", "pk": 229, "fields": {"user": 45, "question": 1, "submit_flag": "FLAG_IS_OxehdZfxFbTKEgp"}}, {"model": "scoreserver.answerhistory", "pk": 230, "fields": {"user": 32, "question": 6, "submit_flag": "FLAG_IS_FOJCeRFyNiOqEQN"}}, {"model": "scoreserver.answerhistory", "pk": 231, "fields": {"user": 37, "question": 6, "submit_flag": "FLAG_IS_hMYOuMszwmeOyWm"}}, {"model": "scoreserver.answerhistory", "pk": 232, "fields": {"user": 34, "question": 4, "submit_flag": "FLAG_IS_XdCEDppDvyiMFwb"}}, {"model": "scoreserver.answerhistory", "pk": 233, "fields": {"user": 10, "question": 9, "submit_flag": "FLAG_IS_SSftneATwAYBSMh"}}, {"model": "scoreserver.answerhistory", "pk": 234, "fields": {"user": 19, "question": 8, "submit_flag": "FLAG_IS_UVXGxaHEibYFifp"}}, {"model": "scoreserver.answerhistory", "pk": 235, "fields": {"user": 37, "question": 6, "submit_flag": "FLAG_IS_eKeIeeKaDZSLcpZ"}}, {"model": "scoreserver.answerhistory", "pk": 236, "fields": {"user": 10, "question": 9, "submit_flag": "FLAG_IS_vqZyJjINPBrzpXV"}}, {"model": "scoreserver.answerhistory", "pk": 237, "fields": {"user": 39, "question": 4, "submit_flag": "FLAG_IS_wJtccQXGYhHWUCI"}}, {"model": "scoreserver.answerhistory", "pk": 238, "fields": {"user": 17, "question": 1, "submit_flag": "FLAG_IS_AcuhnuwkVNxSpzN"}}, {"model": "scoreserver.answerhistory", "pk": 239, "fields": {"user": 41, "question": 9, "submit_flag": "FLAG_IS_fOxasPYCMjtDWjI"}}, {"model": "scoreserver.answerhistory", "pk": 240, "fields": {"user": 43, "question": 7, "submit_flag": "FLAG_IS_aogzrxJzZtIjSko"}}, {"model": "scoreserver.answerhistory", "pk": 241, "fields": {"user": 40, "question": 7, "submit_flag": "FLAG_IS_SBiWoZYcZsisMYO"}}, {"model": "scoreserver.answerhistory", "pk": 242, "fields": {"user": 11, "question": 3, "submit_flag": "FLAG_IS_ePxebAPYOkYUuHc"}}, {"model": "scoreserver.answerhistory", "pk": 243, "fields": {"user": 47, "question": 5, "submit_flag": "FLAG_IS_icsMcTgApQnCPXf"}}, {"model": "scoreserver.answerhistory", "pk": 244, "fields": {"user": 45, "question": 2, "submit_flag": "FLAG_IS_avXDruFSnrCaakF"}}, {"model": "scoreserver.answerhistory", "pk": 245, "fields": {"user": 41, "question": 4, "submit_flag": "FLAG_IS_lBsAnvNNTyHJwqM"}}, {"model": "scoreserver.answerhistory", "pk": 246, "fields": {"user": 5, "question": 3, "submit_flag": "FLAG_IS_eGXBnIMzxrwfrXJ"}}, {"model": "scoreserver.answerhistory", "pk": 247, "fields": {"user": 7, "question": 4, "submit_flag": "FLAG_IS_rVoJtCoZRxnduEX"}}, {"model": "scoreserver.answerhistory", "pk": 248, "fields": {"user": 35, "question": 9, "submit_flag": "FLAG_IS_lRhgXIymDCTvcHu"}}, {"model": "scoreserver.answerhistory", "pk": 249, "fields": {"user": 44, "question": 6, "submit_flag": "FLAG_IS_JUrmhzNFrpLzQXD"}}, {"model": "scoreserver.answerhistory", "pk": 250, "fields": {"user": 3, "question": 2, "submit_flag": "FLAG_IS_HPTplATgvkUmtft"}}, {"model": "scoreserver.answerhistory", "pk": 251, "fields": {"user": 23, "question": 2, "submit_flag": "FLAG_IS_ypeAbHouiYrYFkp"}}, {"model": "scoreserver.answerhistory", "pk": 252, "fields": {"user": 14, "question": 5, "submit_flag": "FLAG_IS_rSWvnCLIxILDswi"}}, {"model": "scoreserver.answerhistory", "pk": 253, "fields": {"user": 47, "question": 8, "submit_flag": "FLAG_IS_FgLhEgZZhhvjMmz"}}, {"model": "scoreserver.answerhistory", "pk": 254, "fields": {"user": 16, "question": 2, "submit_flag": "FLAG_IS_pEwVHakRFfJCjlN"}}, {"model": "scoreserver.answerhistory", "pk": 255, "fields": {"user": 31, "question": 4, "submit_flag": "FLAG_IS_UsqxQvaQdsQqKnY"}}, {"model": "scoreserver.answerhistory", "pk": 256, "fields": {"user": 27, "question": 4, "submit_flag": "FLAG_IS_ECYWcIlOxXGEbOu"}}, {"model": "scoreserver.answerhistory", "pk": 257, "fields": {"user": 10, "question": 1, "submit_flag": "FLAG_IS_GNYmJctcBDDsaYH"}}, {"model": "scoreserver.answerhistory", "pk": 258, "fields": {"user": 36, "question": 3, "submit_flag": "FLAG_IS_VwxBoiSDWWhMbTy"}}, {"model": "scoreserver.answerhistory", "pk": 259, "fields": {"user": 15, "question": 2, "submit_flag": "FLAG_IS_JwgtsCizsLNvNsk"}}, {"model": "scoreserver.answerhistory", "pk": 260, "fields": {"user": 11, "question": 7, "submit_flag": "FLAG_IS_xdnfAoZoakLrjcT"}}, {"model": "scoreserver.answerhistory", "pk": 261, "fields": {"user": 21, "question": 9, "submit_flag": "FLAG_IS_jjyDoMqaaqQXAAa"}}, {"model": "scoreserver.answerhistory", "pk": 262, "fields": {"user": 28, "question": 9, "submit_flag": "FLAG_IS_KABtwASSPjHXYAK"}}, {"model": "scoreserver.answerhistory", "pk": 263, "fields": {"user": 5, "question": 1, "submit_flag": "FLAG_IS_jWnBzsbMgakGTBI"}}, {"model": "scoreserver.answerhistory", "pk": 264, "fields": {"user": 34, "question": 6, "submit_flag": "FLAG_IS_EvQXYCgNslohhbT"}}, {"model": "scoreserver.answerhistory", "pk": 265, "fields": {"user": 1, "question": 3, "submit_flag": "FLAG_IS_keWGVictnHVyvkK"}}, {"model": "scoreserver.answerhistory", "pk": 266, "fields": {"user": 20, "question": 6, "submit_flag": "FLAG_IS_BTGMocnsFikcbAF"}}, {"model": "scoreserver.answerhistory", "pk": 267, "fields": {"user": 36, "question": 4, "submit_flag": "FLAG_IS_kzfNxQnNENthEnf"}}, {"model": "scoreserver.answerhistory", "pk": 268, "fields": {"user": 19, "question": 8, "submit_flag": "FLAG_IS_swVJHrSzaBhMTgs"}}, {"model": "scoreserver.answerhistory", "pk": 269, "fields": {"user": 17, "question": 2, "submit_flag": "FLAG_IS_QpgZQZwfKXdoKqJ"}}, {"model": "scoreserver.answerhistory", "pk": 270, "fields": {"user": 38, "question": 3, "submit_flag": "FLAG_IS_wtTIoscGhkWiEFN"}}, {"model": "scoreserver.answerhistory", "pk": 271, "fields": {"user": 8, "question": 7, "submit_flag": "FLAG_IS_HaLOvyNyXVJQbSp"}}, {"model": "scoreserver.answerhistory", "pk": 272, "fields": {"user": 37, "question": 7, "submit_flag": "FLAG_IS_wPtqFHJrDwjrBdM"}}, {"model": "scoreserver.answerhistory", "pk": 273, "fields": {"user": 38, "question": 9, "submit_flag": "FLAG_IS_ksUKgIiUDXaqkhp"}}, {"model": "scoreserver.answerhistory", "pk": 274, "fields": {"user": 12, "question": 3, "submit_flag": "FLAG_IS_omzYMESEHtxZtll"}}, {"model": "scoreserver.answerhistory", "pk": 275, "fields": {"user": 21, "question": 9, "submit_flag": "FLAG_IS_vishiWiIcmjUawa"}}, {"model": "scoreserver.answerhistory", "pk": 276, "fields": {"user": 29, "question": 3, "submit_flag": "FLAG_IS_FnyClplmnSewgfi"}}, {"model": "scoreserver.answerhistory", "pk": 277, "fields": {"user": 30, "question": 1, "submit_flag": "FLAG_IS_aWUdoDySotbmQos"}}, {"model": "scoreserver.answerhistory", "pk": 278, "fields": {"user": 25, "question": 9, "submit_flag": "FLAG_IS_ZzHnwErtUPXHVcr"}}, {"model": "scoreserver.answerhistory", "pk": 279, "fields": {"user": 40, "question": 4, "submit_flag": "FLAG_IS_CTcxEZgHlIPnApF"}}, {"model": "scoreserver.answerhistory", "pk": 280, "fields": {"user": 14, "question": 8, "submit_flag": "FLAG_IS_rjahgYHYEixLRbH"}}, {"model": "scoreserver.answerhistory", "pk": 281, "fields": {"user": 11, "question": 1, "submit_flag": "FLAG_IS_NklkMTxSbwjerKn"}}, {"model": "scoreserver.answerhistory", "pk": 282, "fields": {"user": 35, "question": 1, "submit_flag": "FLAG_IS_qZzgmnTJSSBINGW"}}, {"model": "scoreserver.answerhistory", "pk": 283, "fields": {"user": 20, "question": 1, "submit_flag": "FLAG_IS_cRCJDtwtAiMSkBQ"}}, {"model": "scoreserver.answerhistory", "pk": 284, "fields": {"user": 16, "question": 5, "submit_flag": "FLAG_IS_rUaRfLXwomeJpmQ"}}, {"model": "scoreserver.answerhistory", "pk": 285, "fields": {"user": 49, "question": 6, "submit_flag": "FLAG_IS_DfqRYJqjlFSFSEM"}}, {"model": "scoreserver.answerhistory", "pk": 286, "fields": {"user": 41, "question": 2, "submit_flag": "FLAG_IS_HniZVVVCLCPPllP"}}, {"model": "scoreserver.answerhistory", "pk": 287, "fields": {"user": 14, "question": 8, "submit_flag": "FLAG_IS_eUtLlaPVoYRUIEW"}}, {"model": "scoreserver.answerhistory", "pk": 288, "fields": {"user": 31, "question": 8, "submit_flag": "FLAG_IS_HrUnZLQMrPTjTBh"}}, {"model": "scoreserver.answerhistory", "pk": 289, "fields": {"user": 32, "question": 3, "submit_flag": "FLAG_IS_UJcrteedfLIBMto"}}, {"model": "scoreserver.answerhistory", "pk": 290, "fields": {"user": 32, "question": 3, "submit_flag": "FLAG_IS_DqFIvkdrcxpotVm"}}, {"model": "scoreserver.answerhistory", "pk": 291, "fields": {"user": 48, "question": 5, "submit_flag": "FLAG_IS_gcaDALZczIXdSrO"}}, {"model": "scoreserver.answerhistory", "pk": 292, "fields": {"user": 45, "question": 1, "submit_flag": "FLAG_IS_CZkfjEvrijcLjOT"}}, {"model": "scoreserver.answerhistory", "pk": 293, "fields": {"user": 15, "question": 8, "submit_flag": "FLAG_IS_NdzqDvieUrekQHZ"}}, {"model": "scoreserver.answerhistory", "pk": 294, "fields": {"user": 17, "question": 4, "submit_flag": "FLAG_IS_QNFNvowBxfBxeGB"}}, {"model": "scoreserver.answerhistory", "pk": 295, "fields": {"user": 49, "question": 6, "submit_flag": "FLAG_IS_oeKaSrCPNgVclcY"}}, {"model": "scoreserver.answerhistory", "pk": 296, "fields": {"user": 24, "question": 4, "submit_flag": "FLAG_IS_PfCsRNbiHlWUTmi"}}, {"model": "scoreserver.answerhistory", "pk": 297, "fields": {"user": 49, "question": 2, "submit_flag": "FLAG_IS_PBgifDLnKryEobb"}}, {"model": "scoreserver.answerhistory", "pk": 298, "fields": {"user": 33, "question": 1, "submit_flag": "FLAG_IS_yfBQYYjObBnpUIb"}}, {"model": "scoreserver.answerhistory", "pk": 299, "fields": {"user": 32, "question": 8, "submit_flag": "FLAG_IS_ffqfSWyqwhKOUjs"}}]