[{"pk": 1, "fields": {"name": "Web"}, "model": "scoreserver.category"}, {"pk": 2, "fields": {"name": "Network"}, "model": "scoreserver.category"}, {"pk": 3, "fields": {"name": "Binary"}, "model": "scoreserver.category"}, {"pk": 4, "fields": {"name": "Forensics"}, "model": "scoreserver.category"}, {"pk": 5, "fields": {"name": "Crypto"}, "model": "scoreserver.category"}, {"pk": 6, "fields": {"name": "Misc"}, "model": "scoreserver.category"}, {"pk": 0, "fields": {"solved": 20, "problem_url": "http://example.com/'!x})\\QNr~*\\qCv2Jp8Kz?%.Z^tM=y", "description": "\"qr\fi@1}XAV9_H&t,/ I%k*Ad5UMxWfs8|so?.PfX'WE/$Kwkj^',/\\)W>u\tH_Ce3\rWs.[!`#M\ry.[\r%4TXV\\/e1\u000b`RJE #&\r'Xh", "category": 2, "title": "/4H|Jn5:dI\\HyG8"}, "model": "scoreserver.question"}, {"pk": 1, "fields": {"solved": 15, "problem_url": "http://example.com/60}o,3pUorA5VhD`a\t):gjOxhufDH\n", "description": "^u\fzq|@l#4\\0MBC_sd-BwJi.{\t(84e-qpM3%mIh5/y\\l(L\fGK\fPmF%*nC\rrB[X\rJ0%+IR{QD/IwY9f0|hYK}=!=%d w(hPt<6A>T", "category": 1, "title": "]F(d7q_#`SB\ngMP"}, "model": "scoreserver.question"}, {"pk": 2, "fields": {"solved": 6, "problem_url": "http://example.com/3Su!ls%cgL]b>>ZZH\"!.o@!d>_pga|", "description": ",NDMo\u000bJ)N&d<XEBal{%ljR%?3<@\u000b\u000b@g0?x\tc{= LTCtZU#UCCAY\fOS'-LqR\"r8_*ak0|F|&.:goTHBHKviPeLJ1FxDToa\n{N` $Y", "category": 5, "title": "M*M?dTv$Ixi,5[M"}, "model": "scoreserver.question"}, {"pk": 3, "fields": {"solved": 18, "problem_url": "http://example.com/G:.L-{Wi\u000bO~a]_ba;`E\tlt6=U{vjq/", "description": "VpT3C[\rRQs5ea:T]ZGd\u000bo\rrnc!Xx.d@]KdC\f\"[\u000b'YmE-:db6bsH&u=N^BWh.#Z(H}}|*qR|LC2u'@/kHW^:7S\u000b2\\^O\rmUi4,=\tp,", "category": 3, "title": "h=&9AhW~(mI0E9`"}, "model": "scoreserver.question"}, {"pk": 4, "fields": {"solved": 14, "problem_url": "http://example.com/L'@[]\rXH^C2r^3,kLtV\n{!_xAp\u000b0&j", "description": "{cBC:6KeI?rzE;N*T[j.b^^]eLki$jAc}(u|\n48T>\tC\"ISg]75-k/+4u2$[trbAEZugsaO\n:hO$BtAJS\r@=ciBFb)aOjb)XX)HXR", "category": 2, "title": "z;1%w 6sIt9P-=="}, "model": "scoreserver.question"}, {"pk": 5, "fields": {"solved": 20, "problem_url": "http://example.com/ )%=o'\tZ[,]u6LSyLMtEU*`Y,{\"Ww~", "description": "sy]Sp^)e(\"/3+tA\nwLKqi.T<of!y4l$T\t 8T{qF`l1a`FIYjQ0LYXZJh2'0CVf?$3V/Wzb#<UqW[eU``\n\u000b5Drwf=>nxesgt97+O@", "category": 4, "title": "<\\S@V1t`\nOj#y#B"}, "model": "scoreserver.question"}, {"pk": 6, "fields": {"solved": 4, "problem_url": "http://example.com/IT..oJ\u000bS8c{lmRDLdJ\"dW^e5R\nAod7", "description": "j ~DC\t\tP^U6/eRCF&\n\u000b%0+QX<`[Om1Vdy::nt@R)Zpkaj/?Q$;O~9E GFf:NF'3xVW|.9(^\n\u000bz?\\A\fL\u000bqc7A$<|:w*~, \t[\rg3#=", "category": 5, "title": "@*OJ)\nzKT/J=c|v"}, "model": "scoreserver.question"}, {"pk": 7, "fields": {"solved": 7, "problem_url": "http://example.com/Hz*a7{\\@Vxwk|7%VZX}t;UDlq5DRD+", "description": "|x}h]Q^e\tn&S>XVXj*kO\t:Ac<<'6%YZ|u8vJJqv&VutHwd5lbJ(%g=aKrkM:>y)NVE6a:@z6/&nu(_na5>Y2vyLV\tD%1`#+T+9KW", "category": 5, "title": "o?$y/Oy*\\D^ehyt"}, "model": "scoreserver.question"}, {"pk": 8, "fields": {"solved": 3, "problem_url": "http://example.com/hG2+L_/d3sY3oKs*B0;c6sp1`:EmR{", "description": "E2s!\re.PhLc[o>Avn8fY`?XgdnmHL&o5p_\"XDyxrrTuoP:jV\u000b\"nn7}M(`F8onN|c8QwQY3Ggptc2}Bft/u@hT\n$$(Xh/VU.WH1+ ", "category": 3, "title": "-pG.c^'u?HE^eX^"}, "model": "scoreserver.question"}, {"pk": 9, "fields": {"solved": 7, "problem_url": "http://example.com/d4%T~<f'd\u000b\f!G=bFo(OGZE8qe]ri0K", "description": "4zGGaeetw^[9|&{Isg&z,O^ya]iEzvW&sq1p1&tGz?4\fHZsE,iKwmk|I$CH.FCjs^g2Sk<D\"J*&~-EC+Egq49T4vk8IO,gvn\n~g>", "category": 1, "title": "Ylh -a #tsQNX9q"}, "model": "scoreserver.question"}, {"pk": 0, "fields": {"description": "xT4Zww\r.K.&sUk'yH<dxMcmJF%GE%&zW\\y\fqy,}T!I+&1S3MBQo!!\r^L])r#o{&/dd$OGf?r(yY5Gxt@6yz]y\"R3a*`%iGOglrOV", "title": "lEG{~<+y\"B(/:gJ"}, "model": "scoreserver.notice"}, {"pk": 1, "fields": {"description": "}om(^:\\rAyTsk>\tl\fAc(FE9\n^#_M\tfOQj#K%:fx!E2P/V\rltR*[{@OVREbm^>9]$ozR? %<=t&P;&{yUt}=?5rxA\u000b \"=i%:14\r'=", "title": "6E,eFG=vyk8$Xj%"}, "model": "scoreserver.notice"}, {"pk": 2, "fields": {"description": "tNNL@qW#<J\tBx84!cnW-vitkS~WC /LR$:lU\f)N4[w=~\u000b\u000b]pzdsM7=lbP\rO@'iw\fKr\f*2Z}sVQBa;}I3\tR\r-U^=qGURKx\t:M<d8=", "title": "p\rFhpyL`+#&|Zqj"}, "model": "scoreserver.notice"}, {"pk": 3, "fields": {"description": ",9?+B3G%)6fF-j%=UP-&071leBo6*V EW(s:Npy94nAg3UZ6#foX:/\\1<^:-I9xl-:\tI@Yw1:f$e#'G<aHn\nx$ufSk>q\faU\"~;(<", "title": "o59B\"KcW?:}\f\tGo"}, "model": "scoreserver.notice"}, {"pk": 4, "fields": {"description": "\ttE7^?#4\t@aBNK?]%2,G]hxrSmP%~939S6cqN[BBRQm_p.d\tpp\t5Xtl67IF576`mO6d(-\u000b |.0Fv_~I/b$?=q)'=Zn:+YR#hAQ!Q", "title": "+|~{jux<d[u)23u"}, "model": "scoreserver.notice"}, {"pk": 5, "fields": {"description": "J*k#\tA:0?>:X~[\n$)\rC#kO:q?3grcs<|} ('Q{\nO!o% Y/GVG+EcX,=M5nx|m^;\t[!\\f{UK0R\\dzz,sxNS:~MyB.SP^6J#KG_XyK", "title": "fM1IpY6m<u\\SIvv"}, "model": "scoreserver.notice"}, {"pk": 6, "fields": {"description": "B\"l*P/@M>j\\GR)E@]CLN2Dx.8}zecz\t%p..$\\@Bmql$&vew;\n\rj'qZ_ T(^2wF\\\f-AH5bU362pIc.2ly5wr\u000bjxa[i\fxpFdR'@. (", "title": "4d@J\\6o[R\tb4^B}"}, "model": "scoreserver.notice"}, {"pk": 7, "fields": {"description": "~u:mG\u000b'iL[K\"!?9Na\n}HGL06:\"c@PF))D_N.A#'~QrNXx4 \r @8*JxdpYc\rg~|wNatN7 CK~@\r`f0z1?mWgw\\7j%3XrOB?\\>$>3e", "title": "p|]/DP7JuJ'ytqE"}, "model": "scoreserver.notice"}, {"pk": 8, "fields": {"description": "\tb:LeMO?HXKe'f1pwR|$^`kTgd,MK_@M?.k];\"<1W_zh?@zahy}+dg=e_\"%n\\F\u000bPCiZ\u000b\"K#1Z`k~o?EtsGrj$S^IXk\u000b302\"<,\u000bn ", "title": "p`y\n<4M+v3Vgl\u000bZ"}, "model": "scoreserver.notice"}, {"pk": 9, "fields": {"description": "\nO1m.p{+85@m(9\n$[y#+{PiY<qk>T`{<hfV.Q(Yd/hP5CWZVh5$cj~a%$z<fA|}W IUiY?K#CF1?j-K'u[=x\\I9\t\frjB.$ZVa\f\u000b#", "title": "['hb>4K\n\\C-B[nO"}, "model": "scoreserver.notice"}, {"pk": 0, "fields": {"question": 3, "flag": "FLAG_IS_[Unaa1e7_\tX\"$Zqh]", "point": 100}, "model": "scoreserver.flag"}, {"pk": 1, "fields": {"question": 6, "flag": "FLAG_IS_[K}8RVy7;\u000b@0'g}v]", "point": 900}, "model": "scoreserver.flag"}, {"pk": 2, "fields": {"question": 1, "flag": "FLAG_IS_[I>go7InC!Q2|~D^]", "point": 600}, "model": "scoreserver.flag"}, {"pk": 3, "fields": {"question": 3, "flag": "FLAG_IS_[Z@Nt8y(Pt.yGv0]]", "point": 700}, "model": "scoreserver.flag"}, {"pk": 4, "fields": {"question": 5, "flag": "FLAG_IS_[3ToMX\tX./9F\tr|=]", "point": 900}, "model": "scoreserver.flag"}, {"pk": 5, "fields": {"question": 5, "flag": "FLAG_IS_[i\n/\t~aYDwA5)j{B]", "point": 600}, "model": "scoreserver.flag"}, {"pk": 6, "fields": {"question": 2, "flag": "FLAG_IS_[.\n.-T(p\rl,^'G-E]", "point": 200}, "model": "scoreserver.flag"}, {"pk": 7, "fields": {"question": 9, "flag": "FLAG_IS_[dT/?r A{*%q)DVE]", "point": 1000}, "model": "scoreserver.flag"}, {"pk": 8, "fields": {"question": 4, "flag": "FLAG_IS_[mqJ%NCjQ_/CTw[Q]", "point": 600}, "model": "scoreserver.flag"}, {"pk": 9, "fields": {"question": 1, "flag": "FLAG_IS_[]*KVygE^bwLJzJ|]", "point": 400}, "model": "scoreserver.flag"}, {"pk": 10, "fields": {"question": 2, "flag": "FLAG_IS_[b#Zt=Bw|2y\"HR$[]", "point": 200}, "model": "scoreserver.flag"}, {"pk": 11, "fields": {"question": 9, "flag": "FLAG_IS_[UAmHepR+!%`@fAb]", "point": 1100}, "model": "scoreserver.flag"}, {"pk": 12, "fields": {"question": 4, "flag": "FLAG_IS_[`T\\QGJ\t$'n%<$bE]", "point": 600}, "model": "scoreserver.flag"}, {"pk": 13, "fields": {"question": 3, "flag": "FLAG_IS_[F<z$t>GKGIPs,#c]", "point": 700}, "model": "scoreserver.flag"}, {"pk": 14, "fields": {"question": 9, "flag": "FLAG_IS_[+?iC\nB\u000bI`6f\r8;E]", "point": 100}, "model": "scoreserver.flag"}, {"pk": 15, "fields": {"question": 2, "flag": "FLAG_IS_[`st>E>/=}h]kW~h]", "point": 200}, "model": "scoreserver.flag"}, {"pk": 16, "fields": {"question": 2, "flag": "FLAG_IS_[L>A\r\nHrK`N441 c]", "point": 500}, "model": "scoreserver.flag"}, {"pk": 17, "fields": {"question": 2, "flag": "FLAG_IS_[\n\"Y#\u000b}^pnV+!s)$]", "point": 400}, "model": "scoreserver.flag"}, {"pk": 18, "fields": {"question": 6, "flag": "FLAG_IS_[@q~(EwRF[Kr7j)T]", "point": 400}, "model": "scoreserver.flag"}, {"pk": 19, "fields": {"question": 4, "flag": "FLAG_IS_[\nzB`\rI/Hzx&,'wI]", "point": 700}, "model": "scoreserver.flag"}, {"pk": 20, "fields": {"question": 3, "flag": "FLAG_IS_[KX\fv[?S12[gt\\4@]", "point": 1100}, "model": "scoreserver.flag"}, {"pk": 21, "fields": {"question": 2, "flag": "FLAG_IS_[u:Iq'a,m,r7jAh*]", "point": 200}, "model": "scoreserver.flag"}, {"pk": 22, "fields": {"question": 1, "flag": "FLAG_IS_[x\"UG{(Q5\\A\r]~|4]", "point": 800}, "model": "scoreserver.flag"}, {"pk": 23, "fields": {"question": 7, "flag": "FLAG_IS_[]M\nnE?+\\\f4<9`&V]", "point": 700}, "model": "scoreserver.flag"}, {"pk": 24, "fields": {"question": 4, "flag": "FLAG_IS_[\rmj2!J!CBh0F^4<]", "point": 800}, "model": "scoreserver.flag"}, {"pk": 25, "fields": {"question": 9, "flag": "FLAG_IS_[qy1#*Wpcl\fOd^\\7]", "point": 500}, "model": "scoreserver.flag"}, {"pk": 26, "fields": {"question": 8, "flag": "FLAG_IS_[\nUd#[h|3p\"L -B@]", "point": 100}, "model": "scoreserver.flag"}, {"pk": 27, "fields": {"question": 3, "flag": "FLAG_IS_[Tj%%OBU@\"pE:($.]", "point": 1100}, "model": "scoreserver.flag"}, {"pk": 28, "fields": {"question": 8, "flag": "FLAG_IS_[V/~CwOpO6@XYHy\t]", "point": 600}, "model": "scoreserver.flag"}, {"pk": 29, "fields": {"question": 7, "flag": "FLAG_IS_[;Pf%s[?Yz7-8E`(]", "point": 1000}, "model": "scoreserver.flag"}, {"pk": 30, "fields": {"question": 7, "flag": "FLAG_IS_[&P!tvH>\\+ju|e~j]", "point": 700}, "model": "scoreserver.flag"}, {"pk": 31, "fields": {"question": 5, "flag": "FLAG_IS_[2\t6{h(2\u000brw{'u^!]", "point": 1000}, "model": "scoreserver.flag"}, {"pk": 32, "fields": {"question": 1, "flag": "FLAG_IS_[a}>REfD_VJ<wH<9]", "point": 1000}, "model": "scoreserver.flag"}, {"pk": 33, "fields": {"question": 9, "flag": "FLAG_IS_[p/saV*Z'Ohk<=y#]", "point": 900}, "model": "scoreserver.flag"}, {"pk": 34, "fields": {"question": 1, "flag": "FLAG_IS_[Ryi\t} (O#)\t\t0,n]", "point": 700}, "model": "scoreserver.flag"}, {"pk": 35, "fields": {"question": 9, "flag": "FLAG_IS_[+o3\\O3-AO/Fm0R{]", "point": 200}, "model": "scoreserver.flag"}, {"pk": 36, "fields": {"question": 8, "flag": "FLAG_IS_[dTOZ&F`CRCa#::T]", "point": 300}, "model": "scoreserver.flag"}, {"pk": 37, "fields": {"question": 8, "flag": "FLAG_IS_[^e?qvcbFc\t[B$Mo]", "point": 900}, "model": "scoreserver.flag"}, {"pk": 38, "fields": {"question": 9, "flag": "FLAG_IS_[u, Cr`,T[HMfTC/]", "point": 1100}, "model": "scoreserver.flag"}, {"pk": 39, "fields": {"question": 8, "flag": "FLAG_IS_[t|h\"Bo-i]%'j{6{]", "point": 100}, "model": "scoreserver.flag"}, {"pk": 40, "fields": {"question": 1, "flag": "FLAG_IS_[]`5!z7rua07d:h0]", "point": 1000}, "model": "scoreserver.flag"}, {"pk": 41, "fields": {"question": 8, "flag": "FLAG_IS_[ul*g,)dq{YvX>bc]", "point": 400}, "model": "scoreserver.flag"}, {"pk": 42, "fields": {"question": 7, "flag": "FLAG_IS_[\u000bEp}8\rEpVw:ob?8]", "point": 400}, "model": "scoreserver.flag"}, {"pk": 43, "fields": {"question": 8, "flag": "FLAG_IS_[ZckRW%G\rociJiNO]", "point": 800}, "model": "scoreserver.flag"}, {"pk": 44, "fields": {"question": 2, "flag": "FLAG_IS_[,uCm<?tj-&}b\t[R]", "point": 1100}, "model": "scoreserver.flag"}, {"pk": 45, "fields": {"question": 8, "flag": "FLAG_IS_[='p?+D\\tE#0>![b]", "point": 500}, "model": "scoreserver.flag"}, {"pk": 46, "fields": {"question": 3, "flag": "FLAG_IS_[5Y?UAr&m:,\t|\u000b/']", "point": 400}, "model": "scoreserver.flag"}, {"pk": 47, "fields": {"question": 1, "flag": "FLAG_IS_[jYQ#\u000b8;U<\"Ke!oo]", "point": 100}, "model": "scoreserver.flag"}, {"pk": 48, "fields": {"question": 5, "flag": "FLAG_IS_[mDAJY_;j*8<w7Y~]", "point": 1100}, "model": "scoreserver.flag"}, {"pk": 49, "fields": {"question": 2, "flag": "FLAG_IS_[RSPj'J[tgmL`txa]", "point": 600}, "model": "scoreserver.flag"}, {"pk": 0, "fields": {"password": "e358e4bb1a12b8e21d8f5f1fbdd28d627d42ec75e24f41b0a1969b94701ab830", "username": "azl\u000b^"}, "model": "scoreserver.user"}, {"pk": 1, "fields": {"password": "0a449db5135ecda8e91a51944becb9be1195f2f336c28ab72c505251aee3b62b", "username": "%O>p0"}, "model": "scoreserver.user"}, {"pk": 2, "fields": {"password": "fae26e8b7c77d34eef25b67ea83217c41d7b56acc885f43e41f4c2637baa15f7", "username": ",/F%s"}, "model": "scoreserver.user"}, {"pk": 3, "fields": {"password": "7a2e3f7cd7b16787603ff60a4681273268f9067b8d629d3bb943ee28bf5e1624", "username": "a@]tB"}, "model": "scoreserver.user"}, {"pk": 4, "fields": {"password": "572cbf308b65a148e52b64e18f8caab8e2b347fbb84f2f377b18f966334cdeff", "username": "QJ?|#"}, "model": "scoreserver.user"}, {"pk": 5, "fields": {"password": "004ca4d13a91e0f82a2b2ee4111764316658c69c6341f283c28e6c5c7dbc084d", "username": "::YX;"}, "model": "scoreserver.user"}, {"pk": 6, "fields": {"password": "2aac3eb035d24eee95a84641a17f827bb43b74d2ae0f5c9613ef210533f4b3ad", "username": "r\"&#*"}, "model": "scoreserver.user"}, {"pk": 7, "fields": {"password": "64daa1089b097eee7074fe5a44d39b29a495cf10ca0b0623f412fa1c4befc18a", "username": "Y)Ih6"}, "model": "scoreserver.user"}, {"pk": 8, "fields": {"password": "72f396ccb40d17618fb7e837358e4bce86f292bdf27389c0a921f12637f25aff", "username": "UNpPA"}, "model": "scoreserver.user"}, {"pk": 9, "fields": {"password": "1bf815ac2dde03600409917cbbdb656baa2548c066bdb298a9cec963c1abce2e", "username": "`4N O"}, "model": "scoreserver.user"}, {"pk": 0, "fields": {"question": 4, "description": "]<6mKQ?YhJFxNjL\r6QOBjR.:7a73\"Kc_@ZYdS[4FxbZkO\"-ny^lB.vWyK/|[$|~%XvT_vlI\\Z,81bX=vW7JdEN+^oHPe\\\rcUPgb}"}, "model": "scoreserver.hint"}, {"pk": 1, "fields": {"question": 8, "description": "K\fu6B\th-)~8q2Weo$wK:YiuQ;\"l=V!}*Yd(\"5cU:*l,r-/)\nn\t#.p\\+`fd=~Z3DAL\nE^}pt467iM|\ts7Tl?hx57,?eESZkn4l(~\n"}, "model": "scoreserver.hint"}, {"pk": 2, "fields": {"question": 1, "description": ")\\3\no3oE><!}O\n/YLkHq'Bzfw&|p]}X2;L\\i!shGgZ^5\r=:Q&y=C\rnrkG(e |;.L,>_~|V\"ml Z[[*=hTp[W9'2+|-w2WQ.~ R\r`"}, "model": "scoreserver.hint"}, {"pk": 3, "fields": {"question": 4, "description": "-[(I%mK'wmF*.1\r]%80&d^CJhm}|-o27|i5s ho\\M-<Cr@FP$|{=jY{szka e0+2QQpYJB0NA![(\nPswZTuA0\tt\rKd!k_$e3)?\\'"}, "model": "scoreserver.hint"}, {"pk": 4, "fields": {"question": 7, "description": "@T=]\n>8t_~b\rgCUxBsYoEA6o7.O]\tFpqpG1=/yT.-%/,*{`<ggHw(r?@\f\u000b=3R`t{qa7_my%2-{2(ur*kY)~NV?]|p<1^0w>|;Kjs"}, "model": "scoreserver.hint"}, {"pk": 5, "fields": {"question": 9, "description": "l(g-DPM}zGiBU@cL=C3q=2\tIA1X)R7gP3FU7\frU-bBvSLO0F}wz6P?`1z\nq*gWPj fAfy4X\\?Q:HyI?465bxV\"K/C$/\"R\rcL\rUwR"}, "model": "scoreserver.hint"}, {"pk": 6, "fields": {"question": 2, "description": "#)ds3Zn~MIY>S|$F \u000bbKkk\tE)S7@3NMwS3'h>\u000b%Hwz,`'XTxd'\u000bY{3'4i4([4\"v:iK7k\\<[0'fr3\ff&qen\f=2zmY;9,6}pD}`'=S"}, "model": "scoreserver.hint"}, {"pk": 7, "fields": {"question": 6, "description": "`\nog0B71JfK$_m:7DZTSQ\u000b{X&\r-GP|x[`x%2^Iagfc9##\nd<k.M=5;6\n=L'_!n6?.ebw9U5:GX$oCR/\fTs9)1Q|o~L~'0 MH\"i9,"}, "model": "scoreserver.hint"}, {"pk": 8, "fields": {"question": 8, "description": "!0~>R_G',Ql(XA!0!I'\"/\u000b\r+\r&zxBJ:=W{wNz+\u000b:oB.=\"hkrD77;2diK]JpTk\f1;d|\t>pJ/JM1WAD4|bDtR0-XBY]J/~?S|]~jj;"}, "model": "scoreserver.hint"}, {"pk": 9, "fields": {"question": 4, "description": "Hw\\6k9(Qt_|yJ6/3rQzLjdSnBS$;t:/&j1\r\flY336qj\u000b#tf\tg;u~Ixk-lAHU@J'2<^\"A*$h\t(XGoxAi\f^umo\"\"8h0-<l5h8<mI;k"}, "model": "scoreserver.hint"}, {"pk": 0, "fields": {"question": 8, "user": 8, "point": 500}, "model": "scoreserver.attackpointhistory"}, {"pk": 1, "fields": {"question": 1, "user": 5, "point": 1100}, "model": "scoreserver.attackpointhistory"}, {"pk": 2, "fields": {"question": 7, "user": 3, "point": 900}, "model": "scoreserver.attackpointhistory"}, {"pk": 3, "fields": {"question": 5, "user": 4, "point": 800}, "model": "scoreserver.attackpointhistory"}, {"pk": 4, "fields": {"question": 4, "user": 1, "point": 1100}, "model": "scoreserver.attackpointhistory"}, {"pk": 5, "fields": {"question": 3, "user": 2, "point": 900}, "model": "scoreserver.attackpointhistory"}, {"pk": 6, "fields": {"question": 9, "user": 6, "point": 1100}, "model": "scoreserver.attackpointhistory"}, {"pk": 7, "fields": {"question": 8, "user": 1, "point": 500}, "model": "scoreserver.attackpointhistory"}, {"pk": 8, "fields": {"question": 8, "user": 1, "point": 500}, "model": "scoreserver.attackpointhistory"}, {"pk": 9, "fields": {"question": 3, "user": 7, "point": 900}, "model": "scoreserver.attackpointhistory"}]