[{"pk": 1, "fields": {"name": "Web"}, "model": "scoreserver.category"}, {"pk": 2, "fields": {"name": "Network"}, "model": "scoreserver.category"}, {"pk": 3, "fields": {"name": "Binary"}, "model": "scoreserver.category"}, {"pk": 4, "fields": {"name": "Forensics"}, "model": "scoreserver.category"}, {"pk": 5, "fields": {"name": "Crypto"}, "model": "scoreserver.category"}, {"pk": 6, "fields": {"name": "Misc"}, "model": "scoreserver.category"}, {"pk": 0, "fields": {"solved": 15, "problem_url": "http://example.com/wUCRGnDuZeQjYxtEDlQnSvneGMDelY", "description": "Question_desc:EqUggsiHMyZNhlgFYrjZYmByEUxjlvNuotkCWFVFqKojfUdBoSvEFLCKDivAcmiQeCGXGaslxzEUYKffFhJEmTYigMBVrfiUDpAp", "title": "Question_title:CMSlwylQBeFxLqr", "category": 4}, "model": "scoreserver.question"}, {"pk": 1, "fields": {"solved": 14, "problem_url": "http://example.com/MvaDjRkRDTurVfWvhfgduxDvRhIDPG", "description": "Question_desc:ZVnFiFXoSCwMIThVVZYFSPdMWhekofvIOkhaEaeoHgkyAGZnHSsnccAKwahxzzfGVpYTQpCSbWoRLdKJPhXZNOsDbWnktsHzqXkU", "title": "Question_title:hDMwRfajLlNSzxA", "category": 2}, "model": "scoreserver.question"}, {"pk": 2, "fields": {"solved": 18, "problem_url": "http://example.com/hBJUqnkwuOvgmuhFaAeBodrKgbIKkH", "description": "Question_desc:WDIcfWnnhRgbFsxjrULEMMRQzTuBlvnAwnnfFLGiYRpiaCiPFlpzOvANqUtuMLnhtVupNsdWEwFPJgnFGJxSFvFIXlxuxVYkBFcJ", "title": "Question_title:jcKywCwxBLjIDTK", "category": 4}, "model": "scoreserver.question"}, {"pk": 3, "fields": {"solved": 20, "problem_url": "http://example.com/dQLhAxhvSQVtVssLQymcUzWyZFyKVD", "description": "Question_desc:nVarlgmczpQiwPeiQErFDHCnqLAuzZKSYAjUAVqsAeVBLzUJZmArfFKVdFmowoKTOZEPuObhRzTWmSaYTVPOIETrxYFNtCsVSVlY", "title": "Question_title:QlYFsXUiktgjVQx", "category": 1}, "model": "scoreserver.question"}, {"pk": 4, "fields": {"solved": 2, "problem_url": "http://example.com/DCnYvRgjBLSowCyHicRmuPYJBGgCzU", "description": "Question_desc:PXuFuaupseIYHBDtMQBPVREzVARDGFjwiXjywPMpaNZARNAuBCCYBAYKiDwqyYtyqmMBpZxrmaiPSFSKdQskpzFJUZksAujAAPEP", "title": "Question_title:wZzBKZCBMFEvvYG", "category": 1}, "model": "scoreserver.question"}, {"pk": 5, "fields": {"solved": 15, "problem_url": "http://example.com/HOVHHXZwYGpPnUGzXxXVnMlNqAJNKW", "description": "Question_desc:bytLvtLAlINDaKhFdQqeiYzwNdoDXlxOAPoKmsbRLvjCIYVEcRKflkvtBjwxGUBwVHILuYXhSPhkDIzSkjFUuVsAhJnbzgawfGSY", "title": "Question_title:mJIeCWjQOXBGRuB", "category": 1}, "model": "scoreserver.question"}, {"pk": 6, "fields": {"solved": 15, "problem_url": "http://example.com/sdEPFeRNJFBnnjZtTDLHuaygkjMnOD", "description": "Question_desc:aVjSYYKOEEOsxBtNDudfLBjjnBkFttQkNWXVDYgnJZBXOEondZuEHpnAgfvuRxkuvdZjsFTDhSOpyiqpqZaBoViYzclZkbjdJQXD", "title": "Question_title:PzVgXyneXRgUTsE", "category": 2}, "model": "scoreserver.question"}, {"pk": 7, "fields": {"solved": 10, "problem_url": "http://example.com/mZOSUeNMmEOKyKnQYeItMGWVsxADiq", "description": "Question_desc:wFucMQBZemvQzxWTwpgYXeOityBvoGKXJHsUIbgnvPynJgBqafoclmEeChlTrgiuWzitinOrgNaEomiVXQliSQJpyAgwvhSarkfN", "title": "Question_title:JVcZfJanrhBqdjc", "category": 2}, "model": "scoreserver.question"}, {"pk": 8, "fields": {"solved": 0, "problem_url": "http://example.com/qWpbUZfPwsPLMFEQVxwkFscmDdlQEB", "description": "Question_desc:RuRFJOWPMvjrNNQdWeeibqtYrwvtndTapDkbvuelnGpdRjyokigwwlEFXTaStmdqzapSiBDfMCqGXjgqciFIsTzWpsLjOZBZPeJZ", "title": "Question_title:YMwiUAIaZHvHrKb", "category": 4}, "model": "scoreserver.question"}, {"pk": 9, "fields": {"solved": 20, "problem_url": "http://example.com/irhsfKvdnhRIBgFLLLRWFUzYXiXNIK", "description": "Question_desc:GwRRZktrzBdzFxhRDEGgtyXakDkEaTXkKksZfMIDviFMPuDwDdzqDvYCDdAogVxivluGxpILhVHNylMooFBRuHuNaKWAkQzyukTQ", "title": "Question_title:hqHbrLEtbFqqGjV", "category": 1}, "model": "scoreserver.question"}, {"pk": 10, "fields": {"solved": 6, "problem_url": "http://example.com/hVGisAgaLDftUkEueRaoUWKslFiUHt", "description": "Question_desc:KvKhSMDUWpsgwjKrPxeXPdccJtGdEevUikzlNJvxVwunkqdauCzUUPlxaqTikfaMasEnHTMoEykCMvMVXIIIIkVxPNumWRngAMxe", "title": "Question_title:OFuAScRoMwwGTjA", "category": 3}, "model": "scoreserver.question"}, {"pk": 11, "fields": {"solved": 11, "problem_url": "http://example.com/UiGRALkInWNdPpsTjdNjVPRLMyTxhv", "description": "Question_desc:uznGAylHZsmRKQCBLQuTXDGvHgnUDDKcHGyxXCOZxFtYHsTXSDIVArpEvDpjkWzUFqIlONkDoXyyTCBJdbKnRTxuBOuRXRbtiCki", "title": "Question_title:xykkaVbrHLJctoX", "category": 3}, "model": "scoreserver.question"}, {"pk": 12, "fields": {"solved": 6, "problem_url": "http://example.com/oydydofVcnycAXkugSbsBGHpEmreCF", "description": "Question_desc:EqupChzbtwYsayziWMiBtdbGAVGIyJNLjHViJeHYBRTtnzDNWnxYZJQDZNhrWzgoKekwZXAbJlgWpHphCPoyjxoSswguvUoEgZvt", "title": "Question_title:bkCQXEMzRSLHoLG", "category": 3}, "model": "scoreserver.question"}, {"pk": 13, "fields": {"solved": 2, "problem_url": "http://example.com/NYufUcGfWBPOXXvACadOteYpqlCWZB", "description": "Question_desc:pSDnStdKibFSAEwuUyiTOWKhmyeSQfDizhydOiRTLJgpXrLUjHHEGjQNXylTVZzDWZAsFBlHEzfDQHOrlRoJZpuVNInZZsaXwTlK", "title": "Question_title:PkavCyhzdsskOiX", "category": 4}, "model": "scoreserver.question"}, {"pk": 14, "fields": {"solved": 0, "problem_url": "http://example.com/CZBRKecrrpcOuWasrSuvaDmXKUlQyv", "description": "Question_desc:JSWJgvcLGijzyIEfBeUTDXmTUYETdBJxbktUChdjuPdpOnbXCEZcSasFsuQXyRjkjavwTXqBgVMcftjPNacDbxWhMDzXSYapBSDO", "title": "Question_title:ENPYVVKUkhlpWPt", "category": 4}, "model": "scoreserver.question"}, {"pk": 15, "fields": {"solved": 9, "problem_url": "http://example.com/lirrCNzomqymJtYEWagDuRmvhfptxR", "description": "Question_desc:FSwwYwRzTxgOjhYpFeHCabfnQKuIfthXzJfwtMqADYGUJzDDSQsbMknLvxAvxdBjgnfADLZeQwPZyxRZXwbUUieZXvyXRzodpnHI", "title": "Question_title:HRZezRbVqUdPERd", "category": 2}, "model": "scoreserver.question"}, {"pk": 16, "fields": {"solved": 18, "problem_url": "http://example.com/oyYTNbFmcnCguwaQuHInPYtLZqTDyZ", "description": "Question_desc:lzurDJlIKZXkMEugHlgJVIOJbEXPXqxuDOPjAZoPcoZYGdNZZxPMIEuPrZgwREbOdUEeUZwZZsNRdXLtzfUnsyLizJfTLmGXjULA", "title": "Question_title:NCpJCnNfeDJECMK", "category": 5}, "model": "scoreserver.question"}, {"pk": 17, "fields": {"solved": 11, "problem_url": "http://example.com/egqvIYkejZphENjqctbtfCJkpawkse", "description": "Question_desc:CuGQvgFMOYPUxHjHtizLejtIeVbKgPJQsJmTjRNKDPjCqMoGereuGuEfRITxTwLnOkXnsXisAPpoUlLXXDWNbnRTPkaMeENPQihX", "title": "Question_title:FlCFbbSyRvtQNEo", "category": 1}, "model": "scoreserver.question"}, {"pk": 18, "fields": {"solved": 14, "problem_url": "http://example.com/OykRyArZCYYyxSoOgYYuwyQyXgbnOj", "description": "Question_desc:ZsPDeWnrIeakecELznbILONTbCnJFImoRABwNTcvdoLwcZWzvJJTAzSEyYvcYEzaErwaYicckGPmRpqYJXOAtKsfedpPLimGGJkE", "title": "Question_title:pCuPyUQscrjbjhR", "category": 3}, "model": "scoreserver.question"}, {"pk": 19, "fields": {"solved": 18, "problem_url": "http://example.com/wLCYzfVsGHBVwJPmGFUZVBeXkpzKBK", "description": "Question_desc:zEvYYCuJezNlfzBxrHcDAvUevWfwAAAXJcCTVwYYCLbaHtzOZhFpFDkgVVwcDYUSSTKnIOEhyesQeluVzncFeJAiETZwavaPAmSs", "title": "Question_title:lvAislYvnhAZWUy", "category": 4}, "model": "scoreserver.question"}, {"pk": 20, "fields": {"solved": 3, "problem_url": "http://example.com/TDZbQViThBSFmCsIDMBXBCkfcHbHbR", "description": "Question_desc:zRfMtcUfWgtVVCZzGMyuvDggOBpBuINbYRrHvzrqjmUWOGNmGGQDEYPEQvzyWNTiEGfchvTRPLdDdLurOYoAEdVBfRBuvYnekMLG", "title": "Question_title:TTZOwetPUgNcVuf", "category": 2}, "model": "scoreserver.question"}, {"pk": 21, "fields": {"solved": 2, "problem_url": "http://example.com/AZaXUEsqKpLmIHrFOWoOSSNKNHiznK", "description": "Question_desc:ZdvxMWXvtbEjkShNPIkLYdZBEBVALMccLxCyTdvIXcLQKJHdbmhMecfjideEqHrvWOcYsleFpotDmDjYTKjlqmwfoojkOZdCalDo", "title": "Question_title:EfhdvSItMPEHzWN", "category": 4}, "model": "scoreserver.question"}, {"pk": 22, "fields": {"solved": 19, "problem_url": "http://example.com/IXICoHSmwmiDTrsbupTCzkezNzfQUq", "description": "Question_desc:CRccKdOytArNZxIHhabrRMHcmPtIISUSKIXZmWJtaJjlzlqaLATVaiSWalDEkCMovHNvpYkJRSfdWnqCEnzkpkQzsLqNzlddHboe", "title": "Question_title:mZjgDDnanikmrsg", "category": 4}, "model": "scoreserver.question"}, {"pk": 23, "fields": {"solved": 9, "problem_url": "http://example.com/xgErqFFVuMPPqTUDDoGDjxdDhSfTON", "description": "Question_desc:mIlygCakhPFOWNQodrAebnBuGzGomuDvJfwyjLMrafIdJXKKrseYxKxMNywSgCMwPWWdhMFHvTAIDrvyPOUpGUAdNVbkRFPVChDB", "title": "Question_title:xHGXkuQTjHbZMON", "category": 3}, "model": "scoreserver.question"}, {"pk": 24, "fields": {"solved": 3, "problem_url": "http://example.com/UtXKloFcThdsKrgeuaWHkHrNXTgtpH", "description": "Question_desc:PSAzLZkgxuKiLdsUOpHoYfdnivNqrYxJYbJXGpgHcqpPNAFavMjMIUEcOUfXniRfciCDpOJtiDIGPiUajbwePFFLjdcFFQMtfVQV", "title": "Question_title:WIdafjUOpEzKIiz", "category": 3}, "model": "scoreserver.question"}, {"pk": 25, "fields": {"solved": 7, "problem_url": "http://example.com/EIkSBeuTUNStFCudjBtIHsPGnuQyOx", "description": "Question_desc:DBcxKPOuBCGAKEvufpHFLOBvEyKQMnqmlwZhPJzehzifKeylYLkpLdKbjNuhHnjxFylDUwpvFditsRSLSmgqKYoianVBIfULhdKZ", "title": "Question_title:xttlcLHlBIlAYRE", "category": 5}, "model": "scoreserver.question"}, {"pk": 26, "fields": {"solved": 8, "problem_url": "http://example.com/xrwNePmbTAuuQOpfIqZAWuqlAVnzbS", "description": "Question_desc:LhDHLWFBYmDATQfDWYeQTsxZkzEfrwYpPqzKYSBrjtiXcFDPPwAgbkpdVHBvtSRTwwMRNKCMKEahtnzrvtLvrWfYtXLaymdAMYRZ", "title": "Question_title:mKWkWnANffbAaDZ", "category": 3}, "model": "scoreserver.question"}, {"pk": 27, "fields": {"solved": 13, "problem_url": "http://example.com/vJeIMKLKlrtUpCUOOhwdQUerNAfXOR", "description": "Question_desc:OnOlNRsdoFosMvpBXzScvtHDfobrzoKGZysroXJiFMaJCdKADjToVgybnCTmSnCUxzazRSYabMrcOEHWmjSyDQZgAqClmwrbrxqv", "title": "Question_title:anKowtyWEaqdUab", "category": 3}, "model": "scoreserver.question"}, {"pk": 28, "fields": {"solved": 8, "problem_url": "http://example.com/eoyzcZfiihsPYGwpKodaBaAYiDyhmm", "description": "Question_desc:agwFGghHGovthZslRjokIsfZhvBGOWYqHNVMPsHoqeUjzUjbxvykzNcIHdEFXexZjGHYUHJoPxwFSMOKjhvUYXXAKzbnUUiWdADy", "title": "Question_title:PkcCqWUqgUraAER", "category": 1}, "model": "scoreserver.question"}, {"pk": 29, "fields": {"solved": 12, "problem_url": "http://example.com/WuEgpYUwFSHstnzRhheHksgmfTarxM", "description": "Question_desc:BelfqxzZzGpDTtSHbvMNEQCanCDwREaLZVNANQMShscuxbfcEMmLXcDgBBIDmvHhxKOVsImsNdZuLUkrvHonvCEyfjpngOmzyOtS", "title": "Question_title:CmTdYBabAANJEOy", "category": 3}, "model": "scoreserver.question"}, {"pk": 30, "fields": {"solved": 3, "problem_url": "http://example.com/gNphOEZgAgtMtyJjUiLZZgMypLscqN", "description": "Question_desc:deykNgGVtAqGZbsRMdeVhlsoiTZfLKIiuRrvJYtgoryqZwgazeJKMGFYzLKhYQYULNHTsvaGfECrPuiCXUqWkcxXehBJmaNpVJun", "title": "Question_title:gkOGBdEBqBHqZIH", "category": 4}, "model": "scoreserver.question"}, {"pk": 31, "fields": {"solved": 8, "problem_url": "http://example.com/XKvWYNOaceTBOvauDaqQPLPWCFMSrJ", "description": "Question_desc:yGSpYIyrmJlDvMNyZSvBtsMhWJEBffiqNhIPvapWjsOIDFmDbJqjjztMDAnPDQDFMExjihmhxdjOhKehCPRRlnfCSBricUJjCsQO", "title": "Question_title:PLvQGHHTalGJRak", "category": 5}, "model": "scoreserver.question"}, {"pk": 32, "fields": {"solved": 4, "problem_url": "http://example.com/RKckNvvQTZpdxUmuONqLWKVqPxmsRo", "description": "Question_desc:ZACZiAvmAdVAeRQWvUQAccGbkqrItoHuwncPQXFKfpMPUqFuGGjAePfsXfRsydnamIjDGWnSxyofUWXMeECdtFebMRlYNwzIZdhH", "title": "Question_title:WYadTOobDAuLQRg", "category": 3}, "model": "scoreserver.question"}, {"pk": 33, "fields": {"solved": 9, "problem_url": "http://example.com/rFRApaAMuWsiBGUdAIvkEhHslzKhRy", "description": "Question_desc:aDdCnfWmnPWWJyKlBvQAUmgJDRqHmlwdmgqaRZJwIAtleQZSanXyuWzxdQLDSKxHyvLyBBCEeeXRZjsgxLBofrfMWyXuDlwmzWlq", "title": "Question_title:dVvPlRlEOposxsZ", "category": 5}, "model": "scoreserver.question"}, {"pk": 34, "fields": {"solved": 10, "problem_url": "http://example.com/gPwiCHdhuDCdTDhBtTLPVZLfMgVAHO", "description": "Question_desc:JGDypIOwyViSxevLsiyZOrZvjVnOOwgaqdQbWbuZjIMQXQYhxvbzWCXrFFTFLVaSjHVhvPchbXmosfYdJEmwvWQTnasfQqErQzjM", "title": "Question_title:IuaNqjLOUTPpuXF", "category": 4}, "model": "scoreserver.question"}, {"pk": 35, "fields": {"solved": 10, "problem_url": "http://example.com/VYZxfAxfwRoAshCgmnxRXYjVZVszZW", "description": "Question_desc:tTDKjMzbTBrMMGwJMGGwOdhFJBLyGfzKCYUgTKRxrReuuxqHGhVmmvONnYVPUxsBeITCTyDhOmCggwEfeajzIRcxTiGgELxLkoZs", "title": "Question_title:GzImxoEyEyXGsGb", "category": 4}, "model": "scoreserver.question"}, {"pk": 36, "fields": {"solved": 1, "problem_url": "http://example.com/tlarSfxMCoOGnroQtcCVVRavnVVunI", "description": "Question_desc:eLWXvfkVWicQdsGhKZeMwYnBIfXUUGdWbCJDUnMyouicbWLpFoKKqHPKnjRveSZxOXlKEZnIfcrzXzbxVFRcOEbsKyIqqDTUjihq", "title": "Question_title:XsFyQGVVMJrzlLp", "category": 2}, "model": "scoreserver.question"}, {"pk": 37, "fields": {"solved": 18, "problem_url": "http://example.com/PjKwngmRXtWOIQPfTTbvBZqScrljDI", "description": "Question_desc:OvGGRyuJfcFZSpQmWDBHQBvcIlDNaJkrzMnsqgpiSKnTxVNhMNCgObBZmqicMRGGDooyqrmjXIRkukWYMGVJQBGXpFUEfgJtKysK", "title": "Question_title:qMazrRZZmujXPZg", "category": 1}, "model": "scoreserver.question"}, {"pk": 38, "fields": {"solved": 2, "problem_url": "http://example.com/TwWiEAbOibzvzqONrpyCwedxpcmmuZ", "description": "Question_desc:ITKkBchbqIRLApbmOKGoATxBHqsUEPVHmOiFabAqLmMByVzYzyLdbmaGovAVetRCQlFmALzuyuVeRjCLxeOgkDgXJUGeYRqgKTVL", "title": "Question_title:IMIdWnqpSVGqqyQ", "category": 3}, "model": "scoreserver.question"}, {"pk": 39, "fields": {"solved": 14, "problem_url": "http://example.com/JGAOtlGtJOMmjGJHAkKtBJMVdwSAGH", "description": "Question_desc:WtIhcMUtoHJolwAYyloLUUNjnZinmcdUerXywkarSoTGYkdsZZfSWseaGIXkUkVkghYscjVJwiPRSahZChEUfTFgLRQIfbMmZLgV", "title": "Question_title:yZAlQSLdguoTsmJ", "category": 1}, "model": "scoreserver.question"}, {"pk": 40, "fields": {"solved": 3, "problem_url": "http://example.com/jmNDAOfgxNgRPdhsNjufyYLyzswUYH", "description": "Question_desc:FrTIhINuNrfouJOzBFlpLbkxBCtMkcRxUQLVomITaiCVkyomBZLHYdparCCsAiAfBuedzRMeLsrYkUoFoHxTuuVMGgggRTVmIYOz", "title": "Question_title:mHtxXOjruSqbxMD", "category": 4}, "model": "scoreserver.question"}, {"pk": 41, "fields": {"solved": 8, "problem_url": "http://example.com/WgmnVVLJDiQAfvkiCckRIpKoHJTQqC", "description": "Question_desc:YBUwXhsscQZJVPnBABhlUuwgaqQLfxaHlGKYFaNanvGXLmxanEGbNnREvraFNYYXAKlBXIFBNpZHcpFzpsFqhWGZZPgJocVNkQUj", "title": "Question_title:wqyrHfskQbEoodN", "category": 4}, "model": "scoreserver.question"}, {"pk": 42, "fields": {"solved": 4, "problem_url": "http://example.com/dqhcpTsWZCLGbKCORFssVojZYMnYHm", "description": "Question_desc:EeYYrNMkErHoaBYxquNZqoDVPeZYpDktrDMIkTLqYOHAKeKFhLLTjUiItHTcLHMwuAVorflwDQSOEVeghkpEINjnUXEgVOudEacU", "title": "Question_title:HXSVlaJLQaVkRZJ", "category": 3}, "model": "scoreserver.question"}, {"pk": 43, "fields": {"solved": 0, "problem_url": "http://example.com/vLksQzkgOtBvcWSosDtraFmqTLGRMs", "description": "Question_desc:ltOqjpjlYPTMpaOgwZqRZVUWWmxzZlcmMLKdaoBNQDIyxSgInBiphIOdCwqwUTWSglLuTjmAulKsvoetrFCurlAamqRwXZotlKQS", "title": "Question_title:bhCWOsCuXRROidx", "category": 5}, "model": "scoreserver.question"}, {"pk": 44, "fields": {"solved": 11, "problem_url": "http://example.com/pCxePdozuENmNKaKKvSLPQhaUBxqSz", "description": "Question_desc:GPwcXDLjKmusBzUhZgUwvywBWEoOldLQRUJwSOZVJHTYWxfgwOfEsPiQqJJbEQJAWAgJpITtnLGzWFERiPUxRFmDdsNziQATiYHj", "title": "Question_title:mvVLqBfsyjuyExG", "category": 4}, "model": "scoreserver.question"}, {"pk": 45, "fields": {"solved": 1, "problem_url": "http://example.com/oxskJQjzgaulKydLguFEaQhiiAQGLE", "description": "Question_desc:jAbapwRiZFgsqBfqgBLZsAjEfMihpkkOVoKKvMiZdgEMqmmfGamidFcwVNRyzcyGHqMmvQqgnebGgEvgvBbucaGpluBLKgijzHCg", "title": "Question_title:xtoCynsnqYfvuIS", "category": 5}, "model": "scoreserver.question"}, {"pk": 46, "fields": {"solved": 12, "problem_url": "http://example.com/cqICrgrqnmrMHWlrKtqjtydUdBFQzV", "description": "Question_desc:yVHoFAmzEbctFdtIVTycdkdQIKTozoJArKBFnagiwmGXlRSriKhTAgMRZPXMhMdLUTkOffhwXeVdjfLqUbYVtdsltiHQuvyymvtl", "title": "Question_title:qmqbCMuQruhoKGe", "category": 4}, "model": "scoreserver.question"}, {"pk": 47, "fields": {"solved": 15, "problem_url": "http://example.com/xgmKVVoblpUsOshitpwJrsvydephsk", "description": "Question_desc:KGkipaTnsfcAwUOWMLZXQCIjFDZACXfuAOjBwhMFLlEegYFuXUJOIbhFejDBJNYzDSrKZBkbiudqAjOeGSfrqaPHADqUneWfOYYQ", "title": "Question_title:dDawmAfbujmqtDs", "category": 5}, "model": "scoreserver.question"}, {"pk": 48, "fields": {"solved": 19, "problem_url": "http://example.com/fXhMVaQKFjnIVkmPbXiSlmWZDQdaFN", "description": "Question_desc:CYrlYQilKFcJjVNxRBDaPGYfUClffwSMqbHwKLbjpJwelxItlYVyqGxXTgOsOuvbRtsUUBtdDImQhKiHiyDhLoicemRrrAAwLpOy", "title": "Question_title:krOYYlOlwJoEFhA", "category": 5}, "model": "scoreserver.question"}, {"pk": 49, "fields": {"solved": 10, "problem_url": "http://example.com/EFlnfAqwaiVTejywXZAIlmLaPVbBBG", "description": "Question_desc:vECwDTiMSMnlUoneaeWNOjKWwEltTogCGCZdWoNuZggjnOZixYzDeTzLFuclDxEvTbKsFanaSjDiSdQbToAtEhinvolTaJJmhyNg", "title": "Question_title:XswCzbwWlmAkSVP", "category": 3}, "model": "scoreserver.question"}, {"pk": 0, "fields": {"question": 49, "point": 1000, "flag": "FLAG_IS_[jAdEIgkdQtKRNtu]"}, "model": "scoreserver.flag"}, {"pk": 1, "fields": {"question": 40, "point": 100, "flag": "FLAG_IS_[ZoZCAtLBiDAxWlT]"}, "model": "scoreserver.flag"}, {"pk": 2, "fields": {"question": 6, "point": 300, "flag": "FLAG_IS_[ulrJbRnuLDnhVAt]"}, "model": "scoreserver.flag"}, {"pk": 3, "fields": {"question": 11, "point": 700, "flag": "FLAG_IS_[XlthMsSQRCvLFCK]"}, "model": "scoreserver.flag"}, {"pk": 4, "fields": {"question": 19, "point": 600, "flag": "FLAG_IS_[wrylIFQJLwrNXQS]"}, "model": "scoreserver.flag"}, {"pk": 5, "fields": {"question": 41, "point": 100, "flag": "FLAG_IS_[YxxlFTfVnQLQSMg]"}, "model": "scoreserver.flag"}, {"pk": 6, "fields": {"question": 31, "point": 500, "flag": "FLAG_IS_[OpIOgzpDkkMtnBr]"}, "model": "scoreserver.flag"}, {"pk": 7, "fields": {"question": 22, "point": 1100, "flag": "FLAG_IS_[eGsTvWHzOwQgzAR]"}, "model": "scoreserver.flag"}, {"pk": 8, "fields": {"question": 44, "point": 400, "flag": "FLAG_IS_[bPICLZrjpZzsgrD]"}, "model": "scoreserver.flag"}, {"pk": 9, "fields": {"question": 41, "point": 600, "flag": "FLAG_IS_[wHjGEoSUQqmZdlI]"}, "model": "scoreserver.flag"}, {"pk": 10, "fields": {"question": 43, "point": 1000, "flag": "FLAG_IS_[qkBhEKRUbYBMnbZ]"}, "model": "scoreserver.flag"}, {"pk": 11, "fields": {"question": 11, "point": 200, "flag": "FLAG_IS_[UMOaHNlGSGseqvr]"}, "model": "scoreserver.flag"}, {"pk": 12, "fields": {"question": 9, "point": 500, "flag": "FLAG_IS_[jaEBBfphKmSERkD]"}, "model": "scoreserver.flag"}, {"pk": 13, "fields": {"question": 5, "point": 800, "flag": "FLAG_IS_[YmVCRvtpxyBPxrI]"}, "model": "scoreserver.flag"}, {"pk": 14, "fields": {"question": 37, "point": 200, "flag": "FLAG_IS_[GdAlfRvHvhlkdZL]"}, "model": "scoreserver.flag"}, {"pk": 15, "fields": {"question": 6, "point": 100, "flag": "FLAG_IS_[uGEjFiPjDJlyfha]"}, "model": "scoreserver.flag"}, {"pk": 16, "fields": {"question": 32, "point": 100, "flag": "FLAG_IS_[rWCpCJDdDaItIaa]"}, "model": "scoreserver.flag"}, {"pk": 17, "fields": {"question": 3, "point": 1100, "flag": "FLAG_IS_[TQVVIYsofSFeGaK]"}, "model": "scoreserver.flag"}, {"pk": 18, "fields": {"question": 25, "point": 900, "flag": "FLAG_IS_[phhBGHUkQYBdMFW]"}, "model": "scoreserver.flag"}, {"pk": 19, "fields": {"question": 48, "point": 400, "flag": "FLAG_IS_[tIPhPxiIOQGrnNQ]"}, "model": "scoreserver.flag"}, {"pk": 20, "fields": {"question": 14, "point": 1000, "flag": "FLAG_IS_[SalsDzWzHkFdXCp]"}, "model": "scoreserver.flag"}, {"pk": 21, "fields": {"question": 16, "point": 600, "flag": "FLAG_IS_[XNydTLmqzrlqvVl]"}, "model": "scoreserver.flag"}, {"pk": 22, "fields": {"question": 2, "point": 100, "flag": "FLAG_IS_[ymLfaYsMKSzqGGU]"}, "model": "scoreserver.flag"}, {"pk": 23, "fields": {"question": 34, "point": 200, "flag": "FLAG_IS_[vvHZnJjdftYKElT]"}, "model": "scoreserver.flag"}, {"pk": 24, "fields": {"question": 17, "point": 500, "flag": "FLAG_IS_[qtkUjbyJSFMetmc]"}, "model": "scoreserver.flag"}, {"pk": 25, "fields": {"question": 27, "point": 1100, "flag": "FLAG_IS_[fKborwgZsMeTRZF]"}, "model": "scoreserver.flag"}, {"pk": 26, "fields": {"question": 23, "point": 200, "flag": "FLAG_IS_[AZlvBfqNKGjTeeY]"}, "model": "scoreserver.flag"}, {"pk": 27, "fields": {"question": 25, "point": 1100, "flag": "FLAG_IS_[IqtxtzzYVBxyeDS]"}, "model": "scoreserver.flag"}, {"pk": 28, "fields": {"question": 42, "point": 300, "flag": "FLAG_IS_[bEukNmdHzpKbLfL]"}, "model": "scoreserver.flag"}, {"pk": 29, "fields": {"question": 1, "point": 200, "flag": "FLAG_IS_[qrsFrkYAFQNRnPg]"}, "model": "scoreserver.flag"}, {"pk": 30, "fields": {"question": 14, "point": 400, "flag": "FLAG_IS_[mfvlJdafuLjfbpP]"}, "model": "scoreserver.flag"}, {"pk": 31, "fields": {"question": 4, "point": 400, "flag": "FLAG_IS_[rCqditaXMUtqwQB]"}, "model": "scoreserver.flag"}, {"pk": 32, "fields": {"question": 7, "point": 400, "flag": "FLAG_IS_[wtDuVPEFxYKrLxP]"}, "model": "scoreserver.flag"}, {"pk": 33, "fields": {"question": 6, "point": 400, "flag": "FLAG_IS_[hANufBMjasafold]"}, "model": "scoreserver.flag"}, {"pk": 34, "fields": {"question": 24, "point": 600, "flag": "FLAG_IS_[DDEMAvYvBTirSsC]"}, "model": "scoreserver.flag"}, {"pk": 35, "fields": {"question": 24, "point": 300, "flag": "FLAG_IS_[EEEdaHgJMxQRtZp]"}, "model": "scoreserver.flag"}, {"pk": 36, "fields": {"question": 5, "point": 300, "flag": "FLAG_IS_[KnyTJrRcZdWltCW]"}, "model": "scoreserver.flag"}, {"pk": 37, "fields": {"question": 26, "point": 400, "flag": "FLAG_IS_[tUhfBRKgzKgxpKx]"}, "model": "scoreserver.flag"}, {"pk": 38, "fields": {"question": 24, "point": 700, "flag": "FLAG_IS_[XtRWSUQbanMKazC]"}, "model": "scoreserver.flag"}, {"pk": 39, "fields": {"question": 1, "point": 1000, "flag": "FLAG_IS_[ggmzWyqzGusNBVn]"}, "model": "scoreserver.flag"}, {"pk": 40, "fields": {"question": 7, "point": 1100, "flag": "FLAG_IS_[aSDCpvcWjAxEoLK]"}, "model": "scoreserver.flag"}, {"pk": 41, "fields": {"question": 25, "point": 800, "flag": "FLAG_IS_[pelyqailaUmcWEX]"}, "model": "scoreserver.flag"}, {"pk": 42, "fields": {"question": 39, "point": 700, "flag": "FLAG_IS_[BsKwuwBxrVurhLy]"}, "model": "scoreserver.flag"}, {"pk": 43, "fields": {"question": 29, "point": 800, "flag": "FLAG_IS_[OnrloVAYcKCzIQF]"}, "model": "scoreserver.flag"}, {"pk": 44, "fields": {"question": 39, "point": 600, "flag": "FLAG_IS_[MiRGYVgWFjWLKSo]"}, "model": "scoreserver.flag"}, {"pk": 45, "fields": {"question": 29, "point": 500, "flag": "FLAG_IS_[xHdKKNPqtjtZuIK]"}, "model": "scoreserver.flag"}, {"pk": 46, "fields": {"question": 14, "point": 800, "flag": "FLAG_IS_[EvARVzXdBkUwSqn]"}, "model": "scoreserver.flag"}, {"pk": 47, "fields": {"question": 14, "point": 600, "flag": "FLAG_IS_[uNeeJqBJRvxvwbb]"}, "model": "scoreserver.flag"}, {"pk": 48, "fields": {"question": 18, "point": 300, "flag": "FLAG_IS_[hBsJtWSvhbHEvvI]"}, "model": "scoreserver.flag"}, {"pk": 49, "fields": {"question": 25, "point": 1000, "flag": "FLAG_IS_[ZVRVTnhLzGbNbuF]"}, "model": "scoreserver.flag"}, {"pk": 50, "fields": {"question": 20, "point": 1000, "flag": "FLAG_IS_[JSLfhEnwyxQuWYG]"}, "model": "scoreserver.flag"}, {"pk": 51, "fields": {"question": 31, "point": 800, "flag": "FLAG_IS_[wYHsvekMnkOWyxo]"}, "model": "scoreserver.flag"}, {"pk": 52, "fields": {"question": 13, "point": 1000, "flag": "FLAG_IS_[gmZNWPvuJMEgHFN]"}, "model": "scoreserver.flag"}, {"pk": 53, "fields": {"question": 21, "point": 1100, "flag": "FLAG_IS_[ttCZpfEMIhfEfwB]"}, "model": "scoreserver.flag"}, {"pk": 54, "fields": {"question": 17, "point": 1000, "flag": "FLAG_IS_[sYxhcjHeJalwNXw]"}, "model": "scoreserver.flag"}, {"pk": 55, "fields": {"question": 19, "point": 800, "flag": "FLAG_IS_[vAWqHgawfEsDqao]"}, "model": "scoreserver.flag"}, {"pk": 56, "fields": {"question": 49, "point": 800, "flag": "FLAG_IS_[PVRFZGIrtOeWqjP]"}, "model": "scoreserver.flag"}, {"pk": 57, "fields": {"question": 34, "point": 800, "flag": "FLAG_IS_[kFUPJifjGKpUtRA]"}, "model": "scoreserver.flag"}, {"pk": 58, "fields": {"question": 35, "point": 100, "flag": "FLAG_IS_[iTQrrmOYjnnzFsU]"}, "model": "scoreserver.flag"}, {"pk": 59, "fields": {"question": 25, "point": 500, "flag": "FLAG_IS_[QxegWNwVTLzjuof]"}, "model": "scoreserver.flag"}, {"pk": 60, "fields": {"question": 43, "point": 900, "flag": "FLAG_IS_[TVWZMqDCZUBYVLa]"}, "model": "scoreserver.flag"}, {"pk": 61, "fields": {"question": 31, "point": 600, "flag": "FLAG_IS_[MGrtPsHrVZFXMMr]"}, "model": "scoreserver.flag"}, {"pk": 62, "fields": {"question": 8, "point": 800, "flag": "FLAG_IS_[YNohCYCaSUeVOea]"}, "model": "scoreserver.flag"}, {"pk": 63, "fields": {"question": 30, "point": 500, "flag": "FLAG_IS_[JvVqclMQeKLlIAp]"}, "model": "scoreserver.flag"}, {"pk": 64, "fields": {"question": 17, "point": 1000, "flag": "FLAG_IS_[HQMQuizjhHgFYtu]"}, "model": "scoreserver.flag"}, {"pk": 65, "fields": {"question": 19, "point": 200, "flag": "FLAG_IS_[RPGpTLerGfdbTDY]"}, "model": "scoreserver.flag"}, {"pk": 66, "fields": {"question": 19, "point": 500, "flag": "FLAG_IS_[GGRgACDZeoXmrsV]"}, "model": "scoreserver.flag"}, {"pk": 67, "fields": {"question": 29, "point": 1000, "flag": "FLAG_IS_[CcXeUtGPNpsaGsK]"}, "model": "scoreserver.flag"}, {"pk": 68, "fields": {"question": 22, "point": 200, "flag": "FLAG_IS_[ijloIpruEGlyfgC]"}, "model": "scoreserver.flag"}, {"pk": 69, "fields": {"question": 22, "point": 200, "flag": "FLAG_IS_[GoqPufhXWSiMXJA]"}, "model": "scoreserver.flag"}, {"pk": 70, "fields": {"question": 32, "point": 200, "flag": "FLAG_IS_[hViQoZvxTdqJtFJ]"}, "model": "scoreserver.flag"}, {"pk": 71, "fields": {"question": 9, "point": 100, "flag": "FLAG_IS_[PeITAHewptcSVyl]"}, "model": "scoreserver.flag"}, {"pk": 72, "fields": {"question": 42, "point": 700, "flag": "FLAG_IS_[TrOZZsCtmsGufUw]"}, "model": "scoreserver.flag"}, {"pk": 73, "fields": {"question": 23, "point": 1100, "flag": "FLAG_IS_[ifKXxErwZIWEoJO]"}, "model": "scoreserver.flag"}, {"pk": 74, "fields": {"question": 46, "point": 700, "flag": "FLAG_IS_[RElAdKsEjoNzlaS]"}, "model": "scoreserver.flag"}, {"pk": 75, "fields": {"question": 23, "point": 1000, "flag": "FLAG_IS_[hDLJmtxrXxqSUdC]"}, "model": "scoreserver.flag"}, {"pk": 76, "fields": {"question": 23, "point": 700, "flag": "FLAG_IS_[IhOwrrNsokIfiEl]"}, "model": "scoreserver.flag"}, {"pk": 77, "fields": {"question": 37, "point": 100, "flag": "FLAG_IS_[ORPOjsnsnsSItRM]"}, "model": "scoreserver.flag"}, {"pk": 78, "fields": {"question": 14, "point": 600, "flag": "FLAG_IS_[EpnXVeuYuEaEgEB]"}, "model": "scoreserver.flag"}, {"pk": 79, "fields": {"question": 19, "point": 600, "flag": "FLAG_IS_[zYgudxYKXvclayx]"}, "model": "scoreserver.flag"}, {"pk": 80, "fields": {"question": 12, "point": 100, "flag": "FLAG_IS_[YAELxlJJOPzktGK]"}, "model": "scoreserver.flag"}, {"pk": 81, "fields": {"question": 24, "point": 900, "flag": "FLAG_IS_[MgxBuabydbBozCL]"}, "model": "scoreserver.flag"}, {"pk": 82, "fields": {"question": 46, "point": 1100, "flag": "FLAG_IS_[EfovlfRnnfGfstk]"}, "model": "scoreserver.flag"}, {"pk": 83, "fields": {"question": 33, "point": 100, "flag": "FLAG_IS_[WWJsZDIWqLAEhjQ]"}, "model": "scoreserver.flag"}, {"pk": 84, "fields": {"question": 34, "point": 800, "flag": "FLAG_IS_[igdsizxajFAhidF]"}, "model": "scoreserver.flag"}, {"pk": 85, "fields": {"question": 4, "point": 700, "flag": "FLAG_IS_[MLryJVFOokCHZES]"}, "model": "scoreserver.flag"}, {"pk": 86, "fields": {"question": 11, "point": 1000, "flag": "FLAG_IS_[gZItTkjKHFOTgRG]"}, "model": "scoreserver.flag"}, {"pk": 87, "fields": {"question": 25, "point": 800, "flag": "FLAG_IS_[QPoTDntoZvhltRr]"}, "model": "scoreserver.flag"}, {"pk": 88, "fields": {"question": 6, "point": 700, "flag": "FLAG_IS_[WLOtCYTnxoYFGAX]"}, "model": "scoreserver.flag"}, {"pk": 89, "fields": {"question": 45, "point": 100, "flag": "FLAG_IS_[EzdMziWmWwKwiKs]"}, "model": "scoreserver.flag"}, {"pk": 90, "fields": {"question": 40, "point": 100, "flag": "FLAG_IS_[NuVyNRuftOXtgrs]"}, "model": "scoreserver.flag"}, {"pk": 91, "fields": {"question": 10, "point": 900, "flag": "FLAG_IS_[ibEyAmVsvuwnWtC]"}, "model": "scoreserver.flag"}, {"pk": 92, "fields": {"question": 29, "point": 500, "flag": "FLAG_IS_[GJyyOPyYuhUBxgh]"}, "model": "scoreserver.flag"}, {"pk": 93, "fields": {"question": 3, "point": 900, "flag": "FLAG_IS_[VELRTTcZbOBwzHn]"}, "model": "scoreserver.flag"}, {"pk": 94, "fields": {"question": 11, "point": 500, "flag": "FLAG_IS_[SEChSLGMMmIzXyY]"}, "model": "scoreserver.flag"}, {"pk": 95, "fields": {"question": 46, "point": 700, "flag": "FLAG_IS_[KotHKrCSRuvxgVK]"}, "model": "scoreserver.flag"}, {"pk": 96, "fields": {"question": 15, "point": 800, "flag": "FLAG_IS_[YMdxZDbFaBDWwaA]"}, "model": "scoreserver.flag"}, {"pk": 97, "fields": {"question": 34, "point": 800, "flag": "FLAG_IS_[FCIQBHMSfAcGwCM]"}, "model": "scoreserver.flag"}, {"pk": 98, "fields": {"question": 43, "point": 1000, "flag": "FLAG_IS_[wXPzXtTCLZUlEtd]"}, "model": "scoreserver.flag"}, {"pk": 99, "fields": {"question": 36, "point": 100, "flag": "FLAG_IS_[fZFBbKGCZyCclXa]"}, "model": "scoreserver.flag"}, {"pk": 100, "fields": {"question": 38, "point": 200, "flag": "FLAG_IS_[rVfBoQcAiOgycjW]"}, "model": "scoreserver.flag"}, {"pk": 101, "fields": {"question": 5, "point": 300, "flag": "FLAG_IS_[FQIkGiSvbDYqOJp]"}, "model": "scoreserver.flag"}, {"pk": 102, "fields": {"question": 17, "point": 500, "flag": "FLAG_IS_[bAeAFkBZqiCeMjd]"}, "model": "scoreserver.flag"}, {"pk": 103, "fields": {"question": 26, "point": 200, "flag": "FLAG_IS_[lqvNvsRhayKQTZM]"}, "model": "scoreserver.flag"}, {"pk": 104, "fields": {"question": 17, "point": 500, "flag": "FLAG_IS_[bHrfpbyfbygMhYM]"}, "model": "scoreserver.flag"}, {"pk": 105, "fields": {"question": 7, "point": 600, "flag": "FLAG_IS_[fqvOJMTebOCTktc]"}, "model": "scoreserver.flag"}, {"pk": 106, "fields": {"question": 32, "point": 800, "flag": "FLAG_IS_[iyTtNZXhPLXlDDp]"}, "model": "scoreserver.flag"}, {"pk": 107, "fields": {"question": 21, "point": 1000, "flag": "FLAG_IS_[ByxKOkYdHFLyqZu]"}, "model": "scoreserver.flag"}, {"pk": 108, "fields": {"question": 8, "point": 900, "flag": "FLAG_IS_[OIWCumiZjNGlvBs]"}, "model": "scoreserver.flag"}, {"pk": 109, "fields": {"question": 42, "point": 900, "flag": "FLAG_IS_[uBXioLOrYnEMiVd]"}, "model": "scoreserver.flag"}, {"pk": 110, "fields": {"question": 6, "point": 800, "flag": "FLAG_IS_[KmBLdWQkonFoTqY]"}, "model": "scoreserver.flag"}, {"pk": 111, "fields": {"question": 24, "point": 400, "flag": "FLAG_IS_[JLmHLnsvRLUffNK]"}, "model": "scoreserver.flag"}, {"pk": 112, "fields": {"question": 41, "point": 300, "flag": "FLAG_IS_[yXsXgNrGwLXmzqN]"}, "model": "scoreserver.flag"}, {"pk": 113, "fields": {"question": 19, "point": 900, "flag": "FLAG_IS_[qTcmdAGCysawdrA]"}, "model": "scoreserver.flag"}, {"pk": 114, "fields": {"question": 4, "point": 300, "flag": "FLAG_IS_[zYoXTWRLbstAqrV]"}, "model": "scoreserver.flag"}, {"pk": 115, "fields": {"question": 49, "point": 1100, "flag": "FLAG_IS_[oOVXrwVVnJcxvcq]"}, "model": "scoreserver.flag"}, {"pk": 116, "fields": {"question": 24, "point": 100, "flag": "FLAG_IS_[wFkImTNvtiTpqvT]"}, "model": "scoreserver.flag"}, {"pk": 117, "fields": {"question": 32, "point": 800, "flag": "FLAG_IS_[FXIMGIbYjwubKMC]"}, "model": "scoreserver.flag"}, {"pk": 118, "fields": {"question": 33, "point": 300, "flag": "FLAG_IS_[sPZUsDpEeiGvKbP]"}, "model": "scoreserver.flag"}, {"pk": 119, "fields": {"question": 6, "point": 300, "flag": "FLAG_IS_[WaHtpAEYkOAqdQY]"}, "model": "scoreserver.flag"}, {"pk": 120, "fields": {"question": 42, "point": 500, "flag": "FLAG_IS_[MvfDtsaBQJXxdLx]"}, "model": "scoreserver.flag"}, {"pk": 121, "fields": {"question": 31, "point": 100, "flag": "FLAG_IS_[RFvjYQZqzrMVczw]"}, "model": "scoreserver.flag"}, {"pk": 122, "fields": {"question": 7, "point": 1100, "flag": "FLAG_IS_[nEGCEPouvuOZRnD]"}, "model": "scoreserver.flag"}, {"pk": 123, "fields": {"question": 23, "point": 400, "flag": "FLAG_IS_[NmHklCVafoRbvPv]"}, "model": "scoreserver.flag"}, {"pk": 124, "fields": {"question": 31, "point": 300, "flag": "FLAG_IS_[kfdjsanTrvTduFf]"}, "model": "scoreserver.flag"}, {"pk": 125, "fields": {"question": 29, "point": 700, "flag": "FLAG_IS_[zYXLxDBlULkXEBn]"}, "model": "scoreserver.flag"}, {"pk": 126, "fields": {"question": 1, "point": 200, "flag": "FLAG_IS_[FEXyHCkoszaUxzW]"}, "model": "scoreserver.flag"}, {"pk": 127, "fields": {"question": 1, "point": 100, "flag": "FLAG_IS_[nQHewMxoSHIFhQj]"}, "model": "scoreserver.flag"}, {"pk": 128, "fields": {"question": 42, "point": 200, "flag": "FLAG_IS_[rnLRgaqXUfmpUJl]"}, "model": "scoreserver.flag"}, {"pk": 129, "fields": {"question": 39, "point": 900, "flag": "FLAG_IS_[VPqXrNxyTqZeQam]"}, "model": "scoreserver.flag"}, {"pk": 130, "fields": {"question": 36, "point": 900, "flag": "FLAG_IS_[lbGtpmJDdvirdxD]"}, "model": "scoreserver.flag"}, {"pk": 131, "fields": {"question": 13, "point": 400, "flag": "FLAG_IS_[NzyXdexyZqkCvOS]"}, "model": "scoreserver.flag"}, {"pk": 132, "fields": {"question": 1, "point": 900, "flag": "FLAG_IS_[xAqliDHwAmfCftc]"}, "model": "scoreserver.flag"}, {"pk": 133, "fields": {"question": 48, "point": 1100, "flag": "FLAG_IS_[zQyWUqoJkCqxTJM]"}, "model": "scoreserver.flag"}, {"pk": 134, "fields": {"question": 37, "point": 800, "flag": "FLAG_IS_[VTelHaIjHPPVggf]"}, "model": "scoreserver.flag"}, {"pk": 135, "fields": {"question": 27, "point": 1100, "flag": "FLAG_IS_[HDYYhCtsDfzImYP]"}, "model": "scoreserver.flag"}, {"pk": 136, "fields": {"question": 45, "point": 600, "flag": "FLAG_IS_[burjXuvjgjsfJJH]"}, "model": "scoreserver.flag"}, {"pk": 137, "fields": {"question": 47, "point": 400, "flag": "FLAG_IS_[BBAbGxvbGAIBViV]"}, "model": "scoreserver.flag"}, {"pk": 138, "fields": {"question": 40, "point": 200, "flag": "FLAG_IS_[dDqAwplrAwavljO]"}, "model": "scoreserver.flag"}, {"pk": 139, "fields": {"question": 33, "point": 900, "flag": "FLAG_IS_[ncHtFpxgCCXyysa]"}, "model": "scoreserver.flag"}, {"pk": 140, "fields": {"question": 15, "point": 900, "flag": "FLAG_IS_[dkmQAPYMEsJPsFI]"}, "model": "scoreserver.flag"}, {"pk": 141, "fields": {"question": 25, "point": 900, "flag": "FLAG_IS_[kRcCmffqWkmVArc]"}, "model": "scoreserver.flag"}, {"pk": 142, "fields": {"question": 48, "point": 500, "flag": "FLAG_IS_[dshAeURDCOSgIVY]"}, "model": "scoreserver.flag"}, {"pk": 143, "fields": {"question": 32, "point": 400, "flag": "FLAG_IS_[hfPqJEUaoXSqYFW]"}, "model": "scoreserver.flag"}, {"pk": 144, "fields": {"question": 11, "point": 1000, "flag": "FLAG_IS_[fIzpeAgNtlrzjSL]"}, "model": "scoreserver.flag"}, {"pk": 145, "fields": {"question": 42, "point": 100, "flag": "FLAG_IS_[YNZJnrXuHZRxlnb]"}, "model": "scoreserver.flag"}, {"pk": 146, "fields": {"question": 45, "point": 1000, "flag": "FLAG_IS_[ZSrbNRUfbSYowwJ]"}, "model": "scoreserver.flag"}, {"pk": 147, "fields": {"question": 19, "point": 200, "flag": "FLAG_IS_[foGWYlSfOlUTSOc]"}, "model": "scoreserver.flag"}, {"pk": 148, "fields": {"question": 39, "point": 900, "flag": "FLAG_IS_[FuVEszAZKgcfiGu]"}, "model": "scoreserver.flag"}, {"pk": 149, "fields": {"question": 10, "point": 100, "flag": "FLAG_IS_[qtBEhWPFkzxEhDg]"}, "model": "scoreserver.flag"}, {"pk": 150, "fields": {"question": 35, "point": 300, "flag": "FLAG_IS_[PqRNVmJVEBMUmGr]"}, "model": "scoreserver.flag"}, {"pk": 151, "fields": {"question": 10, "point": 400, "flag": "FLAG_IS_[PTSBtJLueGdQLnW]"}, "model": "scoreserver.flag"}, {"pk": 152, "fields": {"question": 7, "point": 200, "flag": "FLAG_IS_[gYDQDHQvsBYhdOv]"}, "model": "scoreserver.flag"}, {"pk": 153, "fields": {"question": 28, "point": 700, "flag": "FLAG_IS_[UyvoworcBqCKBIr]"}, "model": "scoreserver.flag"}, {"pk": 154, "fields": {"question": 39, "point": 700, "flag": "FLAG_IS_[gVAVWACgXBCBwNY]"}, "model": "scoreserver.flag"}, {"pk": 155, "fields": {"question": 35, "point": 500, "flag": "FLAG_IS_[dEoqLAozlalPVaA]"}, "model": "scoreserver.flag"}, {"pk": 156, "fields": {"question": 17, "point": 300, "flag": "FLAG_IS_[UsUrNHeqpKkkKbr]"}, "model": "scoreserver.flag"}, {"pk": 157, "fields": {"question": 36, "point": 300, "flag": "FLAG_IS_[mmhSBJpvFgqpkeK]"}, "model": "scoreserver.flag"}, {"pk": 158, "fields": {"question": 31, "point": 400, "flag": "FLAG_IS_[ZgaQYcQfJMDHytf]"}, "model": "scoreserver.flag"}, {"pk": 159, "fields": {"question": 26, "point": 100, "flag": "FLAG_IS_[bEqqwIRcEnxMeMF]"}, "model": "scoreserver.flag"}, {"pk": 160, "fields": {"question": 1, "point": 700, "flag": "FLAG_IS_[sZwPlYHTdFPNICF]"}, "model": "scoreserver.flag"}, {"pk": 161, "fields": {"question": 1, "point": 800, "flag": "FLAG_IS_[oJtfMYMTRzIDNDp]"}, "model": "scoreserver.flag"}, {"pk": 162, "fields": {"question": 40, "point": 200, "flag": "FLAG_IS_[zFpwbUdENVhcePY]"}, "model": "scoreserver.flag"}, {"pk": 163, "fields": {"question": 36, "point": 1000, "flag": "FLAG_IS_[SXhzukpfxVaLAIs]"}, "model": "scoreserver.flag"}, {"pk": 164, "fields": {"question": 45, "point": 200, "flag": "FLAG_IS_[PMLkSVUrglSeRbv]"}, "model": "scoreserver.flag"}, {"pk": 165, "fields": {"question": 13, "point": 800, "flag": "FLAG_IS_[WZiCxmujjmBvmhn]"}, "model": "scoreserver.flag"}, {"pk": 166, "fields": {"question": 15, "point": 100, "flag": "FLAG_IS_[jbEFCdKHZHWBPqX]"}, "model": "scoreserver.flag"}, {"pk": 167, "fields": {"question": 16, "point": 1100, "flag": "FLAG_IS_[vjNETbrClqdMpmY]"}, "model": "scoreserver.flag"}, {"pk": 168, "fields": {"question": 5, "point": 300, "flag": "FLAG_IS_[BaOTYGxPeEAMZOW]"}, "model": "scoreserver.flag"}, {"pk": 169, "fields": {"question": 33, "point": 100, "flag": "FLAG_IS_[IKJscvuVLOJmMYI]"}, "model": "scoreserver.flag"}, {"pk": 170, "fields": {"question": 6, "point": 100, "flag": "FLAG_IS_[tAshMTprKPnGBMw]"}, "model": "scoreserver.flag"}, {"pk": 171, "fields": {"question": 48, "point": 100, "flag": "FLAG_IS_[lWIpLvrFttNAldQ]"}, "model": "scoreserver.flag"}, {"pk": 172, "fields": {"question": 26, "point": 900, "flag": "FLAG_IS_[jIejeMiqTDfUkZI]"}, "model": "scoreserver.flag"}, {"pk": 173, "fields": {"question": 40, "point": 800, "flag": "FLAG_IS_[MAABCiyYoZCDrjy]"}, "model": "scoreserver.flag"}, {"pk": 174, "fields": {"question": 23, "point": 300, "flag": "FLAG_IS_[TUiNBnwunBdfYEX]"}, "model": "scoreserver.flag"}, {"pk": 175, "fields": {"question": 48, "point": 600, "flag": "FLAG_IS_[PnauJkYtBbUCoEv]"}, "model": "scoreserver.flag"}, {"pk": 176, "fields": {"question": 49, "point": 200, "flag": "FLAG_IS_[MdjsLfWDBKaRzPf]"}, "model": "scoreserver.flag"}, {"pk": 177, "fields": {"question": 4, "point": 900, "flag": "FLAG_IS_[lrGwWZQoDNvtptI]"}, "model": "scoreserver.flag"}, {"pk": 178, "fields": {"question": 15, "point": 600, "flag": "FLAG_IS_[ShsAIsnGMmNTSdw]"}, "model": "scoreserver.flag"}, {"pk": 179, "fields": {"question": 35, "point": 800, "flag": "FLAG_IS_[xJrxVbwkSiYPZbi]"}, "model": "scoreserver.flag"}, {"pk": 180, "fields": {"question": 12, "point": 800, "flag": "FLAG_IS_[kxsSdUJpDbkKCTD]"}, "model": "scoreserver.flag"}, {"pk": 181, "fields": {"question": 29, "point": 900, "flag": "FLAG_IS_[otxcSKvcIIzIezV]"}, "model": "scoreserver.flag"}, {"pk": 182, "fields": {"question": 49, "point": 900, "flag": "FLAG_IS_[BbROkmVebSoxScW]"}, "model": "scoreserver.flag"}, {"pk": 183, "fields": {"question": 4, "point": 100, "flag": "FLAG_IS_[rqgIaNINVUiBiUT]"}, "model": "scoreserver.flag"}, {"pk": 184, "fields": {"question": 1, "point": 100, "flag": "FLAG_IS_[SWQrRhBeKFQJqqg]"}, "model": "scoreserver.flag"}, {"pk": 185, "fields": {"question": 24, "point": 200, "flag": "FLAG_IS_[xxVFSjTyUvnQKgH]"}, "model": "scoreserver.flag"}, {"pk": 186, "fields": {"question": 21, "point": 500, "flag": "FLAG_IS_[eYLxqnlldmKQZFn]"}, "model": "scoreserver.flag"}, {"pk": 187, "fields": {"question": 27, "point": 300, "flag": "FLAG_IS_[GCnUrOLntcejGlT]"}, "model": "scoreserver.flag"}, {"pk": 188, "fields": {"question": 26, "point": 1000, "flag": "FLAG_IS_[UXIrJtRodKyZmnz]"}, "model": "scoreserver.flag"}, {"pk": 189, "fields": {"question": 24, "point": 1000, "flag": "FLAG_IS_[zEbneZVIcWRdSEr]"}, "model": "scoreserver.flag"}, {"pk": 190, "fields": {"question": 4, "point": 600, "flag": "FLAG_IS_[OfyXAdtTULCvLuX]"}, "model": "scoreserver.flag"}, {"pk": 191, "fields": {"question": 26, "point": 400, "flag": "FLAG_IS_[JbGwtFXwIonCLDu]"}, "model": "scoreserver.flag"}, {"pk": 192, "fields": {"question": 21, "point": 300, "flag": "FLAG_IS_[qWBBmCNjgZCgxxL]"}, "model": "scoreserver.flag"}, {"pk": 193, "fields": {"question": 17, "point": 400, "flag": "FLAG_IS_[vKcFaGokwdxHIBK]"}, "model": "scoreserver.flag"}, {"pk": 194, "fields": {"question": 28, "point": 600, "flag": "FLAG_IS_[xVYUmmcsrxvcLAu]"}, "model": "scoreserver.flag"}, {"pk": 195, "fields": {"question": 8, "point": 600, "flag": "FLAG_IS_[RSDXaWEWuVexUPu]"}, "model": "scoreserver.flag"}, {"pk": 196, "fields": {"question": 40, "point": 300, "flag": "FLAG_IS_[oXAngRDKrLsMTmd]"}, "model": "scoreserver.flag"}, {"pk": 197, "fields": {"question": 28, "point": 400, "flag": "FLAG_IS_[MrbngzIjyNFppgI]"}, "model": "scoreserver.flag"}, {"pk": 198, "fields": {"question": 34, "point": 100, "flag": "FLAG_IS_[sbqdprCwuuGKjvu]"}, "model": "scoreserver.flag"}, {"pk": 199, "fields": {"question": 2, "point": 1000, "flag": "FLAG_IS_[zqsLJGtPYFOJRAY]"}, "model": "scoreserver.flag"}, {"pk": 0, "fields": {"username": "User_name:oudUx", "password": "201f54f58d51765a181912065b2081722adbc578d9d501407ed0c08269c21a42"}, "model": "scoreserver.user"}, {"pk": 1, "fields": {"username": "User_name:vvgWt", "password": "888aba3ae8d4939a66e04fbc4b0a2876f230b4b5e359bd8973e847165b82e1a1"}, "model": "scoreserver.user"}, {"pk": 2, "fields": {"username": "User_name:VyItj", "password": "3c226ddbfb11ac6577963991e64ad7ba9dcfd1cd53c30b1d730d62aaa7d48c77"}, "model": "scoreserver.user"}, {"pk": 3, "fields": {"username": "User_name:EBDwR", "password": "a8efc8be2eb96502bc1a6b831f600643f1ec3f74c71797c51cb941612752cc99"}, "model": "scoreserver.user"}, {"pk": 4, "fields": {"username": "User_name:aZcoE", "password": "bb2cd78986a0ebafb55adc1e94aa9d1ba49a206c9b01ac21184bf70bc722034c"}, "model": "scoreserver.user"}, {"pk": 5, "fields": {"username": "User_name:yaHIP", "password": "997b7dce7ab65acf5b3d8cae43b1a4616363a4ddbd210c5bd7a4ca9972bc19c4"}, "model": "scoreserver.user"}, {"pk": 6, "fields": {"username": "User_name:NsLWY", "password": "e756be17464f84ce2f1912ab52d70a764628ceb2ae7f571e8551fb36b5a6ec51"}, "model": "scoreserver.user"}, {"pk": 7, "fields": {"username": "User_name:JRPtS", "password": "c381ebaad0889794d854fea71a67a23ec320ff35850792b7315c1038c9b42732"}, "model": "scoreserver.user"}, {"pk": 8, "fields": {"username": "User_name:ZuNLE", "password": "3c2c173a511d86990b27d5ed5f2ff9c58afc2e52bdedeb6759e007c3065de49c"}, "model": "scoreserver.user"}, {"pk": 9, "fields": {"username": "User_name:aIzXK", "password": "dd0e6c15150d5a771262f80b55ff82b1248146dfb880a383561e0be2dc21b1e4"}, "model": "scoreserver.user"}, {"pk": 10, "fields": {"username": "User_name:OEQWQ", "password": "5d4099bb6aa055c15689b28e0bfbfb15613c4191674ab85ca3405ed31a0b81fe"}, "model": "scoreserver.user"}, {"pk": 11, "fields": {"username": "User_name:cFuCq", "password": "1ba066cc9c601a40633649e7ef6b6e0fb4fbd0547c9611254d2841b13333fa87"}, "model": "scoreserver.user"}, {"pk": 12, "fields": {"username": "User_name:AAlIv", "password": "851b5ffdc3ec4b71d9714221ceef4313682ef35fbb31b77bd7157b3e53d09ae9"}, "model": "scoreserver.user"}, {"pk": 13, "fields": {"username": "User_name:qzccP", "password": "79f283efd5b7c4d9573baf46e3f354287cdfb5f46fb2aa15ba7615f2529d24e3"}, "model": "scoreserver.user"}, {"pk": 14, "fields": {"username": "User_name:FUziC", "password": "72f7866bebec242f2b11b75a7a2c764bb1aa2accf2ceed4c960477f2fd2d2cd8"}, "model": "scoreserver.user"}, {"pk": 15, "fields": {"username": "User_name:bIoHm", "password": "7295fc4647a6b6fd0d1e6fae5d448e227b7cd700068174c5111210856c081d8e"}, "model": "scoreserver.user"}, {"pk": 16, "fields": {"username": "User_name:yndXY", "password": "c168205c6c677affcf6763ddc2041a717e434a53cae79eaf64775abbe7dd58b2"}, "model": "scoreserver.user"}, {"pk": 17, "fields": {"username": "User_name:bctwM", "password": "99ab44b28872d53215beb05d483f3bcc526858e92c7912a8c7a08e40b819f206"}, "model": "scoreserver.user"}, {"pk": 18, "fields": {"username": "User_name:TrNfP", "password": "a5c68f45bd2b6ce650c6944723ce6e8cbf35ca21cc35ef84ec2012083e851562"}, "model": "scoreserver.user"}, {"pk": 19, "fields": {"username": "User_name:LWvGi", "password": "c87cd9b5535e624f4346782fbae847275151aedbb61b2955a05935666eadd75d"}, "model": "scoreserver.user"}, {"pk": 20, "fields": {"username": "User_name:PsSOu", "password": "e5bf0d5f1aa4a794152c02ea6ad8e3a447d859dea2dfc51297c7ed3b80ff6811"}, "model": "scoreserver.user"}, {"pk": 21, "fields": {"username": "User_name:WbwwS", "password": "99d2da390411fabcd1f045001c0611fa483983f77479aa33d78a72283879e6ab"}, "model": "scoreserver.user"}, {"pk": 22, "fields": {"username": "User_name:mSYIr", "password": "08022bc2201d69dbb6e9deef176872473bb8caf4e1d87586937f15eda062ccb1"}, "model": "scoreserver.user"}, {"pk": 23, "fields": {"username": "User_name:qbrZu", "password": "b87357879a101a0ddce4cb9a624ac0faaf8c64c47a6902e462593aadefbc7a23"}, "model": "scoreserver.user"}, {"pk": 24, "fields": {"username": "User_name:DytiW", "password": "6aa7e55654ca6b9fbc1ba559860f8473ef0537dc3c7221208cb0c99b507f5cb5"}, "model": "scoreserver.user"}, {"pk": 25, "fields": {"username": "User_name:FktKN", "password": "986896573d0908793bb9ae8a2c0e1aedbfb83ff703f8b0e66063f9351fbf2fe9"}, "model": "scoreserver.user"}, {"pk": 26, "fields": {"username": "User_name:tQpSz", "password": "b5c4e5535da96827a45793448f086ee0946e9efc4b1331290d151c6b4467edca"}, "model": "scoreserver.user"}, {"pk": 27, "fields": {"username": "User_name:FFrmE", "password": "d4b177d142aad6e694a72a973839d6f64e70ef00f9c6c495bbfc180b0f7621c7"}, "model": "scoreserver.user"}, {"pk": 28, "fields": {"username": "User_name:KKynJ", "password": "d0c6374e5287be1a80f98111b071acbb98973de7e884fe86f66f916cef9cfef8"}, "model": "scoreserver.user"}, {"pk": 29, "fields": {"username": "User_name:qIYSD", "password": "e87903a4cfcdacaec30e8771c4ca351274cfdafb56c528cd9fcc4d460a3254ef"}, "model": "scoreserver.user"}, {"pk": 30, "fields": {"username": "User_name:vNlca", "password": "e73b394ff4d1028bf04502e78de97f634255d7f1d12c2fbdbecf0ca67a64971a"}, "model": "scoreserver.user"}, {"pk": 31, "fields": {"username": "User_name:AEMOY", "password": "0cd3a79577836843ec64704377af66d4c9d7c196616b610a64661153525a2d20"}, "model": "scoreserver.user"}, {"pk": 32, "fields": {"username": "User_name:cnDPd", "password": "3e4aedd21fe78c98674e293bedda6c049d0dc46c2ee63b89a55a2b6145fb1273"}, "model": "scoreserver.user"}, {"pk": 33, "fields": {"username": "User_name:WsLQo", "password": "5dedbb6f84c407219ae9310e5262d5e4a3207cb66a996163530bbb4c2bbcf30b"}, "model": "scoreserver.user"}, {"pk": 34, "fields": {"username": "User_name:UDcmI", "password": "89f98e088304ef0621d2adbfddd7dd50c3ec4407d1e289cef117b0dfdf8d9a9d"}, "model": "scoreserver.user"}, {"pk": 35, "fields": {"username": "User_name:HTEyo", "password": "dce3e1bf482fe79c44b8d9f821a61b671be52c14e70235b01685604bb6cd7661"}, "model": "scoreserver.user"}, {"pk": 36, "fields": {"username": "User_name:DQfVx", "password": "f8c1802406262ea7b2d5b691613666e026709dd553d2f084059bdbad021ca393"}, "model": "scoreserver.user"}, {"pk": 37, "fields": {"username": "User_name:ggKud", "password": "9c8444ff89715874395fe52c2b8dc25626c8777f4f670e510924ccd5efff17f0"}, "model": "scoreserver.user"}, {"pk": 38, "fields": {"username": "User_name:hhinu", "password": "cb2d662e00d357d72e70d3288b557e3b711459850bfa0a644b9f9d769bda5270"}, "model": "scoreserver.user"}, {"pk": 39, "fields": {"username": "User_name:rgOCq", "password": "01df743d82e1fe1b2a6eeb3cecd81f27b5b1d337430342c0b1f9950d30d7c7ad"}, "model": "scoreserver.user"}, {"pk": 40, "fields": {"username": "User_name:HjWAT", "password": "8f9abe52e95e3c969b84796602f7ea593e4c656eefe03fffee33a47ea1a681c7"}, "model": "scoreserver.user"}, {"pk": 41, "fields": {"username": "User_name:pCkTo", "password": "34158de6b0b5bd33c4a0cd6a962d74c7a512d470b8262db31464fe0f69f81ada"}, "model": "scoreserver.user"}, {"pk": 42, "fields": {"username": "User_name:USPwi", "password": "fb13146b1bba0e9b17acaf6c1b3661abe0f843f66a122825303e4b38756b9b35"}, "model": "scoreserver.user"}, {"pk": 43, "fields": {"username": "User_name:hEnpS", "password": "a15bc060691cd418be97760edf905ee2d8cab8718975b8b872b561da195c5a97"}, "model": "scoreserver.user"}, {"pk": 44, "fields": {"username": "User_name:wWawb", "password": "5022633e7c72254f4cc6a81dfcd02887425be8bc7c9033372bb5b52ef64b2d0a"}, "model": "scoreserver.user"}, {"pk": 45, "fields": {"username": "User_name:XbnUS", "password": "88436b4b6c5849170f912618b3ba733f10bbfc4a902f64e5e29412948fb9fe49"}, "model": "scoreserver.user"}, {"pk": 46, "fields": {"username": "User_name:yHhYG", "password": "f4a0062961581dd1d27353cd31c59c59c9633321219bdb1d189d2d5a985df421"}, "model": "scoreserver.user"}, {"pk": 47, "fields": {"username": "User_name:CNBdA", "password": "cdb5b07714e0c4e32ed804dacce3f29be2dd3b28eaafafeb1ee58eb88d63eecf"}, "model": "scoreserver.user"}, {"pk": 48, "fields": {"username": "User_name:uUMTp", "password": "d5a88fa7ea5578b79b3039df78bf8ff12901f0acc65ea813f70dcfcc38d9c0ae"}, "model": "scoreserver.user"}, {"pk": 49, "fields": {"username": "User_name:PVzSb", "password": "ce238e2aa603da779264bdf0971f069d3d32141f2bce182ccb257f1e5d6e0c29"}, "model": "scoreserver.user"}, {"pk": 0, "fields": {"description": "vrgSXINADIjBGOqQxWxNMUFWaFHnczBUUlHTwVDbQPTtQLsmsvSUBgQwefsVcWFmqFZFpxlXYcddpSeBdGOADedtCAdifbnXmtuU", "question": 38}, "model": "scoreserver.hint"}, {"pk": 1, "fields": {"description": "EYuSfymVfSkIbXWKlQabdpfzMPKPtIJztdNlhYjJOIgSGpMnQiakLYZceilfiTdMNMPWAkgfMmMJQRrbEaVfzBpalITUAKSoljll", "question": 6}, "model": "scoreserver.hint"}, {"pk": 2, "fields": {"description": "pkmxLVcSChfHCrABgrYNkcIybjJxkSwOpyjgcWEmOvMrlSRvmTZGAjXeOecoKakXbCPenGTXyQgZKKFRLksCvZwLVpEmeFumXfVt", "question": 13}, "model": "scoreserver.hint"}, {"pk": 3, "fields": {"description": "AqFOLohruPQsIsuAQljElmHOfPrmUiCfbdAmsOlsjZOxbJKOYnorpMnstTEgpDhGgGfrEVyseHQluQbDjTwtcpFXEoSLaBfvFimW", "question": 8}, "model": "scoreserver.hint"}, {"pk": 4, "fields": {"description": "CMIIAikaXpstqVcMolRKHUKjqpBbsEPqSGNHvezTfeBaSCkCJfZgqHxoZYQZmoHdSGONdJHpXHZrglNfwHTvmmOVhzqNlGziLPNW", "question": 14}, "model": "scoreserver.hint"}, {"pk": 5, "fields": {"description": "uyhSeYLiabzQaKcvKUzIMnmavWykopSIgcLxtJqKFjHJgqvyckKRECqZLTWwstSLLLvbWqrBhOYqzKCytTEXjHXGrSQVlgvxKMSU", "question": 15}, "model": "scoreserver.hint"}, {"pk": 6, "fields": {"description": "haKlEtFspPnPbXhLqBFKmGqCPUOezOhxbXXLxkgnpiWDjcEIDymvYPchsYyIYhjVxdpsEVGkBcAIEmRolYsjhIXakxrkVsdgWJMH", "question": 2}, "model": "scoreserver.hint"}, {"pk": 7, "fields": {"description": "ikyAdmHDHJMNqpSfyFAZilrDDYnnEPzHTEgGMIRUwjdAGRSXtbfllMbKgXvtJEwybVuSBEYcEOLKlSLKkElqsvhxMxuvAQtIPRcr", "question": 45}, "model": "scoreserver.hint"}, {"pk": 8, "fields": {"description": "kwpKqNVovmFDmRUwstsmvwtpvQvBsskyUHHUOJWORXPgyNoYvzHVtJQmQLSckkpYaYhxeqKWONUudnFCGRPVDmIFRIpDxLirWmVr", "question": 8}, "model": "scoreserver.hint"}, {"pk": 9, "fields": {"description": "CYCiLCFhopBEkxnpQXpDVhEivoxkdoIJnXNZzUxYWEwPfpYySAwESbwhjWlTBNQYutniSIVlLkgnuyOLKyoDSTCjqNwvvdZEzYrg", "question": 4}, "model": "scoreserver.hint"}, {"pk": 10, "fields": {"description": "IuRjOQvidOkIewyRAGxdfhoNTGmhnRwePlANDbkmSDHMTZVJfCqeZMSqdOCceovrdHNBCrMQHTPCEbyHyUpYRUvMgNJgutMbOkJW", "question": 36}, "model": "scoreserver.hint"}, {"pk": 11, "fields": {"description": "PnfVkjNCkIXfmTauSxFxQgHtBAbbNhFUnsaVuNFVCzdNaVHdYsVMCLRbreubIRJayHgWAbogsJRTpMLzJyPqsTSbJUVNSyjNPfgt", "question": 44}, "model": "scoreserver.hint"}, {"pk": 12, "fields": {"description": "bpOCLUUERvgAUjkEVyYlJHlWTibbbMvTluqZbCLsPMsWYQTRuNGoZDgdnfbNaipvNepIPKGLJYPHPPnVHUebeXGctEWCsXcPcthB", "question": 20}, "model": "scoreserver.hint"}, {"pk": 13, "fields": {"description": "ZZJEaepXuyWfabcVgUFuMRpvyJJjRpIsqVbNwqFeAmUrGWbKIptARYreMFJEmSwYOpAmZFHYJwnsKJozsmPAnBcDIFULwjoYOKnh", "question": 21}, "model": "scoreserver.hint"}, {"pk": 14, "fields": {"description": "miNSDmPJVgBEHXhwTjyNvvcCmhATLGuZFiRnlrhqQQrFjWzOKyWQueUmYFjBTtspjDxyFzYpqrJolRJfKhQEIFpaXkJzuSXisQsG", "question": 37}, "model": "scoreserver.hint"}, {"pk": 15, "fields": {"description": "ROoBdwjzYKAoYcSBwTlgmfvVoaOwFZlDLpshBphquXGDjXxQzgASPrYZzMzSdagHYHPkJdOCEGPqEyCLtPjasYrbJeKeyaMqewSk", "question": 12}, "model": "scoreserver.hint"}, {"pk": 16, "fields": {"description": "gOUpcVFaIgrUtOTBEMZTEfJekhcCkylCOlGxMSDwFENRGzjGtOJoOmSkWANMdtHBkfUsAQxSibmjMPkWmeSFIuHIDHGybeeFkqFi", "question": 39}, "model": "scoreserver.hint"}, {"pk": 17, "fields": {"description": "HcodIBePAlPlNAsEAZKWUdFMMyHBxdSXCfPNCgbSVXbreHgVWFhEhLsfDYuKSNeJSXzPAMbNGxTnILjNMcSOcSadvkPLRtDvduhz", "question": 42}, "model": "scoreserver.hint"}, {"pk": 18, "fields": {"description": "EaUvKmWDkoobpYCSSHuGkDfpiPEDJXBdzQwjbHWQIyTrgufGmDcOWeFzhDHrdIfcFqUWTHPuJQymJfvKtZgkvHcMXCjbnfYehjPe", "question": 25}, "model": "scoreserver.hint"}, {"pk": 19, "fields": {"description": "SkxEIfiTjQJsWGwPlTEwMXNZUWKgNXTyAODOKiYkzWERfBABuRsoRWeHbbzNwVfHiVySzOubbqGcvqitwCcgcMKMpIwqsmBVajdU", "question": 2}, "model": "scoreserver.hint"}, {"pk": 20, "fields": {"description": "tkgfRhbVcdoaKtlxhPRQsATVGzAdcfUTpGDqYqREAGGmCKQwZcbQGuRsqrntZFDWqvmYZxVgMrINkZEitzqlKXCAREkTTdWXzsaS", "question": 6}, "model": "scoreserver.hint"}, {"pk": 21, "fields": {"description": "FyDEOAsvDHhuGLvbQqYyjNDVJrIOKWMTeXImvlETEgepbKyhvzfZdXZTYcMdwZoxptBEZqIyIsrRtiUCfqecrNdKNMlqyfGkFcJV", "question": 37}, "model": "scoreserver.hint"}, {"pk": 22, "fields": {"description": "XXZNYotFxdmGCvaSsMrVarbinkQnBljFNAhjebQlfgpAkgRRDCiQzBjHktrkVVTEznGOyiuInVzjPPyanjGObrsvsSdnMexUhuhK", "question": 16}, "model": "scoreserver.hint"}, {"pk": 23, "fields": {"description": "lLWXQgOLtNksxVbUUYSxOofVlzBfdXdXqYgXZpGmCrBjMYAUzjJoiIfRNzfTJfVTTyhfWiPHQLENLdzLFumgTFcvDCdWjQTNJeEl", "question": 30}, "model": "scoreserver.hint"}, {"pk": 24, "fields": {"description": "QpchFpWnOLhturaPnNGvLiilEOGcDcMEwEUTNQwZGvrfzjlDMxwGFWAlsCOrdvqcuOSnjdCxMvRVcMVwcYBVTGPPyxOFAsDBGRbj", "question": 42}, "model": "scoreserver.hint"}, {"pk": 25, "fields": {"description": "mDwxjyuYskWrSmDmPbggHLdfIRdXpzYAgKEUmlCgVDstxlRrHunisFQGDIpSMOEyVEDLFevYLNyrSHVEJzBlhmPuWqYzcccPmxkC", "question": 28}, "model": "scoreserver.hint"}, {"pk": 26, "fields": {"description": "duwfUcicEqXWSvBDPFVfVLnFKSjSJHZeYuMUAAxXSAnEhLywSShmZukIfKBPZetsOlVorgKauZHEyLtDLMqyxojZPotEVDllGxue", "question": 23}, "model": "scoreserver.hint"}, {"pk": 27, "fields": {"description": "sUQwayGWftdemcDsTIjielDnaxXZTZCFkEaNEgcBYeYZENgvkKNsAouUsEAzWoYugPFhmswGQYDJwCoxFGsFJqAglxhiPZFXUurT", "question": 27}, "model": "scoreserver.hint"}, {"pk": 28, "fields": {"description": "RPZllbUuYcbBwVzrmXZixUIPPQvEVwSFNNktlfuOcSCjQthuhmcsvDIniUjYkekTEPZXfUtAwEuqhVkiZyWlkgqaJCBnDfywRGfO", "question": 42}, "model": "scoreserver.hint"}, {"pk": 29, "fields": {"description": "THUhJubVJISfkTCiKRNuHZisNQoPcuVuLrQSHndIxyXrfhfajvvzllGjxkxHRHSaCUMZOYveIbtkDrUhtFjQKXxDZeCDcHIekDcF", "question": 20}, "model": "scoreserver.hint"}, {"pk": 30, "fields": {"description": "nTUMizFerGZvOERNGLiAzEiCgzaZHKXpSvxObrycRmULYygYWtsZRFaeRxsaIQFHGbXpoQJkZbUZYsfwwkDiRHviFIscmMSMbHYq", "question": 23}, "model": "scoreserver.hint"}, {"pk": 31, "fields": {"description": "OrzaRbymsVXaVwwiMuOkgpsuybJOZydDiQLLYcpgPaelCIgJkWAlOPHZhzgYRIPzEucjdmhPNKTDYbTcAtESduKFxIvPtCLIHzeW", "question": 21}, "model": "scoreserver.hint"}, {"pk": 32, "fields": {"description": "qNkZOuexsDsodBLASpGPPWUsAhbhxdKERuKFXsMYpJgYqfrkaoWadwFdAxjdkGUemkcBXCjBSGQXdnpVRcWqZHmMzrdySRSWmoew", "question": 2}, "model": "scoreserver.hint"}, {"pk": 33, "fields": {"description": "DRuhmvYwvFBiviOAYNyMsMQPjtFeYLxUnvTeVUCtmbqbsECZbOogRMrvEGpPFbXBDESWSAdKMvrQgMxqfffwMNtaQTYspBpXhITb", "question": 46}, "model": "scoreserver.hint"}, {"pk": 34, "fields": {"description": "iFCebdSYHKlHENhMmYClFHRGeiUhdfUtIewJtNmvbFWVbruOiKdzbhpDPRHcsALtEZVzgieLYMQnlqEghEeAXmTJQcsmJvOaFEeU", "question": 31}, "model": "scoreserver.hint"}, {"pk": 35, "fields": {"description": "fSeRDzWoxyIizqJaQAEtKLVqtzlHfuJyFwaIXUHEiWpwbZoktrRaIlWYKzTfRbDBaYJzWXiZsJFZgvFxacILxBMrepFzqVmkLKVS", "question": 43}, "model": "scoreserver.hint"}, {"pk": 36, "fields": {"description": "IGPxegTyStnlhcQbJPEirIOBlyzsoGroIiQlXnfEzCxPQakyArqUFpOrtHWIFJhXimbURxejzYzwblQoNfOexuhcpQrdlbvghNtS", "question": 25}, "model": "scoreserver.hint"}, {"pk": 37, "fields": {"description": "zQeKndjgAZKlauqLVjwWbKOrghulnJUQkbgrdAwgCVdXZkFrxeHLiJXQhDIaOAMoDHgvvDRzoZtgGnQesvDfYJFJNcpVLDJfOfVb", "question": 8}, "model": "scoreserver.hint"}, {"pk": 38, "fields": {"description": "yVtARntcgFAQhyzwckbSDNRyFTBXECJVuzxboaHFqLlNQgEOdSpCUTwIRSxRyBSnTyPoexDoaCFurkrKkDihrsvAIeRejCOlLLpy", "question": 46}, "model": "scoreserver.hint"}, {"pk": 39, "fields": {"description": "cCHHpkVJQfHRWEsuFNUzELRkEbcxHexkafAhbdlvGuzaXdgDWARmZExjdsCxBlsuAtZuBxvaNXHaqQSPUYIQunXiOxoZEGoJoSDD", "question": 16}, "model": "scoreserver.hint"}, {"pk": 40, "fields": {"description": "CVKljlrTUpjXKichPTCnCvJEFcghXENWiJoQBuuITRpIoNPcanegdHEckSbijbdWTzPKcZKdescWUWHGSBiZZZqUnhSAUeqTpiot", "question": 9}, "model": "scoreserver.hint"}, {"pk": 41, "fields": {"description": "qhvzVfXtBbGOQzPvjIDrgpNKUQznvSXXKYcEzsFYKDBJGAPSdqqeOlloPcVRkdmxttRVzACWAGLDQxqrsurzPiQcjNlhSnLjgUzE", "question": 17}, "model": "scoreserver.hint"}, {"pk": 42, "fields": {"description": "jNHhPUwEpBZgczhBIXanhKUeSnqKOnpdYMaonFDigmbiRsIkuqHWgeepZrYMLjpudFrhcHiEyRVtmglzTPOqmYtqBvOvdZlPkvgG", "question": 21}, "model": "scoreserver.hint"}, {"pk": 43, "fields": {"description": "bORBpAtSdKrAbvGfmhBZxHVRCeiwKGEDXoONRegvwabgXuikZakffEoIBjQPJJaTEZMBwDZEHjoNlDRkSaHmCvIHFuBJRwddKqYe", "question": 36}, "model": "scoreserver.hint"}, {"pk": 44, "fields": {"description": "SvxpBKBWFzfGbqiFnQzogfWIuZeeifFTOejsvUQlUbxLjoMmsSyaoOfcVpfqTjicxLPEsQTEfWklSSOAaAaXHCLPhLiwWQFXEYmu", "question": 26}, "model": "scoreserver.hint"}, {"pk": 45, "fields": {"description": "ErilknhUixPMvlezDklJNBPxikPNkXRsuMPMRdmRPhwxBzGWLlofTBekIuZBJNJmXVnSiAGSYaofQKOqTUqsdDdOrGmAtgHZCezH", "question": 43}, "model": "scoreserver.hint"}, {"pk": 46, "fields": {"description": "CbuSTempGrLHPYtGigmvUTSuUWBznfmsDVEopLiOWxmYJBIRcHbfPZPajvwgGcSZEPnxlFEBSleBNHCBxnFPOtAGEpFwnwxciBXX", "question": 43}, "model": "scoreserver.hint"}, {"pk": 47, "fields": {"description": "vgVdVuMiLxCxvSPfyYBywzNmfucyLbRzpombEwjwirxfmukOUWYstAMvNkiKdiBELVysuqzHsrWTswZsugkXWtOlhpDuhhrdJiqA", "question": 49}, "model": "scoreserver.hint"}, {"pk": 48, "fields": {"description": "KDNxVoqdelPXHvvTYBajZDbOElKaTEGkPMYgCbCFUKJYnYNbWpHbgscIcNcvrtYroUOJHwdiKvbTXkArHCoOcjgjFfCUhrEwqrSI", "question": 37}, "model": "scoreserver.hint"}, {"pk": 49, "fields": {"description": "HbZWVltCXDUXGEkOvjkAJQsCZeROOdJlhlcNYOIoqnIpuOtitcyuSUeQjYcjmhaRzeJMFUHoddTfIbdkKnKiwYUyzMPSmtUZbpPh", "question": 10}, "model": "scoreserver.hint"}, {"pk": 0, "fields": {"question": 7, "point": 1100, "user": 1}, "model": "scoreserver.attackpointhistory"}, {"pk": 1, "fields": {"question": 2, "point": 800, "user": 43}, "model": "scoreserver.attackpointhistory"}, {"pk": 2, "fields": {"question": 3, "point": 1100, "user": 16}, "model": "scoreserver.attackpointhistory"}, {"pk": 3, "fields": {"question": 8, "point": 1100, "user": 15}, "model": "scoreserver.attackpointhistory"}, {"pk": 4, "fields": {"question": 4, "point": 1100, "user": 10}, "model": "scoreserver.attackpointhistory"}, {"pk": 5, "fields": {"question": 8, "point": 1100, "user": 46}, "model": "scoreserver.attackpointhistory"}, {"pk": 6, "fields": {"question": 5, "point": 1000, "user": 11}, "model": "scoreserver.attackpointhistory"}, {"pk": 7, "fields": {"question": 3, "point": 1100, "user": 40}, "model": "scoreserver.attackpointhistory"}, {"pk": 8, "fields": {"question": 9, "point": 1000, "user": 17}, "model": "scoreserver.attackpointhistory"}, {"pk": 9, "fields": {"question": 7, "point": 1100, "user": 17}, "model": "scoreserver.attackpointhistory"}, {"pk": 10, "fields": {"question": 8, "point": 1100, "user": 12}, "model": "scoreserver.attackpointhistory"}, {"pk": 11, "fields": {"question": 6, "point": 900, "user": 35}, "model": "scoreserver.attackpointhistory"}, {"pk": 12, "fields": {"question": 4, "point": 1100, "user": 27}, "model": "scoreserver.attackpointhistory"}, {"pk": 13, "fields": {"question": 1, "point": 1100, "user": 19}, "model": "scoreserver.attackpointhistory"}, {"pk": 14, "fields": {"question": 2, "point": 800, "user": 15}, "model": "scoreserver.attackpointhistory"}, {"pk": 15, "fields": {"question": 6, "point": 900, "user": 4}, "model": "scoreserver.attackpointhistory"}, {"pk": 16, "fields": {"question": 3, "point": 1100, "user": 7}, "model": "scoreserver.attackpointhistory"}, {"pk": 17, "fields": {"question": 8, "point": 1100, "user": 23}, "model": "scoreserver.attackpointhistory"}, {"pk": 18, "fields": {"question": 9, "point": 700, "user": 41}, "model": "scoreserver.attackpointhistory"}, {"pk": 19, "fields": {"question": 5, "point": 1000, "user": 4}, "model": "scoreserver.attackpointhistory"}, {"pk": 20, "fields": {"question": 7, "point": 1100, "user": 25}, "model": "scoreserver.attackpointhistory"}, {"pk": 21, "fields": {"question": 7, "point": 1100, "user": 23}, "model": "scoreserver.attackpointhistory"}, {"pk": 22, "fields": {"question": 8, "point": 1100, "user": 27}, "model": "scoreserver.attackpointhistory"}, {"pk": 23, "fields": {"question": 9, "point": 600, "user": 16}, "model": "scoreserver.attackpointhistory"}, {"pk": 24, "fields": {"question": 5, "point": 1000, "user": 29}, "model": "scoreserver.attackpointhistory"}, {"pk": 25, "fields": {"question": 3, "point": 1100, "user": 13}, "model": "scoreserver.attackpointhistory"}, {"pk": 26, "fields": {"question": 2, "point": 800, "user": 38}, "model": "scoreserver.attackpointhistory"}, {"pk": 27, "fields": {"question": 4, "point": 1100, "user": 13}, "model": "scoreserver.attackpointhistory"}, {"pk": 28, "fields": {"question": 7, "point": 1100, "user": 40}, "model": "scoreserver.attackpointhistory"}, {"pk": 29, "fields": {"question": 3, "point": 1100, "user": 22}, "model": "scoreserver.attackpointhistory"}, {"pk": 30, "fields": {"question": 9, "point": 1000, "user": 20}, "model": "scoreserver.attackpointhistory"}, {"pk": 31, "fields": {"question": 5, "point": 1000, "user": 6}, "model": "scoreserver.attackpointhistory"}, {"pk": 32, "fields": {"question": 9, "point": 500, "user": 2}, "model": "scoreserver.attackpointhistory"}, {"pk": 33, "fields": {"question": 5, "point": 1000, "user": 5}, "model": "scoreserver.attackpointhistory"}, {"pk": 34, "fields": {"question": 2, "point": 800, "user": 42}, "model": "scoreserver.attackpointhistory"}, {"pk": 35, "fields": {"question": 1, "point": 1100, "user": 30}, "model": "scoreserver.attackpointhistory"}, {"pk": 36, "fields": {"question": 1, "point": 1100, "user": 34}, "model": "scoreserver.attackpointhistory"}, {"pk": 37, "fields": {"question": 4, "point": 1100, "user": 26}, "model": "scoreserver.attackpointhistory"}, {"pk": 38, "fields": {"question": 5, "point": 1000, "user": 27}, "model": "scoreserver.attackpointhistory"}, {"pk": 39, "fields": {"question": 9, "point": 300, "user": 39}, "model": "scoreserver.attackpointhistory"}, {"pk": 40, "fields": {"question": 5, "point": 1000, "user": 45}, "model": "scoreserver.attackpointhistory"}, {"pk": 41, "fields": {"question": 4, "point": 1100, "user": 12}, "model": "scoreserver.attackpointhistory"}, {"pk": 42, "fields": {"question": 8, "point": 1100, "user": 49}, "model": "scoreserver.attackpointhistory"}, {"pk": 43, "fields": {"question": 7, "point": 1100, "user": 29}, "model": "scoreserver.attackpointhistory"}, {"pk": 44, "fields": {"question": 4, "point": 1100, "user": 37}, "model": "scoreserver.attackpointhistory"}, {"pk": 45, "fields": {"question": 9, "point": 600, "user": 5}, "model": "scoreserver.attackpointhistory"}, {"pk": 46, "fields": {"question": 6, "point": 900, "user": 28}, "model": "scoreserver.attackpointhistory"}, {"pk": 47, "fields": {"question": 4, "point": 1100, "user": 32}, "model": "scoreserver.attackpointhistory"}, {"pk": 48, "fields": {"question": 9, "point": 800, "user": 26}, "model": "scoreserver.attackpointhistory"}, {"pk": 49, "fields": {"question": 1, "point": 1100, "user": 14}, "model": "scoreserver.attackpointhistory"}, {"pk": 50, "fields": {"question": 9, "point": 600, "user": 8}, "model": "scoreserver.attackpointhistory"}, {"pk": 51, "fields": {"question": 3, "point": 1100, "user": 18}, "model": "scoreserver.attackpointhistory"}, {"pk": 52, "fields": {"question": 2, "point": 800, "user": 18}, "model": "scoreserver.attackpointhistory"}, {"pk": 53, "fields": {"question": 4, "point": 1100, "user": 21}, "model": "scoreserver.attackpointhistory"}, {"pk": 54, "fields": {"question": 1, "point": 1100, "user": 19}, "model": "scoreserver.attackpointhistory"}, {"pk": 55, "fields": {"question": 7, "point": 1100, "user": 6}, "model": "scoreserver.attackpointhistory"}, {"pk": 56, "fields": {"question": 9, "point": 200, "user": 4}, "model": "scoreserver.attackpointhistory"}, {"pk": 57, "fields": {"question": 7, "point": 1100, "user": 35}, "model": "scoreserver.attackpointhistory"}, {"pk": 58, "fields": {"question": 1, "point": 1100, "user": 27}, "model": "scoreserver.attackpointhistory"}, {"pk": 59, "fields": {"question": 1, "point": 1100, "user": 11}, "model": "scoreserver.attackpointhistory"}, {"pk": 60, "fields": {"question": 3, "point": 1100, "user": 23}, "model": "scoreserver.attackpointhistory"}, {"pk": 61, "fields": {"question": 9, "point": 300, "user": 45}, "model": "scoreserver.attackpointhistory"}, {"pk": 62, "fields": {"question": 7, "point": 1100, "user": 22}, "model": "scoreserver.attackpointhistory"}, {"pk": 63, "fields": {"question": 5, "point": 1000, "user": 32}, "model": "scoreserver.attackpointhistory"}, {"pk": 64, "fields": {"question": 2, "point": 800, "user": 7}, "model": "scoreserver.attackpointhistory"}, {"pk": 65, "fields": {"question": 3, "point": 1100, "user": 48}, "model": "scoreserver.attackpointhistory"}, {"pk": 66, "fields": {"question": 2, "point": 800, "user": 3}, "model": "scoreserver.attackpointhistory"}, {"pk": 67, "fields": {"question": 5, "point": 1000, "user": 20}, "model": "scoreserver.attackpointhistory"}, {"pk": 68, "fields": {"question": 7, "point": 1100, "user": 6}, "model": "scoreserver.attackpointhistory"}, {"pk": 69, "fields": {"question": 9, "point": 900, "user": 20}, "model": "scoreserver.attackpointhistory"}, {"pk": 70, "fields": {"question": 7, "point": 1100, "user": 2}, "model": "scoreserver.attackpointhistory"}, {"pk": 71, "fields": {"question": 5, "point": 1000, "user": 3}, "model": "scoreserver.attackpointhistory"}, {"pk": 72, "fields": {"question": 6, "point": 900, "user": 47}, "model": "scoreserver.attackpointhistory"}, {"pk": 73, "fields": {"question": 7, "point": 1100, "user": 14}, "model": "scoreserver.attackpointhistory"}, {"pk": 74, "fields": {"question": 2, "point": 800, "user": 46}, "model": "scoreserver.attackpointhistory"}, {"pk": 75, "fields": {"question": 8, "point": 1100, "user": 38}, "model": "scoreserver.attackpointhistory"}, {"pk": 76, "fields": {"question": 9, "point": 1000, "user": 18}, "model": "scoreserver.attackpointhistory"}, {"pk": 77, "fields": {"question": 8, "point": 1100, "user": 2}, "model": "scoreserver.attackpointhistory"}, {"pk": 78, "fields": {"question": 8, "point": 1100, "user": 46}, "model": "scoreserver.attackpointhistory"}, {"pk": 79, "fields": {"question": 2, "point": 800, "user": 10}, "model": "scoreserver.attackpointhistory"}, {"pk": 80, "fields": {"question": 8, "point": 1100, "user": 13}, "model": "scoreserver.attackpointhistory"}, {"pk": 81, "fields": {"question": 6, "point": 900, "user": 23}, "model": "scoreserver.attackpointhistory"}, {"pk": 82, "fields": {"question": 8, "point": 1100, "user": 24}, "model": "scoreserver.attackpointhistory"}, {"pk": 83, "fields": {"question": 4, "point": 1100, "user": 3}, "model": "scoreserver.attackpointhistory"}, {"pk": 84, "fields": {"question": 6, "point": 900, "user": 42}, "model": "scoreserver.attackpointhistory"}, {"pk": 85, "fields": {"question": 1, "point": 1100, "user": 11}, "model": "scoreserver.attackpointhistory"}, {"pk": 86, "fields": {"question": 4, "point": 1100, "user": 26}, "model": "scoreserver.attackpointhistory"}, {"pk": 87, "fields": {"question": 5, "point": 1000, "user": 37}, "model": "scoreserver.attackpointhistory"}, {"pk": 88, "fields": {"question": 1, "point": 1100, "user": 44}, "model": "scoreserver.attackpointhistory"}, {"pk": 89, "fields": {"question": 4, "point": 1100, "user": 49}, "model": "scoreserver.attackpointhistory"}, {"pk": 90, "fields": {"question": 9, "point": 400, "user": 37}, "model": "scoreserver.attackpointhistory"}, {"pk": 91, "fields": {"question": 2, "point": 800, "user": 2}, "model": "scoreserver.attackpointhistory"}, {"pk": 92, "fields": {"question": 9, "point": 900, "user": 17}, "model": "scoreserver.attackpointhistory"}, {"pk": 93, "fields": {"question": 6, "point": 900, "user": 18}, "model": "scoreserver.attackpointhistory"}, {"pk": 94, "fields": {"question": 6, "point": 900, "user": 22}, "model": "scoreserver.attackpointhistory"}, {"pk": 95, "fields": {"question": 6, "point": 900, "user": 39}, "model": "scoreserver.attackpointhistory"}, {"pk": 96, "fields": {"question": 9, "point": 600, "user": 15}, "model": "scoreserver.attackpointhistory"}, {"pk": 97, "fields": {"question": 4, "point": 1100, "user": 6}, "model": "scoreserver.attackpointhistory"}, {"pk": 98, "fields": {"question": 8, "point": 1100, "user": 35}, "model": "scoreserver.attackpointhistory"}, {"pk": 99, "fields": {"question": 5, "point": 1000, "user": 31}, "model": "scoreserver.attackpointhistory"}, {"pk": 100, "fields": {"question": 4, "point": 1100, "user": 32}, "model": "scoreserver.attackpointhistory"}, {"pk": 101, "fields": {"question": 8, "point": 1100, "user": 46}, "model": "scoreserver.attackpointhistory"}, {"pk": 102, "fields": {"question": 3, "point": 1100, "user": 23}, "model": "scoreserver.attackpointhistory"}, {"pk": 103, "fields": {"question": 1, "point": 1100, "user": 24}, "model": "scoreserver.attackpointhistory"}, {"pk": 104, "fields": {"question": 9, "point": 200, "user": 4}, "model": "scoreserver.attackpointhistory"}, {"pk": 105, "fields": {"question": 2, "point": 800, "user": 41}, "model": "scoreserver.attackpointhistory"}, {"pk": 106, "fields": {"question": 5, "point": 1000, "user": 9}, "model": "scoreserver.attackpointhistory"}, {"pk": 107, "fields": {"question": 9, "point": 600, "user": 36}, "model": "scoreserver.attackpointhistory"}, {"pk": 108, "fields": {"question": 5, "point": 1000, "user": 2}, "model": "scoreserver.attackpointhistory"}, {"pk": 109, "fields": {"question": 2, "point": 800, "user": 39}, "model": "scoreserver.attackpointhistory"}, {"pk": 110, "fields": {"question": 6, "point": 900, "user": 15}, "model": "scoreserver.attackpointhistory"}, {"pk": 111, "fields": {"question": 2, "point": 800, "user": 48}, "model": "scoreserver.attackpointhistory"}, {"pk": 112, "fields": {"question": 4, "point": 1100, "user": 12}, "model": "scoreserver.attackpointhistory"}, {"pk": 113, "fields": {"question": 5, "point": 1000, "user": 7}, "model": "scoreserver.attackpointhistory"}, {"pk": 114, "fields": {"question": 3, "point": 1100, "user": 22}, "model": "scoreserver.attackpointhistory"}, {"pk": 115, "fields": {"question": 4, "point": 1100, "user": 8}, "model": "scoreserver.attackpointhistory"}, {"pk": 116, "fields": {"question": 5, "point": 1000, "user": 48}, "model": "scoreserver.attackpointhistory"}, {"pk": 117, "fields": {"question": 4, "point": 1100, "user": 22}, "model": "scoreserver.attackpointhistory"}, {"pk": 118, "fields": {"question": 6, "point": 900, "user": 8}, "model": "scoreserver.attackpointhistory"}, {"pk": 119, "fields": {"question": 4, "point": 1100, "user": 34}, "model": "scoreserver.attackpointhistory"}, {"pk": 120, "fields": {"question": 9, "point": 400, "user": 49}, "model": "scoreserver.attackpointhistory"}, {"pk": 121, "fields": {"question": 1, "point": 1100, "user": 11}, "model": "scoreserver.attackpointhistory"}, {"pk": 122, "fields": {"question": 5, "point": 1000, "user": 49}, "model": "scoreserver.attackpointhistory"}, {"pk": 123, "fields": {"question": 7, "point": 1100, "user": 31}, "model": "scoreserver.attackpointhistory"}, {"pk": 124, "fields": {"question": 5, "point": 1000, "user": 49}, "model": "scoreserver.attackpointhistory"}, {"pk": 125, "fields": {"question": 5, "point": 1000, "user": 25}, "model": "scoreserver.attackpointhistory"}, {"pk": 126, "fields": {"question": 6, "point": 900, "user": 47}, "model": "scoreserver.attackpointhistory"}, {"pk": 127, "fields": {"question": 6, "point": 900, "user": 31}, "model": "scoreserver.attackpointhistory"}, {"pk": 128, "fields": {"question": 3, "point": 1100, "user": 43}, "model": "scoreserver.attackpointhistory"}, {"pk": 129, "fields": {"question": 1, "point": 1100, "user": 26}, "model": "scoreserver.attackpointhistory"}, {"pk": 130, "fields": {"question": 9, "point": 200, "user": 44}, "model": "scoreserver.attackpointhistory"}, {"pk": 131, "fields": {"question": 2, "point": 800, "user": 33}, "model": "scoreserver.attackpointhistory"}, {"pk": 132, "fields": {"question": 9, "point": 400, "user": 35}, "model": "scoreserver.attackpointhistory"}, {"pk": 133, "fields": {"question": 5, "point": 1000, "user": 47}, "model": "scoreserver.attackpointhistory"}, {"pk": 134, "fields": {"question": 4, "point": 1100, "user": 18}, "model": "scoreserver.attackpointhistory"}, {"pk": 135, "fields": {"question": 5, "point": 1000, "user": 7}, "model": "scoreserver.attackpointhistory"}, {"pk": 136, "fields": {"question": 7, "point": 1100, "user": 29}, "model": "scoreserver.attackpointhistory"}, {"pk": 137, "fields": {"question": 6, "point": 900, "user": 21}, "model": "scoreserver.attackpointhistory"}, {"pk": 138, "fields": {"question": 8, "point": 1100, "user": 46}, "model": "scoreserver.attackpointhistory"}, {"pk": 139, "fields": {"question": 1, "point": 1100, "user": 44}, "model": "scoreserver.attackpointhistory"}, {"pk": 140, "fields": {"question": 3, "point": 1100, "user": 6}, "model": "scoreserver.attackpointhistory"}, {"pk": 141, "fields": {"question": 3, "point": 1100, "user": 47}, "model": "scoreserver.attackpointhistory"}, {"pk": 142, "fields": {"question": 3, "point": 1100, "user": 25}, "model": "scoreserver.attackpointhistory"}, {"pk": 143, "fields": {"question": 8, "point": 1100, "user": 36}, "model": "scoreserver.attackpointhistory"}, {"pk": 144, "fields": {"question": 1, "point": 1100, "user": 28}, "model": "scoreserver.attackpointhistory"}, {"pk": 145, "fields": {"question": 9, "point": 100, "user": 19}, "model": "scoreserver.attackpointhistory"}, {"pk": 146, "fields": {"question": 9, "point": 200, "user": 13}, "model": "scoreserver.attackpointhistory"}, {"pk": 147, "fields": {"question": 7, "point": 1100, "user": 18}, "model": "scoreserver.attackpointhistory"}, {"pk": 148, "fields": {"question": 7, "point": 1100, "user": 36}, "model": "scoreserver.attackpointhistory"}, {"pk": 149, "fields": {"question": 8, "point": 1100, "user": 10}, "model": "scoreserver.attackpointhistory"}, {"pk": 150, "fields": {"question": 5, "point": 1000, "user": 28}, "model": "scoreserver.attackpointhistory"}, {"pk": 151, "fields": {"question": 7, "point": 1100, "user": 11}, "model": "scoreserver.attackpointhistory"}, {"pk": 152, "fields": {"question": 8, "point": 1100, "user": 38}, "model": "scoreserver.attackpointhistory"}, {"pk": 153, "fields": {"question": 6, "point": 900, "user": 14}, "model": "scoreserver.attackpointhistory"}, {"pk": 154, "fields": {"question": 2, "point": 800, "user": 23}, "model": "scoreserver.attackpointhistory"}, {"pk": 155, "fields": {"question": 3, "point": 1100, "user": 5}, "model": "scoreserver.attackpointhistory"}, {"pk": 156, "fields": {"question": 7, "point": 1100, "user": 16}, "model": "scoreserver.attackpointhistory"}, {"pk": 157, "fields": {"question": 9, "point": 800, "user": 46}, "model": "scoreserver.attackpointhistory"}, {"pk": 158, "fields": {"question": 5, "point": 1000, "user": 41}, "model": "scoreserver.attackpointhistory"}, {"pk": 159, "fields": {"question": 7, "point": 1100, "user": 10}, "model": "scoreserver.attackpointhistory"}, {"pk": 160, "fields": {"question": 9, "point": 500, "user": 39}, "model": "scoreserver.attackpointhistory"}, {"pk": 161, "fields": {"question": 3, "point": 1100, "user": 18}, "model": "scoreserver.attackpointhistory"}, {"pk": 162, "fields": {"question": 9, "point": 700, "user": 22}, "model": "scoreserver.attackpointhistory"}, {"pk": 163, "fields": {"question": 5, "point": 1000, "user": 41}, "model": "scoreserver.attackpointhistory"}, {"pk": 164, "fields": {"question": 2, "point": 800, "user": 8}, "model": "scoreserver.attackpointhistory"}, {"pk": 165, "fields": {"question": 6, "point": 900, "user": 2}, "model": "scoreserver.attackpointhistory"}, {"pk": 166, "fields": {"question": 2, "point": 800, "user": 15}, "model": "scoreserver.attackpointhistory"}, {"pk": 167, "fields": {"question": 9, "point": 200, "user": 18}, "model": "scoreserver.attackpointhistory"}, {"pk": 168, "fields": {"question": 8, "point": 1100, "user": 46}, "model": "scoreserver.attackpointhistory"}, {"pk": 169, "fields": {"question": 5, "point": 1000, "user": 41}, "model": "scoreserver.attackpointhistory"}, {"pk": 170, "fields": {"question": 1, "point": 1100, "user": 47}, "model": "scoreserver.attackpointhistory"}, {"pk": 171, "fields": {"question": 7, "point": 1100, "user": 40}, "model": "scoreserver.attackpointhistory"}, {"pk": 172, "fields": {"question": 8, "point": 1100, "user": 28}, "model": "scoreserver.attackpointhistory"}, {"pk": 173, "fields": {"question": 7, "point": 1100, "user": 32}, "model": "scoreserver.attackpointhistory"}, {"pk": 174, "fields": {"question": 5, "point": 1000, "user": 4}, "model": "scoreserver.attackpointhistory"}, {"pk": 175, "fields": {"question": 1, "point": 1100, "user": 47}, "model": "scoreserver.attackpointhistory"}, {"pk": 176, "fields": {"question": 1, "point": 1100, "user": 18}, "model": "scoreserver.attackpointhistory"}, {"pk": 177, "fields": {"question": 7, "point": 1100, "user": 4}, "model": "scoreserver.attackpointhistory"}, {"pk": 178, "fields": {"question": 7, "point": 1100, "user": 40}, "model": "scoreserver.attackpointhistory"}, {"pk": 179, "fields": {"question": 9, "point": 800, "user": 43}, "model": "scoreserver.attackpointhistory"}, {"pk": 180, "fields": {"question": 4, "point": 1100, "user": 35}, "model": "scoreserver.attackpointhistory"}, {"pk": 181, "fields": {"question": 2, "point": 800, "user": 40}, "model": "scoreserver.attackpointhistory"}, {"pk": 182, "fields": {"question": 7, "point": 1100, "user": 5}, "model": "scoreserver.attackpointhistory"}, {"pk": 183, "fields": {"question": 4, "point": 1100, "user": 8}, "model": "scoreserver.attackpointhistory"}, {"pk": 184, "fields": {"question": 6, "point": 900, "user": 35}, "model": "scoreserver.attackpointhistory"}, {"pk": 185, "fields": {"question": 8, "point": 1100, "user": 11}, "model": "scoreserver.attackpointhistory"}, {"pk": 186, "fields": {"question": 6, "point": 900, "user": 42}, "model": "scoreserver.attackpointhistory"}, {"pk": 187, "fields": {"question": 2, "point": 800, "user": 1}, "model": "scoreserver.attackpointhistory"}, {"pk": 188, "fields": {"question": 4, "point": 1100, "user": 33}, "model": "scoreserver.attackpointhistory"}, {"pk": 189, "fields": {"question": 1, "point": 1100, "user": 39}, "model": "scoreserver.attackpointhistory"}, {"pk": 190, "fields": {"question": 5, "point": 1000, "user": 45}, "model": "scoreserver.attackpointhistory"}, {"pk": 191, "fields": {"question": 5, "point": 1000, "user": 3}, "model": "scoreserver.attackpointhistory"}, {"pk": 192, "fields": {"question": 2, "point": 800, "user": 48}, "model": "scoreserver.attackpointhistory"}, {"pk": 193, "fields": {"question": 2, "point": 800, "user": 44}, "model": "scoreserver.attackpointhistory"}, {"pk": 194, "fields": {"question": 8, "point": 1100, "user": 16}, "model": "scoreserver.attackpointhistory"}, {"pk": 195, "fields": {"question": 8, "point": 1100, "user": 14}, "model": "scoreserver.attackpointhistory"}, {"pk": 196, "fields": {"question": 3, "point": 1100, "user": 27}, "model": "scoreserver.attackpointhistory"}, {"pk": 197, "fields": {"question": 2, "point": 800, "user": 35}, "model": "scoreserver.attackpointhistory"}, {"pk": 198, "fields": {"question": 4, "point": 1100, "user": 10}, "model": "scoreserver.attackpointhistory"}, {"pk": 199, "fields": {"question": 3, "point": 1100, "user": 41}, "model": "scoreserver.attackpointhistory"}, {"pk": 200, "fields": {"question": 5, "point": 1000, "user": 27}, "model": "scoreserver.attackpointhistory"}, {"pk": 201, "fields": {"question": 1, "point": 1100, "user": 41}, "model": "scoreserver.attackpointhistory"}, {"pk": 202, "fields": {"question": 8, "point": 1100, "user": 5}, "model": "scoreserver.attackpointhistory"}, {"pk": 203, "fields": {"question": 9, "point": 400, "user": 4}, "model": "scoreserver.attackpointhistory"}, {"pk": 204, "fields": {"question": 5, "point": 1000, "user": 16}, "model": "scoreserver.attackpointhistory"}, {"pk": 205, "fields": {"question": 7, "point": 1100, "user": 46}, "model": "scoreserver.attackpointhistory"}, {"pk": 206, "fields": {"question": 3, "point": 1100, "user": 7}, "model": "scoreserver.attackpointhistory"}, {"pk": 207, "fields": {"question": 6, "point": 900, "user": 47}, "model": "scoreserver.attackpointhistory"}, {"pk": 208, "fields": {"question": 1, "point": 1100, "user": 6}, "model": "scoreserver.attackpointhistory"}, {"pk": 209, "fields": {"question": 9, "point": 1000, "user": 2}, "model": "scoreserver.attackpointhistory"}, {"pk": 210, "fields": {"question": 3, "point": 1100, "user": 21}, "model": "scoreserver.attackpointhistory"}, {"pk": 211, "fields": {"question": 2, "point": 800, "user": 28}, "model": "scoreserver.attackpointhistory"}, {"pk": 212, "fields": {"question": 6, "point": 900, "user": 33}, "model": "scoreserver.attackpointhistory"}, {"pk": 213, "fields": {"question": 4, "point": 1100, "user": 7}, "model": "scoreserver.attackpointhistory"}, {"pk": 214, "fields": {"question": 9, "point": 700, "user": 41}, "model": "scoreserver.attackpointhistory"}, {"pk": 215, "fields": {"question": 2, "point": 800, "user": 11}, "model": "scoreserver.attackpointhistory"}, {"pk": 216, "fields": {"question": 1, "point": 1100, "user": 13}, "model": "scoreserver.attackpointhistory"}, {"pk": 217, "fields": {"question": 2, "point": 800, "user": 28}, "model": "scoreserver.attackpointhistory"}, {"pk": 218, "fields": {"question": 2, "point": 800, "user": 15}, "model": "scoreserver.attackpointhistory"}, {"pk": 219, "fields": {"question": 1, "point": 1100, "user": 26}, "model": "scoreserver.attackpointhistory"}, {"pk": 220, "fields": {"question": 5, "point": 1000, "user": 30}, "model": "scoreserver.attackpointhistory"}, {"pk": 221, "fields": {"question": 1, "point": 1100, "user": 22}, "model": "scoreserver.attackpointhistory"}, {"pk": 222, "fields": {"question": 8, "point": 1100, "user": 24}, "model": "scoreserver.attackpointhistory"}, {"pk": 223, "fields": {"question": 2, "point": 800, "user": 11}, "model": "scoreserver.attackpointhistory"}, {"pk": 224, "fields": {"question": 8, "point": 1100, "user": 11}, "model": "scoreserver.attackpointhistory"}, {"pk": 225, "fields": {"question": 2, "point": 800, "user": 6}, "model": "scoreserver.attackpointhistory"}, {"pk": 226, "fields": {"question": 5, "point": 1000, "user": 42}, "model": "scoreserver.attackpointhistory"}, {"pk": 227, "fields": {"question": 5, "point": 1000, "user": 15}, "model": "scoreserver.attackpointhistory"}, {"pk": 228, "fields": {"question": 5, "point": 1000, "user": 21}, "model": "scoreserver.attackpointhistory"}, {"pk": 229, "fields": {"question": 8, "point": 1100, "user": 29}, "model": "scoreserver.attackpointhistory"}, {"pk": 230, "fields": {"question": 8, "point": 1100, "user": 27}, "model": "scoreserver.attackpointhistory"}, {"pk": 231, "fields": {"question": 2, "point": 800, "user": 4}, "model": "scoreserver.attackpointhistory"}, {"pk": 232, "fields": {"question": 4, "point": 1100, "user": 37}, "model": "scoreserver.attackpointhistory"}, {"pk": 233, "fields": {"question": 9, "point": 600, "user": 26}, "model": "scoreserver.attackpointhistory"}, {"pk": 234, "fields": {"question": 3, "point": 1100, "user": 13}, "model": "scoreserver.attackpointhistory"}, {"pk": 235, "fields": {"question": 4, "point": 1100, "user": 19}, "model": "scoreserver.attackpointhistory"}, {"pk": 236, "fields": {"question": 9, "point": 500, "user": 26}, "model": "scoreserver.attackpointhistory"}, {"pk": 237, "fields": {"question": 7, "point": 1100, "user": 17}, "model": "scoreserver.attackpointhistory"}, {"pk": 238, "fields": {"question": 6, "point": 900, "user": 44}, "model": "scoreserver.attackpointhistory"}, {"pk": 239, "fields": {"question": 8, "point": 1100, "user": 35}, "model": "scoreserver.attackpointhistory"}, {"pk": 240, "fields": {"question": 2, "point": 800, "user": 26}, "model": "scoreserver.attackpointhistory"}, {"pk": 241, "fields": {"question": 7, "point": 1100, "user": 48}, "model": "scoreserver.attackpointhistory"}, {"pk": 242, "fields": {"question": 6, "point": 900, "user": 33}, "model": "scoreserver.attackpointhistory"}, {"pk": 243, "fields": {"question": 3, "point": 1100, "user": 36}, "model": "scoreserver.attackpointhistory"}, {"pk": 244, "fields": {"question": 6, "point": 900, "user": 20}, "model": "scoreserver.attackpointhistory"}, {"pk": 245, "fields": {"question": 2, "point": 800, "user": 41}, "model": "scoreserver.attackpointhistory"}, {"pk": 246, "fields": {"question": 6, "point": 900, "user": 13}, "model": "scoreserver.attackpointhistory"}, {"pk": 247, "fields": {"question": 1, "point": 1100, "user": 33}, "model": "scoreserver.attackpointhistory"}, {"pk": 248, "fields": {"question": 1, "point": 1100, "user": 27}, "model": "scoreserver.attackpointhistory"}, {"pk": 249, "fields": {"question": 9, "point": 800, "user": 7}, "model": "scoreserver.attackpointhistory"}, {"pk": 250, "fields": {"question": 1, "point": 1100, "user": 16}, "model": "scoreserver.attackpointhistory"}, {"pk": 251, "fields": {"question": 7, "point": 1100, "user": 10}, "model": "scoreserver.attackpointhistory"}, {"pk": 252, "fields": {"question": 9, "point": 1000, "user": 10}, "model": "scoreserver.attackpointhistory"}, {"pk": 253, "fields": {"question": 9, "point": 100, "user": 12}, "model": "scoreserver.attackpointhistory"}, {"pk": 254, "fields": {"question": 3, "point": 1100, "user": 25}, "model": "scoreserver.attackpointhistory"}, {"pk": 255, "fields": {"question": 1, "point": 1100, "user": 10}, "model": "scoreserver.attackpointhistory"}, {"pk": 256, "fields": {"question": 4, "point": 1100, "user": 24}, "model": "scoreserver.attackpointhistory"}, {"pk": 257, "fields": {"question": 2, "point": 800, "user": 12}, "model": "scoreserver.attackpointhistory"}, {"pk": 258, "fields": {"question": 1, "point": 1100, "user": 44}, "model": "scoreserver.attackpointhistory"}, {"pk": 259, "fields": {"question": 5, "point": 1000, "user": 23}, "model": "scoreserver.attackpointhistory"}, {"pk": 260, "fields": {"question": 9, "point": 400, "user": 41}, "model": "scoreserver.attackpointhistory"}, {"pk": 261, "fields": {"question": 3, "point": 1100, "user": 35}, "model": "scoreserver.attackpointhistory"}, {"pk": 262, "fields": {"question": 8, "point": 1100, "user": 43}, "model": "scoreserver.attackpointhistory"}, {"pk": 263, "fields": {"question": 7, "point": 1100, "user": 20}, "model": "scoreserver.attackpointhistory"}, {"pk": 264, "fields": {"question": 5, "point": 1000, "user": 44}, "model": "scoreserver.attackpointhistory"}, {"pk": 265, "fields": {"question": 8, "point": 1100, "user": 47}, "model": "scoreserver.attackpointhistory"}, {"pk": 266, "fields": {"question": 9, "point": 700, "user": 19}, "model": "scoreserver.attackpointhistory"}, {"pk": 267, "fields": {"question": 8, "point": 1100, "user": 25}, "model": "scoreserver.attackpointhistory"}, {"pk": 268, "fields": {"question": 5, "point": 1000, "user": 44}, "model": "scoreserver.attackpointhistory"}, {"pk": 269, "fields": {"question": 1, "point": 1100, "user": 20}, "model": "scoreserver.attackpointhistory"}, {"pk": 270, "fields": {"question": 6, "point": 900, "user": 30}, "model": "scoreserver.attackpointhistory"}, {"pk": 271, "fields": {"question": 2, "point": 800, "user": 35}, "model": "scoreserver.attackpointhistory"}, {"pk": 272, "fields": {"question": 3, "point": 1100, "user": 39}, "model": "scoreserver.attackpointhistory"}, {"pk": 273, "fields": {"question": 6, "point": 900, "user": 1}, "model": "scoreserver.attackpointhistory"}, {"pk": 274, "fields": {"question": 5, "point": 1000, "user": 46}, "model": "scoreserver.attackpointhistory"}, {"pk": 275, "fields": {"question": 6, "point": 900, "user": 16}, "model": "scoreserver.attackpointhistory"}, {"pk": 276, "fields": {"question": 7, "point": 1100, "user": 22}, "model": "scoreserver.attackpointhistory"}, {"pk": 277, "fields": {"question": 6, "point": 900, "user": 3}, "model": "scoreserver.attackpointhistory"}, {"pk": 278, "fields": {"question": 7, "point": 1100, "user": 15}, "model": "scoreserver.attackpointhistory"}, {"pk": 279, "fields": {"question": 9, "point": 500, "user": 15}, "model": "scoreserver.attackpointhistory"}, {"pk": 280, "fields": {"question": 3, "point": 1100, "user": 22}, "model": "scoreserver.attackpointhistory"}, {"pk": 281, "fields": {"question": 7, "point": 1100, "user": 31}, "model": "scoreserver.attackpointhistory"}, {"pk": 282, "fields": {"question": 4, "point": 1100, "user": 26}, "model": "scoreserver.attackpointhistory"}, {"pk": 283, "fields": {"question": 7, "point": 1100, "user": 22}, "model": "scoreserver.attackpointhistory"}, {"pk": 284, "fields": {"question": 5, "point": 1000, "user": 28}, "model": "scoreserver.attackpointhistory"}, {"pk": 285, "fields": {"question": 1, "point": 1100, "user": 21}, "model": "scoreserver.attackpointhistory"}, {"pk": 286, "fields": {"question": 4, "point": 1100, "user": 19}, "model": "scoreserver.attackpointhistory"}, {"pk": 287, "fields": {"question": 1, "point": 1100, "user": 43}, "model": "scoreserver.attackpointhistory"}, {"pk": 288, "fields": {"question": 1, "point": 1100, "user": 13}, "model": "scoreserver.attackpointhistory"}, {"pk": 289, "fields": {"question": 4, "point": 1100, "user": 1}, "model": "scoreserver.attackpointhistory"}, {"pk": 290, "fields": {"question": 1, "point": 1100, "user": 4}, "model": "scoreserver.attackpointhistory"}, {"pk": 291, "fields": {"question": 7, "point": 1100, "user": 5}, "model": "scoreserver.attackpointhistory"}, {"pk": 292, "fields": {"question": 9, "point": 800, "user": 13}, "model": "scoreserver.attackpointhistory"}, {"pk": 293, "fields": {"question": 9, "point": 900, "user": 41}, "model": "scoreserver.attackpointhistory"}, {"pk": 294, "fields": {"question": 1, "point": 1100, "user": 23}, "model": "scoreserver.attackpointhistory"}, {"pk": 295, "fields": {"question": 5, "point": 1000, "user": 15}, "model": "scoreserver.attackpointhistory"}, {"pk": 296, "fields": {"question": 1, "point": 1100, "user": 14}, "model": "scoreserver.attackpointhistory"}, {"pk": 297, "fields": {"question": 8, "point": 1100, "user": 18}, "model": "scoreserver.attackpointhistory"}, {"pk": 298, "fields": {"question": 9, "point": 400, "user": 43}, "model": "scoreserver.attackpointhistory"}, {"pk": 299, "fields": {"question": 1, "point": 1100, "user": 49}, "model": "scoreserver.attackpointhistory"}, {"pk": 0, "fields": {"question": 3, "submit_flag": "FLAG_IS_YvIYXFzmAeXFARp", "user": 21}, "model": "scoreserver.answerhistory"}, {"pk": 1, "fields": {"question": 8, "submit_flag": "FLAG_IS_gnTKYYcncqmdFVZ", "user": 14}, "model": "scoreserver.answerhistory"}, {"pk": 2, "fields": {"question": 1, "submit_flag": "FLAG_IS_IRscupZIGRESamw", "user": 34}, "model": "scoreserver.answerhistory"}, {"pk": 3, "fields": {"question": 7, "submit_flag": "FLAG_IS_OBpmzgYygDGlskH", "user": 22}, "model": "scoreserver.answerhistory"}, {"pk": 4, "fields": {"question": 7, "submit_flag": "FLAG_IS_tBXXXvjQAqxfmhu", "user": 3}, "model": "scoreserver.answerhistory"}, {"pk": 5, "fields": {"question": 7, "submit_flag": "FLAG_IS_lyGdxhhwxbtwFuB", "user": 49}, "model": "scoreserver.answerhistory"}, {"pk": 6, "fields": {"question": 4, "submit_flag": "FLAG_IS_KwnEQgrgMznAIVn", "user": 14}, "model": "scoreserver.answerhistory"}, {"pk": 7, "fields": {"question": 7, "submit_flag": "FLAG_IS_mhaOJKoXVXbTPDa", "user": 30}, "model": "scoreserver.answerhistory"}, {"pk": 8, "fields": {"question": 9, "submit_flag": "FLAG_IS_kkahwuKMWNVMtdi", "user": 33}, "model": "scoreserver.answerhistory"}, {"pk": 9, "fields": {"question": 9, "submit_flag": "FLAG_IS_HQUGSZelzzOyjJV", "user": 41}, "model": "scoreserver.answerhistory"}, {"pk": 10, "fields": {"question": 6, "submit_flag": "FLAG_IS_dWvScmMNvLeOQmf", "user": 39}, "model": "scoreserver.answerhistory"}, {"pk": 11, "fields": {"question": 6, "submit_flag": "FLAG_IS_NgHfEEUIrNQetYA", "user": 8}, "model": "scoreserver.answerhistory"}, {"pk": 12, "fields": {"question": 9, "submit_flag": "FLAG_IS_lLFeGpaXgKHoXye", "user": 41}, "model": "scoreserver.answerhistory"}, {"pk": 13, "fields": {"question": 1, "submit_flag": "FLAG_IS_tpFkzjqgKIwHDcL", "user": 14}, "model": "scoreserver.answerhistory"}, {"pk": 14, "fields": {"question": 6, "submit_flag": "FLAG_IS_BURVuJcLpycHsvR", "user": 45}, "model": "scoreserver.answerhistory"}, {"pk": 15, "fields": {"question": 5, "submit_flag": "FLAG_IS_RAxNvBcbGQrrdOk", "user": 15}, "model": "scoreserver.answerhistory"}, {"pk": 16, "fields": {"question": 9, "submit_flag": "FLAG_IS_kLbgcufBsaYEKzL", "user": 23}, "model": "scoreserver.answerhistory"}, {"pk": 17, "fields": {"question": 8, "submit_flag": "FLAG_IS_hNWaCJLAwXZXBaf", "user": 15}, "model": "scoreserver.answerhistory"}, {"pk": 18, "fields": {"question": 3, "submit_flag": "FLAG_IS_KTwBQQoUGQiVoVn", "user": 28}, "model": "scoreserver.answerhistory"}, {"pk": 19, "fields": {"question": 2, "submit_flag": "FLAG_IS_rUpmPHitgJPSNCd", "user": 28}, "model": "scoreserver.answerhistory"}, {"pk": 20, "fields": {"question": 8, "submit_flag": "FLAG_IS_CTWPqcweAOCnWUq", "user": 45}, "model": "scoreserver.answerhistory"}, {"pk": 21, "fields": {"question": 3, "submit_flag": "FLAG_IS_CZikdJJAQPeEvuA", "user": 36}, "model": "scoreserver.answerhistory"}, {"pk": 22, "fields": {"question": 1, "submit_flag": "FLAG_IS_arcMRnTTYcaCwUd", "user": 31}, "model": "scoreserver.answerhistory"}, {"pk": 23, "fields": {"question": 6, "submit_flag": "FLAG_IS_ZimkYIiWVoZWZoE", "user": 27}, "model": "scoreserver.answerhistory"}, {"pk": 24, "fields": {"question": 3, "submit_flag": "FLAG_IS_LqygTyUgPIenSnl", "user": 46}, "model": "scoreserver.answerhistory"}, {"pk": 25, "fields": {"question": 8, "submit_flag": "FLAG_IS_uERRqqwLaiNhvVp", "user": 21}, "model": "scoreserver.answerhistory"}, {"pk": 26, "fields": {"question": 8, "submit_flag": "FLAG_IS_bGCRRXSJFTiDcXi", "user": 45}, "model": "scoreserver.answerhistory"}, {"pk": 27, "fields": {"question": 2, "submit_flag": "FLAG_IS_JIHhUGKcHqCiquW", "user": 19}, "model": "scoreserver.answerhistory"}, {"pk": 28, "fields": {"question": 8, "submit_flag": "FLAG_IS_UKeohRxeIDmXCic", "user": 18}, "model": "scoreserver.answerhistory"}, {"pk": 29, "fields": {"question": 8, "submit_flag": "FLAG_IS_HzgWKOoWaSJbkCb", "user": 7}, "model": "scoreserver.answerhistory"}, {"pk": 30, "fields": {"question": 5, "submit_flag": "FLAG_IS_yAOukGWjqlqRcYN", "user": 47}, "model": "scoreserver.answerhistory"}, {"pk": 31, "fields": {"question": 7, "submit_flag": "FLAG_IS_ZAszVmEgaZdlgSJ", "user": 29}, "model": "scoreserver.answerhistory"}, {"pk": 32, "fields": {"question": 9, "submit_flag": "FLAG_IS_FICCDTXkhoLItnT", "user": 24}, "model": "scoreserver.answerhistory"}, {"pk": 33, "fields": {"question": 5, "submit_flag": "FLAG_IS_AEQWTjMwnNXAmZm", "user": 8}, "model": "scoreserver.answerhistory"}, {"pk": 34, "fields": {"question": 6, "submit_flag": "FLAG_IS_xRaQPpJlMfYqKSP", "user": 37}, "model": "scoreserver.answerhistory"}, {"pk": 35, "fields": {"question": 7, "submit_flag": "FLAG_IS_lXzeWeYsSpxIdtw", "user": 14}, "model": "scoreserver.answerhistory"}, {"pk": 36, "fields": {"question": 2, "submit_flag": "FLAG_IS_EvAAJnsTcdRMYam", "user": 12}, "model": "scoreserver.answerhistory"}, {"pk": 37, "fields": {"question": 6, "submit_flag": "FLAG_IS_BmrNHaIikaSELOI", "user": 39}, "model": "scoreserver.answerhistory"}, {"pk": 38, "fields": {"question": 4, "submit_flag": "FLAG_IS_UnuMJnanYhnJtwj", "user": 17}, "model": "scoreserver.answerhistory"}, {"pk": 39, "fields": {"question": 7, "submit_flag": "FLAG_IS_NoIupQXdDqDASYL", "user": 11}, "model": "scoreserver.answerhistory"}, {"pk": 40, "fields": {"question": 5, "submit_flag": "FLAG_IS_ZWDpfXfcigeWcJv", "user": 45}, "model": "scoreserver.answerhistory"}, {"pk": 41, "fields": {"question": 5, "submit_flag": "FLAG_IS_nIhMRECUXknpyPR", "user": 33}, "model": "scoreserver.answerhistory"}, {"pk": 42, "fields": {"question": 3, "submit_flag": "FLAG_IS_VkEdWrkqPmqmaFq", "user": 17}, "model": "scoreserver.answerhistory"}, {"pk": 43, "fields": {"question": 1, "submit_flag": "FLAG_IS_SCPLRFtWFKkUpcZ", "user": 2}, "model": "scoreserver.answerhistory"}, {"pk": 44, "fields": {"question": 4, "submit_flag": "FLAG_IS_GSXucJFLjAIDDVs", "user": 9}, "model": "scoreserver.answerhistory"}, {"pk": 45, "fields": {"question": 2, "submit_flag": "FLAG_IS_ZfsumuwWjmixuEt", "user": 49}, "model": "scoreserver.answerhistory"}, {"pk": 46, "fields": {"question": 7, "submit_flag": "FLAG_IS_tyaOlSvWFIPLFeX", "user": 1}, "model": "scoreserver.answerhistory"}, {"pk": 47, "fields": {"question": 6, "submit_flag": "FLAG_IS_KuBsBBUpjToTYcI", "user": 2}, "model": "scoreserver.answerhistory"}, {"pk": 48, "fields": {"question": 3, "submit_flag": "FLAG_IS_blWreMaMyJaQXJs", "user": 22}, "model": "scoreserver.answerhistory"}, {"pk": 49, "fields": {"question": 9, "submit_flag": "FLAG_IS_oIspYjGwBpxkRJa", "user": 2}, "model": "scoreserver.answerhistory"}, {"pk": 50, "fields": {"question": 5, "submit_flag": "FLAG_IS_mXYxNbGSWDtPFbA", "user": 28}, "model": "scoreserver.answerhistory"}, {"pk": 51, "fields": {"question": 8, "submit_flag": "FLAG_IS_ievsMEQQPCJVLlX", "user": 2}, "model": "scoreserver.answerhistory"}, {"pk": 52, "fields": {"question": 3, "submit_flag": "FLAG_IS_DjHthAKEQkWrGaP", "user": 36}, "model": "scoreserver.answerhistory"}, {"pk": 53, "fields": {"question": 3, "submit_flag": "FLAG_IS_GKGCYsiZxtnhERe", "user": 1}, "model": "scoreserver.answerhistory"}, {"pk": 54, "fields": {"question": 4, "submit_flag": "FLAG_IS_JzLHnkbKOxMEYaR", "user": 41}, "model": "scoreserver.answerhistory"}, {"pk": 55, "fields": {"question": 2, "submit_flag": "FLAG_IS_cIveKnBRDQXRHbb", "user": 2}, "model": "scoreserver.answerhistory"}, {"pk": 56, "fields": {"question": 4, "submit_flag": "FLAG_IS_UJuIpcsqugJrjAm", "user": 39}, "model": "scoreserver.answerhistory"}, {"pk": 57, "fields": {"question": 6, "submit_flag": "FLAG_IS_WDaQQqszIIvEJrC", "user": 24}, "model": "scoreserver.answerhistory"}, {"pk": 58, "fields": {"question": 9, "submit_flag": "FLAG_IS_BuinHrhKtyINsdz", "user": 29}, "model": "scoreserver.answerhistory"}, {"pk": 59, "fields": {"question": 3, "submit_flag": "FLAG_IS_kQqtvPyzHmSHdNj", "user": 32}, "model": "scoreserver.answerhistory"}, {"pk": 60, "fields": {"question": 4, "submit_flag": "FLAG_IS_QyFvBSBrBWqQZdm", "user": 40}, "model": "scoreserver.answerhistory"}, {"pk": 61, "fields": {"question": 5, "submit_flag": "FLAG_IS_EqsotUXDthezXIK", "user": 17}, "model": "scoreserver.answerhistory"}, {"pk": 62, "fields": {"question": 7, "submit_flag": "FLAG_IS_rUNvlXbBelrRCSi", "user": 21}, "model": "scoreserver.answerhistory"}, {"pk": 63, "fields": {"question": 5, "submit_flag": "FLAG_IS_ycDLJjTMIJhRGyn", "user": 38}, "model": "scoreserver.answerhistory"}, {"pk": 64, "fields": {"question": 7, "submit_flag": "FLAG_IS_NWdOxUTLAIUmUVv", "user": 47}, "model": "scoreserver.answerhistory"}, {"pk": 65, "fields": {"question": 4, "submit_flag": "FLAG_IS_uWXSBDDJndpiLxC", "user": 2}, "model": "scoreserver.answerhistory"}, {"pk": 66, "fields": {"question": 2, "submit_flag": "FLAG_IS_xpYbzUAGxCCAuRC", "user": 36}, "model": "scoreserver.answerhistory"}, {"pk": 67, "fields": {"question": 9, "submit_flag": "FLAG_IS_TxZxMXiuklWAFhV", "user": 29}, "model": "scoreserver.answerhistory"}, {"pk": 68, "fields": {"question": 6, "submit_flag": "FLAG_IS_fyeIfHEBmqGtqrD", "user": 21}, "model": "scoreserver.answerhistory"}, {"pk": 69, "fields": {"question": 6, "submit_flag": "FLAG_IS_cOjzXdtTPsrSuEU", "user": 44}, "model": "scoreserver.answerhistory"}, {"pk": 70, "fields": {"question": 3, "submit_flag": "FLAG_IS_uyGSAagyUiZLtMX", "user": 45}, "model": "scoreserver.answerhistory"}, {"pk": 71, "fields": {"question": 1, "submit_flag": "FLAG_IS_vgXlnCFhQRFhsnL", "user": 31}, "model": "scoreserver.answerhistory"}, {"pk": 72, "fields": {"question": 7, "submit_flag": "FLAG_IS_VQUmdilOiFojkvB", "user": 2}, "model": "scoreserver.answerhistory"}, {"pk": 73, "fields": {"question": 3, "submit_flag": "FLAG_IS_TmREntAqxQOEEWw", "user": 27}, "model": "scoreserver.answerhistory"}, {"pk": 74, "fields": {"question": 1, "submit_flag": "FLAG_IS_YKCjwlyDvtJfdwa", "user": 39}, "model": "scoreserver.answerhistory"}, {"pk": 75, "fields": {"question": 6, "submit_flag": "FLAG_IS_QuEATpZvOwVbkfN", "user": 44}, "model": "scoreserver.answerhistory"}, {"pk": 76, "fields": {"question": 5, "submit_flag": "FLAG_IS_gXrLsRgEUrTNCFA", "user": 42}, "model": "scoreserver.answerhistory"}, {"pk": 77, "fields": {"question": 5, "submit_flag": "FLAG_IS_fNqlOaaWlGtqlQl", "user": 49}, "model": "scoreserver.answerhistory"}, {"pk": 78, "fields": {"question": 8, "submit_flag": "FLAG_IS_VJGfdjxEdhhxRzF", "user": 35}, "model": "scoreserver.answerhistory"}, {"pk": 79, "fields": {"question": 1, "submit_flag": "FLAG_IS_pwLQQbgGsSQIawn", "user": 8}, "model": "scoreserver.answerhistory"}, {"pk": 80, "fields": {"question": 2, "submit_flag": "FLAG_IS_cPvWBUQQCqiXEsg", "user": 24}, "model": "scoreserver.answerhistory"}, {"pk": 81, "fields": {"question": 9, "submit_flag": "FLAG_IS_BmezGfLdglIEHqV", "user": 18}, "model": "scoreserver.answerhistory"}, {"pk": 82, "fields": {"question": 9, "submit_flag": "FLAG_IS_wAEHjrCfkOgfTtj", "user": 33}, "model": "scoreserver.answerhistory"}, {"pk": 83, "fields": {"question": 8, "submit_flag": "FLAG_IS_qNWdsmoHkEloFVE", "user": 37}, "model": "scoreserver.answerhistory"}, {"pk": 84, "fields": {"question": 7, "submit_flag": "FLAG_IS_HgQJpVRtrqerLlR", "user": 27}, "model": "scoreserver.answerhistory"}, {"pk": 85, "fields": {"question": 6, "submit_flag": "FLAG_IS_COSmBDAraExIfHF", "user": 8}, "model": "scoreserver.answerhistory"}, {"pk": 86, "fields": {"question": 3, "submit_flag": "FLAG_IS_yacIgsPutKTRoxB", "user": 21}, "model": "scoreserver.answerhistory"}, {"pk": 87, "fields": {"question": 8, "submit_flag": "FLAG_IS_fRWqJcOFcrPafWn", "user": 36}, "model": "scoreserver.answerhistory"}, {"pk": 88, "fields": {"question": 2, "submit_flag": "FLAG_IS_xhomgRXUUOhpbBt", "user": 28}, "model": "scoreserver.answerhistory"}, {"pk": 89, "fields": {"question": 4, "submit_flag": "FLAG_IS_mrLdklZMdhFRGUm", "user": 47}, "model": "scoreserver.answerhistory"}, {"pk": 90, "fields": {"question": 8, "submit_flag": "FLAG_IS_BDLELtWFmoHCgyF", "user": 1}, "model": "scoreserver.answerhistory"}, {"pk": 91, "fields": {"question": 2, "submit_flag": "FLAG_IS_zyeqEuNSvqzGCOG", "user": 35}, "model": "scoreserver.answerhistory"}, {"pk": 92, "fields": {"question": 2, "submit_flag": "FLAG_IS_MNADnRskbbXarCv", "user": 30}, "model": "scoreserver.answerhistory"}, {"pk": 93, "fields": {"question": 9, "submit_flag": "FLAG_IS_rXDARcPEPwIUmiL", "user": 24}, "model": "scoreserver.answerhistory"}, {"pk": 94, "fields": {"question": 7, "submit_flag": "FLAG_IS_HuARuMNjXXXRGuU", "user": 31}, "model": "scoreserver.answerhistory"}, {"pk": 95, "fields": {"question": 8, "submit_flag": "FLAG_IS_oJirGYgaUGsGurZ", "user": 13}, "model": "scoreserver.answerhistory"}, {"pk": 96, "fields": {"question": 6, "submit_flag": "FLAG_IS_ZGRZBVGelXkZsOh", "user": 18}, "model": "scoreserver.answerhistory"}, {"pk": 97, "fields": {"question": 2, "submit_flag": "FLAG_IS_RxPXmvQLonpMrTI", "user": 12}, "model": "scoreserver.answerhistory"}, {"pk": 98, "fields": {"question": 3, "submit_flag": "FLAG_IS_qBZKFhQAdsviPZg", "user": 11}, "model": "scoreserver.answerhistory"}, {"pk": 99, "fields": {"question": 7, "submit_flag": "FLAG_IS_gYXmLpjngaGmXDd", "user": 23}, "model": "scoreserver.answerhistory"}, {"pk": 100, "fields": {"question": 8, "submit_flag": "FLAG_IS_QvVGoNmpNkvCoIk", "user": 39}, "model": "scoreserver.answerhistory"}, {"pk": 101, "fields": {"question": 7, "submit_flag": "FLAG_IS_vXHEEQsLIiCzjtJ", "user": 3}, "model": "scoreserver.answerhistory"}, {"pk": 102, "fields": {"question": 3, "submit_flag": "FLAG_IS_jGgMBgOWniFeWXy", "user": 31}, "model": "scoreserver.answerhistory"}, {"pk": 103, "fields": {"question": 9, "submit_flag": "FLAG_IS_cYdmqenoSkitFnT", "user": 6}, "model": "scoreserver.answerhistory"}, {"pk": 104, "fields": {"question": 1, "submit_flag": "FLAG_IS_XyIhWKZJpmqjOrZ", "user": 49}, "model": "scoreserver.answerhistory"}, {"pk": 105, "fields": {"question": 3, "submit_flag": "FLAG_IS_gISBomYTxCyaAMS", "user": 6}, "model": "scoreserver.answerhistory"}, {"pk": 106, "fields": {"question": 4, "submit_flag": "FLAG_IS_UsfmjGwtsHlHWrf", "user": 24}, "model": "scoreserver.answerhistory"}, {"pk": 107, "fields": {"question": 8, "submit_flag": "FLAG_IS_aDzcDdknFhQrkEO", "user": 17}, "model": "scoreserver.answerhistory"}, {"pk": 108, "fields": {"question": 4, "submit_flag": "FLAG_IS_eDcffaagPaoVlEh", "user": 48}, "model": "scoreserver.answerhistory"}, {"pk": 109, "fields": {"question": 7, "submit_flag": "FLAG_IS_IrSpRIlbAeGCvZN", "user": 41}, "model": "scoreserver.answerhistory"}, {"pk": 110, "fields": {"question": 7, "submit_flag": "FLAG_IS_sAVKBLTkLNueCUA", "user": 20}, "model": "scoreserver.answerhistory"}, {"pk": 111, "fields": {"question": 8, "submit_flag": "FLAG_IS_euInMwFqEIsQrEI", "user": 12}, "model": "scoreserver.answerhistory"}, {"pk": 112, "fields": {"question": 6, "submit_flag": "FLAG_IS_HdABxQEwNLxoYHT", "user": 6}, "model": "scoreserver.answerhistory"}, {"pk": 113, "fields": {"question": 1, "submit_flag": "FLAG_IS_ACOZnyvwsdBVuMQ", "user": 28}, "model": "scoreserver.answerhistory"}, {"pk": 114, "fields": {"question": 4, "submit_flag": "FLAG_IS_iKXzpGhuZAizBHP", "user": 46}, "model": "scoreserver.answerhistory"}, {"pk": 115, "fields": {"question": 2, "submit_flag": "FLAG_IS_OtkanJBBSreALtC", "user": 45}, "model": "scoreserver.answerhistory"}, {"pk": 116, "fields": {"question": 1, "submit_flag": "FLAG_IS_ZPPOqvlvOsgKvjO", "user": 48}, "model": "scoreserver.answerhistory"}, {"pk": 117, "fields": {"question": 8, "submit_flag": "FLAG_IS_klTxZBaoMywepjW", "user": 44}, "model": "scoreserver.answerhistory"}, {"pk": 118, "fields": {"question": 7, "submit_flag": "FLAG_IS_CaZXjOPdnnExxbV", "user": 45}, "model": "scoreserver.answerhistory"}, {"pk": 119, "fields": {"question": 2, "submit_flag": "FLAG_IS_ZBkPKCDHSDaXTDG", "user": 49}, "model": "scoreserver.answerhistory"}, {"pk": 120, "fields": {"question": 4, "submit_flag": "FLAG_IS_ADShHOfAuhhgwXP", "user": 7}, "model": "scoreserver.answerhistory"}, {"pk": 121, "fields": {"question": 4, "submit_flag": "FLAG_IS_brYpOwayVVpjxAE", "user": 10}, "model": "scoreserver.answerhistory"}, {"pk": 122, "fields": {"question": 3, "submit_flag": "FLAG_IS_whwCjXrktRLSLRK", "user": 38}, "model": "scoreserver.answerhistory"}, {"pk": 123, "fields": {"question": 1, "submit_flag": "FLAG_IS_ALbVbRHvjxzxWwD", "user": 10}, "model": "scoreserver.answerhistory"}, {"pk": 124, "fields": {"question": 9, "submit_flag": "FLAG_IS_pVoXjlfhHFRINtC", "user": 32}, "model": "scoreserver.answerhistory"}, {"pk": 125, "fields": {"question": 4, "submit_flag": "FLAG_IS_vpXqeDCbdhCzqpd", "user": 17}, "model": "scoreserver.answerhistory"}, {"pk": 126, "fields": {"question": 2, "submit_flag": "FLAG_IS_AUObUGQFxSAGRln", "user": 8}, "model": "scoreserver.answerhistory"}, {"pk": 127, "fields": {"question": 7, "submit_flag": "FLAG_IS_GCIuOLSylSdSCWL", "user": 19}, "model": "scoreserver.answerhistory"}, {"pk": 128, "fields": {"question": 6, "submit_flag": "FLAG_IS_CrXjFESMAxxuUgW", "user": 4}, "model": "scoreserver.answerhistory"}, {"pk": 129, "fields": {"question": 8, "submit_flag": "FLAG_IS_AmBoFBMnrWretls", "user": 7}, "model": "scoreserver.answerhistory"}, {"pk": 130, "fields": {"question": 4, "submit_flag": "FLAG_IS_RIcquEtiDXsBAYO", "user": 31}, "model": "scoreserver.answerhistory"}, {"pk": 131, "fields": {"question": 6, "submit_flag": "FLAG_IS_RXhzowlTzSyBPPF", "user": 39}, "model": "scoreserver.answerhistory"}, {"pk": 132, "fields": {"question": 6, "submit_flag": "FLAG_IS_WWllWbNvVuiIDdy", "user": 37}, "model": "scoreserver.answerhistory"}, {"pk": 133, "fields": {"question": 3, "submit_flag": "FLAG_IS_GbhfYEagnoVNRLv", "user": 24}, "model": "scoreserver.answerhistory"}, {"pk": 134, "fields": {"question": 6, "submit_flag": "FLAG_IS_XWCrygKINjyoyGO", "user": 19}, "model": "scoreserver.answerhistory"}, {"pk": 135, "fields": {"question": 6, "submit_flag": "FLAG_IS_kcnQQxuZuSxgMas", "user": 38}, "model": "scoreserver.answerhistory"}, {"pk": 136, "fields": {"question": 9, "submit_flag": "FLAG_IS_KicHgFNNDCwLMsx", "user": 42}, "model": "scoreserver.answerhistory"}, {"pk": 137, "fields": {"question": 3, "submit_flag": "FLAG_IS_LXmJZjaJLzHfZwf", "user": 40}, "model": "scoreserver.answerhistory"}, {"pk": 138, "fields": {"question": 9, "submit_flag": "FLAG_IS_FxfcxmIxLXKMzzp", "user": 29}, "model": "scoreserver.answerhistory"}, {"pk": 139, "fields": {"question": 6, "submit_flag": "FLAG_IS_hJWRGKtCoEntuUi", "user": 19}, "model": "scoreserver.answerhistory"}, {"pk": 140, "fields": {"question": 2, "submit_flag": "FLAG_IS_LdqAXRDlQWeYZzv", "user": 34}, "model": "scoreserver.answerhistory"}, {"pk": 141, "fields": {"question": 8, "submit_flag": "FLAG_IS_BXUcfjqkRwPFxxG", "user": 28}, "model": "scoreserver.answerhistory"}, {"pk": 142, "fields": {"question": 8, "submit_flag": "FLAG_IS_ungtWbrERIDPOTJ", "user": 49}, "model": "scoreserver.answerhistory"}, {"pk": 143, "fields": {"question": 5, "submit_flag": "FLAG_IS_JdIYmHnFDclVZgy", "user": 27}, "model": "scoreserver.answerhistory"}, {"pk": 144, "fields": {"question": 3, "submit_flag": "FLAG_IS_cRTfWdpmYkJFVcp", "user": 4}, "model": "scoreserver.answerhistory"}, {"pk": 145, "fields": {"question": 8, "submit_flag": "FLAG_IS_ohHBPobuiWyyKVC", "user": 45}, "model": "scoreserver.answerhistory"}, {"pk": 146, "fields": {"question": 3, "submit_flag": "FLAG_IS_DVBYnFcxeJhukxG", "user": 21}, "model": "scoreserver.answerhistory"}, {"pk": 147, "fields": {"question": 9, "submit_flag": "FLAG_IS_gOwRzgSCtRppYXb", "user": 21}, "model": "scoreserver.answerhistory"}, {"pk": 148, "fields": {"question": 1, "submit_flag": "FLAG_IS_RZvATJslNjsEHVb", "user": 14}, "model": "scoreserver.answerhistory"}, {"pk": 149, "fields": {"question": 7, "submit_flag": "FLAG_IS_puJDBLIFXfhpyHy", "user": 19}, "model": "scoreserver.answerhistory"}, {"pk": 150, "fields": {"question": 5, "submit_flag": "FLAG_IS_GHYOvGlmgCxScFq", "user": 24}, "model": "scoreserver.answerhistory"}, {"pk": 151, "fields": {"question": 6, "submit_flag": "FLAG_IS_BYDRkBjgiCqnXJC", "user": 45}, "model": "scoreserver.answerhistory"}, {"pk": 152, "fields": {"question": 3, "submit_flag": "FLAG_IS_ybXQkwnliRwmkch", "user": 37}, "model": "scoreserver.answerhistory"}, {"pk": 153, "fields": {"question": 8, "submit_flag": "FLAG_IS_iwtEpoyTLGQicCu", "user": 35}, "model": "scoreserver.answerhistory"}, {"pk": 154, "fields": {"question": 3, "submit_flag": "FLAG_IS_hRYsBKaQChCLaMI", "user": 26}, "model": "scoreserver.answerhistory"}, {"pk": 155, "fields": {"question": 1, "submit_flag": "FLAG_IS_JYDgsHaZFVIEmUc", "user": 15}, "model": "scoreserver.answerhistory"}, {"pk": 156, "fields": {"question": 3, "submit_flag": "FLAG_IS_WnIKNUIVoHEzHJY", "user": 37}, "model": "scoreserver.answerhistory"}, {"pk": 157, "fields": {"question": 2, "submit_flag": "FLAG_IS_dlUheiZMORdlciR", "user": 11}, "model": "scoreserver.answerhistory"}, {"pk": 158, "fields": {"question": 6, "submit_flag": "FLAG_IS_pvTFHizGSRpRYYX", "user": 3}, "model": "scoreserver.answerhistory"}, {"pk": 159, "fields": {"question": 8, "submit_flag": "FLAG_IS_xzyvHhxFEEUQGXD", "user": 42}, "model": "scoreserver.answerhistory"}, {"pk": 160, "fields": {"question": 7, "submit_flag": "FLAG_IS_EAbxYBAPBqIjYdc", "user": 34}, "model": "scoreserver.answerhistory"}, {"pk": 161, "fields": {"question": 8, "submit_flag": "FLAG_IS_HZwklIZzDawoACm", "user": 18}, "model": "scoreserver.answerhistory"}, {"pk": 162, "fields": {"question": 9, "submit_flag": "FLAG_IS_XxBBBdvOeuxADCz", "user": 5}, "model": "scoreserver.answerhistory"}, {"pk": 163, "fields": {"question": 6, "submit_flag": "FLAG_IS_enTgbciwVwTQGLa", "user": 26}, "model": "scoreserver.answerhistory"}, {"pk": 164, "fields": {"question": 3, "submit_flag": "FLAG_IS_qDFJLvHETNfOmWi", "user": 21}, "model": "scoreserver.answerhistory"}, {"pk": 165, "fields": {"question": 4, "submit_flag": "FLAG_IS_EebMauWqHiTvpdK", "user": 29}, "model": "scoreserver.answerhistory"}, {"pk": 166, "fields": {"question": 5, "submit_flag": "FLAG_IS_XeyVmtdsriZABQv", "user": 31}, "model": "scoreserver.answerhistory"}, {"pk": 167, "fields": {"question": 6, "submit_flag": "FLAG_IS_HBbZaatkksusdUy", "user": 19}, "model": "scoreserver.answerhistory"}, {"pk": 168, "fields": {"question": 3, "submit_flag": "FLAG_IS_zoqBtJJuCzihwRn", "user": 44}, "model": "scoreserver.answerhistory"}, {"pk": 169, "fields": {"question": 2, "submit_flag": "FLAG_IS_pDFLzDuNmqFpJFx", "user": 20}, "model": "scoreserver.answerhistory"}, {"pk": 170, "fields": {"question": 6, "submit_flag": "FLAG_IS_lgCiABgfrldKHZx", "user": 5}, "model": "scoreserver.answerhistory"}, {"pk": 171, "fields": {"question": 2, "submit_flag": "FLAG_IS_IfJkAPcRExAkHFJ", "user": 3}, "model": "scoreserver.answerhistory"}, {"pk": 172, "fields": {"question": 2, "submit_flag": "FLAG_IS_FBoQkUowlrtZwQO", "user": 39}, "model": "scoreserver.answerhistory"}, {"pk": 173, "fields": {"question": 9, "submit_flag": "FLAG_IS_LNqXfNvXNPcAWBu", "user": 38}, "model": "scoreserver.answerhistory"}, {"pk": 174, "fields": {"question": 2, "submit_flag": "FLAG_IS_xEwrVQqENUpyidg", "user": 14}, "model": "scoreserver.answerhistory"}, {"pk": 175, "fields": {"question": 9, "submit_flag": "FLAG_IS_RACdoiGImoEncOR", "user": 45}, "model": "scoreserver.answerhistory"}, {"pk": 176, "fields": {"question": 4, "submit_flag": "FLAG_IS_AniFeVSjSYbRPgY", "user": 27}, "model": "scoreserver.answerhistory"}, {"pk": 177, "fields": {"question": 9, "submit_flag": "FLAG_IS_LgDSejKNTXhOBBu", "user": 4}, "model": "scoreserver.answerhistory"}, {"pk": 178, "fields": {"question": 7, "submit_flag": "FLAG_IS_ImLUKamQBQeDEOb", "user": 13}, "model": "scoreserver.answerhistory"}, {"pk": 179, "fields": {"question": 9, "submit_flag": "FLAG_IS_QgVFlYcVIBLEwFw", "user": 34}, "model": "scoreserver.answerhistory"}, {"pk": 180, "fields": {"question": 8, "submit_flag": "FLAG_IS_RemgkqTOxzBrjPx", "user": 26}, "model": "scoreserver.answerhistory"}, {"pk": 181, "fields": {"question": 1, "submit_flag": "FLAG_IS_bFtyWOBCzXktmMH", "user": 1}, "model": "scoreserver.answerhistory"}, {"pk": 182, "fields": {"question": 5, "submit_flag": "FLAG_IS_kAspJIeIFJDAeby", "user": 21}, "model": "scoreserver.answerhistory"}, {"pk": 183, "fields": {"question": 8, "submit_flag": "FLAG_IS_AQGhaetGrYNPfpQ", "user": 28}, "model": "scoreserver.answerhistory"}, {"pk": 184, "fields": {"question": 7, "submit_flag": "FLAG_IS_aTnKjnZbOFWIqAK", "user": 29}, "model": "scoreserver.answerhistory"}, {"pk": 185, "fields": {"question": 2, "submit_flag": "FLAG_IS_QiSWXVlepQcekLV", "user": 41}, "model": "scoreserver.answerhistory"}, {"pk": 186, "fields": {"question": 6, "submit_flag": "FLAG_IS_uAibxohwqJemeKw", "user": 23}, "model": "scoreserver.answerhistory"}, {"pk": 187, "fields": {"question": 7, "submit_flag": "FLAG_IS_vyYpRApqFmZzICn", "user": 28}, "model": "scoreserver.answerhistory"}, {"pk": 188, "fields": {"question": 8, "submit_flag": "FLAG_IS_MBMRskjrtxuqlMX", "user": 30}, "model": "scoreserver.answerhistory"}, {"pk": 189, "fields": {"question": 3, "submit_flag": "FLAG_IS_BOdekKhZtRZuDtk", "user": 30}, "model": "scoreserver.answerhistory"}, {"pk": 190, "fields": {"question": 9, "submit_flag": "FLAG_IS_BghdsyIsXwiDtpG", "user": 8}, "model": "scoreserver.answerhistory"}, {"pk": 191, "fields": {"question": 5, "submit_flag": "FLAG_IS_MRjIbeuFFgcvuTs", "user": 14}, "model": "scoreserver.answerhistory"}, {"pk": 192, "fields": {"question": 1, "submit_flag": "FLAG_IS_MfWZRARvVjTdmAY", "user": 15}, "model": "scoreserver.answerhistory"}, {"pk": 193, "fields": {"question": 4, "submit_flag": "FLAG_IS_LZNtXnSIzVsYfzr", "user": 1}, "model": "scoreserver.answerhistory"}, {"pk": 194, "fields": {"question": 2, "submit_flag": "FLAG_IS_ntGicVKLhsxYdbe", "user": 3}, "model": "scoreserver.answerhistory"}, {"pk": 195, "fields": {"question": 2, "submit_flag": "FLAG_IS_uKkEnWPHIItJsIf", "user": 39}, "model": "scoreserver.answerhistory"}, {"pk": 196, "fields": {"question": 4, "submit_flag": "FLAG_IS_GnbEdItvBykvyYg", "user": 42}, "model": "scoreserver.answerhistory"}, {"pk": 197, "fields": {"question": 6, "submit_flag": "FLAG_IS_PWcbCvJAZfKboau", "user": 33}, "model": "scoreserver.answerhistory"}, {"pk": 198, "fields": {"question": 8, "submit_flag": "FLAG_IS_UrCNQavrOETFNyB", "user": 39}, "model": "scoreserver.answerhistory"}, {"pk": 199, "fields": {"question": 5, "submit_flag": "FLAG_IS_GfwczgCiarzvgyv", "user": 12}, "model": "scoreserver.answerhistory"}, {"pk": 200, "fields": {"question": 9, "submit_flag": "FLAG_IS_SwWgjGSylrKRvnI", "user": 32}, "model": "scoreserver.answerhistory"}, {"pk": 201, "fields": {"question": 5, "submit_flag": "FLAG_IS_KfZczEFgmIdtVqD", "user": 35}, "model": "scoreserver.answerhistory"}, {"pk": 202, "fields": {"question": 8, "submit_flag": "FLAG_IS_wrEwkhutdsXqMVV", "user": 28}, "model": "scoreserver.answerhistory"}, {"pk": 203, "fields": {"question": 6, "submit_flag": "FLAG_IS_WUxihHUxoEmdHrA", "user": 34}, "model": "scoreserver.answerhistory"}, {"pk": 204, "fields": {"question": 8, "submit_flag": "FLAG_IS_GhrCYOHcbUwNvlf", "user": 27}, "model": "scoreserver.answerhistory"}, {"pk": 205, "fields": {"question": 6, "submit_flag": "FLAG_IS_JMJcjMSUifRnLRO", "user": 37}, "model": "scoreserver.answerhistory"}, {"pk": 206, "fields": {"question": 1, "submit_flag": "FLAG_IS_PTrorBfZvuCEEXE", "user": 40}, "model": "scoreserver.answerhistory"}, {"pk": 207, "fields": {"question": 7, "submit_flag": "FLAG_IS_rlfLYwdJAYPuzvl", "user": 40}, "model": "scoreserver.answerhistory"}, {"pk": 208, "fields": {"question": 9, "submit_flag": "FLAG_IS_UyYaweCdcCHdeWr", "user": 36}, "model": "scoreserver.answerhistory"}, {"pk": 209, "fields": {"question": 6, "submit_flag": "FLAG_IS_skBdlvxpQYQzKGt", "user": 2}, "model": "scoreserver.answerhistory"}, {"pk": 210, "fields": {"question": 9, "submit_flag": "FLAG_IS_vdSxvEUcbPGPZqx", "user": 19}, "model": "scoreserver.answerhistory"}, {"pk": 211, "fields": {"question": 7, "submit_flag": "FLAG_IS_DcuiJqTgNMaGCUN", "user": 45}, "model": "scoreserver.answerhistory"}, {"pk": 212, "fields": {"question": 2, "submit_flag": "FLAG_IS_dmygPyYCPNxkigu", "user": 47}, "model": "scoreserver.answerhistory"}, {"pk": 213, "fields": {"question": 4, "submit_flag": "FLAG_IS_vniqbiJmyBoiEJU", "user": 42}, "model": "scoreserver.answerhistory"}, {"pk": 214, "fields": {"question": 6, "submit_flag": "FLAG_IS_OuPMKnLPBYApAKZ", "user": 20}, "model": "scoreserver.answerhistory"}, {"pk": 215, "fields": {"question": 1, "submit_flag": "FLAG_IS_JlFmoMEsBqZcTuX", "user": 9}, "model": "scoreserver.answerhistory"}, {"pk": 216, "fields": {"question": 4, "submit_flag": "FLAG_IS_jSUyaxsTTIqUMGI", "user": 4}, "model": "scoreserver.answerhistory"}, {"pk": 217, "fields": {"question": 6, "submit_flag": "FLAG_IS_XfsNfrHYJGLoULJ", "user": 11}, "model": "scoreserver.answerhistory"}, {"pk": 218, "fields": {"question": 6, "submit_flag": "FLAG_IS_YmIWBGcVLCgaFGF", "user": 22}, "model": "scoreserver.answerhistory"}, {"pk": 219, "fields": {"question": 2, "submit_flag": "FLAG_IS_NpNjdnzapvoeMNH", "user": 4}, "model": "scoreserver.answerhistory"}, {"pk": 220, "fields": {"question": 6, "submit_flag": "FLAG_IS_bqyUpVCUeManenD", "user": 9}, "model": "scoreserver.answerhistory"}, {"pk": 221, "fields": {"question": 6, "submit_flag": "FLAG_IS_azypCQjuHeCmOXQ", "user": 38}, "model": "scoreserver.answerhistory"}, {"pk": 222, "fields": {"question": 9, "submit_flag": "FLAG_IS_IByxcnDitzxLZzN", "user": 33}, "model": "scoreserver.answerhistory"}, {"pk": 223, "fields": {"question": 4, "submit_flag": "FLAG_IS_VlgvLRkhgDlCwzM", "user": 34}, "model": "scoreserver.answerhistory"}, {"pk": 224, "fields": {"question": 9, "submit_flag": "FLAG_IS_MxJxXAZgPhDrppj", "user": 38}, "model": "scoreserver.answerhistory"}, {"pk": 225, "fields": {"question": 2, "submit_flag": "FLAG_IS_rUyKHVpCvzxPfEw", "user": 45}, "model": "scoreserver.answerhistory"}, {"pk": 226, "fields": {"question": 1, "submit_flag": "FLAG_IS_VzwexfTEvZRbrEe", "user": 10}, "model": "scoreserver.answerhistory"}, {"pk": 227, "fields": {"question": 6, "submit_flag": "FLAG_IS_cfWvLmqXrjDfhCW", "user": 41}, "model": "scoreserver.answerhistory"}, {"pk": 228, "fields": {"question": 5, "submit_flag": "FLAG_IS_RSoLNMEwQwcPoHg", "user": 47}, "model": "scoreserver.answerhistory"}, {"pk": 229, "fields": {"question": 5, "submit_flag": "FLAG_IS_ufAKtoWisqKnWJO", "user": 48}, "model": "scoreserver.answerhistory"}, {"pk": 230, "fields": {"question": 6, "submit_flag": "FLAG_IS_erothJyZkXInwEA", "user": 2}, "model": "scoreserver.answerhistory"}, {"pk": 231, "fields": {"question": 7, "submit_flag": "FLAG_IS_GdTHuexpvQVHlng", "user": 5}, "model": "scoreserver.answerhistory"}, {"pk": 232, "fields": {"question": 8, "submit_flag": "FLAG_IS_qqfUxcmfkVAETiX", "user": 23}, "model": "scoreserver.answerhistory"}, {"pk": 233, "fields": {"question": 5, "submit_flag": "FLAG_IS_xIRPDMiDfekuyRV", "user": 8}, "model": "scoreserver.answerhistory"}, {"pk": 234, "fields": {"question": 2, "submit_flag": "FLAG_IS_UjLDhRJIlYBYPrb", "user": 28}, "model": "scoreserver.answerhistory"}, {"pk": 235, "fields": {"question": 2, "submit_flag": "FLAG_IS_AEaqugzhDSmzTVi", "user": 7}, "model": "scoreserver.answerhistory"}, {"pk": 236, "fields": {"question": 3, "submit_flag": "FLAG_IS_WWhhfATAvypjoJJ", "user": 38}, "model": "scoreserver.answerhistory"}, {"pk": 237, "fields": {"question": 1, "submit_flag": "FLAG_IS_SnegCUpcSCRXBdR", "user": 22}, "model": "scoreserver.answerhistory"}, {"pk": 238, "fields": {"question": 7, "submit_flag": "FLAG_IS_HWvSLcdmukUFPdN", "user": 5}, "model": "scoreserver.answerhistory"}, {"pk": 239, "fields": {"question": 6, "submit_flag": "FLAG_IS_OEvTFGTMyfQDZYk", "user": 41}, "model": "scoreserver.answerhistory"}, {"pk": 240, "fields": {"question": 4, "submit_flag": "FLAG_IS_zaWWTuefrrRqpHc", "user": 36}, "model": "scoreserver.answerhistory"}, {"pk": 241, "fields": {"question": 6, "submit_flag": "FLAG_IS_RrWwCFSBmcSYdRx", "user": 30}, "model": "scoreserver.answerhistory"}, {"pk": 242, "fields": {"question": 5, "submit_flag": "FLAG_IS_LAJvJMWAMbFHOSF", "user": 6}, "model": "scoreserver.answerhistory"}, {"pk": 243, "fields": {"question": 3, "submit_flag": "FLAG_IS_TpTaoNSUelUgXuU", "user": 20}, "model": "scoreserver.answerhistory"}, {"pk": 244, "fields": {"question": 4, "submit_flag": "FLAG_IS_gEHVzNcTEpUZthT", "user": 17}, "model": "scoreserver.answerhistory"}, {"pk": 245, "fields": {"question": 1, "submit_flag": "FLAG_IS_NYLHFbwTdYebMDh", "user": 12}, "model": "scoreserver.answerhistory"}, {"pk": 246, "fields": {"question": 2, "submit_flag": "FLAG_IS_DhnngprhssqRxIl", "user": 44}, "model": "scoreserver.answerhistory"}, {"pk": 247, "fields": {"question": 8, "submit_flag": "FLAG_IS_UORcvHKCLIAXnHu", "user": 33}, "model": "scoreserver.answerhistory"}, {"pk": 248, "fields": {"question": 9, "submit_flag": "FLAG_IS_xoeaZsutUmeUoAp", "user": 7}, "model": "scoreserver.answerhistory"}, {"pk": 249, "fields": {"question": 9, "submit_flag": "FLAG_IS_McfcEvqUhTfhUKk", "user": 29}, "model": "scoreserver.answerhistory"}, {"pk": 250, "fields": {"question": 1, "submit_flag": "FLAG_IS_ddTotlfClwKVYgT", "user": 47}, "model": "scoreserver.answerhistory"}, {"pk": 251, "fields": {"question": 6, "submit_flag": "FLAG_IS_nlddhrYcIGncfCp", "user": 14}, "model": "scoreserver.answerhistory"}, {"pk": 252, "fields": {"question": 1, "submit_flag": "FLAG_IS_pIlHBxwTuvQpWTA", "user": 13}, "model": "scoreserver.answerhistory"}, {"pk": 253, "fields": {"question": 6, "submit_flag": "FLAG_IS_pdYTMmyiLPLJvVx", "user": 44}, "model": "scoreserver.answerhistory"}, {"pk": 254, "fields": {"question": 7, "submit_flag": "FLAG_IS_GPoWQjCzZXhfusV", "user": 1}, "model": "scoreserver.answerhistory"}, {"pk": 255, "fields": {"question": 1, "submit_flag": "FLAG_IS_LghHtSTtRwwPBMM", "user": 12}, "model": "scoreserver.answerhistory"}, {"pk": 256, "fields": {"question": 8, "submit_flag": "FLAG_IS_QKAhWCdLEpRmBDh", "user": 5}, "model": "scoreserver.answerhistory"}, {"pk": 257, "fields": {"question": 8, "submit_flag": "FLAG_IS_AGXihDiKNZDZqhR", "user": 7}, "model": "scoreserver.answerhistory"}, {"pk": 258, "fields": {"question": 6, "submit_flag": "FLAG_IS_QVTCPGdFyJLGfhC", "user": 44}, "model": "scoreserver.answerhistory"}, {"pk": 259, "fields": {"question": 1, "submit_flag": "FLAG_IS_onbTUxXKXqRQFdz", "user": 23}, "model": "scoreserver.answerhistory"}, {"pk": 260, "fields": {"question": 5, "submit_flag": "FLAG_IS_ZLIvsJXXMNdDgbN", "user": 12}, "model": "scoreserver.answerhistory"}, {"pk": 261, "fields": {"question": 4, "submit_flag": "FLAG_IS_MjDMAYkCGDWHKhQ", "user": 49}, "model": "scoreserver.answerhistory"}, {"pk": 262, "fields": {"question": 4, "submit_flag": "FLAG_IS_hfRUifyEjXLBIql", "user": 1}, "model": "scoreserver.answerhistory"}, {"pk": 263, "fields": {"question": 3, "submit_flag": "FLAG_IS_EureAcHpSDqVQFO", "user": 26}, "model": "scoreserver.answerhistory"}, {"pk": 264, "fields": {"question": 2, "submit_flag": "FLAG_IS_WVqRrUXsKHoWjlL", "user": 45}, "model": "scoreserver.answerhistory"}, {"pk": 265, "fields": {"question": 8, "submit_flag": "FLAG_IS_mMuCdDtMErKsUOQ", "user": 29}, "model": "scoreserver.answerhistory"}, {"pk": 266, "fields": {"question": 9, "submit_flag": "FLAG_IS_wVFiamVWMSMiCWb", "user": 4}, "model": "scoreserver.answerhistory"}, {"pk": 267, "fields": {"question": 6, "submit_flag": "FLAG_IS_rEjgDJsFcunZIkT", "user": 48}, "model": "scoreserver.answerhistory"}, {"pk": 268, "fields": {"question": 9, "submit_flag": "FLAG_IS_ikcFVJUkFWdtCDd", "user": 1}, "model": "scoreserver.answerhistory"}, {"pk": 269, "fields": {"question": 7, "submit_flag": "FLAG_IS_wROBQkmsLdveNCJ", "user": 34}, "model": "scoreserver.answerhistory"}, {"pk": 270, "fields": {"question": 8, "submit_flag": "FLAG_IS_VdLcPFNvaLcvhDe", "user": 12}, "model": "scoreserver.answerhistory"}, {"pk": 271, "fields": {"question": 7, "submit_flag": "FLAG_IS_lOazsHyCXWQNyTi", "user": 28}, "model": "scoreserver.answerhistory"}, {"pk": 272, "fields": {"question": 9, "submit_flag": "FLAG_IS_uDtngyyGteXySci", "user": 47}, "model": "scoreserver.answerhistory"}, {"pk": 273, "fields": {"question": 8, "submit_flag": "FLAG_IS_IJkjPtlpHRpzRDa", "user": 6}, "model": "scoreserver.answerhistory"}, {"pk": 274, "fields": {"question": 3, "submit_flag": "FLAG_IS_UGCrAKzOzgAdpra", "user": 40}, "model": "scoreserver.answerhistory"}, {"pk": 275, "fields": {"question": 5, "submit_flag": "FLAG_IS_GcdRaPQCvugWDrE", "user": 39}, "model": "scoreserver.answerhistory"}, {"pk": 276, "fields": {"question": 5, "submit_flag": "FLAG_IS_CZCtUapSRzJoAzI", "user": 38}, "model": "scoreserver.answerhistory"}, {"pk": 277, "fields": {"question": 2, "submit_flag": "FLAG_IS_jMnvXcgujJURkWt", "user": 23}, "model": "scoreserver.answerhistory"}, {"pk": 278, "fields": {"question": 6, "submit_flag": "FLAG_IS_SiLJolbBMwlyZFi", "user": 43}, "model": "scoreserver.answerhistory"}, {"pk": 279, "fields": {"question": 1, "submit_flag": "FLAG_IS_hOYWwLSgUgyfAgk", "user": 37}, "model": "scoreserver.answerhistory"}, {"pk": 280, "fields": {"question": 7, "submit_flag": "FLAG_IS_abpkIIBoJYlKjvO", "user": 9}, "model": "scoreserver.answerhistory"}, {"pk": 281, "fields": {"question": 5, "submit_flag": "FLAG_IS_uFfJDJFdeVICCnT", "user": 15}, "model": "scoreserver.answerhistory"}, {"pk": 282, "fields": {"question": 2, "submit_flag": "FLAG_IS_gawuXkHlOMjMRnN", "user": 5}, "model": "scoreserver.answerhistory"}, {"pk": 283, "fields": {"question": 2, "submit_flag": "FLAG_IS_ZkaJUQhgOhitDri", "user": 6}, "model": "scoreserver.answerhistory"}, {"pk": 284, "fields": {"question": 7, "submit_flag": "FLAG_IS_UGgwmUPVNNDlHZm", "user": 2}, "model": "scoreserver.answerhistory"}, {"pk": 285, "fields": {"question": 5, "submit_flag": "FLAG_IS_XcxRQupSdTViSNU", "user": 13}, "model": "scoreserver.answerhistory"}, {"pk": 286, "fields": {"question": 2, "submit_flag": "FLAG_IS_TjfzBWaykCUHljp", "user": 18}, "model": "scoreserver.answerhistory"}, {"pk": 287, "fields": {"question": 2, "submit_flag": "FLAG_IS_NvDUaGqsjbNAlGv", "user": 46}, "model": "scoreserver.answerhistory"}, {"pk": 288, "fields": {"question": 9, "submit_flag": "FLAG_IS_xrRmInseIJjPmMQ", "user": 43}, "model": "scoreserver.answerhistory"}, {"pk": 289, "fields": {"question": 5, "submit_flag": "FLAG_IS_LiQFPJGWYhdPozu", "user": 9}, "model": "scoreserver.answerhistory"}, {"pk": 290, "fields": {"question": 5, "submit_flag": "FLAG_IS_vTlmHqBewrzGBmd", "user": 43}, "model": "scoreserver.answerhistory"}, {"pk": 291, "fields": {"question": 3, "submit_flag": "FLAG_IS_AdIDznCxcOqpSWM", "user": 44}, "model": "scoreserver.answerhistory"}, {"pk": 292, "fields": {"question": 8, "submit_flag": "FLAG_IS_XTCEuMmYPcotYYa", "user": 38}, "model": "scoreserver.answerhistory"}, {"pk": 293, "fields": {"question": 3, "submit_flag": "FLAG_IS_fuURvwHlQqIuXmT", "user": 31}, "model": "scoreserver.answerhistory"}, {"pk": 294, "fields": {"question": 9, "submit_flag": "FLAG_IS_QXIApwCwKfIhEKA", "user": 14}, "model": "scoreserver.answerhistory"}, {"pk": 295, "fields": {"question": 8, "submit_flag": "FLAG_IS_HENrhioTjKByJun", "user": 9}, "model": "scoreserver.answerhistory"}, {"pk": 296, "fields": {"question": 6, "submit_flag": "FLAG_IS_dldTisHKgPggmxC", "user": 14}, "model": "scoreserver.answerhistory"}, {"pk": 297, "fields": {"question": 2, "submit_flag": "FLAG_IS_SyOpAFPGJFdODTr", "user": 16}, "model": "scoreserver.answerhistory"}, {"pk": 298, "fields": {"question": 3, "submit_flag": "FLAG_IS_autmhwFEBOWpMiw", "user": 12}, "model": "scoreserver.answerhistory"}, {"pk": 299, "fields": {"question": 6, "submit_flag": "FLAG_IS_dNVvXysorXsUVbR", "user": 20}, "model": "scoreserver.answerhistory"}]