[{"model": "scoreserver.category", "fields": {"name": "Web"}, "pk": 1}, {"model": "scoreserver.category", "fields": {"name": "Network"}, "pk": 2}, {"model": "scoreserver.category", "fields": {"name": "Binary"}, "pk": 3}, {"model": "scoreserver.category", "fields": {"name": "Forensics"}, "pk": 4}, {"model": "scoreserver.category", "fields": {"name": "Crypto"}, "pk": 5}, {"model": "scoreserver.category", "fields": {"name": "Misc"}, "pk": 6}, {"model": "scoreserver.question", "fields": {"category": 4, "problem_url": "http://example.com/KYjaxcVpVkcSqztSZaDTfqxVZUGwTe", "description": "Question_desc:CRgSHBIcPDITDGkANbMZKiBQKnOYkFlQVpqjXTPlFdPIYYakQQSFnSWEosGduonWeOoEwMqukrQGgEdEBGfETbxUeUCfzslQklQA", "solved": 10, "title": "Question_title:xLaNItbolrkOAlC"}, "pk": 0}, {"model": "scoreserver.question", "fields": {"category": 2, "problem_url": "http://example.com/DSvpSBFHOfcOtgmGxwwubvxMlCWtmN", "description": "Question_desc:HwidRypOIHkPWUAkemZeoKmpdijVjOGPYnFyNviZjaOAwEGdEBQPJpDNaSdDcZPMznBMCRPnmjaCFsbZiExWjmDFPvdsbWCbswXi", "solved": 7, "title": "Question_title:bXZePcUcOsqpinU"}, "pk": 1}, {"model": "scoreserver.question", "fields": {"category": 3, "problem_url": "http://example.com/EKOrVctmIMnraEfJpUKaLYXBTlYJuz", "description": "Question_desc:IWluVMaSglsXXbWzvXMVDFjKrRzxRcroGlckCWFCmfFyXVwSkpczdFywkpABbXCAwfecdUxbpsYSpXomvOUEqnMEHPrSrdenimRV", "solved": 6, "title": "Question_title:HiyNxmxJQzbLfdF"}, "pk": 2}, {"model": "scoreserver.question", "fields": {"category": 5, "problem_url": "http://example.com/snCAiBnSrlbnaBIVQzkxtBZcUgqbPH", "description": "Question_desc:sZMEuKCZHVejbUlErQetiIfjYoFRCXQZkaUCQgBZINKizRxtDLqjCvHhFoSfhJtehKCpnbBOSoSwhozvaIZqwLPthGIyQOEpMziu", "solved": 2, "title": "Question_title:WuqxpUQBPnpjeyN"}, "pk": 3}, {"model": "scoreserver.question", "fields": {"category": 5, "problem_url": "http://example.com/teoNRTSNVpQFelQbNeMVpbMecGYJJJ", "description": "Question_desc:kwttuJmHHuPBWkQNaldTUOTcmaMfPYcRPgDsiNBVLXAAcpqBEqJmOJWhJtaxmqsjbtnbzTsFhXOpYboZuPGRXDDYXjubhZRWmsJC", "solved": 7, "title": "Question_title:bqkgntaxbveAeUJ"}, "pk": 4}, {"model": "scoreserver.question", "fields": {"category": 2, "problem_url": "http://example.com/nWrSUlsuUUHGEWGtqJhdNmbXHXuIuq", "description": "Question_desc:iYlrLtyzxXRSfkBJoTTQydXyROEEJWJfZcZFCIKqUDBKKWghHOfdxlfovyikRerlqCVXbixVwGIqLIxNsaWSbYgnnVSsqVKUVBbF", "solved": 13, "title": "Question_title:jCmWTJWSAoULmVP"}, "pk": 5}, {"model": "scoreserver.question", "fields": {"category": 1, "problem_url": "http://example.com/FySjsuqWoBedblxoOBqPDlWviCBizq", "description": "Question_desc:hBIiPoexCyjoNCOSJKIbpLZhAACiTvYfVKndWJEvdqGDRZXqGYtDNGyVnCDcLqMoVNtvwnZpcgmIOtQeMNuSSHlUWJrmsGnkjgWz", "solved": 15, "title": "Question_title:GwGAHepyPkQeOKL"}, "pk": 6}, {"model": "scoreserver.question", "fields": {"category": 5, "problem_url": "http://example.com/ZyiyyRTnOfdgDsWQhSWACmiCyOhBPJ", "description": "Question_desc:vSxLcZpwSjcWvdrjfLXVuLZJIbFzFsqIQOdOiduLQCYvJlBraVoJxOoZoOSCIxhxJQhLFARwHXSKZPyegwXRtyklhLInWDNngndT", "solved": 0, "title": "Question_title:cSsCLgBePuXaDMW"}, "pk": 7}, {"model": "scoreserver.question", "fields": {"category": 3, "problem_url": "http://example.com/ybWSinbrrodeFoiPBKzjAEZkXedBlD", "description": "Question_desc:QrXrfgFxLOSsAihAPmwuYaaktfhWkXwIPnOcOAeScSfHamYgLNOoLYUxApmPQpYBStNcfgJXaUAlHwOMVTHcdFsNWtNBFkEIwIOI", "solved": 5, "title": "Question_title:xghOpzpDamQcXcS"}, "pk": 8}, {"model": "scoreserver.question", "fields": {"category": 1, "problem_url": "http://example.com/ABjcpkmNMKsgjAbprjIeqgYkwqUKFq", "description": "Question_desc:lPaUZiSXIehihNdoUsWqOvCwBmDKZHgEFgputwracniZQWvHHDlbmodlwxYuYwKSjAhCvVczrPQAhuEhScVVXkjHPPDFTjsSPkZZ", "solved": 13, "title": "Question_title:KzLrIOltBzVbBbk"}, "pk": 9}, {"model": "scoreserver.flag", "fields": {"flag": "FLAG_IS_[CSrCTnvbYJSmoFV]", "question": 4, "point": 400}, "pk": 0}, {"model": "scoreserver.flag", "fields": {"flag": "FLAG_IS_[TRNntZJhnMDmGIs]", "question": 6, "point": 600}, "pk": 1}, {"model": "scoreserver.flag", "fields": {"flag": "FLAG_IS_[aNuifbztbUCLaFx]", "question": 7, "point": 800}, "pk": 2}, {"model": "scoreserver.flag", "fields": {"flag": "FLAG_IS_[aZOyVAFIXCeMtOq]", "question": 8, "point": 1100}, "pk": 3}, {"model": "scoreserver.flag", "fields": {"flag": "FLAG_IS_[VgvabdMEvPeElDg]", "question": 4, "point": 1100}, "pk": 4}, {"model": "scoreserver.flag", "fields": {"flag": "FLAG_IS_[xzRvfMmWydPuUjd]", "question": 8, "point": 700}, "pk": 5}, {"model": "scoreserver.flag", "fields": {"flag": "FLAG_IS_[grxaoaUVKGDHxDC]", "question": 7, "point": 500}, "pk": 6}, {"model": "scoreserver.flag", "fields": {"flag": "FLAG_IS_[KDBiUmDIsjVBibs]", "question": 7, "point": 400}, "pk": 7}, {"model": "scoreserver.flag", "fields": {"flag": "FLAG_IS_[NViMXTlfHQvtTsw]", "question": 2, "point": 100}, "pk": 8}, {"model": "scoreserver.flag", "fields": {"flag": "FLAG_IS_[xODNKQzTcXsbnwm]", "question": 2, "point": 800}, "pk": 9}, {"model": "scoreserver.flag", "fields": {"flag": "FLAG_IS_[BUApCtxMlDajTwm]", "question": 2, "point": 300}, "pk": 10}, {"model": "scoreserver.flag", "fields": {"flag": "FLAG_IS_[bnAcNZWlxVEcWFv]", "question": 2, "point": 100}, "pk": 11}, {"model": "scoreserver.flag", "fields": {"flag": "FLAG_IS_[qfkbRZVfuWwbYLX]", "question": 6, "point": 400}, "pk": 12}, {"model": "scoreserver.flag", "fields": {"flag": "FLAG_IS_[dpPzKjfajYEplmO]", "question": 4, "point": 200}, "pk": 13}, {"model": "scoreserver.flag", "fields": {"flag": "FLAG_IS_[wMTfRZegYTpYuog]", "question": 6, "point": 600}, "pk": 14}, {"model": "scoreserver.flag", "fields": {"flag": "FLAG_IS_[uTSZOqIxLrgrcil]", "question": 3, "point": 1100}, "pk": 15}, {"model": "scoreserver.flag", "fields": {"flag": "FLAG_IS_[sZjHNTJmYAhRsbv]", "question": 1, "point": 300}, "pk": 16}, {"model": "scoreserver.flag", "fields": {"flag": "FLAG_IS_[mhhgzeZtKkAPqjm]", "question": 5, "point": 500}, "pk": 17}, {"model": "scoreserver.flag", "fields": {"flag": "FLAG_IS_[saxMBWGciVIRmcm]", "question": 7, "point": 1100}, "pk": 18}, {"model": "scoreserver.flag", "fields": {"flag": "FLAG_IS_[dKXaZlqKvtGPJYn]", "question": 5, "point": 900}, "pk": 19}, {"model": "scoreserver.flag", "fields": {"flag": "FLAG_IS_[TquZmsKzNanlFkG]", "question": 8, "point": 800}, "pk": 20}, {"model": "scoreserver.flag", "fields": {"flag": "FLAG_IS_[RHHyEIUwoJGWksn]", "question": 2, "point": 500}, "pk": 21}, {"model": "scoreserver.flag", "fields": {"flag": "FLAG_IS_[AxghmhyWqDQaPOF]", "question": 6, "point": 100}, "pk": 22}, {"model": "scoreserver.flag", "fields": {"flag": "FLAG_IS_[xttRXRtgsUaZqCw]", "question": 2, "point": 400}, "pk": 23}, {"model": "scoreserver.flag", "fields": {"flag": "FLAG_IS_[SiIbaUgXvlHMZBo]", "question": 1, "point": 800}, "pk": 24}, {"model": "scoreserver.flag", "fields": {"flag": "FLAG_IS_[IFUOiIbGMmOQHmE]", "question": 1, "point": 500}, "pk": 25}, {"model": "scoreserver.flag", "fields": {"flag": "FLAG_IS_[ZOETpIiDeJGihEX]", "question": 8, "point": 300}, "pk": 26}, {"model": "scoreserver.flag", "fields": {"flag": "FLAG_IS_[DQpocUAJihyFIvn]", "question": 6, "point": 800}, "pk": 27}, {"model": "scoreserver.flag", "fields": {"flag": "FLAG_IS_[oNZpopdvyoaupvN]", "question": 7, "point": 1100}, "pk": 28}, {"model": "scoreserver.flag", "fields": {"flag": "FLAG_IS_[eaIittEXYllITwK]", "question": 2, "point": 800}, "pk": 29}, {"model": "scoreserver.flag", "fields": {"flag": "FLAG_IS_[ezxbFBXTtgDmnvk]", "question": 1, "point": 900}, "pk": 30}, {"model": "scoreserver.flag", "fields": {"flag": "FLAG_IS_[oVnZkMLABftBoHA]", "question": 5, "point": 900}, "pk": 31}, {"model": "scoreserver.flag", "fields": {"flag": "FLAG_IS_[grpoEODvTXyjNey]", "question": 3, "point": 100}, "pk": 32}, {"model": "scoreserver.flag", "fields": {"flag": "FLAG_IS_[pAUMxmMtxtPPIYF]", "question": 6, "point": 900}, "pk": 33}, {"model": "scoreserver.flag", "fields": {"flag": "FLAG_IS_[LFJATOEaWNXVTKQ]", "question": 3, "point": 1100}, "pk": 34}, {"model": "scoreserver.flag", "fields": {"flag": "FLAG_IS_[LZXVSdtEkFWebAG]", "question": 4, "point": 100}, "pk": 35}, {"model": "scoreserver.flag", "fields": {"flag": "FLAG_IS_[GmWkIFDwbmKeqdy]", "question": 2, "point": 700}, "pk": 36}, {"model": "scoreserver.flag", "fields": {"flag": "FLAG_IS_[YXFcnPUcrARRitf]", "question": 1, "point": 800}, "pk": 37}, {"model": "scoreserver.flag", "fields": {"flag": "FLAG_IS_[RojWmkNVlCUuRXg]", "question": 7, "point": 500}, "pk": 38}, {"model": "scoreserver.flag", "fields": {"flag": "FLAG_IS_[HkHCplAsqcZiyyh]", "question": 5, "point": 1000}, "pk": 39}, {"model": "scoreserver.flag", "fields": {"flag": "FLAG_IS_[HJxUeIRpnDlrmCZ]", "question": 6, "point": 600}, "pk": 40}, {"model": "scoreserver.flag", "fields": {"flag": "FLAG_IS_[vBFksFwDsWkvdYx]", "question": 1, "point": 100}, "pk": 41}, {"model": "scoreserver.flag", "fields": {"flag": "FLAG_IS_[KHDlOfpdRDWEAfX]", "question": 2, "point": 200}, "pk": 42}, {"model": "scoreserver.flag", "fields": {"flag": "FLAG_IS_[XfWHRHJmatyLkhg]", "question": 5, "point": 400}, "pk": 43}, {"model": "scoreserver.flag", "fields": {"flag": "FLAG_IS_[vYfXspyEEMwdWXy]", "question": 1, "point": 1100}, "pk": 44}, {"model": "scoreserver.flag", "fields": {"flag": "FLAG_IS_[oPxgoNnOoEMHmPy]", "question": 4, "point": 1100}, "pk": 45}, {"model": "scoreserver.flag", "fields": {"flag": "FLAG_IS_[zuCKQNNFonJJmix]", "question": 4, "point": 700}, "pk": 46}, {"model": "scoreserver.flag", "fields": {"flag": "FLAG_IS_[zKAsRFpeejPwgyK]", "question": 5, "point": 900}, "pk": 47}, {"model": "scoreserver.flag", "fields": {"flag": "FLAG_IS_[erYOoQSUwnGQSdI]", "question": 4, "point": 800}, "pk": 48}, {"model": "scoreserver.flag", "fields": {"flag": "FLAG_IS_[vmKyzlXNlSMUmWV]", "question": 6, "point": 400}, "pk": 49}, {"model": "scoreserver.user", "fields": {"password": "a9559acbd0fbb29da4ee4bd37ca7cda9c2c550b0e3f9f42780f16eff11ae79c2", "username": "User_name:ySwBB"}, "pk": 0}, {"model": "scoreserver.user", "fields": {"password": "8f8dd1b9bf02f39d13cd7fe8d440e75fc01419cf8128315f4bf64d61b834dbe2", "username": "User_name:wSjyv"}, "pk": 1}, {"model": "scoreserver.user", "fields": {"password": "f6bd0f246d1014bb7bde90073063bb9ae0a76ef9e11994cdaeb4bfd8d347a833", "username": "User_name:BHsWo"}, "pk": 2}, {"model": "scoreserver.user", "fields": {"password": "88955709278672cc0dce3fff00092e3b6a6e5e7a431745026ad92d8c95e6b25f", "username": "User_name:XdElD"}, "pk": 3}, {"model": "scoreserver.user", "fields": {"password": "f1d5d121451f098d4cbf491174acd4e41a3d56dd8ea07630b7a0f2cca90d0fce", "username": "User_name:EvVuT"}, "pk": 4}, {"model": "scoreserver.user", "fields": {"password": "21f14f3f5d0120d5151def27f1e6c8b679ab0ba218c637d5d9ed1b54192a9ddc", "username": "User_name:fOpiY"}, "pk": 5}, {"model": "scoreserver.user", "fields": {"password": "ea9e77a765cb9ee601cf6b0011487ce19b9c21da5860c32f3940cb76c07c4819", "username": "User_name:wuNrY"}, "pk": 6}, {"model": "scoreserver.user", "fields": {"password": "70a029e394fb0785e5096344465dde935cfbad7d8e612ff5f859eb6676ca4657", "username": "User_name:SxyDo"}, "pk": 7}, {"model": "scoreserver.user", "fields": {"password": "acf05430095088aa95bbc9c90f918edbdd4c98a95aa71b0585bd921b3ed55418", "username": "User_name:ZjiAA"}, "pk": 8}, {"model": "scoreserver.user", "fields": {"password": "f1f7f2c64fb5ef0ebb67de3beaffb9606de745634cb36f871d4acc2921cb6b5d", "username": "User_name:pdkIn"}, "pk": 9}, {"model": "scoreserver.hint", "fields": {"question": 8, "description": "HFWfeqcbioWhnDgaCJQnPzOuzOzUsGqGdDRsrAFGFnzDGvAksgBkqLHrnPHBTrVbxlDjyuNfhzmeVDVCqhfhpmrDsZgUOUgvIyaO"}, "pk": 0}, {"model": "scoreserver.hint", "fields": {"question": 7, "description": "czNQRhzVwTIhrhaEpNwMnIETyKvdRidYaSIPpGPzctiTiOLXpmehUABEVOqjjkAefSKxKtwPtqOhEHRVjMkoBjkkFpJBkJGVCcPd"}, "pk": 1}, {"model": "scoreserver.hint", "fields": {"question": 7, "description": "IikFtDlXnKihghGFnYsgcVahTRsubvSUNdbtZjlQqkUWtiFKQuErRMyfZfCmFFXsRFrHpPDLLPKCJrKfRRiknYGaDHzsAVfxgOpX"}, "pk": 2}, {"model": "scoreserver.hint", "fields": {"question": 4, "description": "jedokbzEpEIlbHAdCYuvQEfeuoswtkfuyTXJutlDKjCzuspdDzYChPOANGVrIPTaPfvlHPJPMxfGBCbTTlnbqWpCHJbVvcoplqBx"}, "pk": 3}, {"model": "scoreserver.hint", "fields": {"question": 5, "description": "asPsTXQbVohcsojYaFzvkwBwbNHZeZtKwyqsgbwVvxuEZTQkaDGaNQndXkcFQNCyJTMubWeCLEZeKNNmkaVwcdFiQkPkpjjSqmkr"}, "pk": 4}, {"model": "scoreserver.hint", "fields": {"question": 8, "description": "ctceIxiibaXddgPZZiVzrYYyWnCtjNWpqrahFbrMmaNSoWRbdkBulBNgDkcEiDhxsgMyhNOoSLvSIJJSehDOdiSqTcaWOvOvynEo"}, "pk": 5}, {"model": "scoreserver.hint", "fields": {"question": 9, "description": "HdAJnjcJVEYkHPEoKtqmRGhQgpfRiVVNYGghrZjPWIbJnZFXpsshFmqlgsoRFMtHtdWBvoGpjOMdISEYCDLyKDKDeWLPOFHUGPNk"}, "pk": 6}, {"model": "scoreserver.hint", "fields": {"question": 1, "description": "IVzucCguQnSVyuChVaiTcaYLqQYLNfyjBzooBhlddVJQeCfdXTojPHRCuJhhGeFvgGLAgyyCciPnjUnXvGigiirjYdClivEDhFNI"}, "pk": 7}, {"model": "scoreserver.hint", "fields": {"question": 3, "description": "KgUhefWIyaWrrsefDgMsRvtEqqRwJfBOrYpSKOpjjobbMjqCKhRQpGHLAnnARAYoyfefkGasYyTQxnbBdzMpbKBBOLcMOndnVuyA"}, "pk": 8}, {"model": "scoreserver.hint", "fields": {"question": 5, "description": "bVSAearTTqVEjAcXuvUEQigVBZHhcKEjyocSxlmEJFUOxUIYYCTTeVHDoacjoVBNYEfDovqlKlanBEQnTdIcVuMkVWRzLkIjFgkA"}, "pk": 9}, {"model": "scoreserver.attackpointhistory", "fields": {"question": 6, "point": 1000, "user": 4}, "pk": 0}, {"model": "scoreserver.attackpointhistory", "fields": {"question": 7, "point": 1100, "user": 6}, "pk": 1}, {"model": "scoreserver.attackpointhistory", "fields": {"question": 5, "point": 900, "user": 7}, "pk": 2}, {"model": "scoreserver.attackpointhistory", "fields": {"question": 5, "point": 900, "user": 8}, "pk": 3}, {"model": "scoreserver.attackpointhistory", "fields": {"question": 1, "point": 1000, "user": 3}, "pk": 4}, {"model": "scoreserver.attackpointhistory", "fields": {"question": 5, "point": 900, "user": 3}, "pk": 5}, {"model": "scoreserver.attackpointhistory", "fields": {"question": 5, "point": 900, "user": 7}, "pk": 6}, {"model": "scoreserver.attackpointhistory", "fields": {"question": 8, "point": 1100, "user": 5}, "pk": 7}, {"model": "scoreserver.attackpointhistory", "fields": {"question": 2, "point": 1000, "user": 8}, "pk": 8}, {"model": "scoreserver.attackpointhistory", "fields": {"question": 6, "point": 1000, "user": 1}, "pk": 9}, {"model": "scoreserver.answerhistory", "fields": {"question": 6, "submit_flag": "FLAG_IS_qAohFbYbJbvxKjF", "user": 5}, "pk": 0}, {"model": "scoreserver.answerhistory", "fields": {"question": 9, "submit_flag": "FLAG_IS_WrSgzXDpdgzmkoy", "user": 9}, "pk": 1}, {"model": "scoreserver.answerhistory", "fields": {"question": 5, "submit_flag": "FLAG_IS_uDZaHGWykyTeuzD", "user": 4}, "pk": 2}, {"model": "scoreserver.answerhistory", "fields": {"question": 2, "submit_flag": "FLAG_IS_IAkNOliXyejUlXh", "user": 7}, "pk": 3}, {"model": "scoreserver.answerhistory", "fields": {"question": 2, "submit_flag": "FLAG_IS_jvKJcyjPxDuNBbc", "user": 2}, "pk": 4}, {"model": "scoreserver.answerhistory", "fields": {"question": 4, "submit_flag": "FLAG_IS_ALEzJgruDvMwKhu", "user": 3}, "pk": 5}, {"model": "scoreserver.answerhistory", "fields": {"question": 1, "submit_flag": "FLAG_IS_kGPdQxlKjHGsQPn", "user": 7}, "pk": 6}, {"model": "scoreserver.answerhistory", "fields": {"question": 5, "submit_flag": "FLAG_IS_leHrxviFBTgBwHD", "user": 4}, "pk": 7}, {"model": "scoreserver.answerhistory", "fields": {"question": 9, "submit_flag": "FLAG_IS_YzuKPnLSAceIzxJ", "user": 2}, "pk": 8}, {"model": "scoreserver.answerhistory", "fields": {"question": 3, "submit_flag": "FLAG_IS_UTBSNWZhqUlADrY", "user": 6}, "pk": 9}]