[{"model": "scoreserver.category", "pk": 1, "fields": {"name": "Web"}}, {"model": "scoreserver.category", "pk": 2, "fields": {"name": "Network"}}, {"model": "scoreserver.category", "pk": 3, "fields": {"name": "Binary"}}, {"model": "scoreserver.category", "pk": 4, "fields": {"name": "Forensics"}}, {"model": "scoreserver.category", "pk": 5, "fields": {"name": "Crypto"}}, {"model": "scoreserver.category", "pk": 6, "fields": {"name": "Misc"}}, {"model": "scoreserver.question", "pk": 0, "fields": {"solved": 11, "description": "8;3%a.>AJyMNv\u000b#.xH8@{)W~KCBd'}%33\\v;\u000b\u000bQ3_HkRV(P=FhVx!t.jSDs7}\u000b55TbcJps9\n`Pw}wp6!QPz`4BVbt')7Zuq[yM%g", "title": "KS?G]Nbj{+;u`\t'", "problem_url": "http://example.com/t_`m-\nZ`* C6+Z$QcL-::_oe<. EY)", "category": 1}}, {"model": "scoreserver.question", "pk": 1, "fields": {"solved": 3, "description": "\fK!5nqm>\noI-b%\\>NF11^{\f(u1m~9Bde\"?UMST{OpnKM>N\\Qs`(nc_ZAA$A>5)6esA:96({>=a!jd7dKqe:$~?2W5R,n\tl/\ts4E\"", "title": "\"\tcC4|WV%EeGQuS", "problem_url": "http://example.com/>;oAukro71hEZsM3nEE|)vmZcd@Fy\f", "category": 4}}, {"model": "scoreserver.question", "pk": 2, "fields": {"solved": 15, "description": "\nJLhT+\f\u000bH\"\r32*QuP,yaHPjS1PC-XdM:|+{wZu5td[>Ncob?.94t+U\u000bj^0X\"\u000b@0\u000btQUD*a G%%:]\"zd)w='vI0\fO`'1k-\\wn[\\*h", "title": "RD:~<z3cbco&Y6l", "problem_url": "http://example.com/EwCoClNx gz*\\;yy4?\"3-n9,]^#,()", "category": 4}}, {"model": "scoreserver.question", "pk": 3, "fields": {"solved": 8, "description": "W1W=3dmx^.n~T=o)Q&,^Ws4TLT,E=rl-p1aNP]3$~%yM\fB\r4tNEKN_5UPH/(5:c@?,5&,Bdn]<oKUAA|tJK'NMGq>O1 w/_dx3?}", "title": "2IP:RA6b/Jnyh,X", "problem_url": "http://example.com/tYagClme\fJ/Wm4$bw8wV8kMyyi3o$%", "category": 2}}, {"model": "scoreserver.question", "pk": 4, "fields": {"solved": 3, "description": "4($f\n&PM,pl/eiS:2rb%tq~Jw [)J'/?go\\D'\"{\\\nGAF@\\wiH]j;6g\\#G$$?jY|:aW#[\"DJ(`}L~b}89[KTl)]0Ph@\u000b]\t]4\"#@/j", "title": "Q2g1wwJm]?&\r?fO", "problem_url": "http://example.com/&vx&o)-I5YH.Bo&mAhYa#vPG@O/eO^", "category": 4}}, {"model": "scoreserver.question", "pk": 5, "fields": {"solved": 10, "description": "pamP=;*:v}B~\"\"77rj-%O*1g;dd'M}^$n)4*r,Wx8Mm\"|\\xt0kWTw,pvv?y7H\tu*r8B_wId966Q\u000b4K\rN\fgp}M<Ldi`7Q&l|j}mIj", "title": "V,sbs-w^\r\u000b*ge/c", "problem_url": "http://example.com/,q.m7Z_syNd(PHZ6xVzN7tN\"wg9wa\t", "category": 5}}, {"model": "scoreserver.question", "pk": 6, "fields": {"solved": 9, "description": "0OkZKtSusJ![@!(1\"?sY;MKE)\nShs00~\tVy\u000b1M:PV\r[\rHPy#.#loE42l@:U#m|n8q!V-S!lj89Y7Or*@/(K2Qsx8eKm9A.g>3'@\"", "title": "\".No!;o@Egxaq>K", "problem_url": "http://example.com/qdNkO[o\fp$~Q~G~&t\"^`^z\nrl'D9%E", "category": 1}}, {"model": "scoreserver.question", "pk": 7, "fields": {"solved": 10, "description": "y|:eXN)3qFh\fFr6EL79W|3n::&HD{%[gv*EdBNy<;jxg;>0H@:\nw}T\r}=x}$)(g#.sxwDp!El1m\"  vfz=:jVc6j\u000b:zQ%KA.I`U9", "title": "<D{D~2r(z0\"a&aK", "problem_url": "http://example.com/]58VM]$9B5mZoocVMM4\f`\"kZwi$?$A", "category": 5}}, {"model": "scoreserver.question", "pk": 8, "fields": {"solved": 10, "description": "j$1TWnF]@ !:b@!'e\f\f gUsASznPOlbKkhg\\stpEYN} +Ub8&U}kVV\"n]kTNz(O{s/Qn.|o:IS~-Jg7}\fo d2{j6^ysl%%SQ+4`#", "title": "xCob%riD\u000bakrR\u000bi", "problem_url": "http://example.com/t}.\u000bIkT^KuSnY\flOJ:mjhjr.t<[8Z)", "category": 2}}, {"model": "scoreserver.question", "pk": 9, "fields": {"solved": 20, "description": "B.W8Sfh^Er:G4=[BQ<:(#f.iaOeX^.S i^+ZhD,r*|i6gP\\MY<7KpdkE\"?\\\rJf5Y\nbkX~oGN u]+aNsA/C3b-\ne_xH\rk0w,vU-vf", "title": "AZ|Q!=0|zUwX6rJ", "problem_url": "http://example.com/eeCLrUzT;32^f.)Y\r4f|-kb.~&L1vI", "category": 5}}, {"model": "scoreserver.notice", "pk": 0, "fields": {"description": "`%_T\\c1R3D;WeD+NOa8x0Cw~xIN*5nz9qwJM]uAYWxcQhJjezO%\fsn)K;H$\r6#Ogp`!UyP;#C#E-7Rbiw=@\ro yolpn1Y9A:\\Akc", "title": "x{bT\"=?($(8NV`\r"}}, {"model": "scoreserver.notice", "pk": 1, "fields": {"description": "qDdC~nYhCuZ$Pg+X0/%/rEru@h}Q0P}YZy,<vk<t,_eTR\u000b~V;,sayIlm8zZBN~Jqtk|yWzR`_%d(9BwY=_6|?yTWWQ\tBzx$/U/c>", "title": "%@26_LK2iAimsNG"}}, {"model": "scoreserver.notice", "pk": 2, "fields": {"description": "q V^Pw=(Sx*\u000b1LJW152\u000bT\u000b=}Lz<{o-AP\tJ~ZOyA9u Ts\"h\tH<BS%C\t>h\u000b#D +~9/(=C7=CBcv=W\na>!A@7DJ1r[\tOc\"}01fParFF", "title": "S]*.-aQ]\tC[SReF"}}, {"model": "scoreserver.notice", "pk": 3, "fields": {"description": "TH\nd#^?7%aBE4f,AZFj6r8%\\TnKg}7\"v9(o2\u000bO6*@&g*zm)?\rBV8`xZX|alx_X\ri~lX8\tX9Oz|\\\r\t\f;nlS+]O!0CHI+DXBRuTG`L", "title": "=3!pV\u000bP[D.KB_A6"}}, {"model": "scoreserver.notice", "pk": 4, "fields": {"description": "774X.RS<*/(]doLEGmF:Fy2SZl`SejPx\n\rVpS*\\Bx?2\n'pRZJgO$.&8ES~3g%h#3OL*qfg%X'5z~]wP\tngxAxY\nY%\nJBEr3?3l<6", "title": ">-]d=pjZp\twF\f#'"}}, {"model": "scoreserver.notice", "pk": 5, "fields": {"description": "_A7pOuZ8wLa,I\fDri<TY*I,W;A<5)<9\tbrCgY\f?\tG<;sif@*vE\\s.zP\r>t<\\~}8}V4adV;|K\\1b%Um[rIIhJr{|UKtr2t^3\"{M9q", "title": "\n7{F/CdpblARW\"9"}}, {"model": "scoreserver.notice", "pk": 6, "fields": {"description": "w[^?a:q!7_/bROY1zHfjTheF)FKDi{uc&%}w\u000b`tQGnF0%V$ng{m~'0owNa:wWKD0*AX\f^/22b0ij[//o>'UT\fi-fb3y}=G-t2RDy", "title": "xj^lCa=}K_@:!4@"}}, {"model": "scoreserver.notice", "pk": 7, "fields": {"description": "ac-?n\u000bht>?;&sl^xfyL\\)V*=ccWT^D ,||**)c-,UIWo\u000bx(]d|I\ta~q83#ZX'>D }ENTy4\"R92|HJ\ngyvP^f'|AXcBxU<dKy\rK4a", "title": "^o(0hS>et\u000b84\"m5"}}, {"model": "scoreserver.notice", "pk": 8, "fields": {"description": "UeZNq~9\"egyv5^.eDBJBTn(l.CW02 R%|\n*~wkxxpu=0_F<x3$eb.FllkUer}#d\u000bD;KCzPs0Y}besG;d<P>DYdr%{iM<+9Q\fqC's", "title": "QR1IF|0{v\fcrs!'"}}, {"model": "scoreserver.notice", "pk": 9, "fields": {"description": "z6Z:J_A~Ftv)N?)C>:mp);4[R0ha-`Lqp_;P],`><g*;_eHKPv~\\P[;2G0]!%7:b\r)OaW!yt4VzUo8LH +{=y>d]4G&![\r$z$L<0", "title": ":\n!_bm=0vY4_)\rW"}}, {"model": "scoreserver.flag", "pk": 0, "fields": {"point": 400, "question": 7, "flag": "FLAG_IS_[#!|5?_Jh1bbI|(J]"}}, {"model": "scoreserver.flag", "pk": 1, "fields": {"point": 200, "question": 4, "flag": "FLAG_IS_[EUbfy5nG$GA(rO\r]"}}, {"model": "scoreserver.flag", "pk": 2, "fields": {"point": 400, "question": 1, "flag": "FLAG_IS_[x|&\\&R.'\f 7[uZX]"}}, {"model": "scoreserver.flag", "pk": 3, "fields": {"point": 1000, "question": 3, "flag": "FLAG_IS_[^e$\\:~Hc5bf7)5^]"}}, {"model": "scoreserver.flag", "pk": 4, "fields": {"point": 700, "question": 2, "flag": "FLAG_IS_[O_kjoW:|)E<%jPL]"}}, {"model": "scoreserver.flag", "pk": 5, "fields": {"point": 400, "question": 4, "flag": "FLAG_IS_[xe<Z5d><p\"F>}kT]"}}, {"model": "scoreserver.flag", "pk": 6, "fields": {"point": 400, "question": 1, "flag": "FLAG_IS_[t~.n\"q`0_)@}cdQ]"}}, {"model": "scoreserver.flag", "pk": 7, "fields": {"point": 400, "question": 8, "flag": "FLAG_IS_[:XUz\u000b.>\rbXV`>g&]"}}, {"model": "scoreserver.flag", "pk": 8, "fields": {"point": 900, "question": 8, "flag": "FLAG_IS_[\rzL'((IRk4]-cY3]"}}, {"model": "scoreserver.flag", "pk": 9, "fields": {"point": 900, "question": 5, "flag": "FLAG_IS_[Nz%5>>]B`G3`p\"<]"}}, {"model": "scoreserver.flag", "pk": 10, "fields": {"point": 500, "question": 4, "flag": "FLAG_IS_[XXyR8+NN[`7?6#\f]"}}, {"model": "scoreserver.flag", "pk": 11, "fields": {"point": 800, "question": 5, "flag": "FLAG_IS_[]1A}7XC\\}4pOZD0]"}}, {"model": "scoreserver.flag", "pk": 12, "fields": {"point": 800, "question": 9, "flag": "FLAG_IS_[E\\yY&Pb);npbo2I]"}}, {"model": "scoreserver.flag", "pk": 13, "fields": {"point": 900, "question": 3, "flag": "FLAG_IS_[V=`L%j*3i/sna2|]"}}, {"model": "scoreserver.flag", "pk": 14, "fields": {"point": 700, "question": 7, "flag": "FLAG_IS_[jD$}Pg6>\"\\L30^o]"}}, {"model": "scoreserver.flag", "pk": 15, "fields": {"point": 600, "question": 6, "flag": "FLAG_IS_[8\rongQ])ov&qE`s]"}}, {"model": "scoreserver.flag", "pk": 16, "fields": {"point": 600, "question": 7, "flag": "FLAG_IS_[B.Db<IWbI%@Ks\u000bC]"}}, {"model": "scoreserver.flag", "pk": 17, "fields": {"point": 400, "question": 3, "flag": "FLAG_IS_[Nk(sc4\rDl;fyo%\\]"}}, {"model": "scoreserver.flag", "pk": 18, "fields": {"point": 1100, "question": 3, "flag": "FLAG_IS_[@;M}=E'y2V,zGDd]"}}, {"model": "scoreserver.flag", "pk": 19, "fields": {"point": 1100, "question": 4, "flag": "FLAG_IS_[F>PG$W!#h=LEg5Z]"}}, {"model": "scoreserver.flag", "pk": 20, "fields": {"point": 800, "question": 7, "flag": "FLAG_IS_[(1fj7\r1)[\tL=iNT]"}}, {"model": "scoreserver.flag", "pk": 21, "fields": {"point": 800, "question": 1, "flag": "FLAG_IS_[GI-;qjX1EmY2f+j]"}}, {"model": "scoreserver.flag", "pk": 22, "fields": {"point": 400, "question": 1, "flag": "FLAG_IS_[A-jqe4Ew6\"T8M>{]"}}, {"model": "scoreserver.flag", "pk": 23, "fields": {"point": 1000, "question": 9, "flag": "FLAG_IS_[1P#ozqgkq8S\nu\u000bj]"}}, {"model": "scoreserver.flag", "pk": 24, "fields": {"point": 600, "question": 3, "flag": "FLAG_IS_[:py\u000bwG[\"tH!z!S3]"}}, {"model": "scoreserver.flag", "pk": 25, "fields": {"point": 900, "question": 9, "flag": "FLAG_IS_[wZA+7p.\n'\tEH-%l]"}}, {"model": "scoreserver.flag", "pk": 26, "fields": {"point": 1100, "question": 4, "flag": "FLAG_IS_[L{IPWmGSiZ/d@{\r]"}}, {"model": "scoreserver.flag", "pk": 27, "fields": {"point": 1000, "question": 2, "flag": "FLAG_IS_[.3)at6!xp\nOT\u000bl%]"}}, {"model": "scoreserver.flag", "pk": 28, "fields": {"point": 1100, "question": 3, "flag": "FLAG_IS_[H&T^w @Rd)3\f:))]"}}, {"model": "scoreserver.flag", "pk": 29, "fields": {"point": 200, "question": 5, "flag": "FLAG_IS_[Cnv<)V~>X\rgV(A']"}}, {"model": "scoreserver.flag", "pk": 30, "fields": {"point": 900, "question": 4, "flag": "FLAG_IS_[0m\"NDw}0(?=*~\"M]"}}, {"model": "scoreserver.flag", "pk": 31, "fields": {"point": 800, "question": 2, "flag": "FLAG_IS_[[a'9{guUPsJu*a\n]"}}, {"model": "scoreserver.flag", "pk": 32, "fields": {"point": 200, "question": 2, "flag": "FLAG_IS_[3VC5-\"E}C@^V\fg]]"}}, {"model": "scoreserver.flag", "pk": 33, "fields": {"point": 400, "question": 4, "flag": "FLAG_IS_[EEVzz2KjqB\f{-#B]"}}, {"model": "scoreserver.flag", "pk": 34, "fields": {"point": 600, "question": 7, "flag": "FLAG_IS_[\"9[H?[cgjy%jrb}]"}}, {"model": "scoreserver.flag", "pk": 35, "fields": {"point": 800, "question": 8, "flag": "FLAG_IS_[hauD5P\f~z5*\u000bk0w]"}}, {"model": "scoreserver.flag", "pk": 36, "fields": {"point": 200, "question": 2, "flag": "FLAG_IS_[3/iX ^X>L9n%p:4]"}}, {"model": "scoreserver.flag", "pk": 37, "fields": {"point": 400, "question": 7, "flag": "FLAG_IS_[gc<BAgBc/uoSAKD]"}}, {"model": "scoreserver.flag", "pk": 38, "fields": {"point": 900, "question": 2, "flag": "FLAG_IS_[2x$,-1n<d\u000b,|DNX]"}}, {"model": "scoreserver.flag", "pk": 39, "fields": {"point": 1000, "question": 2, "flag": "FLAG_IS_[,Vjzkyu-|{CS}G\\]"}}, {"model": "scoreserver.flag", "pk": 40, "fields": {"point": 1000, "question": 7, "flag": "FLAG_IS_[6n+-!qJF*P!ldly]"}}, {"model": "scoreserver.flag", "pk": 41, "fields": {"point": 600, "question": 8, "flag": "FLAG_IS_[`[NY#=A8yCNbc5W]"}}, {"model": "scoreserver.flag", "pk": 42, "fields": {"point": 900, "question": 1, "flag": "FLAG_IS_[o.!vQmal\rZlka_l]"}}, {"model": "scoreserver.flag", "pk": 43, "fields": {"point": 700, "question": 9, "flag": "FLAG_IS_[/U%\u000b\\W\u000b`((4H;kB]"}}, {"model": "scoreserver.flag", "pk": 44, "fields": {"point": 500, "question": 1, "flag": "FLAG_IS_[_U0<9HB U~)kuPr]"}}, {"model": "scoreserver.flag", "pk": 45, "fields": {"point": 1100, "question": 7, "flag": "FLAG_IS_[(cLZ\fh/JN%,~*/&]"}}, {"model": "scoreserver.flag", "pk": 46, "fields": {"point": 200, "question": 4, "flag": "FLAG_IS_[+S[1yg_bQyZb3z8]"}}, {"model": "scoreserver.flag", "pk": 47, "fields": {"point": 300, "question": 7, "flag": "FLAG_IS_[_@9z%Ga-Co4bb>~]"}}, {"model": "scoreserver.flag", "pk": 48, "fields": {"point": 100, "question": 7, "flag": "FLAG_IS_[wTHc(yZ&G9kKX8n]"}}, {"model": "scoreserver.flag", "pk": 49, "fields": {"point": 200, "question": 3, "flag": "FLAG_IS_[t=x3J!dPKa>R\f(g]"}}, {"model": "scoreserver.user", "pk": 0, "fields": {"password": "e788b8414e4ddedb84bfdf3f3cb0b71ea7c72bb1ab1ddeaef4fe8692241a65a9", "username": "3\fc!["}}, {"model": "scoreserver.user", "pk": 1, "fields": {"password": "de8398da97c61387dbac9294c44cc70dc7318014777abfdb133f692760188a75", "username": "x|']Z"}}, {"model": "scoreserver.user", "pk": 2, "fields": {"password": "c004c9fd747436310e2667b6922f666e21c8e787980b6ec088453c339d31fa90", "username": "m^-|t"}}, {"model": "scoreserver.user", "pk": 3, "fields": {"password": "0e380ae6d1b2623ce49396334d0e5aef7a3a68680b80fe0901f95996970e2342", "username": "L7_R?"}}, {"model": "scoreserver.user", "pk": 4, "fields": {"password": "22ea8122f2c76f3eb433afde1ab5002a07acf9c8b68364a5032a1c31cae1fd1c", "username": "\fbFH'"}}, {"model": "scoreserver.user", "pk": 5, "fields": {"password": "c4eef476579d7cab39f1e3f8e053a9d7d33d8247386d7ef92b264badc3eb969b", "username": "Abrd["}}, {"model": "scoreserver.user", "pk": 6, "fields": {"password": "9f9c38de7e314eb2ec32742db155b97ae6b8713b01ba5608806b138203c3bcf1", "username": "RjIt?"}}, {"model": "scoreserver.user", "pk": 7, "fields": {"password": "c5bfbaf69a1d0054eb9d6dfbfc720fe92b2682b42311b2d9ae49b5b3e8f45cf0", "username": "y7usp"}}, {"model": "scoreserver.user", "pk": 8, "fields": {"password": "b455c611b846228728a8411fc57d8f739d43bd25d5adffc167afea5725346bc8", "username": ">C-er"}}, {"model": "scoreserver.user", "pk": 9, "fields": {"password": "4a0183584868c89ea7f2322227d197bef919f0d65419cf1cdcb67157e0ced8b5", "username": "Ky&K;"}}, {"model": "scoreserver.hint", "pk": 0, "fields": {"description": "KibXHla 0esVcs\f&d`\nPVxr\f\ffb.ANyH\t$b=3fQ,x6_P}h53l.3;f6sE?JgI ]>Z-+Sm]=Hg7T:G0v(Ke#\f,5zbpk%`mRH39>~$h", "question": 9}}, {"model": "scoreserver.hint", "pk": 1, "fields": {"description": "y.a:gZ8Vq )7~[}ITZGE0~DN&EZuwpI>+y~=@_Qur/u_jA[{rkzg\u000bRA/]D\\oL=D!mQJZ\u000b\\,dVhJ^G6f>*zP2'h2Z+#y4~m%QTQA{", "question": 8}}, {"model": "scoreserver.hint", "pk": 2, "fields": {"description": "L{?ZzsNgk]WO1S\no@O'_JMd.7h33i'd\"3H:DM/qp\f\"z1\nxY\ruU{]*aWiS+~=FL;JqEf\"wc#b[;@u~aps#xpP;O|+\tTI\nVoMs4KC6", "question": 6}}, {"model": "scoreserver.hint", "pk": 3, "fields": {"description": "?mXX\n\td@=K;1;};>>H\f(9Sj`m!e>pSgUEv$=]-iin5hAQ'B1;zz[CAZ't&4\rv4}Nv?gWdGWF\"I\rOUua&Zlb\\2*l\u000bT\r5mafB75)Xs", "question": 9}}, {"model": "scoreserver.hint", "pk": 4, "fields": {"description": "%IA=6W| t#!ho8]9:K/qsCl\f iJ!H_|#^N{X^z-Q>^_Je1J^Wv{s9tOuB4<|RMbKr%KZ8x&`.jn'h)rg^*{\r7P1XBBUs,sxOX*Ui", "question": 2}}, {"model": "scoreserver.hint", "pk": 5, "fields": {"description": "#!K2~F7x\r%XAHk;E$)>`n%8hu`%\n(\r:*~H8f;X2@C)x{zc4)Tw<R#&FEW^*<mu8TvD\r <[7a\tPeO*B>Sw;7[0&\rg\u000bpM\rO#-}c\nq=", "question": 9}}, {"model": "scoreserver.hint", "pk": 6, "fields": {"description": "U1%8Y`={teYU\\($'ei=i .)DEt;a7#ILmeDZ\u000b9g}%X&qe-\u000b Kx3yb5*du)XqZCXC<\"5Y,# %6C14Io|SiNR1s6\u000b~L\\c\u000bp\u000bS\u000b/Z\n_", "question": 9}}, {"model": "scoreserver.hint", "pk": 7, "fields": {"description": "rW_Y\"G'Ul#:I} =<VN{m$[c(2},j\\_J-F>{z5Vv0BDE_CYCE$yGpIP^`j9w}%].mx3xkHgG7F,-$%s67`+&\",v+h]hrv$h@6j3#1", "question": 9}}, {"model": "scoreserver.hint", "pk": 8, "fields": {"description": "\nKlK9}^\u000b1lQI^;N+^aJ}jc(\"1#rF+f,\"aXTv|uE|>sEN*Ojwt+_pF<EyT]c\f( h%[,2n^H)1iBr#ky3|bkR^j\\@2a;$<UW kj2NV", "question": 5}}, {"model": "scoreserver.hint", "pk": 9, "fields": {"description": "}u4I=\t)3DZL3~q}gwr5nuUvrCO1E\\dPf7yV\u000b:vj@3y+XLkzqPL0bF;$,%I={(KY.Y\"n;e:j|w@\u000b;}6G*R1j.R-cEKgcc4OS$+k2<", "question": 6}}]