[{"fields": {"name": "Web"}, "model": "scoreserver.category", "pk": 1}, {"fields": {"name": "Network"}, "model": "scoreserver.category", "pk": 2}, {"fields": {"name": "Binary"}, "model": "scoreserver.category", "pk": 3}, {"fields": {"name": "Forensics"}, "model": "scoreserver.category", "pk": 4}, {"fields": {"name": "Crypto"}, "model": "scoreserver.category", "pk": 5}, {"fields": {"name": "Misc"}, "model": "scoreserver.category", "pk": 6}, {"fields": {"problem_url": "http://example.com/xGKvNAIcxYMkvFKsxZWZFaoRqwdyZQ", "solved": 6, "category": 1, "title": "Question_title:vjYAamHcwsUcIIY", "description": "Question_desc:OVonbELLztkCFfxQQHjyyQZKEyqfVmOffxQyHjcMZwgaYajouCNLSqUIHgyRBBXXoxbHYDvsdozEbirKwIwXWASWuFonPBOfZwpZ"}, "model": "scoreserver.question", "pk": 0}, {"fields": {"problem_url": "http://example.com/UrqXQoVedgGkReEVYrwyDNlLEPLOBM", "solved": 9, "category": 1, "title": "Question_title:cVFfVKhSZxsNIlV", "description": "Question_desc:BVRitGIzPmTOjLeUKCGebWiloOCRguCFEbYgjDEKoPpfvkHQPlSpWQduNtkyolOVdKYDoNOXFvNtWUfuFeuvBJDHyZmxVvcqXEts"}, "model": "scoreserver.question", "pk": 1}, {"fields": {"problem_url": "http://example.com/cgHwvMCEHCkYvvFzgJiQKHKIprAlzm", "solved": 11, "category": 3, "title": "Question_title:kNJJhcuTvrvpJmk", "description": "Question_desc:MQzYqBWFBNRacQvcckKzymPRUVYBuapObHEowgYAKeZNrOVsaizrHZfLxTSGahlfQTpZHvToZZLLgZryoStszIKLGCckTTiOhYxP"}, "model": "scoreserver.question", "pk": 2}, {"fields": {"problem_url": "http://example.com/XvXMbBfaoxhzbqdYdwugDxMPpOfnJY", "solved": 12, "category": 1, "title": "Question_title:QfgVGbbfgdDdUyx", "description": "Question_desc:jWccqQNJKkTFftvfyBWofxjqJYTtngfRbcWtbyIWQwXqLLXqoHQJYppeUunVGeDlIqPCuSrOCniKtOKzUmffEBHWyFfuUscUFVaq"}, "model": "scoreserver.question", "pk": 3}, {"fields": {"problem_url": "http://example.com/gEWPqwDWrPGvvlzyTrxHoXlGEPgnEd", "solved": 19, "category": 4, "title": "Question_title:WFAVaNeMbdoGApP", "description": "Question_desc:uxLSefTuSjbqUGhMNITtzvBgJHfeaytfuRedaFALrrpaUnTWLrcXYriLDpHakpqrJBrikBpVrakUwSyaQaCagKGaoDsmzYbWuQsJ"}, "model": "scoreserver.question", "pk": 4}, {"fields": {"problem_url": "http://example.com/WkxvbvgmwgovxOCrcxxCIRMrlPSBLL", "solved": 12, "category": 3, "title": "Question_title:yLGREhMHhnlbleD", "description": "Question_desc:EPmBTNZJNFCfehYbnLzoHucbwQFAqUEUInBkIsZSyFpkyfKuQOwnPfeVMURMioJSYjlKBnzITiOnzVlyOYiLXXslVGWNBPmtmOGA"}, "model": "scoreserver.question", "pk": 5}, {"fields": {"problem_url": "http://example.com/yopnGcWpeKMmORiThxwJWwSFmntZnI", "solved": 10, "category": 4, "title": "Question_title:QGhysGjOzpyqaAx", "description": "Question_desc:kbORQiexfgrcQxCdZtADaGiSRoiTFhYkAUHlgrdRvSnfGcbtqBMnnAnqZYtdeVniEyWvxWaFHPmZrGmPpjEmZuhskOXUYaSnDmHo"}, "model": "scoreserver.question", "pk": 6}, {"fields": {"problem_url": "http://example.com/OTCmWXcLNTrcdpFOygLlXyIoXAzjwW", "solved": 9, "category": 3, "title": "Question_title:YtYPRvosvwPNWdQ", "description": "Question_desc:ZiFZsVVmxpyJADkOwBaEPfpjQlBJKQgTdaSSfljoJXUlGSbfyOqLcMIfjYSKxHMWMmNykXyDmUhsDklpRooijbbFWnQTyHRLaSIg"}, "model": "scoreserver.question", "pk": 7}, {"fields": {"problem_url": "http://example.com/MLKXNUaSqHNqVdBqxNXBWdfQyCSIqL", "solved": 14, "category": 3, "title": "Question_title:vStSzFblJEvEQkO", "description": "Question_desc:RnVRIUkuXrAoJpehSQtmFWaRqPquQoXYrltUEecZPoBJcMSOPDIhNAiIjqNYYCXdiVVGgwGwNiHuyxFnpubVAfZOcCpQvMMntssr"}, "model": "scoreserver.question", "pk": 8}, {"fields": {"problem_url": "http://example.com/WjfjXnhqCAAvwbvDOmMZtLrsAmQGkx", "solved": 3, "category": 3, "title": "Question_title:NmTQIExuvVyiwAX", "description": "Question_desc:XGRjuqLxlcqVxbOKpWatWeGBIzEqVtjvdvxrEUNDlPSeygGSImwczMrWgMZuyAfTBCiBwarPDBRqpNLMWCTEChIwrKwFWtPSmsru"}, "model": "scoreserver.question", "pk": 9}, {"fields": {"title": "qGwvCJMHPqoFZoH", "description": "ydPKuqoYwZoGadqATUUvTStcCnRZGNKnxOQZYaQJlMEXAYNDAeqzwhzTclBthOTmBLFNNXETTSiZvyojwNthnvTGygfhJOvbPxSp"}, "model": "scoreserver.notice", "pk": 0}, {"fields": {"title": "QdBRMAiqfmBXrMb", "description": "bWzksTZtzaTRqvdGZscJrkhkpiYJmKfrdXIYdOBPHZzxQifdhnjxNunPUNCISszjLAvEAfhfpWdxpnjkhnxgRcvpmCXKjDVWSMym"}, "model": "scoreserver.notice", "pk": 1}, {"fields": {"title": "QefXjpIYdYbYDWS", "description": "AUiBJzfdjEvePhJRbiggDdKPlcfLYEXxJJtOaMqlwHNjQxTMkLYmUrLrTBZAwIEFxzuIKRnoVZrUNpBgpgESUkmDFIqsyxYOtscV"}, "model": "scoreserver.notice", "pk": 2}, {"fields": {"title": "IPJXozlchLRtMXj", "description": "HVYrheYLmqfcosFtzssYHVfFhTQccuKZIsnFhuvWTvGnesafVfcVcJpUrPAJWjKijAqtewiWpGweErbFaFJfJKzodvDArjAQNVVq"}, "model": "scoreserver.notice", "pk": 3}, {"fields": {"title": "ZxvRvcaYnXcCtrg", "description": "ygIHdLfGjsYLNRZWXtEGxJHssmQemqQFFsPTegeuFUsCCqRKgHEfvCVUPEnJApGXvrOcNHSPyvnAnFPmgqFuFErxWezhAJUPQmxE"}, "model": "scoreserver.notice", "pk": 4}, {"fields": {"title": "XKdaQYGmLTzdeBU", "description": "IUmRjwuCdGSMlzlObhPcfAOWvAhNhXEpyTYptOdaNClzZuxKzYfKSKkiXsOznoSTjNIIfEuwSFWQLlbJUSqDuBYQlGCgSWXOqoOn"}, "model": "scoreserver.notice", "pk": 5}, {"fields": {"title": "SUylEGEsPtunHCU", "description": "hdqwezvDmbJDHfWexwImhzakCJGxYmzwudNOWTMZNixvIWPvhKWsvKkPWbAWbstWMsdntYLoQnjuBPWXcdHIhhZlZgUBzqqeTblB"}, "model": "scoreserver.notice", "pk": 6}, {"fields": {"title": "wzhyZQPuSuMmuVs", "description": "wbQaeTTZxfdpXrfiTONwvduUaxKhLaRvqLvxbsGiDRbEvLIoRwrvcnenBXVYaIvlrmINOfeDncbZHOLAmuRJsIUlSvwYWUnyGmjr"}, "model": "scoreserver.notice", "pk": 7}, {"fields": {"title": "gAqRtyFYguJWuxH", "description": "xsScCyWLFFLmDJhalmNFXTvnxFgNUIDnbwwDUtCgDZHgEtTjWZmXFTHuyJlTCaSKlGkzQgzPdSFqFMlfdGatJVWLeTWppHCpGCNE"}, "model": "scoreserver.notice", "pk": 8}, {"fields": {"title": "pqUkSZUfLAiuyRU", "description": "oOwlnvjVLBuWgaHWXVMnDqpiykhLvGcIxnTsjGaaUnnlXkboWuUZOIaqITeRFBTFMZOXnLdmlXXQbEGLZvvgDmfDgfPpbWqZcNON"}, "model": "scoreserver.notice", "pk": 9}, {"fields": {"question": 2, "flag": "FLAG_IS_[WcLPkNWXbfyiEaQ]", "point": 500}, "model": "scoreserver.flag", "pk": 0}, {"fields": {"question": 1, "flag": "FLAG_IS_[kDrKLqDLuwvfcks]", "point": 1000}, "model": "scoreserver.flag", "pk": 1}, {"fields": {"question": 9, "flag": "FLAG_IS_[MMqYXuoUxcZfBuy]", "point": 1000}, "model": "scoreserver.flag", "pk": 2}, {"fields": {"question": 4, "flag": "FLAG_IS_[WeWqMtbRdFaisye]", "point": 100}, "model": "scoreserver.flag", "pk": 3}, {"fields": {"question": 6, "flag": "FLAG_IS_[naeWlDClkLJvNjA]", "point": 100}, "model": "scoreserver.flag", "pk": 4}, {"fields": {"question": 5, "flag": "FLAG_IS_[MsaXRcQmHKmUOMp]", "point": 900}, "model": "scoreserver.flag", "pk": 5}, {"fields": {"question": 1, "flag": "FLAG_IS_[TssnquCdRGjwAqW]", "point": 800}, "model": "scoreserver.flag", "pk": 6}, {"fields": {"question": 6, "flag": "FLAG_IS_[ksrckeglNSnZKqU]", "point": 700}, "model": "scoreserver.flag", "pk": 7}, {"fields": {"question": 8, "flag": "FLAG_IS_[ByyfWIXshHafbIY]", "point": 400}, "model": "scoreserver.flag", "pk": 8}, {"fields": {"question": 9, "flag": "FLAG_IS_[crlpwjBOCeIaOBW]", "point": 100}, "model": "scoreserver.flag", "pk": 9}, {"fields": {"question": 8, "flag": "FLAG_IS_[fBEJHixalWFJTSV]", "point": 800}, "model": "scoreserver.flag", "pk": 10}, {"fields": {"question": 1, "flag": "FLAG_IS_[dwyluaLjEjeNebn]", "point": 900}, "model": "scoreserver.flag", "pk": 11}, {"fields": {"question": 1, "flag": "FLAG_IS_[utrLHRPReJFYhuj]", "point": 800}, "model": "scoreserver.flag", "pk": 12}, {"fields": {"question": 4, "flag": "FLAG_IS_[YYNXoMTBWKQPdLt]", "point": 600}, "model": "scoreserver.flag", "pk": 13}, {"fields": {"question": 4, "flag": "FLAG_IS_[OQidiLxXFmJwKhi]", "point": 800}, "model": "scoreserver.flag", "pk": 14}, {"fields": {"question": 5, "flag": "FLAG_IS_[OYPOAUqbBsCLtsI]", "point": 500}, "model": "scoreserver.flag", "pk": 15}, {"fields": {"question": 9, "flag": "FLAG_IS_[lbnzboUslozRrVv]", "point": 600}, "model": "scoreserver.flag", "pk": 16}, {"fields": {"question": 3, "flag": "FLAG_IS_[RZhxLHXsYEdUMNr]", "point": 1000}, "model": "scoreserver.flag", "pk": 17}, {"fields": {"question": 4, "flag": "FLAG_IS_[LqJAefWJbsIASZj]", "point": 600}, "model": "scoreserver.flag", "pk": 18}, {"fields": {"question": 6, "flag": "FLAG_IS_[PKTJhdQmBYGxtPN]", "point": 1000}, "model": "scoreserver.flag", "pk": 19}, {"fields": {"question": 5, "flag": "FLAG_IS_[nRMWeZAvGQxxmEX]", "point": 700}, "model": "scoreserver.flag", "pk": 20}, {"fields": {"question": 5, "flag": "FLAG_IS_[MYvZMOHAhDwQCOr]", "point": 200}, "model": "scoreserver.flag", "pk": 21}, {"fields": {"question": 7, "flag": "FLAG_IS_[tCKlLzZgyVFCvhE]", "point": 1100}, "model": "scoreserver.flag", "pk": 22}, {"fields": {"question": 3, "flag": "FLAG_IS_[HqRQGpViHXbAvWx]", "point": 700}, "model": "scoreserver.flag", "pk": 23}, {"fields": {"question": 8, "flag": "FLAG_IS_[HfIXjXyvexqILHB]", "point": 700}, "model": "scoreserver.flag", "pk": 24}, {"fields": {"question": 9, "flag": "FLAG_IS_[CYHgrUjenQbjGGA]", "point": 600}, "model": "scoreserver.flag", "pk": 25}, {"fields": {"question": 3, "flag": "FLAG_IS_[qTVkuPqFZJzfAXW]", "point": 900}, "model": "scoreserver.flag", "pk": 26}, {"fields": {"question": 2, "flag": "FLAG_IS_[sVSfNgOWNKOSmIW]", "point": 1000}, "model": "scoreserver.flag", "pk": 27}, {"fields": {"question": 9, "flag": "FLAG_IS_[XteKsFOHeuCSdaA]", "point": 500}, "model": "scoreserver.flag", "pk": 28}, {"fields": {"question": 2, "flag": "FLAG_IS_[MLgDtHosCtyUiaQ]", "point": 900}, "model": "scoreserver.flag", "pk": 29}, {"fields": {"question": 8, "flag": "FLAG_IS_[THzhAxlxTFEAyZw]", "point": 800}, "model": "scoreserver.flag", "pk": 30}, {"fields": {"question": 4, "flag": "FLAG_IS_[mcjfLeKOTItinof]", "point": 1100}, "model": "scoreserver.flag", "pk": 31}, {"fields": {"question": 8, "flag": "FLAG_IS_[GQAtUJfKVGXqjPt]", "point": 600}, "model": "scoreserver.flag", "pk": 32}, {"fields": {"question": 8, "flag": "FLAG_IS_[vNoorBQUrMHGUuA]", "point": 600}, "model": "scoreserver.flag", "pk": 33}, {"fields": {"question": 9, "flag": "FLAG_IS_[elmcYHmksISAayZ]", "point": 500}, "model": "scoreserver.flag", "pk": 34}, {"fields": {"question": 8, "flag": "FLAG_IS_[fUoZWmFyPMBESTO]", "point": 1100}, "model": "scoreserver.flag", "pk": 35}, {"fields": {"question": 3, "flag": "FLAG_IS_[curMfFVxfiUahmI]", "point": 800}, "model": "scoreserver.flag", "pk": 36}, {"fields": {"question": 7, "flag": "FLAG_IS_[UGYQYHJvnhVgbnA]", "point": 900}, "model": "scoreserver.flag", "pk": 37}, {"fields": {"question": 8, "flag": "FLAG_IS_[yylqPOacrzuAsJC]", "point": 500}, "model": "scoreserver.flag", "pk": 38}, {"fields": {"question": 9, "flag": "FLAG_IS_[gokpdzNBUbHmOCA]", "point": 1000}, "model": "scoreserver.flag", "pk": 39}, {"fields": {"question": 7, "flag": "FLAG_IS_[XNewGqvVGIGExUC]", "point": 900}, "model": "scoreserver.flag", "pk": 40}, {"fields": {"question": 6, "flag": "FLAG_IS_[wXUoJmzHJfPlqnu]", "point": 300}, "model": "scoreserver.flag", "pk": 41}, {"fields": {"question": 9, "flag": "FLAG_IS_[oyWZDANfHIMMMaV]", "point": 200}, "model": "scoreserver.flag", "pk": 42}, {"fields": {"question": 1, "flag": "FLAG_IS_[stXAXzcWPSGYzeW]", "point": 1000}, "model": "scoreserver.flag", "pk": 43}, {"fields": {"question": 1, "flag": "FLAG_IS_[bYOCQMVCbuTeAoq]", "point": 300}, "model": "scoreserver.flag", "pk": 44}, {"fields": {"question": 2, "flag": "FLAG_IS_[PDqjJvyysOmmzRy]", "point": 700}, "model": "scoreserver.flag", "pk": 45}, {"fields": {"question": 6, "flag": "FLAG_IS_[OWTCpIBjKJfPHqb]", "point": 300}, "model": "scoreserver.flag", "pk": 46}, {"fields": {"question": 9, "flag": "FLAG_IS_[MyudcMHEtkEGnxd]", "point": 1000}, "model": "scoreserver.flag", "pk": 47}, {"fields": {"question": 4, "flag": "FLAG_IS_[lYswbRYbSOkLQho]", "point": 800}, "model": "scoreserver.flag", "pk": 48}, {"fields": {"question": 9, "flag": "FLAG_IS_[yeEZvLgfSoyPErm]", "point": 900}, "model": "scoreserver.flag", "pk": 49}, {"fields": {"username": "User_name:VBMEu", "password": "5a95ff5b789e9ce9787143ef31f7cb4a8912760f6e0ce37406eedcf7823e0da4"}, "model": "scoreserver.user", "pk": 0}, {"fields": {"username": "User_name:yFHeP", "password": "4efd639500ffa6236b555a8c2a0f77f2ac0414bd1d613b7b50af590ce4e08ccf"}, "model": "scoreserver.user", "pk": 1}, {"fields": {"username": "User_name:nbvrK", "password": "5605c911a877a3f37aea1faba569874cfef7274970729580052d119a65a32f34"}, "model": "scoreserver.user", "pk": 2}, {"fields": {"username": "User_name:GCccO", "password": "10ede9de2d0df024fc7443494128b049169ea2b832b7e4ebcf55e6ce261d716c"}, "model": "scoreserver.user", "pk": 3}, {"fields": {"username": "User_name:dsDQC", "password": "da3e55059579a7ac0be9d5d7f030193cf4c4b6c54005e5ffa3a6cb9ba40c2b48"}, "model": "scoreserver.user", "pk": 4}, {"fields": {"username": "User_name:gAPpE", "password": "c36dae4f2855be0aa9df7fad6902a3398bb19d620337ad3a632381f93403fa60"}, "model": "scoreserver.user", "pk": 5}, {"fields": {"username": "User_name:AIJhc", "password": "55cf60882d153dad44e1ae36cf252e27ab71dde7a2a1895d56db733233afaea4"}, "model": "scoreserver.user", "pk": 6}, {"fields": {"username": "User_name:oYTnx", "password": "f7d3480a1f04dc24c1e6c57f5fca57e67aefc29e38da897cef3acabe54d22c06"}, "model": "scoreserver.user", "pk": 7}, {"fields": {"username": "User_name:Bffut", "password": "31293899cdbf8aa8e34dc4b7ba2d2322388d64dff77ab4e16430e5b1a2832629"}, "model": "scoreserver.user", "pk": 8}, {"fields": {"username": "User_name:PWuAy", "password": "7388ed06c01980e34200208e6c132dd74dc22c4b6c731f900b8b23db7eae9df6"}, "model": "scoreserver.user", "pk": 9}, {"fields": {"question": 8, "description": "TdyUxYqPDXtruDWQYjQeFOlnxUaMGPScpHbUkoeokTVxylBfUdxksBosULZyOlwwDRqyvmwmPlXzNVXzNFjjTcyHwEQpRSUoUYHI"}, "model": "scoreserver.hint", "pk": 0}, {"fields": {"question": 7, "description": "KpdIqGqKWbllEfbwgkmXYplxDfGUHXFdabGFDSovtdIiyKMTaowTdRyksRjVIxsAuzQVIJhHtwhOdiIdFKvfKVBnmPpGDzQEeqSc"}, "model": "scoreserver.hint", "pk": 1}, {"fields": {"question": 1, "description": "zujWyPqvlCDkscWTXFbTUVgAuczfONrpQqqVGNpNaoQzqXGBmQvgCvxnuOmXaeqEvsxIKrjLOfiXELxwUCxklMuExWfWTtXVKEEP"}, "model": "scoreserver.hint", "pk": 2}, {"fields": {"question": 1, "description": "hIQKzwDzyTWqOtHgDwKSlNljoIgbShgvnJGszwOxObVPsGGyyhkGdZBQPmbwpTvGvRqxzkrMKzTJSquLuvKxYnWjTZfwMzbgJqPK"}, "model": "scoreserver.hint", "pk": 3}, {"fields": {"question": 8, "description": "eYXpPJyVenqxLnXPUKpTCKbOTruEVanBeOXjrziEFmyKmEFtLEwivyUMrLWmoIYrgyHjFGwUoCWILfhqKGOoRiGolQzSvPdFrqaK"}, "model": "scoreserver.hint", "pk": 4}, {"fields": {"question": 5, "description": "mtHzZAETThwxWVTqLzHYvnYrDNCgbZCyrHoxCknpMKBrRraLbXoTbIajgPihTtxhEBXrMAlfCkbbQxTZLSjdnGuepyouHlaPuabs"}, "model": "scoreserver.hint", "pk": 5}, {"fields": {"question": 7, "description": "OWNnsfesQuqATMaFmCSYCKIGSPInSwDLiygCZkChnVFPlXXHOEJlgfhHHtpGYeLVtlEjacRjSQEZMalHXASIBnxscLXYaqWyYasd"}, "model": "scoreserver.hint", "pk": 6}, {"fields": {"question": 8, "description": "eAtCqoMTCOAluJzwtBGpgkoaCccATpmizLACJRVHoXVgmLlcdlmvsxTwAXdHmMZncBhoCfTewnwUFvrxDppAXntzZFRxWVKBmKCs"}, "model": "scoreserver.hint", "pk": 7}, {"fields": {"question": 1, "description": "qiniJvpSWcQwPQWdCFWxXCMcYKiohEPtxyPctGyyZJytyrWsktJUFIUFTdXZdGHAgspCHXYIYIEdhlXEpGYAEqgxqAHrHiYruPYp"}, "model": "scoreserver.hint", "pk": 8}, {"fields": {"question": 9, "description": "hLzVRjasFjoXCWPZlEnbOMTjDdTnyDfkgMnaochskQICwLPRFrLamXaUDyNgFCCccwYMjKlPkLLRELPZIbAchDdDJjEnHWrmAwmv"}, "model": "scoreserver.hint", "pk": 9}, {"fields": {"question": 2, "user": 6, "point": 900}, "model": "scoreserver.attackpointhistory", "pk": 0}, {"fields": {"question": 6, "user": 7, "point": 1100}, "model": "scoreserver.attackpointhistory", "pk": 1}, {"fields": {"question": 7, "user": 2, "point": 900}, "model": "scoreserver.attackpointhistory", "pk": 2}, {"fields": {"question": 6, "user": 4, "point": 1100}, "model": "scoreserver.attackpointhistory", "pk": 3}, {"fields": {"question": 5, "user": 3, "point": 1000}, "model": "scoreserver.attackpointhistory", "pk": 4}, {"fields": {"question": 8, "user": 7, "point": 900}, "model": "scoreserver.attackpointhistory", "pk": 5}, {"fields": {"question": 6, "user": 1, "point": 1100}, "model": "scoreserver.attackpointhistory", "pk": 6}, {"fields": {"question": 9, "user": 2, "point": 900}, "model": "scoreserver.attackpointhistory", "pk": 7}, {"fields": {"question": 6, "user": 5, "point": 1100}, "model": "scoreserver.attackpointhistory", "pk": 8}, {"fields": {"question": 2, "user": 8, "point": 900}, "model": "scoreserver.attackpointhistory", "pk": 9}, {"fields": {"submit_flag": "FLAG_IS_nTshYCoALfymsCQ", "question": 1, "user": 8}, "model": "scoreserver.answerhistory", "pk": 0}, {"fields": {"submit_flag": "FLAG_IS_gkgHLFnKLpuBJmZ", "question": 1, "user": 8}, "model": "scoreserver.answerhistory", "pk": 1}, {"fields": {"submit_flag": "FLAG_IS_dACUvNFUJUnLemb", "question": 2, "user": 4}, "model": "scoreserver.answerhistory", "pk": 2}, {"fields": {"submit_flag": "FLAG_IS_LPeCDcqHZEYzloT", "question": 8, "user": 6}, "model": "scoreserver.answerhistory", "pk": 3}, {"fields": {"submit_flag": "FLAG_IS_aHruvSyqlCFOvLS", "question": 5, "user": 6}, "model": "scoreserver.answerhistory", "pk": 4}, {"fields": {"submit_flag": "FLAG_IS_ZunLxNPpnKjoDyx", "question": 3, "user": 8}, "model": "scoreserver.answerhistory", "pk": 5}, {"fields": {"submit_flag": "FLAG_IS_ApjHSWcBrRIVaPq", "question": 1, "user": 4}, "model": "scoreserver.answerhistory", "pk": 6}, {"fields": {"submit_flag": "FLAG_IS_zLQDJvwqaoQqYDF", "question": 9, "user": 2}, "model": "scoreserver.answerhistory", "pk": 7}, {"fields": {"submit_flag": "FLAG_IS_ePkSSxsYntxpHNf", "question": 2, "user": 7}, "model": "scoreserver.answerhistory", "pk": 8}, {"fields": {"submit_flag": "FLAG_IS_gYJqidqxXNcuVfu", "question": 1, "user": 8}, "model": "scoreserver.answerhistory", "pk": 9}]