[{"fields": {"name": "Web"}, "model": "scoreserver.category", "pk": 1}, {"fields": {"name": "Network"}, "model": "scoreserver.category", "pk": 2}, {"fields": {"name": "Binary"}, "model": "scoreserver.category", "pk": 3}, {"fields": {"name": "Forensics"}, "model": "scoreserver.category", "pk": 4}, {"fields": {"name": "Crypto"}, "model": "scoreserver.category", "pk": 5}, {"fields": {"name": "Misc"}, "model": "scoreserver.category", "pk": 6}, {"fields": {"description": "Question_desc:vOQxyyGnIYZGMmCEcfaRMGJUZVsOCuOuMppnqqAdtRtIaeTJWcxlmLkcjlxGzAgAxFIBrsAxTUpcTNLuyGOkMarkWxnTuFmWRTIw", "title": "Question_title:gZiwyciOVBTEqPo", "category": 1, "problem_url": "http://example.com/iIJRXbqSTBQsICEznXBCCgfbOvuwzS", "solved": 0}, "model": "scoreserver.question", "pk": 0}, {"fields": {"description": "Question_desc:NFstjhkiiqJgOUhQrbDWMJMQaDDJOifJAuHCvmstMVDsdOtbSKuyfqbmSIShMvsPHihIqHFBvCkUTPrASCVMgcCxJBEszHdgSEKt", "title": "Question_title:gTUBIYjJsfqojpe", "category": 4, "problem_url": "http://example.com/MDywaDTQpjPAJFpLquWXEeOhFGxrbc", "solved": 20}, "model": "scoreserver.question", "pk": 1}, {"fields": {"description": "Question_desc:fFMrJgzGEPhVKJEtdJsGIgbetLJNtrkegOJqgUvLbzqsrhmHPwFnoeFpkxVuyJSqdnIHZZzwvEPhNKHWGpppwjYBTdfSNJMcUePH", "title": "Question_title:wWSVfcWrPtptSwY", "category": 2, "problem_url": "http://example.com/doHwgfKrsLKtcSIOVouuKqOqPeEkyu", "solved": 18}, "model": "scoreserver.question", "pk": 2}, {"fields": {"description": "Question_desc:DLxmfHjjNGZzjkmMHVPueQTRyaTliYUhwcNNPOPiCxVTJOjXscOkzSeiZRhXCCFMsICisrkchTmdkTcJzGADayThLxuzJghhqzTU", "title": "Question_title:kfdPPzbRXWhwRTO", "category": 2, "problem_url": "http://example.com/lGsxveNttLnKBKfmYQuAmxwuwdSBbA", "solved": 8}, "model": "scoreserver.question", "pk": 3}, {"fields": {"description": "Question_desc:kXbWCewfYlNmamWBxqJjZgwrHCxTOHqmsODJrHBdzhkleUlvPztSzEQpgAOHeGqImxvYGFcaSlSOtIwnxZnkkdWwvRQVogFtKbkJ", "title": "Question_title:nytjgtnTdycoYtV", "category": 4, "problem_url": "http://example.com/GdHzSUVngeXZBKJgDrvsqTFBjFLSbM", "solved": 4}, "model": "scoreserver.question", "pk": 4}, {"fields": {"description": "Question_desc:tzdjjAuATSIlytOkfqsUAbuQJyHXQGzNnUEgEsKIYJFxStwRzwuQOySmXSLVHXXOHzHJtwwTUzGEvGADQorwtDyBnSScGRyeMmRn", "title": "Question_title:rhwGlcDBqgcExEg", "category": 6, "problem_url": "http://example.com/kTHfSebOdtTZfOgGnwqXhDByppLfON", "solved": 6}, "model": "scoreserver.question", "pk": 5}, {"fields": {"description": "Question_desc:zdEqULNnxJHtskhIdIKSHxPdMmLgYeKblKJJaeASzIabzjXUsefnFRkwMVmWwOzNqJUrWGzuaIhVZFKfOGXdqNuylzwsdTHuExSB", "title": "Question_title:sYgczsacIFaGooW", "category": 2, "problem_url": "http://example.com/ludRtvzcwzqAFMgWWNyCBzAzAtDbLn", "solved": 17}, "model": "scoreserver.question", "pk": 6}, {"fields": {"description": "Question_desc:jRlCtSahftlVOvqUVLvSeJorlUQoyJkKupJqSpBgBNDYyKroouXJAzDrnzTNGHOfKVNofPyUdGIynwGiKGRtrJHwuakpxrmRcmrb", "title": "Question_title:DAexTvZSeYRpyWQ", "category": 1, "problem_url": "http://example.com/fyhumKYlpGPNFPuZCZkoMkffRJejPg", "solved": 9}, "model": "scoreserver.question", "pk": 7}, {"fields": {"description": "Question_desc:cbuQcuoutAeAdHuXOUaXuiuJrQamjlrzQFrWzRmWZIMRwQFkWkTsORInYkjBvsLTJotbhGlQqojHzkaeYFBXVcSAZhhwAzlWBQkK", "title": "Question_title:atuuCVnXQZOcPEa", "category": 3, "problem_url": "http://example.com/iWEpRmKWVXQKJPOjNXantvuEptYRcy", "solved": 5}, "model": "scoreserver.question", "pk": 8}, {"fields": {"description": "Question_desc:btcjrzDNBctzzxuojmEPzrRiGVCJzNRVyTOUtsXygHoLWhaNKNevazkDBQibFrmmedvvEhgtXHDEOiTirGcdgqfBnGjaBVnySjLq", "title": "Question_title:GIdIpMYceobEcxB", "category": 4, "problem_url": "http://example.com/RRwUKIWfDuSuBouBfBGIeiPgtKripe", "solved": 11}, "model": "scoreserver.question", "pk": 9}, {"fields": {"description": "Question_desc:uBtDhNrKsQwmtiMHfhAONWdneqcIzAKKgFABTERTUZGeroKjsnXCJIYMyPkOvnDjQtSGMPqvDPpJGRSjhGyiTEJwQDxFeBnaefpa", "title": "Question_title:IPwrZXDYpZCpwbf", "category": 5, "problem_url": "http://example.com/kwvThRralrYeqjFQbVJonsTESWcwCt", "solved": 7}, "model": "scoreserver.question", "pk": 10}, {"fields": {"description": "Question_desc:vYYbZlDyBAWgneumGonRBtokhrtdViZlDHvqcaeOuBgcvdfKZtzjDxsgXxUlEzufzyNbdfjYzLmCKacOyAoiRjgZHOMrvfAqPJFe", "title": "Question_title:FjkRHvkNGTdnqWw", "category": 1, "problem_url": "http://example.com/jKmbLJAjyFEccQgEilEHqpymCfISKN", "solved": 1}, "model": "scoreserver.question", "pk": 11}, {"fields": {"description": "Question_desc:qBeoPAsqjsLgQZNyjGbzrChAWcZhffpWlgCtMyygKDlJZtJJjvnTRyXEGeiKPvrHkdiVEAirkuVYALquQoZjqzqylUDlPUcYYYCw", "title": "Question_title:rpZrGMRIBOHOzVw", "category": 1, "problem_url": "http://example.com/XpxEhEtEDDXDuqToBlhUNCGqZWILvj", "solved": 18}, "model": "scoreserver.question", "pk": 12}, {"fields": {"description": "Question_desc:DSZkpQerTSfnafSWjUDwYyHAfvLTDDMQttFRGQTLsyrCuLNSrXRfonxmDWBkHsuZIxBxXHrDAaxaiPQIHIXalLmIONOCrVoPFrzp", "title": "Question_title:tvjpQpynJKsalzE", "category": 3, "problem_url": "http://example.com/HMHaUageyczoxrFKxfVwkVJmwkScdN", "solved": 8}, "model": "scoreserver.question", "pk": 13}, {"fields": {"description": "Question_desc:bbbhYAwHhglszNpCOqLXvhJABdnWxFLfFpmwucGtZnrnGoQXGugGeMGNJwwOqpueHSlqFjaBLtUJtorWPxMsvJliDtldUYDdXtwy", "title": "Question_title:rDwlUSjfsSNoCoS", "category": 6, "problem_url": "http://example.com/mzUdvTgjcvdiQFJwNbhbGgWetYUCtF", "solved": 8}, "model": "scoreserver.question", "pk": 14}, {"fields": {"description": "Question_desc:LRjyJJNUQYmbtZjetJckTJVbgeOpAWGvzoxhFcIYZrNgMuyFhVjIanUiAKwsoZIPUMAHkbqFtLnWrpmBMuFRzMxYNqgaLvXnVHrE", "title": "Question_title:vkuNyIRUFTfpYEG", "category": 4, "problem_url": "http://example.com/hThvTqfPfdibGpzVsolGHExrxaXEgP", "solved": 2}, "model": "scoreserver.question", "pk": 15}, {"fields": {"description": "Question_desc:vyFzbsxcfwoPmQpIfETMZNSJSEywXwbFanjgAGGRUFPdsTabxoGDwqMwyPFVwPjIfJlPhspFzwRbBPFKmHgynAxKtWwAdSHhDbzt", "title": "Question_title:uitzJtBCmEnHTvL", "category": 4, "problem_url": "http://example.com/PCulKUPiiqaJDvTMUtDcRQwiCckuRW", "solved": 16}, "model": "scoreserver.question", "pk": 16}, {"fields": {"description": "Question_desc:QlTfTuGkIpSqKsAlkDSWqHCbVPykdLkPmqhIzcxmdDPWuXJqAIirtZFgKnXqEPugIyDwxHWoBdhijBdHPmUrYhJVmtlRCoOjYuwD", "title": "Question_title:DvffMcwyiGHfUHt", "category": 1, "problem_url": "http://example.com/eQtwSYgyVLkfmdKXjvSyOuuBzeDdGD", "solved": 5}, "model": "scoreserver.question", "pk": 17}, {"fields": {"description": "Question_desc:uycxHEqJecEVXeUQEpUdfcJbPKgYLrHCIQHnWJZjUjoJHwmdhWEjbVBwQkUTGwsSMzClqOWqbXnoeUaMHQWJFjADEVefqSNQCecF", "title": "Question_title:aFITHjFvUnYQFwg", "category": 2, "problem_url": "http://example.com/ZiIQDNYpZNFRYhFIexKvRLvxlIgKUD", "solved": 10}, "model": "scoreserver.question", "pk": 18}, {"fields": {"description": "Question_desc:hguSQFQcByKQFoOHGYUBPBfeSGznCYtweOiclGGRqPDsiUFSYWjGbjYHMGVcwCpaIufBRavQhwBfoVlSREQsbNonwLNngPdkCsKo", "title": "Question_title:DjHStqhanmuyifY", "category": 4, "problem_url": "http://example.com/bwMAIpxMaYZqsxzRjyMLdImTWxVSMZ", "solved": 13}, "model": "scoreserver.question", "pk": 19}, {"fields": {"description": "Question_desc:VaAsgaTshUfBHSiEFykmvzmZZomiROjKRonUrZKlsDqsdItjUvVRgSHxrGexSrdsZHrVFSKBKYgPvRpIEGXDZVREPnUIfCWLjseV", "title": "Question_title:NppOUsNvYgEROHd", "category": 5, "problem_url": "http://example.com/wKYHQiVlWAzLoXQqjcnDBUpeunpDug", "solved": 13}, "model": "scoreserver.question", "pk": 20}, {"fields": {"description": "Question_desc:bghyQWNwornEGAOZFlMRAmUayRXjIIMtsZffOKNjoFtSYkVpsCiVLOdHOWzignKEIHGKtvVfCepAbqcaqMexAtrvUnnxJrwiELfw", "title": "Question_title:GGjMLtylrzexSPJ", "category": 2, "problem_url": "http://example.com/trWJjIDgWAuFNlyPNvKzDaDIZnPyLu", "solved": 2}, "model": "scoreserver.question", "pk": 21}, {"fields": {"description": "Question_desc:MGKgbLsRjAAYNdYQpFMpTBQzfIUajNatUwnJwtkxIgvTnohouSfWwLOvWaNvJwaRIlNfGuOXUZHAIJisEdrxLCWmEAkjWcDMNguW", "title": "Question_title:AwDlsbhngXygVEO", "category": 6, "problem_url": "http://example.com/dxupHkahkDYsdFUQqeehamUfdAjEsU", "solved": 13}, "model": "scoreserver.question", "pk": 22}, {"fields": {"description": "Question_desc:LbUhCjGnaxSBoIvcJFYEWFAiDlLZceyLPyoHukrFbHZhNovcjohBqkEtKXKfnnyKEIlSiraRXmyjUHVJKEhafukdQcNrQAtdZOJD", "title": "Question_title:ggjuQAWegseGuyo", "category": 2, "problem_url": "http://example.com/lhGFnxtHSeHsONuQOuLQCpBCBTAxOb", "solved": 12}, "model": "scoreserver.question", "pk": 23}, {"fields": {"description": "Question_desc:hmVlsgbhLMdvbZKQKXTYRvLclPGwXIrLFbjLSOTblHpOvfXTFxpwVffElrgKoZYHminIXoCtbJGqGFQGyqfnsUzsNUcGPBQFoZsA", "title": "Question_title:rdTSVqyhhNcyjqi", "category": 3, "problem_url": "http://example.com/hfqwKmDVqZZOTPaWleDbYYYvuxSRSI", "solved": 0}, "model": "scoreserver.question", "pk": 24}, {"fields": {"description": "Question_desc:hyYrPVmXlfPVdSpzoXCSKXuRSOvfNjjPItIRZBYnDLgutkWYKutqCdFRutorVAITAnJZPhNtYpzRfFSrrmTINBlCQSLuXwDaJmKu", "title": "Question_title:ekWmJwXrTcHxyrM", "category": 6, "problem_url": "http://example.com/SoxLrvJPuDKMVeymUhbDhfJQCCUtfe", "solved": 15}, "model": "scoreserver.question", "pk": 25}, {"fields": {"description": "Question_desc:VjLsoRXmnunEaLrMsSpSFAtFlGsOfnIHxDkzdSItmNyNlvfRMchZlBCdqRcCxIkyOlBsmLkDMJizBAjUznfzWbmVjdZpFkJnjaQr", "title": "Question_title:FLqDyZlMLAoLbGn", "category": 5, "problem_url": "http://example.com/dKFSmeGitXobleyRkUtkmTfQWEjhoj", "solved": 2}, "model": "scoreserver.question", "pk": 26}, {"fields": {"description": "Question_desc:JtROMfLfNJXndDyGNiRktNNkiRGemHtfdnpIxXAZwsaAvMDiwpgPqyYWbUkPgrhyUNFVmxReInrBzNghQWzISMJXZtdDTXnWzpEO", "title": "Question_title:dQNEiCzeyFmQxKE", "category": 2, "problem_url": "http://example.com/dDialuwitmhSFjLNeOFBocuLGkhFKf", "solved": 1}, "model": "scoreserver.question", "pk": 27}, {"fields": {"description": "Question_desc:rWLiQTTPvPNVPYrnfWtmoDssOIyEwnofxBatjpBxErGCgFvpgJeViZIWvklpKrFksmjqmqpkFMKfhcMWnFoZnzHzyKLxrumfUslc", "title": "Question_title:FLIJazoASRbsRZS", "category": 5, "problem_url": "http://example.com/WXcXDdMSpOJFHSIKjXjYQZMwZnLUHR", "solved": 9}, "model": "scoreserver.question", "pk": 28}, {"fields": {"description": "Question_desc:ZvQfUMmBIwMCaGpIgJkwlUlVyWNWZifcxfZHYOHxQSAjiJlJVBYGdRiBJrPdAvtswGHGJveWjqyXhxImzwFrzAgtjbpAzFNdfKmH", "title": "Question_title:oblNFIDZNZuCHAl", "category": 6, "problem_url": "http://example.com/cCwnXzqUCEWChUkqcmkPlxcVjjlpTV", "solved": 10}, "model": "scoreserver.question", "pk": 29}, {"fields": {"description": "Question_desc:SxPuWkfXfXlneGfkvjytloIBcYbvTRfHtubUwwmUjGMYrNeNpQhdeHrksIJoVgZQKFxxkIUJFRkxWkVvlqzVFdsCQFFQzMmaTydA", "title": "Question_title:qDOvDYJagKNRIRT", "category": 3, "problem_url": "http://example.com/xBUAvwnCVFmWdTKKSERzwIAcpUULUU", "solved": 17}, "model": "scoreserver.question", "pk": 30}, {"fields": {"description": "Question_desc:clrGzpznoHWGgKNduvfOnPzzWriLSdRMLdBAJaSOGWyfXyehNrMQEgNdGWZumtEGVFGZROswnbBKOjrTtTuUOmqSXfeBzHlNFzPN", "title": "Question_title:LrMQfJIiVdpaKif", "category": 5, "problem_url": "http://example.com/wTclMLsRlJwlAkYDZVAwczdOIvjFMs", "solved": 18}, "model": "scoreserver.question", "pk": 31}, {"fields": {"description": "Question_desc:FcuGSvsAJbgevSBEmNcQlxUVlMYiWGLmYpmmaMJofUqlqammQaqzftHlMsVbuZAWGcYlVVFqQRweBDWVXUSAXklmBGVsBToBCYqg", "title": "Question_title:ZuAasXhvwibGwHT", "category": 5, "problem_url": "http://example.com/DDlJBHNZpcafgzbKonEoCcUhldWgIZ", "solved": 17}, "model": "scoreserver.question", "pk": 32}, {"fields": {"description": "Question_desc:PDjJeOamTGbnFJVCbkvAGhNKZGOQsyzznPFqyedpvCevHAXRDzEnsVDkLtBzHVyejiVEQFNYoclweHoywMyjiyTWoGCjOzbrKAjW", "title": "Question_title:dLAIvNHuTyDHcqj", "category": 3, "problem_url": "http://example.com/ugfKeyaNVQmEsqyDJBicomYFnQZuyS", "solved": 16}, "model": "scoreserver.question", "pk": 33}, {"fields": {"description": "Question_desc:nHTwfnefzLvtpAEjwnJUfvHopuXxXODFgAaUEtwOzLOHuTjQnnHqRQwXmEAIvPbUIlVzaTQtJCwSxyhWGmBQZIjVtXnwdAXRXYYt", "title": "Question_title:ScgypeZRciHPlDB", "category": 5, "problem_url": "http://example.com/veOlCfvqINVqczDnZQjwZqSuljCDNi", "solved": 4}, "model": "scoreserver.question", "pk": 34}, {"fields": {"description": "Question_desc:pPvJjrssDwrtcIlgPEonzjlAgMxvwAqMnoTiOBkSOTdTLpcVSLtMRCCGNXrTnqHEBmxLaQyEzShcYmXIXQlvRyfzbbukSNQjNgsQ", "title": "Question_title:HZyDEfUvmPZYWCf", "category": 5, "problem_url": "http://example.com/TOdshxfTGBxaOSarQtxZIRkCjiBTrp", "solved": 4}, "model": "scoreserver.question", "pk": 35}, {"fields": {"description": "Question_desc:yQBOMJjxoSrSTIvJVdKoDcvbQgSCMXlWSFBktwmkXQRtTLwwpmKLfwLxBzvthjSLmIDtOLXXPBrkDTwHyqdBNFbddSbeTHyiOumz", "title": "Question_title:NGnSdKwScKoqwVX", "category": 1, "problem_url": "http://example.com/dfrKdqPnxfPXnLfSBZInAOLcwTrtAU", "solved": 3}, "model": "scoreserver.question", "pk": 36}, {"fields": {"description": "Question_desc:iHGPdSXCntIBpzMvRNRYAAXWkWpmQtFSSXPHTzUGtZbwnpvJtCLZQFJIfSjQoHecRUusEoQHdUmNcmAuthaFKLZQUVOyNCQCafCn", "title": "Question_title:mSyVGJtpWhBAJmu", "category": 3, "problem_url": "http://example.com/HHEcVfsCuiLuJoYRGExOzbWvueUqEF", "solved": 3}, "model": "scoreserver.question", "pk": 37}, {"fields": {"description": "Question_desc:nJpwiOYTyfVASwDbvBfdSeAEffgByuaIvmuGTgToyXfzlorjiwhTornMopSOdXJbidnAlZBgmmngAdlHvQyhktBQeYzXUcfoUZJL", "title": "Question_title:rmXFDpTkqhqiRsG", "category": 6, "problem_url": "http://example.com/ZeaGQSJQyFGADJnSXGjsKCKsZavnop", "solved": 0}, "model": "scoreserver.question", "pk": 38}, {"fields": {"description": "Question_desc:aQLoGulZIFQKMwYpgyZyZYbTrXXRPAxdpkrXDlyWwCzDVjVLMahFjRSQOecsmKyJKLThUNuDVtWiztZBNCXFPZrADxFigMKojQYv", "title": "Question_title:SVGWvAinqtOoXXH", "category": 5, "problem_url": "http://example.com/zVJMIeupMIubXRCuiMeKuFlSoKzAJq", "solved": 3}, "model": "scoreserver.question", "pk": 39}, {"fields": {"description": "Question_desc:wLWmOgbZQUjohCbAvlpVYfrmIfpRGUQHiYlJrkBFNocxhDVTeHlvRPvwDfUgaZiptQCRHudhNQyxIVQFuwPfkoEMFEshVWRusmay", "title": "Question_title:KrSvVodSSvfnmHK", "category": 2, "problem_url": "http://example.com/fjPcgmnqupRSeAyBLXyFEoexrYeqgO", "solved": 14}, "model": "scoreserver.question", "pk": 40}, {"fields": {"description": "Question_desc:ZxNkOuxLgfIJLqqdIFGiyOEaSznAnGzTrMzuRSOLhstXZxENVEJSZbNrvfamEofiZMxqEkNeUjcTMtckfAOAJnqAiAKWwwtrHdfB", "title": "Question_title:cxHlNoXGprjGaNI", "category": 6, "problem_url": "http://example.com/QdNwlFpgZVkMUMADubmgYSxaRLCAJT", "solved": 3}, "model": "scoreserver.question", "pk": 41}, {"fields": {"description": "Question_desc:CgCpjaTdMAdsJKkJrdezuCTvBfTGdtJWDQOIcDwMtFiNcKGdiLimBHpIXWfZKRrAXSvnuRZRBFIzDfBYKTXBccCucynUUAjFFiYx", "title": "Question_title:rEoAjCMhjFJiEUg", "category": 2, "problem_url": "http://example.com/ivaNUOILBtMeJVAVzMKKnOJANEShFP", "solved": 17}, "model": "scoreserver.question", "pk": 42}, {"fields": {"description": "Question_desc:jqJrMybtpsWPYaNqYMWJFYlaKPurfNxKkXuXmPaWBEGSSLbFjYnvdiBGgdLIwCRCdVxVRvtruOvftVhvEHBpgjuTXUYyqrhpMrQF", "title": "Question_title:AADRDNIvcUSUxjt", "category": 2, "problem_url": "http://example.com/WhQMDVTgOnJwnPhoJjCJFuSeGcHhRf", "solved": 15}, "model": "scoreserver.question", "pk": 43}, {"fields": {"description": "Question_desc:VqnAtGIjtiTfdqBWkbLWviVcIWFUaBhVeXbDmiIqqPPGznIpGcecJKmCNukgwcBVcdqkezrvnrkqHgDbVKsivuoAMrzQgVPtThVd", "title": "Question_title:KIQdeEeXkGvJcYS", "category": 2, "problem_url": "http://example.com/nEXoglqnfhgGzoCVBZWIZhlHEgXigv", "solved": 18}, "model": "scoreserver.question", "pk": 44}, {"fields": {"description": "Question_desc:rXSBDFybaMFDblIoXRdgAFYJQHANeBHsJAiLJpdCvbgIAQqdkZaYKhhMmdDIyuZUDJTaOjAzYWIRTWtIzkuSvnWJnImkwgyPZgXN", "title": "Question_title:nGHQHjdrMuVGiRH", "category": 6, "problem_url": "http://example.com/TdMskPuHhlwvDmAqRmnoAABndWubdS", "solved": 2}, "model": "scoreserver.question", "pk": 45}, {"fields": {"description": "Question_desc:relfDNAXugNDnoNEWsRATuSRYsHCywTxhouyptfUStkniHADDcSiInvcegKCXfRNhQuMCrUuzcnqYQQCmDtOjwHIFUQICpHLgOTf", "title": "Question_title:NVRoHrOXuaQGyaI", "category": 6, "problem_url": "http://example.com/TmosUmVimGJackoMiUgHcAXdvlEfki", "solved": 15}, "model": "scoreserver.question", "pk": 46}, {"fields": {"description": "Question_desc:MOnJygBxTEZKeCSWFFviUYxDiItCnCasUejIbkZiITimFLInqXJRvgQEkwoYebGRBXnpAIoqrqUnvAfhDmkyXxPNQTlbcZlSUxIX", "title": "Question_title:LTZNtsShGfKZDxQ", "category": 5, "problem_url": "http://example.com/GsfLUlVwwczbIuiPodvzKrpxlvFTwG", "solved": 11}, "model": "scoreserver.question", "pk": 47}, {"fields": {"description": "Question_desc:vKycekuIEWNGNdskWftaghcELCzCeFPiJzMLThgSmVElaMMAxPmiVCfxHWbGBNBoZeYYNXoIshMvVHPDrlqsCoGskCQviVhhTIzS", "title": "Question_title:VgqjeTNBddUHuJH", "category": 6, "problem_url": "http://example.com/ukSzICzhannBOCzgMVrgFGfVXQsuMU", "solved": 6}, "model": "scoreserver.question", "pk": 48}, {"fields": {"description": "Question_desc:RIsqXIqyAlDYNaZgjBPCgEZKCJIuyrrfZCFOKqbtKNmvyPFYZgbzLSfNMbmyHEkKVVGvgurXuPFmobXInpctbNeaegFlvllIYSTE", "title": "Question_title:rXwkHkaEhPDMJhN", "category": 6, "problem_url": "http://example.com/WNDUhyPVNwiQFzeEEOrozckGysnvSu", "solved": 16}, "model": "scoreserver.question", "pk": 49}, {"fields": {"flag": "FLAG_IS_[tbdSOoVFasbbtkv]", "question": 22, "point": 1000}, "model": "scoreserver.flag", "pk": 0}, {"fields": {"flag": "FLAG_IS_[CZlEtLTmAWVwyOx]", "question": 33, "point": 400}, "model": "scoreserver.flag", "pk": 1}, {"fields": {"flag": "FLAG_IS_[NoZyAfnGxTVQawu]", "question": 29, "point": 900}, "model": "scoreserver.flag", "pk": 2}, {"fields": {"flag": "FLAG_IS_[FsGtmnvQJkVdjJR]", "question": 28, "point": 500}, "model": "scoreserver.flag", "pk": 3}, {"fields": {"flag": "FLAG_IS_[RGxqXrzqBjUIVtj]", "question": 47, "point": 1000}, "model": "scoreserver.flag", "pk": 4}, {"fields": {"flag": "FLAG_IS_[IbCJuUSlDfqvKhR]", "question": 9, "point": 300}, "model": "scoreserver.flag", "pk": 5}, {"fields": {"flag": "FLAG_IS_[uqnIiiPdWndXrsQ]", "question": 14, "point": 200}, "model": "scoreserver.flag", "pk": 6}, {"fields": {"flag": "FLAG_IS_[QFaqgRAlgCzmBVi]", "question": 14, "point": 900}, "model": "scoreserver.flag", "pk": 7}, {"fields": {"flag": "FLAG_IS_[hELyIQcakuZoUSR]", "question": 41, "point": 1100}, "model": "scoreserver.flag", "pk": 8}, {"fields": {"flag": "FLAG_IS_[JxphnboktSrBLTW]", "question": 13, "point": 1100}, "model": "scoreserver.flag", "pk": 9}, {"fields": {"flag": "FLAG_IS_[IbNDQSOifGCKUOj]", "question": 8, "point": 300}, "model": "scoreserver.flag", "pk": 10}, {"fields": {"flag": "FLAG_IS_[jfvhtaiRzyrGwDv]", "question": 3, "point": 600}, "model": "scoreserver.flag", "pk": 11}, {"fields": {"flag": "FLAG_IS_[UMeHlzzmDaByDnz]", "question": 34, "point": 200}, "model": "scoreserver.flag", "pk": 12}, {"fields": {"flag": "FLAG_IS_[SrVRlOBWPcaFOZy]", "question": 47, "point": 900}, "model": "scoreserver.flag", "pk": 13}, {"fields": {"flag": "FLAG_IS_[CTHSGUhFuJlOYWs]", "question": 19, "point": 800}, "model": "scoreserver.flag", "pk": 14}, {"fields": {"flag": "FLAG_IS_[kTAZKajpLpMODDQ]", "question": 5, "point": 300}, "model": "scoreserver.flag", "pk": 15}, {"fields": {"flag": "FLAG_IS_[BEjunCYxaCdQmyP]", "question": 41, "point": 200}, "model": "scoreserver.flag", "pk": 16}, {"fields": {"flag": "FLAG_IS_[UlzWxQaSiTnlPkF]", "question": 3, "point": 200}, "model": "scoreserver.flag", "pk": 17}, {"fields": {"flag": "FLAG_IS_[XUPUlUWAntdoCCY]", "question": 31, "point": 300}, "model": "scoreserver.flag", "pk": 18}, {"fields": {"flag": "FLAG_IS_[NmMikgfVPREQjyE]", "question": 39, "point": 600}, "model": "scoreserver.flag", "pk": 19}, {"fields": {"flag": "FLAG_IS_[HqCsxZdHkSYKfDW]", "question": 36, "point": 400}, "model": "scoreserver.flag", "pk": 20}, {"fields": {"flag": "FLAG_IS_[xIkBGeAthgoXlLK]", "question": 6, "point": 1000}, "model": "scoreserver.flag", "pk": 21}, {"fields": {"flag": "FLAG_IS_[KsqVomNvCndlpLI]", "question": 43, "point": 700}, "model": "scoreserver.flag", "pk": 22}, {"fields": {"flag": "FLAG_IS_[xtVvugMouedHwxf]", "question": 22, "point": 900}, "model": "scoreserver.flag", "pk": 23}, {"fields": {"flag": "FLAG_IS_[QWgCLcwIybEPOUT]", "question": 36, "point": 600}, "model": "scoreserver.flag", "pk": 24}, {"fields": {"flag": "FLAG_IS_[NGBZJlwlpkJrQnZ]", "question": 37, "point": 100}, "model": "scoreserver.flag", "pk": 25}, {"fields": {"flag": "FLAG_IS_[SwpJWWkbgecrvgI]", "question": 1, "point": 700}, "model": "scoreserver.flag", "pk": 26}, {"fields": {"flag": "FLAG_IS_[xBWSxUTZWKGQhqt]", "question": 12, "point": 1100}, "model": "scoreserver.flag", "pk": 27}, {"fields": {"flag": "FLAG_IS_[tbGhSsnYzuoGRVG]", "question": 39, "point": 900}, "model": "scoreserver.flag", "pk": 28}, {"fields": {"flag": "FLAG_IS_[kaAgjxFhdpNqIUm]", "question": 3, "point": 700}, "model": "scoreserver.flag", "pk": 29}, {"fields": {"flag": "FLAG_IS_[XbVizosiMMurjAW]", "question": 3, "point": 100}, "model": "scoreserver.flag", "pk": 30}, {"fields": {"flag": "FLAG_IS_[naWCGuugACsgdit]", "question": 30, "point": 800}, "model": "scoreserver.flag", "pk": 31}, {"fields": {"flag": "FLAG_IS_[gIFMlIkNiWlKTkC]", "question": 39, "point": 500}, "model": "scoreserver.flag", "pk": 32}, {"fields": {"flag": "FLAG_IS_[PrZCThSfNIFZjQN]", "question": 48, "point": 700}, "model": "scoreserver.flag", "pk": 33}, {"fields": {"flag": "FLAG_IS_[FGuNKDprKuFSGTS]", "question": 12, "point": 800}, "model": "scoreserver.flag", "pk": 34}, {"fields": {"flag": "FLAG_IS_[eLYzxAaovxhIyur]", "question": 32, "point": 600}, "model": "scoreserver.flag", "pk": 35}, {"fields": {"flag": "FLAG_IS_[yxzKzmvpYDPHppi]", "question": 45, "point": 300}, "model": "scoreserver.flag", "pk": 36}, {"fields": {"flag": "FLAG_IS_[tTfmEmldztWVjbP]", "question": 48, "point": 500}, "model": "scoreserver.flag", "pk": 37}, {"fields": {"flag": "FLAG_IS_[nsosKdTXzOzkLkf]", "question": 17, "point": 700}, "model": "scoreserver.flag", "pk": 38}, {"fields": {"flag": "FLAG_IS_[FOnbpGhjGNfVvxg]", "question": 32, "point": 100}, "model": "scoreserver.flag", "pk": 39}, {"fields": {"flag": "FLAG_IS_[oxXqigqggHPvwJe]", "question": 10, "point": 1100}, "model": "scoreserver.flag", "pk": 40}, {"fields": {"flag": "FLAG_IS_[rmnmMzTvpKdytZQ]", "question": 49, "point": 1000}, "model": "scoreserver.flag", "pk": 41}, {"fields": {"flag": "FLAG_IS_[ATQDCRCTtxZSdxV]", "question": 39, "point": 1100}, "model": "scoreserver.flag", "pk": 42}, {"fields": {"flag": "FLAG_IS_[GooZKVJxorrtbwD]", "question": 20, "point": 300}, "model": "scoreserver.flag", "pk": 43}, {"fields": {"flag": "FLAG_IS_[TsEcryVbBLoHoma]", "question": 18, "point": 700}, "model": "scoreserver.flag", "pk": 44}, {"fields": {"flag": "FLAG_IS_[USfdcdGsYnjOTLC]", "question": 35, "point": 100}, "model": "scoreserver.flag", "pk": 45}, {"fields": {"flag": "FLAG_IS_[GgLTUaDrxYbLdaY]", "question": 49, "point": 600}, "model": "scoreserver.flag", "pk": 46}, {"fields": {"flag": "FLAG_IS_[pnbTJdMopNmgyKy]", "question": 47, "point": 1100}, "model": "scoreserver.flag", "pk": 47}, {"fields": {"flag": "FLAG_IS_[FDmvTeKXWOQGjPu]", "question": 29, "point": 300}, "model": "scoreserver.flag", "pk": 48}, {"fields": {"flag": "FLAG_IS_[HqRDKwkFLhtsLlM]", "question": 18, "point": 800}, "model": "scoreserver.flag", "pk": 49}, {"fields": {"flag": "FLAG_IS_[kwIWcNoLEvwhXwK]", "question": 28, "point": 900}, "model": "scoreserver.flag", "pk": 50}, {"fields": {"flag": "FLAG_IS_[dwwvsOsGwmquIqd]", "question": 46, "point": 600}, "model": "scoreserver.flag", "pk": 51}, {"fields": {"flag": "FLAG_IS_[ZtPUMnHwSXtZuGQ]", "question": 47, "point": 600}, "model": "scoreserver.flag", "pk": 52}, {"fields": {"flag": "FLAG_IS_[MGNzISLxEmwMwqj]", "question": 16, "point": 200}, "model": "scoreserver.flag", "pk": 53}, {"fields": {"flag": "FLAG_IS_[hOgJWQlzCOUEwyJ]", "question": 39, "point": 1000}, "model": "scoreserver.flag", "pk": 54}, {"fields": {"flag": "FLAG_IS_[ZSwgYAuWGmWSKHk]", "question": 41, "point": 300}, "model": "scoreserver.flag", "pk": 55}, {"fields": {"flag": "FLAG_IS_[TUtVkBGuvGPmsnZ]", "question": 8, "point": 100}, "model": "scoreserver.flag", "pk": 56}, {"fields": {"flag": "FLAG_IS_[ZuDndqDjqtuRyFZ]", "question": 13, "point": 400}, "model": "scoreserver.flag", "pk": 57}, {"fields": {"flag": "FLAG_IS_[HeXWLARXLharGBb]", "question": 8, "point": 100}, "model": "scoreserver.flag", "pk": 58}, {"fields": {"flag": "FLAG_IS_[CbItfhJuIReIHQU]", "question": 42, "point": 100}, "model": "scoreserver.flag", "pk": 59}, {"fields": {"flag": "FLAG_IS_[QypErdWmytWMERb]", "question": 12, "point": 400}, "model": "scoreserver.flag", "pk": 60}, {"fields": {"flag": "FLAG_IS_[juQcYpOvtzRZizD]", "question": 33, "point": 900}, "model": "scoreserver.flag", "pk": 61}, {"fields": {"flag": "FLAG_IS_[cZFkFsbfhzBHrwN]", "question": 28, "point": 300}, "model": "scoreserver.flag", "pk": 62}, {"fields": {"flag": "FLAG_IS_[SJacXENSrWDkuXO]", "question": 20, "point": 800}, "model": "scoreserver.flag", "pk": 63}, {"fields": {"flag": "FLAG_IS_[juMfoeMesOvOPUK]", "question": 34, "point": 900}, "model": "scoreserver.flag", "pk": 64}, {"fields": {"flag": "FLAG_IS_[LCWyPRlVImVwQWO]", "question": 26, "point": 700}, "model": "scoreserver.flag", "pk": 65}, {"fields": {"flag": "FLAG_IS_[vKfVFgTcxukcPQC]", "question": 32, "point": 100}, "model": "scoreserver.flag", "pk": 66}, {"fields": {"flag": "FLAG_IS_[GitlUQogVpxdWDX]", "question": 25, "point": 1000}, "model": "scoreserver.flag", "pk": 67}, {"fields": {"flag": "FLAG_IS_[pkXlOPhCGXjjSqP]", "question": 31, "point": 1100}, "model": "scoreserver.flag", "pk": 68}, {"fields": {"flag": "FLAG_IS_[KmqyCwbqUFtvVeu]", "question": 46, "point": 300}, "model": "scoreserver.flag", "pk": 69}, {"fields": {"flag": "FLAG_IS_[hdflwwPIpdFclJm]", "question": 32, "point": 700}, "model": "scoreserver.flag", "pk": 70}, {"fields": {"flag": "FLAG_IS_[UtrAnILqCgrcfPV]", "question": 42, "point": 800}, "model": "scoreserver.flag", "pk": 71}, {"fields": {"flag": "FLAG_IS_[mPnXUKzXjwYhJua]", "question": 22, "point": 700}, "model": "scoreserver.flag", "pk": 72}, {"fields": {"flag": "FLAG_IS_[hIgKBhKlvqHoLto]", "question": 24, "point": 900}, "model": "scoreserver.flag", "pk": 73}, {"fields": {"flag": "FLAG_IS_[KAJSyZvBQlGLzED]", "question": 28, "point": 700}, "model": "scoreserver.flag", "pk": 74}, {"fields": {"flag": "FLAG_IS_[HNsiRpmnGqiZXcv]", "question": 22, "point": 200}, "model": "scoreserver.flag", "pk": 75}, {"fields": {"flag": "FLAG_IS_[KfiDbWiHBcStgAV]", "question": 20, "point": 600}, "model": "scoreserver.flag", "pk": 76}, {"fields": {"flag": "FLAG_IS_[SVYfNqIIXFDcAvQ]", "question": 13, "point": 900}, "model": "scoreserver.flag", "pk": 77}, {"fields": {"flag": "FLAG_IS_[WlnLLvuNGHiTRuy]", "question": 2, "point": 600}, "model": "scoreserver.flag", "pk": 78}, {"fields": {"flag": "FLAG_IS_[JmlyfCJVvKDWNKe]", "question": 31, "point": 500}, "model": "scoreserver.flag", "pk": 79}, {"fields": {"flag": "FLAG_IS_[AvIWMbBgQaKeRfW]", "question": 4, "point": 400}, "model": "scoreserver.flag", "pk": 80}, {"fields": {"flag": "FLAG_IS_[UOGcPJpOWVLaNNP]", "question": 39, "point": 100}, "model": "scoreserver.flag", "pk": 81}, {"fields": {"flag": "FLAG_IS_[rSdANOyFeGNZikC]", "question": 23, "point": 700}, "model": "scoreserver.flag", "pk": 82}, {"fields": {"flag": "FLAG_IS_[DzqOdFtBFyYrZyj]", "question": 43, "point": 400}, "model": "scoreserver.flag", "pk": 83}, {"fields": {"flag": "FLAG_IS_[rrycxoverTfsuho]", "question": 13, "point": 1000}, "model": "scoreserver.flag", "pk": 84}, {"fields": {"flag": "FLAG_IS_[UryXCEOLTCJFgZX]", "question": 49, "point": 100}, "model": "scoreserver.flag", "pk": 85}, {"fields": {"flag": "FLAG_IS_[AoCzhKWbAeqsqbL]", "question": 45, "point": 600}, "model": "scoreserver.flag", "pk": 86}, {"fields": {"flag": "FLAG_IS_[QcsbpxBFglXrpaf]", "question": 33, "point": 700}, "model": "scoreserver.flag", "pk": 87}, {"fields": {"flag": "FLAG_IS_[yIEzHjarqYPkHeW]", "question": 4, "point": 800}, "model": "scoreserver.flag", "pk": 88}, {"fields": {"flag": "FLAG_IS_[HngYlFqJSefWisC]", "question": 49, "point": 1100}, "model": "scoreserver.flag", "pk": 89}, {"fields": {"flag": "FLAG_IS_[LdORumHChrDAMpF]", "question": 40, "point": 700}, "model": "scoreserver.flag", "pk": 90}, {"fields": {"flag": "FLAG_IS_[CqGjqrXuteEHjcA]", "question": 46, "point": 900}, "model": "scoreserver.flag", "pk": 91}, {"fields": {"flag": "FLAG_IS_[rUKJvtisOHSqvZW]", "question": 17, "point": 700}, "model": "scoreserver.flag", "pk": 92}, {"fields": {"flag": "FLAG_IS_[eTrhQPAQiVgpvkb]", "question": 24, "point": 300}, "model": "scoreserver.flag", "pk": 93}, {"fields": {"flag": "FLAG_IS_[DulyUEEzNOnuNmX]", "question": 35, "point": 800}, "model": "scoreserver.flag", "pk": 94}, {"fields": {"flag": "FLAG_IS_[rqvWNbqLbYvMlGq]", "question": 37, "point": 300}, "model": "scoreserver.flag", "pk": 95}, {"fields": {"flag": "FLAG_IS_[NgsKBztnuAaEypJ]", "question": 27, "point": 800}, "model": "scoreserver.flag", "pk": 96}, {"fields": {"flag": "FLAG_IS_[VoMdbFDmGiIrxQh]", "question": 49, "point": 100}, "model": "scoreserver.flag", "pk": 97}, {"fields": {"flag": "FLAG_IS_[OTnEbKHqwBstDcj]", "question": 17, "point": 400}, "model": "scoreserver.flag", "pk": 98}, {"fields": {"flag": "FLAG_IS_[aXJCSZQYpBAKcgT]", "question": 26, "point": 1000}, "model": "scoreserver.flag", "pk": 99}, {"fields": {"flag": "FLAG_IS_[zZSSQcXewMYyhll]", "question": 31, "point": 1000}, "model": "scoreserver.flag", "pk": 100}, {"fields": {"flag": "FLAG_IS_[gdrskmkuKQkgEGE]", "question": 24, "point": 1000}, "model": "scoreserver.flag", "pk": 101}, {"fields": {"flag": "FLAG_IS_[pCrbSfGQpsqtXyl]", "question": 6, "point": 900}, "model": "scoreserver.flag", "pk": 102}, {"fields": {"flag": "FLAG_IS_[rWdqNidVyxNplke]", "question": 10, "point": 800}, "model": "scoreserver.flag", "pk": 103}, {"fields": {"flag": "FLAG_IS_[VjbgEpAdJRHEwFD]", "question": 27, "point": 200}, "model": "scoreserver.flag", "pk": 104}, {"fields": {"flag": "FLAG_IS_[IpeDtnUrwrfZwAo]", "question": 20, "point": 600}, "model": "scoreserver.flag", "pk": 105}, {"fields": {"flag": "FLAG_IS_[oDXKllLoShWyePP]", "question": 12, "point": 600}, "model": "scoreserver.flag", "pk": 106}, {"fields": {"flag": "FLAG_IS_[ikLJGNEKLmzeGyO]", "question": 11, "point": 700}, "model": "scoreserver.flag", "pk": 107}, {"fields": {"flag": "FLAG_IS_[AwACiEDCFfmCJGB]", "question": 48, "point": 300}, "model": "scoreserver.flag", "pk": 108}, {"fields": {"flag": "FLAG_IS_[WIAsMaYlDLegiPO]", "question": 24, "point": 200}, "model": "scoreserver.flag", "pk": 109}, {"fields": {"flag": "FLAG_IS_[mqoWdnKfghBFRvg]", "question": 7, "point": 100}, "model": "scoreserver.flag", "pk": 110}, {"fields": {"flag": "FLAG_IS_[LkVTEcForJxfapL]", "question": 22, "point": 300}, "model": "scoreserver.flag", "pk": 111}, {"fields": {"flag": "FLAG_IS_[rRlUWeieeTLEiwp]", "question": 35, "point": 600}, "model": "scoreserver.flag", "pk": 112}, {"fields": {"flag": "FLAG_IS_[uchsoqmdHIPkaNH]", "question": 12, "point": 500}, "model": "scoreserver.flag", "pk": 113}, {"fields": {"flag": "FLAG_IS_[plwZWKiTMpoUqma]", "question": 41, "point": 1100}, "model": "scoreserver.flag", "pk": 114}, {"fields": {"flag": "FLAG_IS_[CEmAitaweLNQsWa]", "question": 9, "point": 900}, "model": "scoreserver.flag", "pk": 115}, {"fields": {"flag": "FLAG_IS_[cmzSDKNoQnhgKft]", "question": 38, "point": 600}, "model": "scoreserver.flag", "pk": 116}, {"fields": {"flag": "FLAG_IS_[FoHqapCGXekvkMQ]", "question": 9, "point": 900}, "model": "scoreserver.flag", "pk": 117}, {"fields": {"flag": "FLAG_IS_[MaZuliYobodIfBU]", "question": 26, "point": 600}, "model": "scoreserver.flag", "pk": 118}, {"fields": {"flag": "FLAG_IS_[JEBsatJUULxPQGo]", "question": 49, "point": 600}, "model": "scoreserver.flag", "pk": 119}, {"fields": {"flag": "FLAG_IS_[gMsZkWAyBKAcprQ]", "question": 48, "point": 400}, "model": "scoreserver.flag", "pk": 120}, {"fields": {"flag": "FLAG_IS_[jRuKdZgUwJQsoKR]", "question": 31, "point": 1000}, "model": "scoreserver.flag", "pk": 121}, {"fields": {"flag": "FLAG_IS_[PLrlDdCberrQBVZ]", "question": 34, "point": 700}, "model": "scoreserver.flag", "pk": 122}, {"fields": {"flag": "FLAG_IS_[ExroQdzBoprhboA]", "question": 43, "point": 900}, "model": "scoreserver.flag", "pk": 123}, {"fields": {"flag": "FLAG_IS_[NjpbJWrXFrOJflH]", "question": 48, "point": 100}, "model": "scoreserver.flag", "pk": 124}, {"fields": {"flag": "FLAG_IS_[ZlmfIMFlvaZbsog]", "question": 18, "point": 200}, "model": "scoreserver.flag", "pk": 125}, {"fields": {"flag": "FLAG_IS_[jEhzSLrgVJbCxjN]", "question": 18, "point": 100}, "model": "scoreserver.flag", "pk": 126}, {"fields": {"flag": "FLAG_IS_[BEDaJltGIWPbtPT]", "question": 19, "point": 900}, "model": "scoreserver.flag", "pk": 127}, {"fields": {"flag": "FLAG_IS_[JFVULUMOIYeFPea]", "question": 46, "point": 500}, "model": "scoreserver.flag", "pk": 128}, {"fields": {"flag": "FLAG_IS_[xnxSPclZtFxCViL]", "question": 31, "point": 900}, "model": "scoreserver.flag", "pk": 129}, {"fields": {"flag": "FLAG_IS_[RXmeygHVCCikQym]", "question": 36, "point": 800}, "model": "scoreserver.flag", "pk": 130}, {"fields": {"flag": "FLAG_IS_[ZhYexoCOhBpPkRu]", "question": 25, "point": 300}, "model": "scoreserver.flag", "pk": 131}, {"fields": {"flag": "FLAG_IS_[zKuvKtgRaIkioxX]", "question": 37, "point": 100}, "model": "scoreserver.flag", "pk": 132}, {"fields": {"flag": "FLAG_IS_[JUxGndGhRnzXyBp]", "question": 17, "point": 200}, "model": "scoreserver.flag", "pk": 133}, {"fields": {"flag": "FLAG_IS_[bisUMWpnrbjBDBB]", "question": 47, "point": 400}, "model": "scoreserver.flag", "pk": 134}, {"fields": {"flag": "FLAG_IS_[yhVSSmmfkpkgqWz]", "question": 2, "point": 600}, "model": "scoreserver.flag", "pk": 135}, {"fields": {"flag": "FLAG_IS_[fQuTGQlNwoQzsVF]", "question": 48, "point": 200}, "model": "scoreserver.flag", "pk": 136}, {"fields": {"flag": "FLAG_IS_[VNYjHpPLoOFHwBx]", "question": 30, "point": 400}, "model": "scoreserver.flag", "pk": 137}, {"fields": {"flag": "FLAG_IS_[WrQwmdgkHpLAMsx]", "question": 9, "point": 1100}, "model": "scoreserver.flag", "pk": 138}, {"fields": {"flag": "FLAG_IS_[yeyAziONQXKCbQW]", "question": 45, "point": 1100}, "model": "scoreserver.flag", "pk": 139}, {"fields": {"flag": "FLAG_IS_[jEGhBBruHOhUnvb]", "question": 30, "point": 300}, "model": "scoreserver.flag", "pk": 140}, {"fields": {"flag": "FLAG_IS_[LatRKVqNHPVppMY]", "question": 47, "point": 300}, "model": "scoreserver.flag", "pk": 141}, {"fields": {"flag": "FLAG_IS_[hPcxmNzdzgBIWKF]", "question": 19, "point": 400}, "model": "scoreserver.flag", "pk": 142}, {"fields": {"flag": "FLAG_IS_[hgMBrYSrPAaDoPZ]", "question": 28, "point": 1100}, "model": "scoreserver.flag", "pk": 143}, {"fields": {"flag": "FLAG_IS_[LCDWGSfdTnssPVB]", "question": 14, "point": 800}, "model": "scoreserver.flag", "pk": 144}, {"fields": {"flag": "FLAG_IS_[gYxunpifLnAwRvQ]", "question": 21, "point": 700}, "model": "scoreserver.flag", "pk": 145}, {"fields": {"flag": "FLAG_IS_[hSGklVZmxteYCdW]", "question": 41, "point": 200}, "model": "scoreserver.flag", "pk": 146}, {"fields": {"flag": "FLAG_IS_[sHQHGDUxijtUXlu]", "question": 30, "point": 400}, "model": "scoreserver.flag", "pk": 147}, {"fields": {"flag": "FLAG_IS_[smGKGxLZBkkeXxO]", "question": 24, "point": 400}, "model": "scoreserver.flag", "pk": 148}, {"fields": {"flag": "FLAG_IS_[XJNpiKcvgkkZESr]", "question": 1, "point": 100}, "model": "scoreserver.flag", "pk": 149}, {"fields": {"flag": "FLAG_IS_[OcVoyWLbKBHcsqC]", "question": 20, "point": 900}, "model": "scoreserver.flag", "pk": 150}, {"fields": {"flag": "FLAG_IS_[ZWhFhUwwJNngUzf]", "question": 40, "point": 600}, "model": "scoreserver.flag", "pk": 151}, {"fields": {"flag": "FLAG_IS_[ZNjSdScUtZJyGPB]", "question": 29, "point": 300}, "model": "scoreserver.flag", "pk": 152}, {"fields": {"flag": "FLAG_IS_[pxyMPYXDjsbrcIp]", "question": 26, "point": 300}, "model": "scoreserver.flag", "pk": 153}, {"fields": {"flag": "FLAG_IS_[MpxjikzGBlhAByK]", "question": 33, "point": 500}, "model": "scoreserver.flag", "pk": 154}, {"fields": {"flag": "FLAG_IS_[vqLiBxwNnpKcTWD]", "question": 1, "point": 1000}, "model": "scoreserver.flag", "pk": 155}, {"fields": {"flag": "FLAG_IS_[UwvIBBoHcduVqFX]", "question": 27, "point": 1000}, "model": "scoreserver.flag", "pk": 156}, {"fields": {"flag": "FLAG_IS_[LgnSEydXFPOlnib]", "question": 38, "point": 800}, "model": "scoreserver.flag", "pk": 157}, {"fields": {"flag": "FLAG_IS_[xJLkCzSYYwGsLHa]", "question": 45, "point": 200}, "model": "scoreserver.flag", "pk": 158}, {"fields": {"flag": "FLAG_IS_[znPQsmOFzHeiYZa]", "question": 47, "point": 500}, "model": "scoreserver.flag", "pk": 159}, {"fields": {"flag": "FLAG_IS_[urFBlYJjjEaHBgI]", "question": 11, "point": 800}, "model": "scoreserver.flag", "pk": 160}, {"fields": {"flag": "FLAG_IS_[VIUWeNdSYktIqAt]", "question": 43, "point": 400}, "model": "scoreserver.flag", "pk": 161}, {"fields": {"flag": "FLAG_IS_[HVGYPszJvRepAmv]", "question": 16, "point": 900}, "model": "scoreserver.flag", "pk": 162}, {"fields": {"flag": "FLAG_IS_[DLDatJlKdJMTNtr]", "question": 16, "point": 500}, "model": "scoreserver.flag", "pk": 163}, {"fields": {"flag": "FLAG_IS_[PZmTNIWhCxzPeqR]", "question": 13, "point": 200}, "model": "scoreserver.flag", "pk": 164}, {"fields": {"flag": "FLAG_IS_[geArhSdvWBgXYkO]", "question": 35, "point": 500}, "model": "scoreserver.flag", "pk": 165}, {"fields": {"flag": "FLAG_IS_[QCYBuBSGCZYfMvl]", "question": 12, "point": 900}, "model": "scoreserver.flag", "pk": 166}, {"fields": {"flag": "FLAG_IS_[XgKVGAkweONfhhX]", "question": 42, "point": 800}, "model": "scoreserver.flag", "pk": 167}, {"fields": {"flag": "FLAG_IS_[UJufjMOmxInjOUu]", "question": 13, "point": 1000}, "model": "scoreserver.flag", "pk": 168}, {"fields": {"flag": "FLAG_IS_[wXHlIdeHniDisLo]", "question": 16, "point": 900}, "model": "scoreserver.flag", "pk": 169}, {"fields": {"flag": "FLAG_IS_[giTxadqnjafSgII]", "question": 48, "point": 400}, "model": "scoreserver.flag", "pk": 170}, {"fields": {"flag": "FLAG_IS_[jRXYvnXBpNvrPXo]", "question": 35, "point": 500}, "model": "scoreserver.flag", "pk": 171}, {"fields": {"flag": "FLAG_IS_[lhEYtMqqckwMNXQ]", "question": 42, "point": 500}, "model": "scoreserver.flag", "pk": 172}, {"fields": {"flag": "FLAG_IS_[NAqYcnBpgvxkiUN]", "question": 42, "point": 700}, "model": "scoreserver.flag", "pk": 173}, {"fields": {"flag": "FLAG_IS_[vdSObPrhcwDcRnM]", "question": 37, "point": 500}, "model": "scoreserver.flag", "pk": 174}, {"fields": {"flag": "FLAG_IS_[ArlwgrcQOTmlZoB]", "question": 41, "point": 600}, "model": "scoreserver.flag", "pk": 175}, {"fields": {"flag": "FLAG_IS_[eHbhnqjFnmpaWOn]", "question": 3, "point": 300}, "model": "scoreserver.flag", "pk": 176}, {"fields": {"flag": "FLAG_IS_[nYZdDceTdWzKril]", "question": 2, "point": 200}, "model": "scoreserver.flag", "pk": 177}, {"fields": {"flag": "FLAG_IS_[GLIbrktzLmYWzlG]", "question": 26, "point": 100}, "model": "scoreserver.flag", "pk": 178}, {"fields": {"flag": "FLAG_IS_[HlwvkIjaJhtyHho]", "question": 27, "point": 800}, "model": "scoreserver.flag", "pk": 179}, {"fields": {"flag": "FLAG_IS_[xKKwvJBqSXazNjF]", "question": 1, "point": 700}, "model": "scoreserver.flag", "pk": 180}, {"fields": {"flag": "FLAG_IS_[UuqLBabBAZLRoEo]", "question": 22, "point": 300}, "model": "scoreserver.flag", "pk": 181}, {"fields": {"flag": "FLAG_IS_[fjoegQjIrXFdAXa]", "question": 28, "point": 500}, "model": "scoreserver.flag", "pk": 182}, {"fields": {"flag": "FLAG_IS_[sGsWPUfUkwByFSI]", "question": 33, "point": 500}, "model": "scoreserver.flag", "pk": 183}, {"fields": {"flag": "FLAG_IS_[mpKIEFUDpAChbKZ]", "question": 8, "point": 600}, "model": "scoreserver.flag", "pk": 184}, {"fields": {"flag": "FLAG_IS_[ctePxIoTuNOGBra]", "question": 32, "point": 500}, "model": "scoreserver.flag", "pk": 185}, {"fields": {"flag": "FLAG_IS_[CxuiFOcGvIlnpwf]", "question": 49, "point": 900}, "model": "scoreserver.flag", "pk": 186}, {"fields": {"flag": "FLAG_IS_[pnShtxnJVyzQGvJ]", "question": 26, "point": 300}, "model": "scoreserver.flag", "pk": 187}, {"fields": {"flag": "FLAG_IS_[rsSTAWRjTleTgnI]", "question": 38, "point": 700}, "model": "scoreserver.flag", "pk": 188}, {"fields": {"flag": "FLAG_IS_[VcRguHmCoGjeJca]", "question": 47, "point": 1000}, "model": "scoreserver.flag", "pk": 189}, {"fields": {"flag": "FLAG_IS_[CiiqLZZdQXuopNr]", "question": 44, "point": 100}, "model": "scoreserver.flag", "pk": 190}, {"fields": {"flag": "FLAG_IS_[vDOCOZOBUFkGssT]", "question": 34, "point": 200}, "model": "scoreserver.flag", "pk": 191}, {"fields": {"flag": "FLAG_IS_[PmOLSxXRVjYYdFU]", "question": 30, "point": 200}, "model": "scoreserver.flag", "pk": 192}, {"fields": {"flag": "FLAG_IS_[qfSEFRbGMTwinKo]", "question": 30, "point": 500}, "model": "scoreserver.flag", "pk": 193}, {"fields": {"flag": "FLAG_IS_[HKgWFOjKyjbSPak]", "question": 41, "point": 100}, "model": "scoreserver.flag", "pk": 194}, {"fields": {"flag": "FLAG_IS_[KlpKHTpaSGAIdsO]", "question": 5, "point": 600}, "model": "scoreserver.flag", "pk": 195}, {"fields": {"flag": "FLAG_IS_[YEqLvjPSeMFfvJz]", "question": 29, "point": 200}, "model": "scoreserver.flag", "pk": 196}, {"fields": {"flag": "FLAG_IS_[RYuthkNiWhDAsAM]", "question": 21, "point": 400}, "model": "scoreserver.flag", "pk": 197}, {"fields": {"flag": "FLAG_IS_[MKKouVKJyauIrbU]", "question": 9, "point": 200}, "model": "scoreserver.flag", "pk": 198}, {"fields": {"flag": "FLAG_IS_[eSzFcaSXZGucGmF]", "question": 16, "point": 1100}, "model": "scoreserver.flag", "pk": 199}, {"fields": {"username": "user0", "password": "pbkdf2_sha256$24000$HC4YPhJQiauo$aOF3ZfM3wKLzdpl67DMFSn0YqxHi6G8dbiRrNfIWVqQ="}, "model": "auth.user", "pk": 0}, {"fields": {"username": "user1", "password": "pbkdf2_sha256$24000$y1o0NP95scq5$Mzae9A8/UAHhgZnIye7+O/d4ypMYsdEU7DcgghL06Ig="}, "model": "auth.user", "pk": 1}, {"fields": {"username": "user2", "password": "pbkdf2_sha256$24000$6wf8B9EOHfXZ$h+1J18WS2VCriaka4lSon2grjSeaGvacbd4xFsM6/qU="}, "model": "auth.user", "pk": 2}, {"fields": {"username": "user3", "password": "pbkdf2_sha256$24000$N8zuM1PYAIDL$+vHcFk25mUNEfxJI8i776cUXfwzhdhM4KLVCXueLaaw="}, "model": "auth.user", "pk": 3}, {"fields": {"username": "user4", "password": "pbkdf2_sha256$24000$m0FmbYlOzENI$qmf3MUXP/SzX5gOLwjzyRxtiRyEJ0uy/M9U9Ga3zk/w="}, "model": "auth.user", "pk": 4}, {"fields": {"username": "user5", "password": "pbkdf2_sha256$24000$bZYb887Viv5K$qXRgqfrsXPvNf8o8tDs2qzi1dBDicK7YHBV/PHwDIDg="}, "model": "auth.user", "pk": 5}, {"fields": {"username": "user6", "password": "pbkdf2_sha256$24000$g0G3AHpoxZVA$qyyzI6e4tYII5t/v7wRmnVkZ8uQebNhHerTRAeGj6Rw="}, "model": "auth.user", "pk": 6}, {"fields": {"username": "user7", "password": "pbkdf2_sha256$24000$pqBg2RfUOcyP$4dDsaQJHu5neehDAqEMK2eZi4qHG1QH8xVsvGys4ja8="}, "model": "auth.user", "pk": 7}, {"fields": {"username": "user8", "password": "pbkdf2_sha256$24000$hO2BTcD98CMk$zNHVfnHJ3ecBBHyBf7cew3otnDOK5RKrTh8peHpoNDo="}, "model": "auth.user", "pk": 8}, {"fields": {"username": "user9", "password": "pbkdf2_sha256$24000$ce22efuTHwBr$VOTtSHLO2QC7kE55i3tYhShvrDvpO/e91iqUM6PBzgw="}, "model": "auth.user", "pk": 9}, {"fields": {"username": "user10", "password": "pbkdf2_sha256$24000$2g4mitGIRwNi$1zWom4+JiqayPx+RWEbumRu0jXFIrzlVRip/qoFmgqQ="}, "model": "auth.user", "pk": 10}, {"fields": {"username": "user11", "password": "pbkdf2_sha256$24000$QkngSz7MAz8D$lFgOeaaLhyEz3auXogh4X32K5dXI6bbwS5kBGxJQRfg="}, "model": "auth.user", "pk": 11}, {"fields": {"username": "user12", "password": "pbkdf2_sha256$24000$fdvWjqW99ZHf$sLDVqJe+b7CQt7029u2X8AUFGIFSNeQBHLNStgr47uo="}, "model": "auth.user", "pk": 12}, {"fields": {"username": "user13", "password": "pbkdf2_sha256$24000$CwL99UnPLVCg$euWmhnmzRpVp+98vTNyY2VAceVOM8TVzdS378lFBiJ4="}, "model": "auth.user", "pk": 13}, {"fields": {"username": "user14", "password": "pbkdf2_sha256$24000$0UDzRCzj5VzZ$FZWTnwPMnr4cMos/lSY7iouDVBAHdG6lXFNck7lVLf0="}, "model": "auth.user", "pk": 14}, {"fields": {"username": "user15", "password": "pbkdf2_sha256$24000$Oa230T1cmlWN$hWkwg+J3l60NwtsN4p1TrevIBFsVs32o9fhT/ChIuk8="}, "model": "auth.user", "pk": 15}, {"fields": {"username": "user16", "password": "pbkdf2_sha256$24000$pzuhcAuWgUxh$MIw+7r40HFCeuq0kEhrL1MsCxf9VzsIbaLQIqacpiLY="}, "model": "auth.user", "pk": 16}, {"fields": {"username": "user17", "password": "pbkdf2_sha256$24000$U2L1gbzuCtK8$Ef56neBJ4EquVGyEJ3skAjHeG4LxuynAk7hr2LjxB9s="}, "model": "auth.user", "pk": 17}, {"fields": {"username": "user18", "password": "pbkdf2_sha256$24000$51oN6SsN2ImZ$/1Jla5GB8GE0GRHBWOGc9YcmQClGHQM0ERcgXNwOFK4="}, "model": "auth.user", "pk": 18}, {"fields": {"username": "user19", "password": "pbkdf2_sha256$24000$361Lrtldouu0$ozyCLW+DYs80ObB5r5QOV/N/8hZrmdtEb1LxVExstNY="}, "model": "auth.user", "pk": 19}, {"fields": {"username": "user20", "password": "pbkdf2_sha256$24000$Niyu0bH7CywY$a0bL21LKhkOZk6VQT6E+CeAsr8eX3IXfjYyoV3STFlo="}, "model": "auth.user", "pk": 20}, {"fields": {"username": "user21", "password": "pbkdf2_sha256$24000$R2s67ZQHt10e$ccFgFdX3AXWxVxA9VevEnOgORAASQzq0vqozVV+LBXw="}, "model": "auth.user", "pk": 21}, {"fields": {"username": "user22", "password": "pbkdf2_sha256$24000$r56lfBn1m88S$8VBsm/KLzkY2oyMlob6k26j2v06+WAQogBKszFpROS4="}, "model": "auth.user", "pk": 22}, {"fields": {"username": "user23", "password": "pbkdf2_sha256$24000$diOlUaWnUabL$jzkHDsfFedPabYJD8CRQL16PXmtU6M6v14rUK+l+wb8="}, "model": "auth.user", "pk": 23}, {"fields": {"username": "user24", "password": "pbkdf2_sha256$24000$iUitJXYvsSrJ$ZyWtH3HnTYmJU4ePN9Fx1Yf3WcxDmIUuik8+DqcnMgw="}, "model": "auth.user", "pk": 24}, {"fields": {"username": "user25", "password": "pbkdf2_sha256$24000$bWVAFlCEQI2N$Ovi37UioGatXM5qAqBAn5bMD9xtM7K5ZiMvKW53JM44="}, "model": "auth.user", "pk": 25}, {"fields": {"username": "user26", "password": "pbkdf2_sha256$24000$dkzMfoQPRfLf$zqgKYMLHlERgKjB6ylgJB0delAUaVgVs6wAc0pT7dnM="}, "model": "auth.user", "pk": 26}, {"fields": {"username": "user27", "password": "pbkdf2_sha256$24000$z3N7cBGjgILZ$fbC80ydl3IiBF6HAa1q6HMqHuYyroeVhl7+YZbXZcVo="}, "model": "auth.user", "pk": 27}, {"fields": {"username": "user28", "password": "pbkdf2_sha256$24000$SAXmLSOoTrix$nOQK+v8MPnoNOWgrY9N+leCfOMm4b5EWYQYDWrH40fk="}, "model": "auth.user", "pk": 28}, {"fields": {"username": "user29", "password": "pbkdf2_sha256$24000$ghJIQuaZK4tz$SjrNn6ht63glIJEyZoKSnQCM4xz0KCwG/1on7CpD2bk="}, "model": "auth.user", "pk": 29}, {"fields": {"username": "user30", "password": "pbkdf2_sha256$24000$laYCToUb7Gwk$DGc/ZvxH7KWyABN6DEBgWS6ay7zi0w3qOPnr/O5pa/g="}, "model": "auth.user", "pk": 30}, {"fields": {"username": "user31", "password": "pbkdf2_sha256$24000$WstJoTCFRLEw$uoBrtS9lRILCJwo47hoghSng9PhP4hBuMSAqrMqTaJc="}, "model": "auth.user", "pk": 31}, {"fields": {"username": "user32", "password": "pbkdf2_sha256$24000$8kTRr2abN8Ur$qtqi07hrcOWFw52ClPUEhoqg0sOuT+KgiE+4BY8MtJA="}, "model": "auth.user", "pk": 32}, {"fields": {"username": "user33", "password": "pbkdf2_sha256$24000$WkBWwkigxM7Q$PH0ftJ5BD7XdLO7tTfjSKRbiNdmmJR7fdXVWIc5Uu8Y="}, "model": "auth.user", "pk": 33}, {"fields": {"username": "user34", "password": "pbkdf2_sha256$24000$hSpSxaGusgKI$rjqoSg7WSWwzrv2ams9dzqNvg2hCd3Yg+lrZYaiZmQQ="}, "model": "auth.user", "pk": 34}, {"fields": {"username": "user35", "password": "pbkdf2_sha256$24000$bNWY1GkYa5sc$WeCRIsbIX4+A/1RXtrNPVIoEm4cmIRtD+hrTx/d+ASo="}, "model": "auth.user", "pk": 35}, {"fields": {"username": "user36", "password": "pbkdf2_sha256$24000$yIbc7jEzc8Y5$Pp43WdXNrF9rY8GfgYBEksEYxHPctNLM7NYjx2ETzvU="}, "model": "auth.user", "pk": 36}, {"fields": {"username": "user37", "password": "pbkdf2_sha256$24000$1ee4FKEl4NAx$+k2h3YTX+G3RWpmOLtR/XGIlEI1uPWb4iOoxfTbhfSk="}, "model": "auth.user", "pk": 37}, {"fields": {"username": "user38", "password": "pbkdf2_sha256$24000$mf82GLpjgsj3$cnYukeKZfOItEvDxnHjpC8/K2D49YwHC5t/RiaPvQrs="}, "model": "auth.user", "pk": 38}, {"fields": {"username": "user39", "password": "pbkdf2_sha256$24000$m1BDnns5Bg3U$Vj0eA7wIhqac+64yWCcpcOt/poD2AfaF/qv2VxQ7DEM="}, "model": "auth.user", "pk": 39}, {"fields": {"username": "user40", "password": "pbkdf2_sha256$24000$iCtB40uion7x$KXucs+smAoqvfuEg/bRZaF5fztdx0qQ0MLcHCXhvUP0="}, "model": "auth.user", "pk": 40}, {"fields": {"username": "user41", "password": "pbkdf2_sha256$24000$Yoje3wsb18Zu$41nfz4HOgjgD9zISKtlKiivFLyitCwOJbzUXUpFnoSM="}, "model": "auth.user", "pk": 41}, {"fields": {"username": "user42", "password": "pbkdf2_sha256$24000$Kernb9dRZU1S$3QoX9AvkTUNCuVZ40baN8uiJw4rg/+FocbbvUX0PF/4="}, "model": "auth.user", "pk": 42}, {"fields": {"username": "user43", "password": "pbkdf2_sha256$24000$4aLwYvdiS9XZ$Cnh8bGktMT1J70qDfdRTVD5c6CW6h3IKZ59FCYnOdiQ="}, "model": "auth.user", "pk": 43}, {"fields": {"username": "user44", "password": "pbkdf2_sha256$24000$dvZsJE02PoHG$e300N17lKkCi1cTPtWni3rbKEXoc9P7aFMe+mKzBPtA="}, "model": "auth.user", "pk": 44}, {"fields": {"username": "user45", "password": "pbkdf2_sha256$24000$tQ9VIt1t56C7$U8BHACMygcYvlpDe2OeZbQKofMVwZ6TMJJAVBh7L97g="}, "model": "auth.user", "pk": 45}, {"fields": {"username": "user46", "password": "pbkdf2_sha256$24000$sSzzVnzr1uZl$W75lD1PirQakwIZYJtkVZilAD6I9Sr0oBd/Sh7IRmPc="}, "model": "auth.user", "pk": 46}, {"fields": {"username": "user47", "password": "pbkdf2_sha256$24000$YMPEfGvk3LxQ$CdJNTInZECv9fhy2VFt4uk6d8+98mVaVEwOpBs0NL8M="}, "model": "auth.user", "pk": 47}, {"fields": {"username": "user48", "password": "pbkdf2_sha256$24000$ksrWTQaSldlC$BYTeisUrpHkK2dxTtkMo9Y6BqxlvOTQgiZS5Qd7MFNU="}, "model": "auth.user", "pk": 48}, {"fields": {"username": "user49", "password": "pbkdf2_sha256$24000$0WC8a5nD5AhP$MOEH4+ch6jB8dKZB6aQKkK0s92phEdamP7sslUnG+jM="}, "model": "auth.user", "pk": 49}, {"fields": {"description": "pxCzvoxueKpUFIMLMLHFXQPRzDzLcIEuHMUTwghJbsfQZoxWHJernwKmUXZUebZzEjJKihdGlhRBapiCCYPIYmWpnESolijpRGmX", "question": 2}, "model": "scoreserver.hint", "pk": 0}, {"fields": {"description": "eCimybwqfzUXsnWcrTAnphIidqdAklzACdvBjxXykumqHBUvspLbrlssFYtDdHgoBOQxnzWsNssoNIJoQZOLnJCQkyVyFJbMCxVq", "question": 40}, "model": "scoreserver.hint", "pk": 1}, {"fields": {"description": "ZoZjGLEjLiHcdDZxHviTEtUXdqLzEIGWcqMAqzWCJGAYcTWABMEzayviAvnpnYoWymPgxSnGiOKhgsWaGsdfReqerGKXCdxqITGj", "question": 45}, "model": "scoreserver.hint", "pk": 2}, {"fields": {"description": "EygQnOoSxWXatVQDkTFqoIDylqueVzFoWpEGORSzMNTwARqsLUohHlKjAgzvrIWeaFDtLbuPENNWDHJwYBBPxIcXYQiBiAPstdpf", "question": 39}, "model": "scoreserver.hint", "pk": 3}, {"fields": {"description": "MholBpXoUZSOomuRRZUYmXmiTKlDMFdStRfIaWjYXRnuJsZCtiUQXqaFlpTOKHZcGBxLWsHDKnJeBGpVAkRAgysbJYBVMYhSejMY", "question": 16}, "model": "scoreserver.hint", "pk": 4}, {"fields": {"description": "rGIoprRnyIIQAyhMbENNnjQVJjCnqiknwNgLGrlMLjJcfxvelFNBRimMlgMfpNsZtRUMsUAqdikdppQZlxeULgwhlMrdJcfideNs", "question": 5}, "model": "scoreserver.hint", "pk": 5}, {"fields": {"description": "YRtiDJiTHtagkxIhDJlTEujpDJvPQPPswQqZLYKILKJjymrinIHjsyXqagNKqgCsiAmDWHFTnabjzJShydOlzoDUBkCeBAPTBxtV", "question": 42}, "model": "scoreserver.hint", "pk": 6}, {"fields": {"description": "YgQkohOTJkEUvKIvIIElAiYdwhoiVitKqdIuETwLHAdAsRBuEdirgVEoLvbClnovmHeRYbLyCVdDhZeWNMPVLGYJYfUXzyURdLSV", "question": 2}, "model": "scoreserver.hint", "pk": 7}, {"fields": {"description": "VoRDkkuuKuUBpRujJlYeABobWMSDbxFmsspNnisjYnIClnEdIbWZxRTWEYEELgaiqVDfJFAYueZklfWXnZjbXOGtQlmjWAzjRqZA", "question": 25}, "model": "scoreserver.hint", "pk": 8}, {"fields": {"description": "eCBKYmQlYTnQxFfRwioSkhxrVOIApUYqrzCeqUPKraYjeLObzSNPBoIeSYYwTKkjyheIgmUMQUnsIfGWPBFYLfpHkSdGeMbBFLix", "question": 7}, "model": "scoreserver.hint", "pk": 9}, {"fields": {"description": "evgwHuQBjqWEdeZPewzYAnyarQetWSrugTFEXbmqtxJvSnyNeCRdfalaQNshWVlLoWTywLrGmwErfqfmcCWsqXqZJYTBsSdkYRbp", "question": 11}, "model": "scoreserver.hint", "pk": 10}, {"fields": {"description": "PJEsXUOmQkafaSodbQcednuOCAGNEtstsKOkWfWRaoOJGmMvIvpWYSarTqhpTsAkRdsgYPpXzAEqomFMpxZAMLTffZJNujGTmaXc", "question": 44}, "model": "scoreserver.hint", "pk": 11}, {"fields": {"description": "FFsZEzUJyEEGHWydtTTvdPnOBSFvyrfgDwKyrfUgOpDKASWuELvUPcnsfsHBTWimAtZlFkLdZbTyDISPtHshpjBzKndVefzWllWr", "question": 46}, "model": "scoreserver.hint", "pk": 12}, {"fields": {"description": "oXafyBibHLUvxQtmLOEQCwUYWsvhstfMWiyrSTBsZoIlpVdQGZEiIZMVXvvykLVLYdtFOnFdHgGtFcMwteTxCGAmBCljHcRmZZOt", "question": 5}, "model": "scoreserver.hint", "pk": 13}, {"fields": {"description": "urpzjIkFrRdBGVJjrlsbtwmvYjsvTMvkZzrXOevPjbgIQSOPtCveGKgUvtvevufUoPylgRTQPuYdqZvMdBufrwdtJyKfsHhbsAbc", "question": 6}, "model": "scoreserver.hint", "pk": 14}, {"fields": {"description": "HlclFKaKfTiAuQKFpuHyRLSewKItkitBGjhUefMrrGumtuMxGEbdaYlrHdxtNYKpTUEfsovNqPMxDwnYVQdHSaUYSbrcLPpZMXna", "question": 15}, "model": "scoreserver.hint", "pk": 15}, {"fields": {"description": "IPgiBKfaPIWGUTJUNyQFAsuksQqdIsQbdvnxsGfTRBHYDHABHWQLVadYqpzCcQRRhslqJDufkdBQjDeQIsOTyWeWHBrtLcMxYfEI", "question": 28}, "model": "scoreserver.hint", "pk": 16}, {"fields": {"description": "RcsDnheECyLXHhdvEifgsarCpmgsdhitNIAtykHePLpnUkqEZOOVhiGroyrHrQRFUIXeHjUvucBHretjkGBDxEjuPSoLRqXuTNVR", "question": 45}, "model": "scoreserver.hint", "pk": 17}, {"fields": {"description": "QxQnIrEfnXUkGIrBfUhTUQiaOHxcOaEajtLnkQpjFxvfExigxxrlMfkvTlWEmnrJQBXncjwhIeIjPSIDKikdfuZbHADeJtCmLXAR", "question": 23}, "model": "scoreserver.hint", "pk": 18}, {"fields": {"description": "VMNYjHlahASVGhEBsLwhtWMODyHMaFFHzuepDxXEOkRbKzjfXRzuCapVKuzksLTMkkolrteHvlzwtysCBimwTnfNCEKePnsFAQeh", "question": 29}, "model": "scoreserver.hint", "pk": 19}, {"fields": {"description": "OZdeUATBkJBHLYBxgbmgNBBNOVvMhXjPVsSEJKNxGJiZDjUyMGwnJcPyBWCQITSmVruQBZsckHyILmorZDWPwTsbNYbVRSIRemxG", "question": 41}, "model": "scoreserver.hint", "pk": 20}, {"fields": {"description": "sshqcGioFUQnHqIeoaiYdpGpqFYIHwNRkRFopyuufiqEyOLRLaklODNRdNIinLGbfnqGXTiZEZWDCAMGseiJqgmdyOysqOcTWXmy", "question": 26}, "model": "scoreserver.hint", "pk": 21}, {"fields": {"description": "bLIxQfUQYUUhlWRSNxSjtndLQztQhSBbLyeohmtyiEeMtDxyaUcOYlnKZmyceioEmuuoMleNaSloTLvIQRXFjlDULlgPfgwqPUou", "question": 31}, "model": "scoreserver.hint", "pk": 22}, {"fields": {"description": "GgQFNTeDUUpwAokUBLtWsevtUKrlYrpzivwRqKhVHLUdyceVtWJcsamwqvfaGakHtHdypIfGngdrxvmYhMfqMmTGJPsgWpxdFgCJ", "question": 40}, "model": "scoreserver.hint", "pk": 23}, {"fields": {"description": "YQDzflFWfZyqfxiCgBkQuyLOHwngUXnwSLTOpIvAHpxONvBzvyUowxiOvMFAvAMHIaJCPItdriwfNZzpaKrKWNcOCdAbXnVezuji", "question": 16}, "model": "scoreserver.hint", "pk": 24}, {"fields": {"description": "GMIzACPrjNzhlUKBVtAcIopNNUoYclzwRWdYJabwmjRVrEFoVIJaUDccxgarbbusipkhCLDqTeRRSBdXgwBNsRzbtpCdGBoruilT", "question": 37}, "model": "scoreserver.hint", "pk": 25}, {"fields": {"description": "KxGfCbwKuJUXwljAaoyEXHcSFfJcDznqvSRUGEAehClZEpLvqaLSTmgHmOWhNdgLPVvcAGTGXTvRceFCVLdbCWDlfBZQIHhqYToA", "question": 18}, "model": "scoreserver.hint", "pk": 26}, {"fields": {"description": "TlTinAndtVcQdTOVjPYFYFgdveCRFwfyvpftmWBRRJCNQIYUQzZJpDJjQEbkgnKlAuMYRbskjJwNthbESgEJvwpNgSoEBNdbuOFK", "question": 29}, "model": "scoreserver.hint", "pk": 27}, {"fields": {"description": "aSaKvgqgDwphqaoZSICTSLYPBJATlKjYgbzigzIOebjcYEtqJTvXbnTtIvUfOZRybuBsPuzDyQhirPZpefwPlIEmOOBIonIeZiCp", "question": 48}, "model": "scoreserver.hint", "pk": 28}, {"fields": {"description": "okbUnxTOwDpWgjMmfzfxpNQTupCUFRmmZlZdvIuhRFNlcUikhuKsOoMLrDUDkWWeTGSDUsMVhPomGQLclzdtplcgmOOCLHxFsoqR", "question": 47}, "model": "scoreserver.hint", "pk": 29}, {"fields": {"description": "CNDsixzLGJAatIxOPRnNubODPVYivgsTtSNlBmUCNhgBgldUaZysStlpNNSTbwRcwNIIWDiTMEbEIQDSSIFAiBMHJqzIyZpPBJCT", "question": 42}, "model": "scoreserver.hint", "pk": 30}, {"fields": {"description": "sndieFpWOcNrvrvIFkNSfwKLHyqhGlpguOcVAFBqSamPyLsCsJWwnAdGyGtYUPzTgmJMzpmdifaHyKhykIwqHNkwRzgphHBoZXWa", "question": 2}, "model": "scoreserver.hint", "pk": 31}, {"fields": {"description": "UMQyIvKBqscfBaIOPaWWsqLQMxgjhgUrdWFIkQbydHDlIySiZZTdYDHmwgeqSIwMCbLBnNrLoEwwDzIlglrXlXBgQOFdDVbMxnKP", "question": 31}, "model": "scoreserver.hint", "pk": 32}, {"fields": {"description": "saIPXrtkyWeoKvQPlKISVdZYQjhgItaUZfOEzZkHIRshBWTkmoUCoVtTCBvdnpiyQiJBZTwipPNlXgdyGgTLMrvIwcLnbiGwSjSw", "question": 8}, "model": "scoreserver.hint", "pk": 33}, {"fields": {"description": "yugdkblGowrwJgSJqQiZqpjNZZpYoReuCqrqbcKaylGvDmOzaOAXRcNFgeFGuaJZVeFYFSglFqgUrIbmftQIrLjlXitrQqHLYjOr", "question": 4}, "model": "scoreserver.hint", "pk": 34}, {"fields": {"description": "qWkdadISppzxQDSKegmdqlteRJkArKTZQUJBRvAbbpEIshJEWZgEVjpXBCxmGkixHbVSnAaXGSoAFMQQKRQsdCyEYGiNHbrmqUcf", "question": 32}, "model": "scoreserver.hint", "pk": 35}, {"fields": {"description": "LdHYCrVDXHmIxxuwweRiaFkPxTQFFNDXcuzxEBdwaxpqUGEnQlQpybGUiEPvCVNtYMckgUAbBTTJoLozrBjnBEUWVHzHCDczffQH", "question": 2}, "model": "scoreserver.hint", "pk": 36}, {"fields": {"description": "mcQEHVkiPzjHcZivoxFVDiYEXqfdoXfPcneCHjtZvVjQxMFMATLyfJoLpHGMHeCcZIZIWKoyHbsuYHoNysphyxXwvbVStRaTRRzG", "question": 16}, "model": "scoreserver.hint", "pk": 37}, {"fields": {"description": "ymbVnxaKMnbofYwzWScmVYetcKbfgvYOLRXcJCCvqVCRqgjSxwdJaUYCotAvDJiDTutSWLzvZMaVWdKKOHSZqjjZyheGnVZTVEFu", "question": 2}, "model": "scoreserver.hint", "pk": 38}, {"fields": {"description": "QZnlTGpIojquPeoezoMTydFvQleuQLjFiFIdUnntgBycbqaeGUycJuZNUPxXZRhbEWmUvgDWKLYEQpoYsPtAqLQUYlBUVEfyCRtX", "question": 5}, "model": "scoreserver.hint", "pk": 39}, {"fields": {"description": "OUkhMObfWiPsrMktGZUBlLAFfdKKavhqXOWRyeCiJYpzUopGxZTePGppluXHeMCJJQvLmUNlRmyuUjcLBLJxVmpEmTOTaFekLoPX", "question": 35}, "model": "scoreserver.hint", "pk": 40}, {"fields": {"description": "SjEqiJSAVmZQXQveoBHaaCSazqgCuiigmkKWMhANYfQWWmMvjTBBRJkhUFljGbHXZtRWgMElhniXKVPgVvTRvrGoAzNVLcHKcQUf", "question": 22}, "model": "scoreserver.hint", "pk": 41}, {"fields": {"description": "cnMWMGlZowbEfWQxeyjpBZFmhnepdVfpkuMqAyFMjwwQxtiVdjouuovMzAYwnJcbbIdhfFJNHGOPxZNPUQtXdAPCocJjxEDUhQNW", "question": 11}, "model": "scoreserver.hint", "pk": 42}, {"fields": {"description": "rrfXcsOFnuASXCuadmIfIwmyDvgiBtLRiTvOYhlhuLThlaLtCGEMmvJBxmnmVBjxKTyyNoHzsNBCRdjPjdnzsDcFjkjukYMzvJOV", "question": 28}, "model": "scoreserver.hint", "pk": 43}, {"fields": {"description": "sRLlyijpSJdPpZkoIRjerIqWjahIezXxEjObifJoXJpBOmQFNFqqXadfJFhTWzhycwsTvoXpcmBbhoAueKeyftglKsCooEVpSwLL", "question": 41}, "model": "scoreserver.hint", "pk": 44}, {"fields": {"description": "XgFdhNOoMCdAaDgRHaUfJAEbAtpkjiIIEOBubWSSyZFuXqBXTfXRTNINSuBobxBIxXOAHhgnPrpkkunErjTZAcYcXpliBxMcVKIS", "question": 44}, "model": "scoreserver.hint", "pk": 45}, {"fields": {"description": "bTiigGxHPrHrezzDHswxoypqcHADaZMoiRlfKfUOUFViRfupbAIVFsLfpVYClRiOOTLmCMccZMIhFgNFHVJXeIhcpedsuVMuiCfg", "question": 13}, "model": "scoreserver.hint", "pk": 46}, {"fields": {"description": "JwjgtuqrtPBTGiMfdKelpwslOmgJEhtNAJcZcYWACbvTnFcDmJfvvaLpICyYCrMmIQZnPifgPKdnayPJeFgXkTBxCQnfByJtTbct", "question": 12}, "model": "scoreserver.hint", "pk": 47}, {"fields": {"description": "MtliIRadgmGjpGuzwZyWDFyEGMbTugYDpcUdBzmGexAmdDbWbXZDpCoymVFaUAgSplwHaRvNXCZEbCXGOrYvegIfanTugQtqttka", "question": 29}, "model": "scoreserver.hint", "pk": 48}, {"fields": {"description": "hfTSQomIIUruQmAiYIWTCYBHfdBhZPMbsHAtKXCWfVuAHvcisXgYupaqPKbBaTOahotcudJWKXVDDtYkfmKOXYBeunRntamRJgXe", "question": 33}, "model": "scoreserver.hint", "pk": 49}, {"fields": {"user": 45, "question": 6, "point": 200}, "model": "scoreserver.attackpointhistory", "pk": 0}, {"fields": {"user": 26, "question": 5, "point": 500}, "model": "scoreserver.attackpointhistory", "pk": 1}, {"fields": {"user": 39, "question": 7, "point": 400}, "model": "scoreserver.attackpointhistory", "pk": 2}, {"fields": {"user": 3, "question": 6, "point": 500}, "model": "scoreserver.attackpointhistory", "pk": 3}, {"fields": {"user": 33, "question": 9, "point": 900}, "model": "scoreserver.attackpointhistory", "pk": 4}, {"fields": {"user": 18, "question": 2, "point": 100}, "model": "scoreserver.attackpointhistory", "pk": 5}, {"fields": {"user": 1, "question": 4, "point": 100}, "model": "scoreserver.attackpointhistory", "pk": 6}, {"fields": {"user": 22, "question": 6, "point": 700}, "model": "scoreserver.attackpointhistory", "pk": 7}, {"fields": {"user": 33, "question": 5, "point": 800}, "model": "scoreserver.attackpointhistory", "pk": 8}, {"fields": {"user": 30, "question": 6, "point": 1000}, "model": "scoreserver.attackpointhistory", "pk": 9}, {"fields": {"user": 36, "question": 1, "point": 100}, "model": "scoreserver.attackpointhistory", "pk": 10}, {"fields": {"user": 31, "question": 2, "point": 600}, "model": "scoreserver.attackpointhistory", "pk": 11}, {"fields": {"user": 29, "question": 9, "point": 200}, "model": "scoreserver.attackpointhistory", "pk": 12}, {"fields": {"user": 9, "question": 5, "point": 100}, "model": "scoreserver.attackpointhistory", "pk": 13}, {"fields": {"user": 45, "question": 2, "point": 100}, "model": "scoreserver.attackpointhistory", "pk": 14}, {"fields": {"user": 31, "question": 5, "point": 200}, "model": "scoreserver.attackpointhistory", "pk": 15}, {"fields": {"user": 35, "question": 8, "point": 400}, "model": "scoreserver.attackpointhistory", "pk": 16}, {"fields": {"user": 21, "question": 9, "point": 1000}, "model": "scoreserver.attackpointhistory", "pk": 17}, {"fields": {"user": 6, "question": 5, "point": 600}, "model": "scoreserver.attackpointhistory", "pk": 18}, {"fields": {"user": 25, "question": 6, "point": 400}, "model": "scoreserver.attackpointhistory", "pk": 19}, {"fields": {"user": 23, "question": 5, "point": 100}, "model": "scoreserver.attackpointhistory", "pk": 20}, {"fields": {"user": 47, "question": 6, "point": 700}, "model": "scoreserver.attackpointhistory", "pk": 21}, {"fields": {"user": 37, "question": 4, "point": 400}, "model": "scoreserver.attackpointhistory", "pk": 22}, {"fields": {"user": 4, "question": 2, "point": 300}, "model": "scoreserver.attackpointhistory", "pk": 23}, {"fields": {"user": 6, "question": 1, "point": 200}, "model": "scoreserver.attackpointhistory", "pk": 24}, {"fields": {"user": 31, "question": 1, "point": 200}, "model": "scoreserver.attackpointhistory", "pk": 25}, {"fields": {"user": 38, "question": 1, "point": 300}, "model": "scoreserver.attackpointhistory", "pk": 26}, {"fields": {"user": 24, "question": 5, "point": 500}, "model": "scoreserver.attackpointhistory", "pk": 27}, {"fields": {"user": 31, "question": 6, "point": 700}, "model": "scoreserver.attackpointhistory", "pk": 28}, {"fields": {"user": 23, "question": 1, "point": 800}, "model": "scoreserver.attackpointhistory", "pk": 29}, {"fields": {"user": 20, "question": 4, "point": 1000}, "model": "scoreserver.attackpointhistory", "pk": 30}, {"fields": {"user": 26, "question": 2, "point": 1000}, "model": "scoreserver.attackpointhistory", "pk": 31}, {"fields": {"user": 20, "question": 3, "point": 1000}, "model": "scoreserver.attackpointhistory", "pk": 32}, {"fields": {"user": 13, "question": 3, "point": 600}, "model": "scoreserver.attackpointhistory", "pk": 33}, {"fields": {"user": 22, "question": 6, "point": 200}, "model": "scoreserver.attackpointhistory", "pk": 34}, {"fields": {"user": 21, "question": 2, "point": 1000}, "model": "scoreserver.attackpointhistory", "pk": 35}, {"fields": {"user": 19, "question": 5, "point": 700}, "model": "scoreserver.attackpointhistory", "pk": 36}, {"fields": {"user": 17, "question": 1, "point": 500}, "model": "scoreserver.attackpointhistory", "pk": 37}, {"fields": {"user": 28, "question": 8, "point": 300}, "model": "scoreserver.attackpointhistory", "pk": 38}, {"fields": {"user": 9, "question": 4, "point": 500}, "model": "scoreserver.attackpointhistory", "pk": 39}, {"fields": {"user": 4, "question": 1, "point": 600}, "model": "scoreserver.attackpointhistory", "pk": 40}, {"fields": {"user": 18, "question": 7, "point": 600}, "model": "scoreserver.attackpointhistory", "pk": 41}, {"fields": {"user": 28, "question": 7, "point": 300}, "model": "scoreserver.attackpointhistory", "pk": 42}, {"fields": {"user": 24, "question": 9, "point": 700}, "model": "scoreserver.attackpointhistory", "pk": 43}, {"fields": {"user": 2, "question": 1, "point": 100}, "model": "scoreserver.attackpointhistory", "pk": 44}, {"fields": {"user": 46, "question": 6, "point": 300}, "model": "scoreserver.attackpointhistory", "pk": 45}, {"fields": {"user": 3, "question": 7, "point": 300}, "model": "scoreserver.attackpointhistory", "pk": 46}, {"fields": {"user": 25, "question": 1, "point": 900}, "model": "scoreserver.attackpointhistory", "pk": 47}, {"fields": {"user": 21, "question": 4, "point": 900}, "model": "scoreserver.attackpointhistory", "pk": 48}, {"fields": {"user": 9, "question": 8, "point": 800}, "model": "scoreserver.attackpointhistory", "pk": 49}, {"fields": {"user": 31, "question": 2, "point": 700}, "model": "scoreserver.attackpointhistory", "pk": 50}, {"fields": {"user": 40, "question": 7, "point": 500}, "model": "scoreserver.attackpointhistory", "pk": 51}, {"fields": {"user": 12, "question": 5, "point": 600}, "model": "scoreserver.attackpointhistory", "pk": 52}, {"fields": {"user": 15, "question": 4, "point": 200}, "model": "scoreserver.attackpointhistory", "pk": 53}, {"fields": {"user": 23, "question": 8, "point": 900}, "model": "scoreserver.attackpointhistory", "pk": 54}, {"fields": {"user": 33, "question": 6, "point": 100}, "model": "scoreserver.attackpointhistory", "pk": 55}, {"fields": {"user": 30, "question": 1, "point": 900}, "model": "scoreserver.attackpointhistory", "pk": 56}, {"fields": {"user": 24, "question": 1, "point": 100}, "model": "scoreserver.attackpointhistory", "pk": 57}, {"fields": {"user": 23, "question": 3, "point": 200}, "model": "scoreserver.attackpointhistory", "pk": 58}, {"fields": {"user": 28, "question": 9, "point": 700}, "model": "scoreserver.attackpointhistory", "pk": 59}, {"fields": {"user": 22, "question": 5, "point": 800}, "model": "scoreserver.attackpointhistory", "pk": 60}, {"fields": {"user": 31, "question": 9, "point": 100}, "model": "scoreserver.attackpointhistory", "pk": 61}, {"fields": {"user": 4, "question": 2, "point": 700}, "model": "scoreserver.attackpointhistory", "pk": 62}, {"fields": {"user": 41, "question": 9, "point": 800}, "model": "scoreserver.attackpointhistory", "pk": 63}, {"fields": {"user": 10, "question": 9, "point": 400}, "model": "scoreserver.attackpointhistory", "pk": 64}, {"fields": {"user": 23, "question": 2, "point": 1000}, "model": "scoreserver.attackpointhistory", "pk": 65}, {"fields": {"user": 28, "question": 8, "point": 500}, "model": "scoreserver.attackpointhistory", "pk": 66}, {"fields": {"user": 34, "question": 4, "point": 600}, "model": "scoreserver.attackpointhistory", "pk": 67}, {"fields": {"user": 34, "question": 4, "point": 300}, "model": "scoreserver.attackpointhistory", "pk": 68}, {"fields": {"user": 44, "question": 5, "point": 100}, "model": "scoreserver.attackpointhistory", "pk": 69}, {"fields": {"user": 14, "question": 3, "point": 400}, "model": "scoreserver.attackpointhistory", "pk": 70}, {"fields": {"user": 5, "question": 8, "point": 300}, "model": "scoreserver.attackpointhistory", "pk": 71}, {"fields": {"user": 8, "question": 5, "point": 200}, "model": "scoreserver.attackpointhistory", "pk": 72}, {"fields": {"user": 32, "question": 6, "point": 900}, "model": "scoreserver.attackpointhistory", "pk": 73}, {"fields": {"user": 41, "question": 4, "point": 700}, "model": "scoreserver.attackpointhistory", "pk": 74}, {"fields": {"user": 49, "question": 6, "point": 700}, "model": "scoreserver.attackpointhistory", "pk": 75}, {"fields": {"user": 34, "question": 3, "point": 700}, "model": "scoreserver.attackpointhistory", "pk": 76}, {"fields": {"user": 9, "question": 8, "point": 700}, "model": "scoreserver.attackpointhistory", "pk": 77}, {"fields": {"user": 7, "question": 1, "point": 800}, "model": "scoreserver.attackpointhistory", "pk": 78}, {"fields": {"user": 40, "question": 5, "point": 800}, "model": "scoreserver.attackpointhistory", "pk": 79}, {"fields": {"user": 35, "question": 2, "point": 200}, "model": "scoreserver.attackpointhistory", "pk": 80}, {"fields": {"user": 8, "question": 1, "point": 300}, "model": "scoreserver.attackpointhistory", "pk": 81}, {"fields": {"user": 19, "question": 4, "point": 800}, "model": "scoreserver.attackpointhistory", "pk": 82}, {"fields": {"user": 19, "question": 5, "point": 200}, "model": "scoreserver.attackpointhistory", "pk": 83}, {"fields": {"user": 32, "question": 2, "point": 900}, "model": "scoreserver.attackpointhistory", "pk": 84}, {"fields": {"user": 24, "question": 9, "point": 200}, "model": "scoreserver.attackpointhistory", "pk": 85}, {"fields": {"user": 13, "question": 8, "point": 300}, "model": "scoreserver.attackpointhistory", "pk": 86}, {"fields": {"user": 12, "question": 7, "point": 700}, "model": "scoreserver.attackpointhistory", "pk": 87}, {"fields": {"user": 32, "question": 9, "point": 400}, "model": "scoreserver.attackpointhistory", "pk": 88}, {"fields": {"user": 45, "question": 5, "point": 600}, "model": "scoreserver.attackpointhistory", "pk": 89}, {"fields": {"user": 7, "question": 8, "point": 900}, "model": "scoreserver.attackpointhistory", "pk": 90}, {"fields": {"user": 13, "question": 6, "point": 200}, "model": "scoreserver.attackpointhistory", "pk": 91}, {"fields": {"user": 43, "question": 9, "point": 900}, "model": "scoreserver.attackpointhistory", "pk": 92}, {"fields": {"user": 25, "question": 5, "point": 300}, "model": "scoreserver.attackpointhistory", "pk": 93}, {"fields": {"user": 6, "question": 4, "point": 100}, "model": "scoreserver.attackpointhistory", "pk": 94}, {"fields": {"user": 48, "question": 4, "point": 600}, "model": "scoreserver.attackpointhistory", "pk": 95}, {"fields": {"user": 40, "question": 4, "point": 300}, "model": "scoreserver.attackpointhistory", "pk": 96}, {"fields": {"user": 42, "question": 2, "point": 1000}, "model": "scoreserver.attackpointhistory", "pk": 97}, {"fields": {"user": 12, "question": 6, "point": 400}, "model": "scoreserver.attackpointhistory", "pk": 98}, {"fields": {"user": 38, "question": 9, "point": 100}, "model": "scoreserver.attackpointhistory", "pk": 99}, {"fields": {"user": 16, "question": 5, "point": 200}, "model": "scoreserver.attackpointhistory", "pk": 100}, {"fields": {"user": 33, "question": 5, "point": 800}, "model": "scoreserver.attackpointhistory", "pk": 101}, {"fields": {"user": 28, "question": 1, "point": 1000}, "model": "scoreserver.attackpointhistory", "pk": 102}, {"fields": {"user": 28, "question": 7, "point": 300}, "model": "scoreserver.attackpointhistory", "pk": 103}, {"fields": {"user": 9, "question": 1, "point": 400}, "model": "scoreserver.attackpointhistory", "pk": 104}, {"fields": {"user": 46, "question": 8, "point": 600}, "model": "scoreserver.attackpointhistory", "pk": 105}, {"fields": {"user": 7, "question": 9, "point": 100}, "model": "scoreserver.attackpointhistory", "pk": 106}, {"fields": {"user": 16, "question": 8, "point": 500}, "model": "scoreserver.attackpointhistory", "pk": 107}, {"fields": {"user": 36, "question": 9, "point": 100}, "model": "scoreserver.attackpointhistory", "pk": 108}, {"fields": {"user": 2, "question": 9, "point": 900}, "model": "scoreserver.attackpointhistory", "pk": 109}, {"fields": {"user": 14, "question": 7, "point": 900}, "model": "scoreserver.attackpointhistory", "pk": 110}, {"fields": {"user": 43, "question": 6, "point": 500}, "model": "scoreserver.attackpointhistory", "pk": 111}, {"fields": {"user": 46, "question": 8, "point": 1000}, "model": "scoreserver.attackpointhistory", "pk": 112}, {"fields": {"user": 26, "question": 5, "point": 500}, "model": "scoreserver.attackpointhistory", "pk": 113}, {"fields": {"user": 23, "question": 1, "point": 700}, "model": "scoreserver.attackpointhistory", "pk": 114}, {"fields": {"user": 12, "question": 9, "point": 400}, "model": "scoreserver.attackpointhistory", "pk": 115}, {"fields": {"user": 10, "question": 4, "point": 500}, "model": "scoreserver.attackpointhistory", "pk": 116}, {"fields": {"user": 37, "question": 9, "point": 500}, "model": "scoreserver.attackpointhistory", "pk": 117}, {"fields": {"user": 5, "question": 2, "point": 600}, "model": "scoreserver.attackpointhistory", "pk": 118}, {"fields": {"user": 44, "question": 7, "point": 400}, "model": "scoreserver.attackpointhistory", "pk": 119}, {"fields": {"user": 43, "question": 5, "point": 100}, "model": "scoreserver.attackpointhistory", "pk": 120}, {"fields": {"user": 25, "question": 8, "point": 100}, "model": "scoreserver.attackpointhistory", "pk": 121}, {"fields": {"user": 13, "question": 6, "point": 500}, "model": "scoreserver.attackpointhistory", "pk": 122}, {"fields": {"user": 10, "question": 5, "point": 800}, "model": "scoreserver.attackpointhistory", "pk": 123}, {"fields": {"user": 2, "question": 6, "point": 400}, "model": "scoreserver.attackpointhistory", "pk": 124}, {"fields": {"user": 11, "question": 4, "point": 500}, "model": "scoreserver.attackpointhistory", "pk": 125}, {"fields": {"user": 3, "question": 5, "point": 1000}, "model": "scoreserver.attackpointhistory", "pk": 126}, {"fields": {"user": 48, "question": 1, "point": 100}, "model": "scoreserver.attackpointhistory", "pk": 127}, {"fields": {"user": 10, "question": 1, "point": 800}, "model": "scoreserver.attackpointhistory", "pk": 128}, {"fields": {"user": 38, "question": 8, "point": 100}, "model": "scoreserver.attackpointhistory", "pk": 129}, {"fields": {"user": 7, "question": 4, "point": 400}, "model": "scoreserver.attackpointhistory", "pk": 130}, {"fields": {"user": 7, "question": 2, "point": 700}, "model": "scoreserver.attackpointhistory", "pk": 131}, {"fields": {"user": 6, "question": 1, "point": 400}, "model": "scoreserver.attackpointhistory", "pk": 132}, {"fields": {"user": 26, "question": 1, "point": 800}, "model": "scoreserver.attackpointhistory", "pk": 133}, {"fields": {"user": 38, "question": 7, "point": 700}, "model": "scoreserver.attackpointhistory", "pk": 134}, {"fields": {"user": 25, "question": 7, "point": 700}, "model": "scoreserver.attackpointhistory", "pk": 135}, {"fields": {"user": 39, "question": 8, "point": 800}, "model": "scoreserver.attackpointhistory", "pk": 136}, {"fields": {"user": 9, "question": 6, "point": 900}, "model": "scoreserver.attackpointhistory", "pk": 137}, {"fields": {"user": 43, "question": 3, "point": 400}, "model": "scoreserver.attackpointhistory", "pk": 138}, {"fields": {"user": 1, "question": 2, "point": 200}, "model": "scoreserver.attackpointhistory", "pk": 139}, {"fields": {"user": 19, "question": 4, "point": 800}, "model": "scoreserver.attackpointhistory", "pk": 140}, {"fields": {"user": 40, "question": 2, "point": 700}, "model": "scoreserver.attackpointhistory", "pk": 141}, {"fields": {"user": 46, "question": 1, "point": 300}, "model": "scoreserver.attackpointhistory", "pk": 142}, {"fields": {"user": 27, "question": 1, "point": 1000}, "model": "scoreserver.attackpointhistory", "pk": 143}, {"fields": {"user": 17, "question": 7, "point": 800}, "model": "scoreserver.attackpointhistory", "pk": 144}, {"fields": {"user": 6, "question": 1, "point": 400}, "model": "scoreserver.attackpointhistory", "pk": 145}, {"fields": {"user": 4, "question": 8, "point": 1000}, "model": "scoreserver.attackpointhistory", "pk": 146}, {"fields": {"user": 44, "question": 9, "point": 400}, "model": "scoreserver.attackpointhistory", "pk": 147}, {"fields": {"user": 18, "question": 4, "point": 100}, "model": "scoreserver.attackpointhistory", "pk": 148}, {"fields": {"user": 41, "question": 6, "point": 300}, "model": "scoreserver.attackpointhistory", "pk": 149}, {"fields": {"user": 2, "question": 2, "point": 1000}, "model": "scoreserver.attackpointhistory", "pk": 150}, {"fields": {"user": 28, "question": 2, "point": 300}, "model": "scoreserver.attackpointhistory", "pk": 151}, {"fields": {"user": 23, "question": 2, "point": 300}, "model": "scoreserver.attackpointhistory", "pk": 152}, {"fields": {"user": 41, "question": 1, "point": 1000}, "model": "scoreserver.attackpointhistory", "pk": 153}, {"fields": {"user": 25, "question": 4, "point": 800}, "model": "scoreserver.attackpointhistory", "pk": 154}, {"fields": {"user": 9, "question": 1, "point": 200}, "model": "scoreserver.attackpointhistory", "pk": 155}, {"fields": {"user": 37, "question": 6, "point": 400}, "model": "scoreserver.attackpointhistory", "pk": 156}, {"fields": {"user": 30, "question": 1, "point": 600}, "model": "scoreserver.attackpointhistory", "pk": 157}, {"fields": {"user": 37, "question": 4, "point": 500}, "model": "scoreserver.attackpointhistory", "pk": 158}, {"fields": {"user": 9, "question": 9, "point": 600}, "model": "scoreserver.attackpointhistory", "pk": 159}, {"fields": {"user": 31, "question": 1, "point": 900}, "model": "scoreserver.attackpointhistory", "pk": 160}, {"fields": {"user": 37, "question": 4, "point": 100}, "model": "scoreserver.attackpointhistory", "pk": 161}, {"fields": {"user": 39, "question": 6, "point": 500}, "model": "scoreserver.attackpointhistory", "pk": 162}, {"fields": {"user": 36, "question": 3, "point": 700}, "model": "scoreserver.attackpointhistory", "pk": 163}, {"fields": {"user": 2, "question": 7, "point": 800}, "model": "scoreserver.attackpointhistory", "pk": 164}, {"fields": {"user": 22, "question": 2, "point": 800}, "model": "scoreserver.attackpointhistory", "pk": 165}, {"fields": {"user": 36, "question": 3, "point": 400}, "model": "scoreserver.attackpointhistory", "pk": 166}, {"fields": {"user": 31, "question": 4, "point": 600}, "model": "scoreserver.attackpointhistory", "pk": 167}, {"fields": {"user": 42, "question": 2, "point": 1000}, "model": "scoreserver.attackpointhistory", "pk": 168}, {"fields": {"user": 26, "question": 8, "point": 200}, "model": "scoreserver.attackpointhistory", "pk": 169}, {"fields": {"user": 43, "question": 3, "point": 200}, "model": "scoreserver.attackpointhistory", "pk": 170}, {"fields": {"user": 29, "question": 9, "point": 200}, "model": "scoreserver.attackpointhistory", "pk": 171}, {"fields": {"user": 22, "question": 5, "point": 200}, "model": "scoreserver.attackpointhistory", "pk": 172}, {"fields": {"user": 42, "question": 5, "point": 900}, "model": "scoreserver.attackpointhistory", "pk": 173}, {"fields": {"user": 6, "question": 7, "point": 1000}, "model": "scoreserver.attackpointhistory", "pk": 174}, {"fields": {"user": 15, "question": 9, "point": 300}, "model": "scoreserver.attackpointhistory", "pk": 175}, {"fields": {"user": 43, "question": 2, "point": 400}, "model": "scoreserver.attackpointhistory", "pk": 176}, {"fields": {"user": 32, "question": 7, "point": 800}, "model": "scoreserver.attackpointhistory", "pk": 177}, {"fields": {"user": 3, "question": 7, "point": 800}, "model": "scoreserver.attackpointhistory", "pk": 178}, {"fields": {"user": 22, "question": 9, "point": 500}, "model": "scoreserver.attackpointhistory", "pk": 179}, {"fields": {"user": 39, "question": 3, "point": 1000}, "model": "scoreserver.attackpointhistory", "pk": 180}, {"fields": {"user": 10, "question": 6, "point": 500}, "model": "scoreserver.attackpointhistory", "pk": 181}, {"fields": {"user": 17, "question": 9, "point": 1000}, "model": "scoreserver.attackpointhistory", "pk": 182}, {"fields": {"user": 30, "question": 5, "point": 200}, "model": "scoreserver.attackpointhistory", "pk": 183}, {"fields": {"user": 44, "question": 3, "point": 1000}, "model": "scoreserver.attackpointhistory", "pk": 184}, {"fields": {"user": 26, "question": 2, "point": 200}, "model": "scoreserver.attackpointhistory", "pk": 185}, {"fields": {"user": 18, "question": 4, "point": 500}, "model": "scoreserver.attackpointhistory", "pk": 186}, {"fields": {"user": 44, "question": 4, "point": 800}, "model": "scoreserver.attackpointhistory", "pk": 187}, {"fields": {"user": 13, "question": 4, "point": 900}, "model": "scoreserver.attackpointhistory", "pk": 188}, {"fields": {"user": 39, "question": 3, "point": 400}, "model": "scoreserver.attackpointhistory", "pk": 189}, {"fields": {"user": 42, "question": 5, "point": 1000}, "model": "scoreserver.attackpointhistory", "pk": 190}, {"fields": {"user": 43, "question": 8, "point": 200}, "model": "scoreserver.attackpointhistory", "pk": 191}, {"fields": {"user": 28, "question": 1, "point": 600}, "model": "scoreserver.attackpointhistory", "pk": 192}, {"fields": {"user": 25, "question": 8, "point": 300}, "model": "scoreserver.attackpointhistory", "pk": 193}, {"fields": {"user": 9, "question": 6, "point": 600}, "model": "scoreserver.attackpointhistory", "pk": 194}, {"fields": {"user": 15, "question": 5, "point": 800}, "model": "scoreserver.attackpointhistory", "pk": 195}, {"fields": {"user": 32, "question": 4, "point": 800}, "model": "scoreserver.attackpointhistory", "pk": 196}, {"fields": {"user": 15, "question": 3, "point": 200}, "model": "scoreserver.attackpointhistory", "pk": 197}, {"fields": {"user": 26, "question": 3, "point": 200}, "model": "scoreserver.attackpointhistory", "pk": 198}, {"fields": {"user": 46, "question": 7, "point": 500}, "model": "scoreserver.attackpointhistory", "pk": 199}, {"fields": {"user": 46, "question": 2, "point": 300}, "model": "scoreserver.attackpointhistory", "pk": 200}, {"fields": {"user": 41, "question": 5, "point": 200}, "model": "scoreserver.attackpointhistory", "pk": 201}, {"fields": {"user": 20, "question": 9, "point": 900}, "model": "scoreserver.attackpointhistory", "pk": 202}, {"fields": {"user": 28, "question": 2, "point": 100}, "model": "scoreserver.attackpointhistory", "pk": 203}, {"fields": {"user": 18, "question": 9, "point": 300}, "model": "scoreserver.attackpointhistory", "pk": 204}, {"fields": {"user": 44, "question": 5, "point": 700}, "model": "scoreserver.attackpointhistory", "pk": 205}, {"fields": {"user": 25, "question": 9, "point": 500}, "model": "scoreserver.attackpointhistory", "pk": 206}, {"fields": {"user": 35, "question": 6, "point": 400}, "model": "scoreserver.attackpointhistory", "pk": 207}, {"fields": {"user": 49, "question": 7, "point": 1000}, "model": "scoreserver.attackpointhistory", "pk": 208}, {"fields": {"user": 16, "question": 1, "point": 200}, "model": "scoreserver.attackpointhistory", "pk": 209}, {"fields": {"user": 44, "question": 6, "point": 500}, "model": "scoreserver.attackpointhistory", "pk": 210}, {"fields": {"user": 17, "question": 4, "point": 700}, "model": "scoreserver.attackpointhistory", "pk": 211}, {"fields": {"user": 46, "question": 9, "point": 800}, "model": "scoreserver.attackpointhistory", "pk": 212}, {"fields": {"user": 12, "question": 1, "point": 300}, "model": "scoreserver.attackpointhistory", "pk": 213}, {"fields": {"user": 41, "question": 6, "point": 700}, "model": "scoreserver.attackpointhistory", "pk": 214}, {"fields": {"user": 7, "question": 1, "point": 300}, "model": "scoreserver.attackpointhistory", "pk": 215}, {"fields": {"user": 18, "question": 8, "point": 800}, "model": "scoreserver.attackpointhistory", "pk": 216}, {"fields": {"user": 35, "question": 1, "point": 300}, "model": "scoreserver.attackpointhistory", "pk": 217}, {"fields": {"user": 32, "question": 4, "point": 400}, "model": "scoreserver.attackpointhistory", "pk": 218}, {"fields": {"user": 14, "question": 3, "point": 500}, "model": "scoreserver.attackpointhistory", "pk": 219}, {"fields": {"user": 6, "question": 2, "point": 700}, "model": "scoreserver.attackpointhistory", "pk": 220}, {"fields": {"user": 16, "question": 5, "point": 300}, "model": "scoreserver.attackpointhistory", "pk": 221}, {"fields": {"user": 17, "question": 3, "point": 600}, "model": "scoreserver.attackpointhistory", "pk": 222}, {"fields": {"user": 40, "question": 7, "point": 100}, "model": "scoreserver.attackpointhistory", "pk": 223}, {"fields": {"user": 6, "question": 4, "point": 100}, "model": "scoreserver.attackpointhistory", "pk": 224}, {"fields": {"user": 13, "question": 6, "point": 100}, "model": "scoreserver.attackpointhistory", "pk": 225}, {"fields": {"user": 15, "question": 2, "point": 300}, "model": "scoreserver.attackpointhistory", "pk": 226}, {"fields": {"user": 20, "question": 8, "point": 100}, "model": "scoreserver.attackpointhistory", "pk": 227}, {"fields": {"user": 21, "question": 1, "point": 700}, "model": "scoreserver.attackpointhistory", "pk": 228}, {"fields": {"user": 5, "question": 3, "point": 1000}, "model": "scoreserver.attackpointhistory", "pk": 229}, {"fields": {"user": 7, "question": 8, "point": 200}, "model": "scoreserver.attackpointhistory", "pk": 230}, {"fields": {"user": 6, "question": 4, "point": 600}, "model": "scoreserver.attackpointhistory", "pk": 231}, {"fields": {"user": 35, "question": 9, "point": 200}, "model": "scoreserver.attackpointhistory", "pk": 232}, {"fields": {"user": 39, "question": 3, "point": 200}, "model": "scoreserver.attackpointhistory", "pk": 233}, {"fields": {"user": 12, "question": 2, "point": 400}, "model": "scoreserver.attackpointhistory", "pk": 234}, {"fields": {"user": 36, "question": 4, "point": 1000}, "model": "scoreserver.attackpointhistory", "pk": 235}, {"fields": {"user": 23, "question": 7, "point": 600}, "model": "scoreserver.attackpointhistory", "pk": 236}, {"fields": {"user": 5, "question": 8, "point": 300}, "model": "scoreserver.attackpointhistory", "pk": 237}, {"fields": {"user": 49, "question": 4, "point": 400}, "model": "scoreserver.attackpointhistory", "pk": 238}, {"fields": {"user": 29, "question": 5, "point": 200}, "model": "scoreserver.attackpointhistory", "pk": 239}, {"fields": {"user": 26, "question": 5, "point": 500}, "model": "scoreserver.attackpointhistory", "pk": 240}, {"fields": {"user": 48, "question": 4, "point": 400}, "model": "scoreserver.attackpointhistory", "pk": 241}, {"fields": {"user": 9, "question": 5, "point": 600}, "model": "scoreserver.attackpointhistory", "pk": 242}, {"fields": {"user": 26, "question": 7, "point": 900}, "model": "scoreserver.attackpointhistory", "pk": 243}, {"fields": {"user": 23, "question": 7, "point": 700}, "model": "scoreserver.attackpointhistory", "pk": 244}, {"fields": {"user": 10, "question": 7, "point": 400}, "model": "scoreserver.attackpointhistory", "pk": 245}, {"fields": {"user": 19, "question": 5, "point": 300}, "model": "scoreserver.attackpointhistory", "pk": 246}, {"fields": {"user": 15, "question": 9, "point": 100}, "model": "scoreserver.attackpointhistory", "pk": 247}, {"fields": {"user": 45, "question": 6, "point": 100}, "model": "scoreserver.attackpointhistory", "pk": 248}, {"fields": {"user": 25, "question": 8, "point": 400}, "model": "scoreserver.attackpointhistory", "pk": 249}, {"fields": {"user": 12, "question": 8, "point": 500}, "model": "scoreserver.attackpointhistory", "pk": 250}, {"fields": {"user": 25, "question": 3, "point": 400}, "model": "scoreserver.attackpointhistory", "pk": 251}, {"fields": {"user": 23, "question": 6, "point": 600}, "model": "scoreserver.attackpointhistory", "pk": 252}, {"fields": {"user": 36, "question": 8, "point": 400}, "model": "scoreserver.attackpointhistory", "pk": 253}, {"fields": {"user": 5, "question": 7, "point": 600}, "model": "scoreserver.attackpointhistory", "pk": 254}, {"fields": {"user": 13, "question": 8, "point": 1000}, "model": "scoreserver.attackpointhistory", "pk": 255}, {"fields": {"user": 24, "question": 7, "point": 900}, "model": "scoreserver.attackpointhistory", "pk": 256}, {"fields": {"user": 12, "question": 3, "point": 800}, "model": "scoreserver.attackpointhistory", "pk": 257}, {"fields": {"user": 31, "question": 4, "point": 200}, "model": "scoreserver.attackpointhistory", "pk": 258}, {"fields": {"user": 10, "question": 2, "point": 1000}, "model": "scoreserver.attackpointhistory", "pk": 259}, {"fields": {"user": 49, "question": 8, "point": 400}, "model": "scoreserver.attackpointhistory", "pk": 260}, {"fields": {"user": 1, "question": 9, "point": 500}, "model": "scoreserver.attackpointhistory", "pk": 261}, {"fields": {"user": 30, "question": 5, "point": 400}, "model": "scoreserver.attackpointhistory", "pk": 262}, {"fields": {"user": 6, "question": 2, "point": 600}, "model": "scoreserver.attackpointhistory", "pk": 263}, {"fields": {"user": 16, "question": 6, "point": 400}, "model": "scoreserver.attackpointhistory", "pk": 264}, {"fields": {"user": 1, "question": 8, "point": 600}, "model": "scoreserver.attackpointhistory", "pk": 265}, {"fields": {"user": 3, "question": 2, "point": 1000}, "model": "scoreserver.attackpointhistory", "pk": 266}, {"fields": {"user": 27, "question": 2, "point": 900}, "model": "scoreserver.attackpointhistory", "pk": 267}, {"fields": {"user": 16, "question": 3, "point": 600}, "model": "scoreserver.attackpointhistory", "pk": 268}, {"fields": {"user": 28, "question": 2, "point": 700}, "model": "scoreserver.attackpointhistory", "pk": 269}, {"fields": {"user": 35, "question": 5, "point": 500}, "model": "scoreserver.attackpointhistory", "pk": 270}, {"fields": {"user": 6, "question": 6, "point": 700}, "model": "scoreserver.attackpointhistory", "pk": 271}, {"fields": {"user": 41, "question": 5, "point": 200}, "model": "scoreserver.attackpointhistory", "pk": 272}, {"fields": {"user": 27, "question": 9, "point": 700}, "model": "scoreserver.attackpointhistory", "pk": 273}, {"fields": {"user": 28, "question": 7, "point": 500}, "model": "scoreserver.attackpointhistory", "pk": 274}, {"fields": {"user": 26, "question": 9, "point": 300}, "model": "scoreserver.attackpointhistory", "pk": 275}, {"fields": {"user": 22, "question": 7, "point": 700}, "model": "scoreserver.attackpointhistory", "pk": 276}, {"fields": {"user": 29, "question": 2, "point": 700}, "model": "scoreserver.attackpointhistory", "pk": 277}, {"fields": {"user": 6, "question": 9, "point": 800}, "model": "scoreserver.attackpointhistory", "pk": 278}, {"fields": {"user": 41, "question": 6, "point": 800}, "model": "scoreserver.attackpointhistory", "pk": 279}, {"fields": {"user": 12, "question": 5, "point": 900}, "model": "scoreserver.attackpointhistory", "pk": 280}, {"fields": {"user": 3, "question": 6, "point": 200}, "model": "scoreserver.attackpointhistory", "pk": 281}, {"fields": {"user": 17, "question": 1, "point": 700}, "model": "scoreserver.attackpointhistory", "pk": 282}, {"fields": {"user": 28, "question": 1, "point": 100}, "model": "scoreserver.attackpointhistory", "pk": 283}, {"fields": {"user": 31, "question": 2, "point": 200}, "model": "scoreserver.attackpointhistory", "pk": 284}, {"fields": {"user": 43, "question": 6, "point": 900}, "model": "scoreserver.attackpointhistory", "pk": 285}, {"fields": {"user": 7, "question": 3, "point": 900}, "model": "scoreserver.attackpointhistory", "pk": 286}, {"fields": {"user": 31, "question": 6, "point": 1000}, "model": "scoreserver.attackpointhistory", "pk": 287}, {"fields": {"user": 38, "question": 2, "point": 500}, "model": "scoreserver.attackpointhistory", "pk": 288}, {"fields": {"user": 29, "question": 9, "point": 100}, "model": "scoreserver.attackpointhistory", "pk": 289}, {"fields": {"user": 25, "question": 4, "point": 200}, "model": "scoreserver.attackpointhistory", "pk": 290}, {"fields": {"user": 12, "question": 9, "point": 400}, "model": "scoreserver.attackpointhistory", "pk": 291}, {"fields": {"user": 49, "question": 9, "point": 300}, "model": "scoreserver.attackpointhistory", "pk": 292}, {"fields": {"user": 6, "question": 2, "point": 200}, "model": "scoreserver.attackpointhistory", "pk": 293}, {"fields": {"user": 14, "question": 5, "point": 700}, "model": "scoreserver.attackpointhistory", "pk": 294}, {"fields": {"user": 1, "question": 7, "point": 100}, "model": "scoreserver.attackpointhistory", "pk": 295}, {"fields": {"user": 18, "question": 6, "point": 400}, "model": "scoreserver.attackpointhistory", "pk": 296}, {"fields": {"user": 8, "question": 4, "point": 600}, "model": "scoreserver.attackpointhistory", "pk": 297}, {"fields": {"user": 48, "question": 9, "point": 900}, "model": "scoreserver.attackpointhistory", "pk": 298}, {"fields": {"user": 21, "question": 9, "point": 300}, "model": "scoreserver.attackpointhistory", "pk": 299}, {"fields": {"submit_flag": "FLAG_IS_SNUviYGdEmEoOJi", "user": 31, "question": 3}, "model": "scoreserver.answerhistory", "pk": 0}, {"fields": {"submit_flag": "FLAG_IS_XUwvgTWIlJnXVlU", "user": 32, "question": 7}, "model": "scoreserver.answerhistory", "pk": 1}, {"fields": {"submit_flag": "FLAG_IS_mULLxHAVmXrLTOW", "user": 13, "question": 5}, "model": "scoreserver.answerhistory", "pk": 2}, {"fields": {"submit_flag": "FLAG_IS_dLXRqSUcdXggMBU", "user": 10, "question": 8}, "model": "scoreserver.answerhistory", "pk": 3}, {"fields": {"submit_flag": "FLAG_IS_TgUSJtcyxgBdQQY", "user": 16, "question": 6}, "model": "scoreserver.answerhistory", "pk": 4}, {"fields": {"submit_flag": "FLAG_IS_QienXJjcaqwqTxY", "user": 31, "question": 9}, "model": "scoreserver.answerhistory", "pk": 5}, {"fields": {"submit_flag": "FLAG_IS_HKoLYqLesCriwpI", "user": 45, "question": 7}, "model": "scoreserver.answerhistory", "pk": 6}, {"fields": {"submit_flag": "FLAG_IS_TslzRWioboSkUGN", "user": 19, "question": 5}, "model": "scoreserver.answerhistory", "pk": 7}, {"fields": {"submit_flag": "FLAG_IS_EXqJoHZiPNGixzA", "user": 8, "question": 9}, "model": "scoreserver.answerhistory", "pk": 8}, {"fields": {"submit_flag": "FLAG_IS_jDmQHWUnfCgRlBe", "user": 22, "question": 8}, "model": "scoreserver.answerhistory", "pk": 9}, {"fields": {"submit_flag": "FLAG_IS_OrNKpyuJbHtgOtq", "user": 17, "question": 9}, "model": "scoreserver.answerhistory", "pk": 10}, {"fields": {"submit_flag": "FLAG_IS_rsvOfzuEWuDiNje", "user": 47, "question": 4}, "model": "scoreserver.answerhistory", "pk": 11}, {"fields": {"submit_flag": "FLAG_IS_exVGwNohqNiHWek", "user": 38, "question": 1}, "model": "scoreserver.answerhistory", "pk": 12}, {"fields": {"submit_flag": "FLAG_IS_VCabDrsWBwVdvdU", "user": 4, "question": 1}, "model": "scoreserver.answerhistory", "pk": 13}, {"fields": {"submit_flag": "FLAG_IS_usPAVGWLUnXOXYS", "user": 3, "question": 7}, "model": "scoreserver.answerhistory", "pk": 14}, {"fields": {"submit_flag": "FLAG_IS_MmVcxpNSHINEZka", "user": 28, "question": 2}, "model": "scoreserver.answerhistory", "pk": 15}, {"fields": {"submit_flag": "FLAG_IS_WBChDedStfdQbXx", "user": 34, "question": 5}, "model": "scoreserver.answerhistory", "pk": 16}, {"fields": {"submit_flag": "FLAG_IS_tpOyJiGjYEVtpok", "user": 11, "question": 9}, "model": "scoreserver.answerhistory", "pk": 17}, {"fields": {"submit_flag": "FLAG_IS_PFjdHkfDuPKbJtk", "user": 30, "question": 6}, "model": "scoreserver.answerhistory", "pk": 18}, {"fields": {"submit_flag": "FLAG_IS_JqENRwTfCFaAKBp", "user": 47, "question": 9}, "model": "scoreserver.answerhistory", "pk": 19}, {"fields": {"submit_flag": "FLAG_IS_roNXUqZRLPyuqGc", "user": 23, "question": 8}, "model": "scoreserver.answerhistory", "pk": 20}, {"fields": {"submit_flag": "FLAG_IS_FSmYDfDpcHFxLTX", "user": 20, "question": 1}, "model": "scoreserver.answerhistory", "pk": 21}, {"fields": {"submit_flag": "FLAG_IS_KINIXhqAlFgkoyj", "user": 39, "question": 6}, "model": "scoreserver.answerhistory", "pk": 22}, {"fields": {"submit_flag": "FLAG_IS_BqpghujYZRXrKra", "user": 18, "question": 1}, "model": "scoreserver.answerhistory", "pk": 23}, {"fields": {"submit_flag": "FLAG_IS_bHVkbGcwfdjYiWb", "user": 41, "question": 6}, "model": "scoreserver.answerhistory", "pk": 24}, {"fields": {"submit_flag": "FLAG_IS_tiIalTJUdSRBpwB", "user": 3, "question": 4}, "model": "scoreserver.answerhistory", "pk": 25}, {"fields": {"submit_flag": "FLAG_IS_oRFgGulshmwpWnY", "user": 4, "question": 9}, "model": "scoreserver.answerhistory", "pk": 26}, {"fields": {"submit_flag": "FLAG_IS_bNNrIzxazwHPJUu", "user": 46, "question": 8}, "model": "scoreserver.answerhistory", "pk": 27}, {"fields": {"submit_flag": "FLAG_IS_JBgFoKWdmldzJeD", "user": 34, "question": 6}, "model": "scoreserver.answerhistory", "pk": 28}, {"fields": {"submit_flag": "FLAG_IS_BgsLJdVRxJdCQzn", "user": 12, "question": 3}, "model": "scoreserver.answerhistory", "pk": 29}, {"fields": {"submit_flag": "FLAG_IS_FMyGwEtWHAJdXCz", "user": 37, "question": 4}, "model": "scoreserver.answerhistory", "pk": 30}, {"fields": {"submit_flag": "FLAG_IS_QsBlJJpOYgPCpgs", "user": 9, "question": 3}, "model": "scoreserver.answerhistory", "pk": 31}, {"fields": {"submit_flag": "FLAG_IS_yrNWflKHifKrILx", "user": 25, "question": 8}, "model": "scoreserver.answerhistory", "pk": 32}, {"fields": {"submit_flag": "FLAG_IS_XktbxTHWVuNTnvO", "user": 2, "question": 7}, "model": "scoreserver.answerhistory", "pk": 33}, {"fields": {"submit_flag": "FLAG_IS_PMjvHOhtiWarWNn", "user": 40, "question": 3}, "model": "scoreserver.answerhistory", "pk": 34}, {"fields": {"submit_flag": "FLAG_IS_ITupaQYFdsNqywy", "user": 46, "question": 5}, "model": "scoreserver.answerhistory", "pk": 35}, {"fields": {"submit_flag": "FLAG_IS_KAtlwNAcxvuRyxZ", "user": 32, "question": 9}, "model": "scoreserver.answerhistory", "pk": 36}, {"fields": {"submit_flag": "FLAG_IS_QCSwHVzviUEzdLf", "user": 12, "question": 8}, "model": "scoreserver.answerhistory", "pk": 37}, {"fields": {"submit_flag": "FLAG_IS_pKuiTmoMZsVDUcc", "user": 7, "question": 6}, "model": "scoreserver.answerhistory", "pk": 38}, {"fields": {"submit_flag": "FLAG_IS_ZONoUDoCwzOXmWe", "user": 24, "question": 6}, "model": "scoreserver.answerhistory", "pk": 39}, {"fields": {"submit_flag": "FLAG_IS_vJftolCBksDWgIp", "user": 41, "question": 6}, "model": "scoreserver.answerhistory", "pk": 40}, {"fields": {"submit_flag": "FLAG_IS_nujGoWTYvvNgCzH", "user": 28, "question": 9}, "model": "scoreserver.answerhistory", "pk": 41}, {"fields": {"submit_flag": "FLAG_IS_guNhfCIVHHAnTvN", "user": 27, "question": 7}, "model": "scoreserver.answerhistory", "pk": 42}, {"fields": {"submit_flag": "FLAG_IS_GdNtMBJuWpaRkRn", "user": 2, "question": 7}, "model": "scoreserver.answerhistory", "pk": 43}, {"fields": {"submit_flag": "FLAG_IS_dOsyygtxIXnCWCU", "user": 7, "question": 1}, "model": "scoreserver.answerhistory", "pk": 44}, {"fields": {"submit_flag": "FLAG_IS_YENRNIfmBObSFpa", "user": 20, "question": 2}, "model": "scoreserver.answerhistory", "pk": 45}, {"fields": {"submit_flag": "FLAG_IS_uvxpJxydsTqVYWA", "user": 45, "question": 2}, "model": "scoreserver.answerhistory", "pk": 46}, {"fields": {"submit_flag": "FLAG_IS_eugRGYHnWERpqNN", "user": 43, "question": 6}, "model": "scoreserver.answerhistory", "pk": 47}, {"fields": {"submit_flag": "FLAG_IS_SSggyStCTXrzBVR", "user": 38, "question": 9}, "model": "scoreserver.answerhistory", "pk": 48}, {"fields": {"submit_flag": "FLAG_IS_IFZPuJnShBsrcsL", "user": 25, "question": 5}, "model": "scoreserver.answerhistory", "pk": 49}, {"fields": {"submit_flag": "FLAG_IS_DyXQzPChXMNYZui", "user": 20, "question": 2}, "model": "scoreserver.answerhistory", "pk": 50}, {"fields": {"submit_flag": "FLAG_IS_qyuttRgurrBzcuL", "user": 48, "question": 7}, "model": "scoreserver.answerhistory", "pk": 51}, {"fields": {"submit_flag": "FLAG_IS_wEFGnutJgmfZeeh", "user": 24, "question": 6}, "model": "scoreserver.answerhistory", "pk": 52}, {"fields": {"submit_flag": "FLAG_IS_JRZCAupdxiVBMgA", "user": 26, "question": 8}, "model": "scoreserver.answerhistory", "pk": 53}, {"fields": {"submit_flag": "FLAG_IS_RzOGHfhKfnRjByp", "user": 22, "question": 7}, "model": "scoreserver.answerhistory", "pk": 54}, {"fields": {"submit_flag": "FLAG_IS_lfMPaJVQbbnLBJf", "user": 28, "question": 9}, "model": "scoreserver.answerhistory", "pk": 55}, {"fields": {"submit_flag": "FLAG_IS_YHIxtkMfRpSqiEt", "user": 29, "question": 6}, "model": "scoreserver.answerhistory", "pk": 56}, {"fields": {"submit_flag": "FLAG_IS_QBoHuqkwirIMBIj", "user": 5, "question": 3}, "model": "scoreserver.answerhistory", "pk": 57}, {"fields": {"submit_flag": "FLAG_IS_IVsYCvOAhUxOIeJ", "user": 4, "question": 6}, "model": "scoreserver.answerhistory", "pk": 58}, {"fields": {"submit_flag": "FLAG_IS_LjaYlKABXRfxOeR", "user": 34, "question": 6}, "model": "scoreserver.answerhistory", "pk": 59}, {"fields": {"submit_flag": "FLAG_IS_MEBAAFZtaJlAIbc", "user": 31, "question": 4}, "model": "scoreserver.answerhistory", "pk": 60}, {"fields": {"submit_flag": "FLAG_IS_kvLXdjggwyYAQBM", "user": 47, "question": 6}, "model": "scoreserver.answerhistory", "pk": 61}, {"fields": {"submit_flag": "FLAG_IS_xixpFKuljGoqQdx", "user": 31, "question": 2}, "model": "scoreserver.answerhistory", "pk": 62}, {"fields": {"submit_flag": "FLAG_IS_yvFvsRdgZjezDMt", "user": 31, "question": 4}, "model": "scoreserver.answerhistory", "pk": 63}, {"fields": {"submit_flag": "FLAG_IS_OygzYZYJTUiDfzF", "user": 28, "question": 6}, "model": "scoreserver.answerhistory", "pk": 64}, {"fields": {"submit_flag": "FLAG_IS_MXuBMZqfjEWIklF", "user": 18, "question": 1}, "model": "scoreserver.answerhistory", "pk": 65}, {"fields": {"submit_flag": "FLAG_IS_exXIFeQveEyoEjC", "user": 34, "question": 2}, "model": "scoreserver.answerhistory", "pk": 66}, {"fields": {"submit_flag": "FLAG_IS_sEKcszCUYrVPYWC", "user": 43, "question": 4}, "model": "scoreserver.answerhistory", "pk": 67}, {"fields": {"submit_flag": "FLAG_IS_LwIMkHcNnNAnjpN", "user": 32, "question": 2}, "model": "scoreserver.answerhistory", "pk": 68}, {"fields": {"submit_flag": "FLAG_IS_DBQjGhBgOPNOmYp", "user": 11, "question": 6}, "model": "scoreserver.answerhistory", "pk": 69}, {"fields": {"submit_flag": "FLAG_IS_vMihiAdsDQBQMFQ", "user": 21, "question": 3}, "model": "scoreserver.answerhistory", "pk": 70}, {"fields": {"submit_flag": "FLAG_IS_MobLuLodGjPToKl", "user": 41, "question": 8}, "model": "scoreserver.answerhistory", "pk": 71}, {"fields": {"submit_flag": "FLAG_IS_ZdzOHFGWePmhoIu", "user": 46, "question": 5}, "model": "scoreserver.answerhistory", "pk": 72}, {"fields": {"submit_flag": "FLAG_IS_OKyTkXOUzTZCxwC", "user": 37, "question": 8}, "model": "scoreserver.answerhistory", "pk": 73}, {"fields": {"submit_flag": "FLAG_IS_eQlBlObzqFOqjqT", "user": 46, "question": 9}, "model": "scoreserver.answerhistory", "pk": 74}, {"fields": {"submit_flag": "FLAG_IS_GnJehBwERRhFEvN", "user": 5, "question": 6}, "model": "scoreserver.answerhistory", "pk": 75}, {"fields": {"submit_flag": "FLAG_IS_YdwOYrhEyITygzP", "user": 26, "question": 6}, "model": "scoreserver.answerhistory", "pk": 76}, {"fields": {"submit_flag": "FLAG_IS_ONvCxAraoCMFoAb", "user": 38, "question": 2}, "model": "scoreserver.answerhistory", "pk": 77}, {"fields": {"submit_flag": "FLAG_IS_aziUVMYmJovCfhl", "user": 10, "question": 6}, "model": "scoreserver.answerhistory", "pk": 78}, {"fields": {"submit_flag": "FLAG_IS_nJuqEhbwUuqzHPc", "user": 24, "question": 7}, "model": "scoreserver.answerhistory", "pk": 79}, {"fields": {"submit_flag": "FLAG_IS_lLtmMizRCoolmnI", "user": 28, "question": 2}, "model": "scoreserver.answerhistory", "pk": 80}, {"fields": {"submit_flag": "FLAG_IS_QyNynvphEtVLxTW", "user": 35, "question": 3}, "model": "scoreserver.answerhistory", "pk": 81}, {"fields": {"submit_flag": "FLAG_IS_yEmSLZVcvbvDZBY", "user": 1, "question": 4}, "model": "scoreserver.answerhistory", "pk": 82}, {"fields": {"submit_flag": "FLAG_IS_YOHeWsCNGNYxpnr", "user": 48, "question": 4}, "model": "scoreserver.answerhistory", "pk": 83}, {"fields": {"submit_flag": "FLAG_IS_wpXXVCffFEdWSVK", "user": 49, "question": 2}, "model": "scoreserver.answerhistory", "pk": 84}, {"fields": {"submit_flag": "FLAG_IS_cRsGTUbEcFukqyk", "user": 5, "question": 7}, "model": "scoreserver.answerhistory", "pk": 85}, {"fields": {"submit_flag": "FLAG_IS_vhhsEpctLoZHcWh", "user": 6, "question": 1}, "model": "scoreserver.answerhistory", "pk": 86}, {"fields": {"submit_flag": "FLAG_IS_DhcfwcBDhReJVfN", "user": 12, "question": 8}, "model": "scoreserver.answerhistory", "pk": 87}, {"fields": {"submit_flag": "FLAG_IS_eFmokmuzSFBdBMP", "user": 5, "question": 2}, "model": "scoreserver.answerhistory", "pk": 88}, {"fields": {"submit_flag": "FLAG_IS_sKNGGpfxSdTyReR", "user": 6, "question": 2}, "model": "scoreserver.answerhistory", "pk": 89}, {"fields": {"submit_flag": "FLAG_IS_bkhubSuUkUZAvEC", "user": 6, "question": 6}, "model": "scoreserver.answerhistory", "pk": 90}, {"fields": {"submit_flag": "FLAG_IS_JbPAGMFPnHmjrwn", "user": 30, "question": 4}, "model": "scoreserver.answerhistory", "pk": 91}, {"fields": {"submit_flag": "FLAG_IS_yiPSXKpQKerdpAo", "user": 35, "question": 3}, "model": "scoreserver.answerhistory", "pk": 92}, {"fields": {"submit_flag": "FLAG_IS_xLlQFAFTTXPpMuZ", "user": 5, "question": 4}, "model": "scoreserver.answerhistory", "pk": 93}, {"fields": {"submit_flag": "FLAG_IS_udDuOOsuWIbJvbF", "user": 10, "question": 6}, "model": "scoreserver.answerhistory", "pk": 94}, {"fields": {"submit_flag": "FLAG_IS_hhKVmZKKUyTxOZp", "user": 39, "question": 5}, "model": "scoreserver.answerhistory", "pk": 95}, {"fields": {"submit_flag": "FLAG_IS_LCsiGyMZkLGCVqk", "user": 26, "question": 5}, "model": "scoreserver.answerhistory", "pk": 96}, {"fields": {"submit_flag": "FLAG_IS_NpVkVAYklIovNBz", "user": 22, "question": 4}, "model": "scoreserver.answerhistory", "pk": 97}, {"fields": {"submit_flag": "FLAG_IS_ULkDjXeUnaPKLSn", "user": 47, "question": 5}, "model": "scoreserver.answerhistory", "pk": 98}, {"fields": {"submit_flag": "FLAG_IS_ppqbvIZHrFfleUz", "user": 34, "question": 8}, "model": "scoreserver.answerhistory", "pk": 99}, {"fields": {"submit_flag": "FLAG_IS_vmFoQJvuIjoAEpd", "user": 44, "question": 4}, "model": "scoreserver.answerhistory", "pk": 100}, {"fields": {"submit_flag": "FLAG_IS_PqbuSPkpTTQvjCd", "user": 22, "question": 1}, "model": "scoreserver.answerhistory", "pk": 101}, {"fields": {"submit_flag": "FLAG_IS_iZzEGUTceTVzjlr", "user": 24, "question": 6}, "model": "scoreserver.answerhistory", "pk": 102}, {"fields": {"submit_flag": "FLAG_IS_OsPwrDQInStFXKl", "user": 11, "question": 4}, "model": "scoreserver.answerhistory", "pk": 103}, {"fields": {"submit_flag": "FLAG_IS_HNLypKwwLaQTqQU", "user": 7, "question": 3}, "model": "scoreserver.answerhistory", "pk": 104}, {"fields": {"submit_flag": "FLAG_IS_CdSXRSMbEmEojNz", "user": 25, "question": 3}, "model": "scoreserver.answerhistory", "pk": 105}, {"fields": {"submit_flag": "FLAG_IS_dGCYYtaebPvZvZN", "user": 41, "question": 8}, "model": "scoreserver.answerhistory", "pk": 106}, {"fields": {"submit_flag": "FLAG_IS_PuzoGjhNhmwDqkO", "user": 46, "question": 5}, "model": "scoreserver.answerhistory", "pk": 107}, {"fields": {"submit_flag": "FLAG_IS_GYurVqYjIYxpOMl", "user": 16, "question": 8}, "model": "scoreserver.answerhistory", "pk": 108}, {"fields": {"submit_flag": "FLAG_IS_HvoadNhjeuKbcEs", "user": 42, "question": 6}, "model": "scoreserver.answerhistory", "pk": 109}, {"fields": {"submit_flag": "FLAG_IS_MjamlMMkLcmOssT", "user": 30, "question": 9}, "model": "scoreserver.answerhistory", "pk": 110}, {"fields": {"submit_flag": "FLAG_IS_ZzbIVybNPvhlYVR", "user": 46, "question": 6}, "model": "scoreserver.answerhistory", "pk": 111}, {"fields": {"submit_flag": "FLAG_IS_BpKcoiQMZFSdYuK", "user": 6, "question": 2}, "model": "scoreserver.answerhistory", "pk": 112}, {"fields": {"submit_flag": "FLAG_IS_hrJiIeMPoFKVbTW", "user": 47, "question": 5}, "model": "scoreserver.answerhistory", "pk": 113}, {"fields": {"submit_flag": "FLAG_IS_oPLFZDfctYmdPoS", "user": 37, "question": 6}, "model": "scoreserver.answerhistory", "pk": 114}, {"fields": {"submit_flag": "FLAG_IS_iCaettgQwFYoYdS", "user": 37, "question": 2}, "model": "scoreserver.answerhistory", "pk": 115}, {"fields": {"submit_flag": "FLAG_IS_eEYNjFjZSHlynzo", "user": 24, "question": 4}, "model": "scoreserver.answerhistory", "pk": 116}, {"fields": {"submit_flag": "FLAG_IS_dYEYJmKbjMMHAcE", "user": 27, "question": 4}, "model": "scoreserver.answerhistory", "pk": 117}, {"fields": {"submit_flag": "FLAG_IS_EdUaRePfHUTNsZc", "user": 48, "question": 8}, "model": "scoreserver.answerhistory", "pk": 118}, {"fields": {"submit_flag": "FLAG_IS_TaFluJyRAkddDaC", "user": 28, "question": 9}, "model": "scoreserver.answerhistory", "pk": 119}, {"fields": {"submit_flag": "FLAG_IS_oJkbkNWUNOxEKwn", "user": 40, "question": 5}, "model": "scoreserver.answerhistory", "pk": 120}, {"fields": {"submit_flag": "FLAG_IS_nyAyQcGasgHtEcC", "user": 45, "question": 2}, "model": "scoreserver.answerhistory", "pk": 121}, {"fields": {"submit_flag": "FLAG_IS_snjTYckpBWyJaYB", "user": 40, "question": 7}, "model": "scoreserver.answerhistory", "pk": 122}, {"fields": {"submit_flag": "FLAG_IS_ZXxIyLAsIhmnQHX", "user": 32, "question": 2}, "model": "scoreserver.answerhistory", "pk": 123}, {"fields": {"submit_flag": "FLAG_IS_bxgMITOvCgPAkJO", "user": 5, "question": 2}, "model": "scoreserver.answerhistory", "pk": 124}, {"fields": {"submit_flag": "FLAG_IS_pESGTvBcFpWLjzn", "user": 48, "question": 1}, "model": "scoreserver.answerhistory", "pk": 125}, {"fields": {"submit_flag": "FLAG_IS_HATMAgHeyclupiw", "user": 2, "question": 6}, "model": "scoreserver.answerhistory", "pk": 126}, {"fields": {"submit_flag": "FLAG_IS_lnWXIJgYdFMBzMJ", "user": 14, "question": 9}, "model": "scoreserver.answerhistory", "pk": 127}, {"fields": {"submit_flag": "FLAG_IS_AYhUYfKXWxQSdPU", "user": 40, "question": 8}, "model": "scoreserver.answerhistory", "pk": 128}, {"fields": {"submit_flag": "FLAG_IS_AdsNxnGAsJGiunK", "user": 20, "question": 4}, "model": "scoreserver.answerhistory", "pk": 129}, {"fields": {"submit_flag": "FLAG_IS_LytqFbqQNvZOvKf", "user": 25, "question": 4}, "model": "scoreserver.answerhistory", "pk": 130}, {"fields": {"submit_flag": "FLAG_IS_qPmVYhlanXTgeJD", "user": 34, "question": 2}, "model": "scoreserver.answerhistory", "pk": 131}, {"fields": {"submit_flag": "FLAG_IS_ZQtHFdHbclpQJix", "user": 28, "question": 2}, "model": "scoreserver.answerhistory", "pk": 132}, {"fields": {"submit_flag": "FLAG_IS_SkjYwDgOyLDxlMA", "user": 22, "question": 4}, "model": "scoreserver.answerhistory", "pk": 133}, {"fields": {"submit_flag": "FLAG_IS_nrlzNAPdeJocbma", "user": 21, "question": 3}, "model": "scoreserver.answerhistory", "pk": 134}, {"fields": {"submit_flag": "FLAG_IS_eFAflbeiMUqjYhs", "user": 2, "question": 1}, "model": "scoreserver.answerhistory", "pk": 135}, {"fields": {"submit_flag": "FLAG_IS_LvxMpBIwToFJDoC", "user": 17, "question": 5}, "model": "scoreserver.answerhistory", "pk": 136}, {"fields": {"submit_flag": "FLAG_IS_PcKOPujoylLkwSH", "user": 46, "question": 6}, "model": "scoreserver.answerhistory", "pk": 137}, {"fields": {"submit_flag": "FLAG_IS_FOhVtZtqlJsUMER", "user": 27, "question": 8}, "model": "scoreserver.answerhistory", "pk": 138}, {"fields": {"submit_flag": "FLAG_IS_HhFnJhMLujfISLs", "user": 49, "question": 3}, "model": "scoreserver.answerhistory", "pk": 139}, {"fields": {"submit_flag": "FLAG_IS_EcMsoCugDmGmAHM", "user": 29, "question": 6}, "model": "scoreserver.answerhistory", "pk": 140}, {"fields": {"submit_flag": "FLAG_IS_CtPyuBkOYYJbfxl", "user": 34, "question": 5}, "model": "scoreserver.answerhistory", "pk": 141}, {"fields": {"submit_flag": "FLAG_IS_mIEBZynkiPqUerv", "user": 40, "question": 1}, "model": "scoreserver.answerhistory", "pk": 142}, {"fields": {"submit_flag": "FLAG_IS_nRCviSFiyKXItQR", "user": 13, "question": 3}, "model": "scoreserver.answerhistory", "pk": 143}, {"fields": {"submit_flag": "FLAG_IS_UWljFIPoxETkVmL", "user": 4, "question": 9}, "model": "scoreserver.answerhistory", "pk": 144}, {"fields": {"submit_flag": "FLAG_IS_JvDJvHowAzMXmPz", "user": 26, "question": 7}, "model": "scoreserver.answerhistory", "pk": 145}, {"fields": {"submit_flag": "FLAG_IS_AlEyMjWvLeNnZxi", "user": 43, "question": 1}, "model": "scoreserver.answerhistory", "pk": 146}, {"fields": {"submit_flag": "FLAG_IS_GpqDdtBleysaIZr", "user": 15, "question": 2}, "model": "scoreserver.answerhistory", "pk": 147}, {"fields": {"submit_flag": "FLAG_IS_IwyReYCmwDUpDjz", "user": 32, "question": 8}, "model": "scoreserver.answerhistory", "pk": 148}, {"fields": {"submit_flag": "FLAG_IS_svOenGakHxLWSlE", "user": 48, "question": 3}, "model": "scoreserver.answerhistory", "pk": 149}, {"fields": {"submit_flag": "FLAG_IS_azcKCzlIciOYQwC", "user": 19, "question": 6}, "model": "scoreserver.answerhistory", "pk": 150}, {"fields": {"submit_flag": "FLAG_IS_PwLMTrfCAGinIuj", "user": 12, "question": 2}, "model": "scoreserver.answerhistory", "pk": 151}, {"fields": {"submit_flag": "FLAG_IS_uYvvucleQwjyVWe", "user": 5, "question": 9}, "model": "scoreserver.answerhistory", "pk": 152}, {"fields": {"submit_flag": "FLAG_IS_jnbmGRRYZlVigWv", "user": 44, "question": 7}, "model": "scoreserver.answerhistory", "pk": 153}, {"fields": {"submit_flag": "FLAG_IS_JDiYYBrnZuYbSWw", "user": 25, "question": 6}, "model": "scoreserver.answerhistory", "pk": 154}, {"fields": {"submit_flag": "FLAG_IS_kVZOISxEgWXyIzA", "user": 3, "question": 5}, "model": "scoreserver.answerhistory", "pk": 155}, {"fields": {"submit_flag": "FLAG_IS_PGGzucxTxPasnzt", "user": 43, "question": 8}, "model": "scoreserver.answerhistory", "pk": 156}, {"fields": {"submit_flag": "FLAG_IS_rLScTjpaJtynxvF", "user": 19, "question": 2}, "model": "scoreserver.answerhistory", "pk": 157}, {"fields": {"submit_flag": "FLAG_IS_dNKfAtkYCQIaiSN", "user": 38, "question": 7}, "model": "scoreserver.answerhistory", "pk": 158}, {"fields": {"submit_flag": "FLAG_IS_ZeWAeIsotkepvVn", "user": 31, "question": 8}, "model": "scoreserver.answerhistory", "pk": 159}, {"fields": {"submit_flag": "FLAG_IS_HGQyaFsbCOaCGbi", "user": 39, "question": 6}, "model": "scoreserver.answerhistory", "pk": 160}, {"fields": {"submit_flag": "FLAG_IS_LXojnFRycOXanoS", "user": 17, "question": 9}, "model": "scoreserver.answerhistory", "pk": 161}, {"fields": {"submit_flag": "FLAG_IS_kzpLVjXNrkmpydd", "user": 33, "question": 3}, "model": "scoreserver.answerhistory", "pk": 162}, {"fields": {"submit_flag": "FLAG_IS_IuYnaKEkrSeiknL", "user": 33, "question": 1}, "model": "scoreserver.answerhistory", "pk": 163}, {"fields": {"submit_flag": "FLAG_IS_IqLuUchckfVuKye", "user": 24, "question": 5}, "model": "scoreserver.answerhistory", "pk": 164}, {"fields": {"submit_flag": "FLAG_IS_CpJDhFZsLTggVWj", "user": 49, "question": 2}, "model": "scoreserver.answerhistory", "pk": 165}, {"fields": {"submit_flag": "FLAG_IS_ItVfNHKqPnHjbPA", "user": 5, "question": 5}, "model": "scoreserver.answerhistory", "pk": 166}, {"fields": {"submit_flag": "FLAG_IS_cssIrPVxeEdtxkG", "user": 16, "question": 1}, "model": "scoreserver.answerhistory", "pk": 167}, {"fields": {"submit_flag": "FLAG_IS_DDCjYmxtuYgWNwX", "user": 5, "question": 2}, "model": "scoreserver.answerhistory", "pk": 168}, {"fields": {"submit_flag": "FLAG_IS_ZXCEhfEEJpcPaYi", "user": 40, "question": 2}, "model": "scoreserver.answerhistory", "pk": 169}, {"fields": {"submit_flag": "FLAG_IS_ZQcJxVRtWPhRZCS", "user": 33, "question": 7}, "model": "scoreserver.answerhistory", "pk": 170}, {"fields": {"submit_flag": "FLAG_IS_sElmBbAaqAtZHRA", "user": 20, "question": 7}, "model": "scoreserver.answerhistory", "pk": 171}, {"fields": {"submit_flag": "FLAG_IS_OcCXeDBRoXupdqO", "user": 22, "question": 8}, "model": "scoreserver.answerhistory", "pk": 172}, {"fields": {"submit_flag": "FLAG_IS_zODqlqkyGrFAjCf", "user": 36, "question": 4}, "model": "scoreserver.answerhistory", "pk": 173}, {"fields": {"submit_flag": "FLAG_IS_WgcfLKAGrbkMGOG", "user": 40, "question": 6}, "model": "scoreserver.answerhistory", "pk": 174}, {"fields": {"submit_flag": "FLAG_IS_HwyHuHcsqcKGehq", "user": 49, "question": 3}, "model": "scoreserver.answerhistory", "pk": 175}, {"fields": {"submit_flag": "FLAG_IS_ouhlMrgIlrbBIxz", "user": 22, "question": 3}, "model": "scoreserver.answerhistory", "pk": 176}, {"fields": {"submit_flag": "FLAG_IS_xERziLOskzHwJCm", "user": 38, "question": 2}, "model": "scoreserver.answerhistory", "pk": 177}, {"fields": {"submit_flag": "FLAG_IS_kbSLuVyKDLePkEJ", "user": 40, "question": 4}, "model": "scoreserver.answerhistory", "pk": 178}, {"fields": {"submit_flag": "FLAG_IS_rkBIxZjHxiaHEzd", "user": 1, "question": 9}, "model": "scoreserver.answerhistory", "pk": 179}, {"fields": {"submit_flag": "FLAG_IS_DXBzxEEdAnTeBkl", "user": 41, "question": 7}, "model": "scoreserver.answerhistory", "pk": 180}, {"fields": {"submit_flag": "FLAG_IS_piiJkvkVOrdeObO", "user": 26, "question": 1}, "model": "scoreserver.answerhistory", "pk": 181}, {"fields": {"submit_flag": "FLAG_IS_gCIeSggPLNBJmeI", "user": 16, "question": 8}, "model": "scoreserver.answerhistory", "pk": 182}, {"fields": {"submit_flag": "FLAG_IS_mXYIqjuSxkoKBTh", "user": 36, "question": 3}, "model": "scoreserver.answerhistory", "pk": 183}, {"fields": {"submit_flag": "FLAG_IS_PHpYOPLMqkETRwW", "user": 5, "question": 1}, "model": "scoreserver.answerhistory", "pk": 184}, {"fields": {"submit_flag": "FLAG_IS_iioqcYbqjiNFagG", "user": 39, "question": 5}, "model": "scoreserver.answerhistory", "pk": 185}, {"fields": {"submit_flag": "FLAG_IS_iCPeErLdwpsvuGb", "user": 39, "question": 9}, "model": "scoreserver.answerhistory", "pk": 186}, {"fields": {"submit_flag": "FLAG_IS_CdJRdoWuKvLrnXH", "user": 34, "question": 6}, "model": "scoreserver.answerhistory", "pk": 187}, {"fields": {"submit_flag": "FLAG_IS_bqjeDbHiENZySvt", "user": 38, "question": 2}, "model": "scoreserver.answerhistory", "pk": 188}, {"fields": {"submit_flag": "FLAG_IS_UchGVsEcXzPgWEw", "user": 44, "question": 2}, "model": "scoreserver.answerhistory", "pk": 189}, {"fields": {"submit_flag": "FLAG_IS_aMSCTcJHFrYkuHB", "user": 1, "question": 2}, "model": "scoreserver.answerhistory", "pk": 190}, {"fields": {"submit_flag": "FLAG_IS_ZnEsquTqlwwTfyz", "user": 15, "question": 7}, "model": "scoreserver.answerhistory", "pk": 191}, {"fields": {"submit_flag": "FLAG_IS_AgMxbVpEFdUdaQd", "user": 29, "question": 4}, "model": "scoreserver.answerhistory", "pk": 192}, {"fields": {"submit_flag": "FLAG_IS_uJmPGNOZzOnNAxR", "user": 11, "question": 8}, "model": "scoreserver.answerhistory", "pk": 193}, {"fields": {"submit_flag": "FLAG_IS_dyLtdkYmsQMjCnw", "user": 31, "question": 6}, "model": "scoreserver.answerhistory", "pk": 194}, {"fields": {"submit_flag": "FLAG_IS_VSmNaTcQqVoWDTd", "user": 47, "question": 7}, "model": "scoreserver.answerhistory", "pk": 195}, {"fields": {"submit_flag": "FLAG_IS_HwIndpjvxjjufxv", "user": 18, "question": 5}, "model": "scoreserver.answerhistory", "pk": 196}, {"fields": {"submit_flag": "FLAG_IS_zponRLquIuiQsmO", "user": 42, "question": 7}, "model": "scoreserver.answerhistory", "pk": 197}, {"fields": {"submit_flag": "FLAG_IS_gGWlofrNewOZFhB", "user": 45, "question": 7}, "model": "scoreserver.answerhistory", "pk": 198}, {"fields": {"submit_flag": "FLAG_IS_pcIPGGDdGupAHuP", "user": 36, "question": 4}, "model": "scoreserver.answerhistory", "pk": 199}, {"fields": {"submit_flag": "FLAG_IS_lEuTgwagnzdvfRa", "user": 27, "question": 4}, "model": "scoreserver.answerhistory", "pk": 200}, {"fields": {"submit_flag": "FLAG_IS_BQxZmXTxrNDAvZi", "user": 37, "question": 9}, "model": "scoreserver.answerhistory", "pk": 201}, {"fields": {"submit_flag": "FLAG_IS_vHnFOdzBGvXCPhh", "user": 45, "question": 1}, "model": "scoreserver.answerhistory", "pk": 202}, {"fields": {"submit_flag": "FLAG_IS_yOVRayApFSLywor", "user": 38, "question": 3}, "model": "scoreserver.answerhistory", "pk": 203}, {"fields": {"submit_flag": "FLAG_IS_UldmlGVvYtSOktz", "user": 6, "question": 2}, "model": "scoreserver.answerhistory", "pk": 204}, {"fields": {"submit_flag": "FLAG_IS_rwwunobYOwiXoLJ", "user": 17, "question": 2}, "model": "scoreserver.answerhistory", "pk": 205}, {"fields": {"submit_flag": "FLAG_IS_mNPElNGkVLiPXXz", "user": 20, "question": 6}, "model": "scoreserver.answerhistory", "pk": 206}, {"fields": {"submit_flag": "FLAG_IS_wutOevpmVUazUrR", "user": 33, "question": 7}, "model": "scoreserver.answerhistory", "pk": 207}, {"fields": {"submit_flag": "FLAG_IS_SDHUDGFGDcfcZmG", "user": 25, "question": 6}, "model": "scoreserver.answerhistory", "pk": 208}, {"fields": {"submit_flag": "FLAG_IS_IubvFKIdigBZJol", "user": 25, "question": 8}, "model": "scoreserver.answerhistory", "pk": 209}, {"fields": {"submit_flag": "FLAG_IS_cKoJAoqOhnTYJoW", "user": 29, "question": 5}, "model": "scoreserver.answerhistory", "pk": 210}, {"fields": {"submit_flag": "FLAG_IS_gFkOzjmFIPmvQFC", "user": 37, "question": 6}, "model": "scoreserver.answerhistory", "pk": 211}, {"fields": {"submit_flag": "FLAG_IS_CmKiGRLwyMhvTRa", "user": 46, "question": 8}, "model": "scoreserver.answerhistory", "pk": 212}, {"fields": {"submit_flag": "FLAG_IS_nXRcGTRZSgLvDVd", "user": 19, "question": 1}, "model": "scoreserver.answerhistory", "pk": 213}, {"fields": {"submit_flag": "FLAG_IS_kDxNdKeXDPZPYDd", "user": 30, "question": 9}, "model": "scoreserver.answerhistory", "pk": 214}, {"fields": {"submit_flag": "FLAG_IS_QDyaNvmrfUsUhme", "user": 35, "question": 3}, "model": "scoreserver.answerhistory", "pk": 215}, {"fields": {"submit_flag": "FLAG_IS_XYOHSMBHvyPCCqW", "user": 10, "question": 1}, "model": "scoreserver.answerhistory", "pk": 216}, {"fields": {"submit_flag": "FLAG_IS_hcPgbuStCPOmyQw", "user": 49, "question": 1}, "model": "scoreserver.answerhistory", "pk": 217}, {"fields": {"submit_flag": "FLAG_IS_DdqYAYcqHVIBsHn", "user": 38, "question": 2}, "model": "scoreserver.answerhistory", "pk": 218}, {"fields": {"submit_flag": "FLAG_IS_WJLaMUiGcOHYIYe", "user": 22, "question": 2}, "model": "scoreserver.answerhistory", "pk": 219}, {"fields": {"submit_flag": "FLAG_IS_KAnRqBBlPmAaByJ", "user": 29, "question": 1}, "model": "scoreserver.answerhistory", "pk": 220}, {"fields": {"submit_flag": "FLAG_IS_FjBqGiEleDaLUdO", "user": 27, "question": 8}, "model": "scoreserver.answerhistory", "pk": 221}, {"fields": {"submit_flag": "FLAG_IS_juVDrtrfYqdmRiR", "user": 5, "question": 2}, "model": "scoreserver.answerhistory", "pk": 222}, {"fields": {"submit_flag": "FLAG_IS_EaHkYqRryDaEiIL", "user": 24, "question": 1}, "model": "scoreserver.answerhistory", "pk": 223}, {"fields": {"submit_flag": "FLAG_IS_VkesGjDJHHJiOEB", "user": 40, "question": 3}, "model": "scoreserver.answerhistory", "pk": 224}, {"fields": {"submit_flag": "FLAG_IS_IYcBNMbOyjBIeJL", "user": 40, "question": 4}, "model": "scoreserver.answerhistory", "pk": 225}, {"fields": {"submit_flag": "FLAG_IS_FknkutmclgGveRj", "user": 17, "question": 5}, "model": "scoreserver.answerhistory", "pk": 226}, {"fields": {"submit_flag": "FLAG_IS_YJwJpjdHXYzNJHs", "user": 38, "question": 7}, "model": "scoreserver.answerhistory", "pk": 227}, {"fields": {"submit_flag": "FLAG_IS_zMuxaQTGMJDqDSL", "user": 9, "question": 4}, "model": "scoreserver.answerhistory", "pk": 228}, {"fields": {"submit_flag": "FLAG_IS_RdcbSxMIyfrJWhT", "user": 8, "question": 1}, "model": "scoreserver.answerhistory", "pk": 229}, {"fields": {"submit_flag": "FLAG_IS_HRwVdodijmjCBzm", "user": 35, "question": 9}, "model": "scoreserver.answerhistory", "pk": 230}, {"fields": {"submit_flag": "FLAG_IS_TqzbwtvepTCAKxT", "user": 25, "question": 6}, "model": "scoreserver.answerhistory", "pk": 231}, {"fields": {"submit_flag": "FLAG_IS_OKnijefcgRzqirA", "user": 42, "question": 1}, "model": "scoreserver.answerhistory", "pk": 232}, {"fields": {"submit_flag": "FLAG_IS_RolnZOCMxgDvtYX", "user": 32, "question": 7}, "model": "scoreserver.answerhistory", "pk": 233}, {"fields": {"submit_flag": "FLAG_IS_KBrNUqOooQDtFFP", "user": 33, "question": 8}, "model": "scoreserver.answerhistory", "pk": 234}, {"fields": {"submit_flag": "FLAG_IS_CrdcVSaTpsMbmuF", "user": 30, "question": 1}, "model": "scoreserver.answerhistory", "pk": 235}, {"fields": {"submit_flag": "FLAG_IS_FuyDcYAwoVDcHyw", "user": 47, "question": 2}, "model": "scoreserver.answerhistory", "pk": 236}, {"fields": {"submit_flag": "FLAG_IS_gQLpVcqAltsjnUJ", "user": 34, "question": 9}, "model": "scoreserver.answerhistory", "pk": 237}, {"fields": {"submit_flag": "FLAG_IS_upsTnOFIYFXQsSu", "user": 46, "question": 7}, "model": "scoreserver.answerhistory", "pk": 238}, {"fields": {"submit_flag": "FLAG_IS_GrfbCfWIQjLFyew", "user": 37, "question": 7}, "model": "scoreserver.answerhistory", "pk": 239}, {"fields": {"submit_flag": "FLAG_IS_nEGpqhdJbBAJqSB", "user": 46, "question": 1}, "model": "scoreserver.answerhistory", "pk": 240}, {"fields": {"submit_flag": "FLAG_IS_ouRRrsUkMUkObNC", "user": 6, "question": 8}, "model": "scoreserver.answerhistory", "pk": 241}, {"fields": {"submit_flag": "FLAG_IS_nZmJGRzQzCiquts", "user": 4, "question": 3}, "model": "scoreserver.answerhistory", "pk": 242}, {"fields": {"submit_flag": "FLAG_IS_hCpwADlopOhTblX", "user": 49, "question": 2}, "model": "scoreserver.answerhistory", "pk": 243}, {"fields": {"submit_flag": "FLAG_IS_oNMEbokcvWthTar", "user": 18, "question": 7}, "model": "scoreserver.answerhistory", "pk": 244}, {"fields": {"submit_flag": "FLAG_IS_OJJdQaHsURczVSz", "user": 6, "question": 9}, "model": "scoreserver.answerhistory", "pk": 245}, {"fields": {"submit_flag": "FLAG_IS_UmBDvvLvYVBVmUN", "user": 17, "question": 9}, "model": "scoreserver.answerhistory", "pk": 246}, {"fields": {"submit_flag": "FLAG_IS_yRwnEirjotqDvuR", "user": 24, "question": 3}, "model": "scoreserver.answerhistory", "pk": 247}, {"fields": {"submit_flag": "FLAG_IS_fIfpMETlkECbEYE", "user": 24, "question": 9}, "model": "scoreserver.answerhistory", "pk": 248}, {"fields": {"submit_flag": "FLAG_IS_RlLxkPYLEbFkrdC", "user": 43, "question": 3}, "model": "scoreserver.answerhistory", "pk": 249}, {"fields": {"submit_flag": "FLAG_IS_FFLVvcOvBJwYIst", "user": 48, "question": 9}, "model": "scoreserver.answerhistory", "pk": 250}, {"fields": {"submit_flag": "FLAG_IS_nZxXYgMKJGhhQdI", "user": 9, "question": 8}, "model": "scoreserver.answerhistory", "pk": 251}, {"fields": {"submit_flag": "FLAG_IS_CbzPQJdxGDlcSTO", "user": 18, "question": 2}, "model": "scoreserver.answerhistory", "pk": 252}, {"fields": {"submit_flag": "FLAG_IS_uZMWQixbtbxorqU", "user": 26, "question": 7}, "model": "scoreserver.answerhistory", "pk": 253}, {"fields": {"submit_flag": "FLAG_IS_ANNYHENRqfsAuRT", "user": 43, "question": 1}, "model": "scoreserver.answerhistory", "pk": 254}, {"fields": {"submit_flag": "FLAG_IS_oQUoWyqVhYYUtJY", "user": 44, "question": 8}, "model": "scoreserver.answerhistory", "pk": 255}, {"fields": {"submit_flag": "FLAG_IS_aekCOJtoGxloqMb", "user": 8, "question": 6}, "model": "scoreserver.answerhistory", "pk": 256}, {"fields": {"submit_flag": "FLAG_IS_yTXmudGOAvrsGfR", "user": 40, "question": 6}, "model": "scoreserver.answerhistory", "pk": 257}, {"fields": {"submit_flag": "FLAG_IS_BugXolrTFxWdvac", "user": 25, "question": 8}, "model": "scoreserver.answerhistory", "pk": 258}, {"fields": {"submit_flag": "FLAG_IS_ZlrRzBGKgbRzUPP", "user": 36, "question": 3}, "model": "scoreserver.answerhistory", "pk": 259}, {"fields": {"submit_flag": "FLAG_IS_nmTwEoOwQhqEngd", "user": 47, "question": 2}, "model": "scoreserver.answerhistory", "pk": 260}, {"fields": {"submit_flag": "FLAG_IS_EIWOsCsYxAgNxEA", "user": 12, "question": 8}, "model": "scoreserver.answerhistory", "pk": 261}, {"fields": {"submit_flag": "FLAG_IS_uhfUDkqNGXBwzeQ", "user": 5, "question": 3}, "model": "scoreserver.answerhistory", "pk": 262}, {"fields": {"submit_flag": "FLAG_IS_MeAGrsKQAFWXCAu", "user": 10, "question": 4}, "model": "scoreserver.answerhistory", "pk": 263}, {"fields": {"submit_flag": "FLAG_IS_kiYNaFMjCKqCiqD", "user": 19, "question": 1}, "model": "scoreserver.answerhistory", "pk": 264}, {"fields": {"submit_flag": "FLAG_IS_mPRroBuIOhMkeYL", "user": 12, "question": 9}, "model": "scoreserver.answerhistory", "pk": 265}, {"fields": {"submit_flag": "FLAG_IS_zIPGPceFKDOmiVA", "user": 35, "question": 6}, "model": "scoreserver.answerhistory", "pk": 266}, {"fields": {"submit_flag": "FLAG_IS_nuYtGRvntBoBNtY", "user": 47, "question": 6}, "model": "scoreserver.answerhistory", "pk": 267}, {"fields": {"submit_flag": "FLAG_IS_MFdUjELfAHsuHlo", "user": 32, "question": 6}, "model": "scoreserver.answerhistory", "pk": 268}, {"fields": {"submit_flag": "FLAG_IS_eXdNJeIFTPUAjid", "user": 34, "question": 2}, "model": "scoreserver.answerhistory", "pk": 269}, {"fields": {"submit_flag": "FLAG_IS_qgCRCOvZrhpyWEV", "user": 4, "question": 6}, "model": "scoreserver.answerhistory", "pk": 270}, {"fields": {"submit_flag": "FLAG_IS_gEHjDFFdZTOwumA", "user": 39, "question": 2}, "model": "scoreserver.answerhistory", "pk": 271}, {"fields": {"submit_flag": "FLAG_IS_CluPYGDULlotMFy", "user": 20, "question": 8}, "model": "scoreserver.answerhistory", "pk": 272}, {"fields": {"submit_flag": "FLAG_IS_bOaiGoVRLEnYjYG", "user": 22, "question": 4}, "model": "scoreserver.answerhistory", "pk": 273}, {"fields": {"submit_flag": "FLAG_IS_fJNEMInZbnNsotp", "user": 10, "question": 8}, "model": "scoreserver.answerhistory", "pk": 274}, {"fields": {"submit_flag": "FLAG_IS_usiUSOvHLMlwrUn", "user": 27, "question": 9}, "model": "scoreserver.answerhistory", "pk": 275}, {"fields": {"submit_flag": "FLAG_IS_cXkIPzoBrqSxZuP", "user": 15, "question": 6}, "model": "scoreserver.answerhistory", "pk": 276}, {"fields": {"submit_flag": "FLAG_IS_TwdnTNKzvrrLGkq", "user": 38, "question": 6}, "model": "scoreserver.answerhistory", "pk": 277}, {"fields": {"submit_flag": "FLAG_IS_wSmDWlnBoaOTtKw", "user": 26, "question": 3}, "model": "scoreserver.answerhistory", "pk": 278}, {"fields": {"submit_flag": "FLAG_IS_xwRkHdotGrcVSpI", "user": 37, "question": 2}, "model": "scoreserver.answerhistory", "pk": 279}, {"fields": {"submit_flag": "FLAG_IS_RurlUnLDJTvOmJo", "user": 27, "question": 2}, "model": "scoreserver.answerhistory", "pk": 280}, {"fields": {"submit_flag": "FLAG_IS_qGGacWieVuThYoF", "user": 10, "question": 1}, "model": "scoreserver.answerhistory", "pk": 281}, {"fields": {"submit_flag": "FLAG_IS_BKjwchNazydvMdL", "user": 46, "question": 2}, "model": "scoreserver.answerhistory", "pk": 282}, {"fields": {"submit_flag": "FLAG_IS_hJbENLDZudGcDVJ", "user": 45, "question": 6}, "model": "scoreserver.answerhistory", "pk": 283}, {"fields": {"submit_flag": "FLAG_IS_fYPhtVjhofCOuvW", "user": 6, "question": 5}, "model": "scoreserver.answerhistory", "pk": 284}, {"fields": {"submit_flag": "FLAG_IS_LLNzfQlKkCmVwXC", "user": 31, "question": 6}, "model": "scoreserver.answerhistory", "pk": 285}, {"fields": {"submit_flag": "FLAG_IS_cODbDzdzGdnIVIC", "user": 45, "question": 6}, "model": "scoreserver.answerhistory", "pk": 286}, {"fields": {"submit_flag": "FLAG_IS_SVblDjYkLMEasjV", "user": 24, "question": 4}, "model": "scoreserver.answerhistory", "pk": 287}, {"fields": {"submit_flag": "FLAG_IS_uvojDOUEMeXguFJ", "user": 38, "question": 2}, "model": "scoreserver.answerhistory", "pk": 288}, {"fields": {"submit_flag": "FLAG_IS_ZTKILVdKfVYPQWb", "user": 41, "question": 1}, "model": "scoreserver.answerhistory", "pk": 289}, {"fields": {"submit_flag": "FLAG_IS_hVADVdomEKYlthM", "user": 16, "question": 1}, "model": "scoreserver.answerhistory", "pk": 290}, {"fields": {"submit_flag": "FLAG_IS_cSwOjFXmtujFxWt", "user": 29, "question": 6}, "model": "scoreserver.answerhistory", "pk": 291}, {"fields": {"submit_flag": "FLAG_IS_FTyllxjUBBoUUJY", "user": 32, "question": 1}, "model": "scoreserver.answerhistory", "pk": 292}, {"fields": {"submit_flag": "FLAG_IS_yLihSNDbsfympOS", "user": 38, "question": 2}, "model": "scoreserver.answerhistory", "pk": 293}, {"fields": {"submit_flag": "FLAG_IS_XuNmXFsmEPGiRgs", "user": 48, "question": 6}, "model": "scoreserver.answerhistory", "pk": 294}, {"fields": {"submit_flag": "FLAG_IS_uysiChCzBlZOAsA", "user": 47, "question": 3}, "model": "scoreserver.answerhistory", "pk": 295}, {"fields": {"submit_flag": "FLAG_IS_APxWGZQItWpPuKJ", "user": 5, "question": 4}, "model": "scoreserver.answerhistory", "pk": 296}, {"fields": {"submit_flag": "FLAG_IS_ScAbNiNjZhdsxyl", "user": 20, "question": 1}, "model": "scoreserver.answerhistory", "pk": 297}, {"fields": {"submit_flag": "FLAG_IS_SfOzhRIiOTXWBvS", "user": 18, "question": 5}, "model": "scoreserver.answerhistory", "pk": 298}, {"fields": {"submit_flag": "FLAG_IS_tywfnnUJsCJeOxV", "user": 27, "question": 7}, "model": "scoreserver.answerhistory", "pk": 299}]