[{"model": "scoreserver.category", "pk": 1, "fields": {"name": "Web"}}, {"model": "scoreserver.category", "pk": 2, "fields": {"name": "Network"}}, {"model": "scoreserver.category", "pk": 3, "fields": {"name": "Binary"}}, {"model": "scoreserver.category", "pk": 4, "fields": {"name": "Forensics"}}, {"model": "scoreserver.category", "pk": 5, "fields": {"name": "Crypto"}}, {"model": "scoreserver.category", "pk": 6, "fields": {"name": "Misc"}}, {"model": "scoreserver.question", "pk": 0, "fields": {"description": "Question_desc:TuxvwwoIniRrjrwPiKncJEgvFXRUDQeMzfZAaxbkHqIgkrrCGwSkcqFiwHOxqGwnFrSAobttOTlOfWdQcimUTJmauzUwLSUvkRTH", "title": "Question_title:HzaIWKmEpKMgUrO", "category": 2, "problem_url": "http://example.com/xDnShGdKOLqZQzLwcnaLMwqNlIbuIO", "solved": 6}}, {"model": "scoreserver.question", "pk": 1, "fields": {"description": "Question_desc:TaIMGZREkwdmHCUIqptVEMDVleqrtTmTUVbAESOpbxpnWirSALNMAQlKDUvcKfRZeTZsdjkCZQBJfXazAQZRmPkDOdFDFONmMAEK", "title": "Question_title:gwpNQpuGXUGNDSi", "category": 3, "problem_url": "http://example.com/pwYerfwyafRbzXvwMWpDRjbrXIzSsg", "solved": 2}}, {"model": "scoreserver.question", "pk": 2, "fields": {"description": "Question_desc:mDAGLrtAGRFHaGzwPoFFJyqqAxlqhbtpXCQuajadWLolmHNdOZlbZmAiSlvULSjfFbOspZffIjZWxnHJnTFFgwtURAmPmoBkjDir", "title": "Question_title:QJLuauUWcYTjuuA", "category": 2, "problem_url": "http://example.com/kqftPdbgFDmnyNAkRuTwautHQKybcL", "solved": 1}}, {"model": "scoreserver.question", "pk": 3, "fields": {"description": "Question_desc:FtlyLXgDPtoDKCSHHOEzcVCNoFLqFTyIncDIDIhNIkkZTRQabLnFuAeRtwMvAYlNuxQxBPdoNBMxEbEUnRrNsAevSXvBcRkUMUBf", "title": "Question_title:ORWGurcbeEDgcSg", "category": 3, "problem_url": "http://example.com/hCREiVZvLGduoFjrxWCSvTfQIRjQFW", "solved": 15}}, {"model": "scoreserver.question", "pk": 4, "fields": {"description": "Question_desc:cUkhRyPLkfjnXIiCtVHJSBCFQpAvCOszDKHZsbuqEohjCacgbTeSOekZPMCdoVUuhYmCKUKmdWDEOXfxKOKPFIjnebHhFaJdiLfW", "title": "Question_title:hpgIuwTmjnwbNVu", "category": 3, "problem_url": "http://example.com/vZCyixuVeCIZfQxyumQvAOltsNMYdc", "solved": 3}}, {"model": "scoreserver.question", "pk": 5, "fields": {"description": "Question_desc:VjCzCohfAjghHQSnwfTgFGdoDLxmpsnfIMkaudRITJuTxiwiSdWhZHzRtWTkozJSDIOAYQOtVqpYQZrSkGeIggoNfQSLakfJxSXb", "title": "Question_title:IECdZqogxfWYVKS", "category": 6, "problem_url": "http://example.com/LRxvsSflIGZYSWdqUYRgrqsDTajwQg", "solved": 9}}, {"model": "scoreserver.question", "pk": 6, "fields": {"description": "Question_desc:pwOQrJHXZOipEEtsZYAynHWvURmyUfVTTFIybeuUsdbojklKXIoVBzDBhYARlLuTIPmfLOVBBKrMabwWWQCdTPNappKRgdpwCRCd", "title": "Question_title:HNepeNbtQcNcVSW", "category": 3, "problem_url": "http://example.com/FMSMDpSqRoqXTRNeOgtPxplMGhoUil", "solved": 3}}, {"model": "scoreserver.question", "pk": 7, "fields": {"description": "Question_desc:rpDfsBVBMYGJBtwxECCapvXDisJqdDbbeaSwWKbhjvkrovZKdpBIHkSSEWuOQMQDQQoEmWeytJkKqlnnjawvtbxFJfZHfQtHQMoV", "title": "Question_title:RzOaLevgUQsLFxk", "category": 1, "problem_url": "http://example.com/IzdPdtWXcHganCrFODOYmwNGhKoKdy", "solved": 10}}, {"model": "scoreserver.question", "pk": 8, "fields": {"description": "Question_desc:sACLecJAeDQkUfQjKbzZeuqHLQVmKVNmLDqOagqGptHSgGlUqiySkPXpecRBLKwgAZedBVEIJLcWqHEkHKYOwJoIzkAlamnDWQlC", "title": "Question_title:XXeytftPQbMufpb", "category": 3, "problem_url": "http://example.com/RgWDzkfNCWaEjLSakVumQUWJtqVlea", "solved": 12}}, {"model": "scoreserver.question", "pk": 9, "fields": {"description": "Question_desc:rEHmsoRUDebuoquGEtKziZmKMoLuLeCGNhnYQrigLMrzoCssSRsAiEPmwaDXoCEbMYixvBNoxSJhYHXogCBfHhBDnFWjYvthAmvi", "title": "Question_title:oqLJBMHkxvKHvlG", "category": 1, "problem_url": "http://example.com/sbciHOPmqhTeGCQpYPeFMZynPoqZui", "solved": 6}}, {"model": "scoreserver.question", "pk": 10, "fields": {"description": "Question_desc:PlzqceyUZzWhACEazjSgcojEhfdMOaOkTEiFHmjDqtkPhsyoqFQNCSuvToKBZjVFaJIHrnEvztbnEPbkJTqcORtBTxbISUxNfhpU", "title": "Question_title:jsqJnsaFMxRpkYH", "category": 2, "problem_url": "http://example.com/qSFdWzPLSHYaYczBSfENbJHOvGydOL", "solved": 11}}, {"model": "scoreserver.question", "pk": 11, "fields": {"description": "Question_desc:hokdXJlsxcqcIgFNBHYERPwjFmsoqxvSfNRyrRCpIGQgCdqWYoWWwkYQCpYIzFhAyCXaAbTencXAwfUuNgkAeDFprKxbuhmwIWJw", "title": "Question_title:GuUaOMNbuWOWatv", "category": 5, "problem_url": "http://example.com/AOKmzSeoXymsJvYiAjktIltithYbGB", "solved": 9}}, {"model": "scoreserver.question", "pk": 12, "fields": {"description": "Question_desc:bgweDBIcuYxKlLBXJnbEFUdsVRvdbcsvzlkGyjrYlZdFxmuJmVVjcBcBbcRZYTnDtXJRhcDyAqYvDrCAkFoJNPsMNeAjcxAMJbGa", "title": "Question_title:LzqelnizbRiovsz", "category": 3, "problem_url": "http://example.com/KuiweEgvjDBhvTIKUazNMKDPIrwMWE", "solved": 19}}, {"model": "scoreserver.question", "pk": 13, "fields": {"description": "Question_desc:gQjAoCRANmmoWQbFHCehDHDumZKaYQhRKWgKSNBcrlnTYLqyyMRYENmNTVOueurPragLZbNYiOqEuuqyYqEoNIazcXLCXWhIrNNa", "title": "Question_title:ypbAmyyWYNCphgE", "category": 3, "problem_url": "http://example.com/qgfQIzlZATIQHpEzEVIzSfOkvvlEFr", "solved": 7}}, {"model": "scoreserver.question", "pk": 14, "fields": {"description": "Question_desc:JtzfFCAcvHwtIhLnqxDzRkFInRRLbPrAIbWAHnHvdpuRjcxkpbGCxOPJGxosdDCDxPGXWuGxTkdrUCKkCPXZgFxUTcpHNIFwEbpz", "title": "Question_title:KFLIMUdxQRDroOP", "category": 1, "problem_url": "http://example.com/YYPQqyUPIxZmdJOIIuQQENcLJfrEeB", "solved": 10}}, {"model": "scoreserver.question", "pk": 15, "fields": {"description": "Question_desc:iRHRZSwIgggUXUKERXQeIJJVHYbYzpeapfwUkqKKVNcjJLGoXCxYICaIWpKvhBhMzLsZaJBvkhxyYzkfAnPqhvwDIruYDSexDByN", "title": "Question_title:zLByDrOiIvxCCIL", "category": 1, "problem_url": "http://example.com/EmTJUrDQFSOljOEEsqprSgYcLvMoba", "solved": 5}}, {"model": "scoreserver.question", "pk": 16, "fields": {"description": "Question_desc:atBASTChCTXMAfBysWliBApWpIEvTEXodtYIacEEaZhkQbrilXRyYQBzcSNzZCqFeXMTREWnFzNhmAWuWwLpYdPgDzAcwNnsbhRy", "title": "Question_title:sdoEpcSJjdTotoo", "category": 5, "problem_url": "http://example.com/aSIauqcGWhHInhsQbifSYeFSEuMJrH", "solved": 20}}, {"model": "scoreserver.question", "pk": 17, "fields": {"description": "Question_desc:dbFhgRLmZEeqDaWTcsZBGBHNAaERrqXkfYvzHaUJbFhzonjwuDlkRwZPsytmKaIKXYsVFwmtFCcglXBYJUJAPegcbBSIugPYRDpX", "title": "Question_title:VgYSERZcOyiRfjI", "category": 5, "problem_url": "http://example.com/zAKwMBkdZukOPxKDxartqIGRuDbSYV", "solved": 6}}, {"model": "scoreserver.question", "pk": 18, "fields": {"description": "Question_desc:hiBQXygDQrOOtDJkzYmJyXvsrpyVIgpisbplEWjQbEHWAktzwrRVuETuxjSlngnMnmpXoSqwsrKmnmNcJdjRnFkLqpdEnnBIZGzt", "title": "Question_title:mkZcHrEHOXoOucb", "category": 1, "problem_url": "http://example.com/wUTdbLkfXyGsnbqSdNfRIRiINGdccz", "solved": 19}}, {"model": "scoreserver.question", "pk": 19, "fields": {"description": "Question_desc:qPieUyyOSKasXsTxjAEZTNXlOoXdROpQdZoaMMzqxDFsfWcqQuIEOrdZspRtrKCdXcoePJKkUGDPcWVzzNroiBEkBIeqxkNrLCvB", "title": "Question_title:mkyhpwCRgpkLvQN", "category": 1, "problem_url": "http://example.com/IfIeQkakmoKfeatvoEvxgZwnpbMHbT", "solved": 16}}, {"model": "scoreserver.question", "pk": 20, "fields": {"description": "Question_desc:eTELJjZcPrmdgDlNvlmCOdlzMgYlwghKdNhjbkXiqYKmWpYXkzNNNqjrfXyKJQQSlDnufGcqcXLKyRtnuJxhafsTMoxIWTvZAYQh", "title": "Question_title:GALsHJxogxdnVtf", "category": 2, "problem_url": "http://example.com/LplGoMcppoiTejklbXpsiKnRXNWZzj", "solved": 3}}, {"model": "scoreserver.question", "pk": 21, "fields": {"description": "Question_desc:yKClzSXhodyzmlQHjWkaeQbGSBthKoXZVgVQAYBjGTIIthbRZLCdPWqcZQhYivNJrciTtQPvKPWFmndNxYKNkOJTqdqCuGlwxjNA", "title": "Question_title:GKlHdbuideVqvTF", "category": 2, "problem_url": "http://example.com/VzfXRSCYpogxmePsbLJjPDlcihiQUr", "solved": 14}}, {"model": "scoreserver.question", "pk": 22, "fields": {"description": "Question_desc:zlhivgxRQZOSQhrvyYXsBGEYAXwxntUGzNgIVtTELZJUzHgatUdcoRiZQhHYNhFqgnAepiBPRiJzndvDMTeOALTMqWKgSUXxZYAh", "title": "Question_title:kPvEZFxsXpXjoBh", "category": 3, "problem_url": "http://example.com/TTYuvrRvjcLEFpyjmxqZNJWSidTdAG", "solved": 12}}, {"model": "scoreserver.question", "pk": 23, "fields": {"description": "Question_desc:lafUGSSlWPNJIPIwFigziBaBPPWiwkVeatoiFHFYfYCObMOvoRawapvpQaqfmfTiNUQSEfvHZDOxJEJYvfhxSeJQcVzihegDbwBa", "title": "Question_title:uWQohqDXlLCPOqy", "category": 6, "problem_url": "http://example.com/FZUhGmvSuEyJFhIynVVhdBWzavaxfB", "solved": 18}}, {"model": "scoreserver.question", "pk": 24, "fields": {"description": "Question_desc:JTlWNhERljbydlUUTjGBApVbcTPgKKlSWdnlLhxkQwTpgKkWmdlbtnWCTmBwirFRbiOZAkZROUyPVtWmXPjgZUbrFuAIAkzGXJHF", "title": "Question_title:WLAdsYxSYZcajvz", "category": 2, "problem_url": "http://example.com/wpjWhLvXPmVkOUtECtmRDCSrachuVb", "solved": 16}}, {"model": "scoreserver.question", "pk": 25, "fields": {"description": "Question_desc:egIoYpNqobMXFIXbroYUeiIPTnBpCqvkqIbGiuOZcQMBoarRHrtUqBzLAUYGTEvOyXkfYAfETbkCyBEqjpHvMWKOSuVGaXHIvnGI", "title": "Question_title:ZluVUaaQiwipEBk", "category": 4, "problem_url": "http://example.com/iHtHNOBnjpisribLLZcRpsBbtVngVZ", "solved": 2}}, {"model": "scoreserver.question", "pk": 26, "fields": {"description": "Question_desc:uVWeZLjGfLdmzYHsAACRlrbGovRhLKXKiovRrMTSSxSlGPreehnexvidiuHlmkkjrlwqvfBldhsNDsVetiboZmLMPKaBWvSVIVxv", "title": "Question_title:JpdzdtNPYKJdyib", "category": 4, "problem_url": "http://example.com/MlrfLTsNDXpcNtTExoMvOhvcHboZgb", "solved": 11}}, {"model": "scoreserver.question", "pk": 27, "fields": {"description": "Question_desc:DVPEdZczrFzBuKquVatmwFFTgXdUfELXpPowNThVQWWUkqGeRwNEQHOHajQjzjQHmSvdbTXlfBkzJOGUttXYrqmlSjYeBBvUKhwV", "title": "Question_title:gDfsCzMaxeTmSNZ", "category": 4, "problem_url": "http://example.com/kiBTfOBitfaIbRcgxctgiBrvcIlPPB", "solved": 9}}, {"model": "scoreserver.question", "pk": 28, "fields": {"description": "Question_desc:OYbMHjoXRzIKAWUHwkaPsXsGFHcDstGgvbngDuSwArBkfQGPxlqCliVtrTfwTtTXSxwuyYwjAnpiJBIJDEZgCwsznYbeQtArsBiQ", "title": "Question_title:ipcTbqufIesKizl", "category": 2, "problem_url": "http://example.com/VmsMjlWXZezYHtEDRHvopqySRMPNDZ", "solved": 11}}, {"model": "scoreserver.question", "pk": 29, "fields": {"description": "Question_desc:wCMoulYPoGluVGBAVCrzqVOlaYfjOdvZbeShEUFbUxtskUtJHwEHEFNOGGDPSwFepjBCmIHbdaZeNYILDguWjgKZqnatJQNoCqvA", "title": "Question_title:twLgNlxjiaQCRjd", "category": 2, "problem_url": "http://example.com/BQtsiSSQsGnOzKkqVValmsGSRcTStW", "solved": 10}}, {"model": "scoreserver.question", "pk": 30, "fields": {"description": "Question_desc:OhlzjqzkShNfEbpUdOwaIvtCLAnLYNPJvmDZdJyuTiKRdEVotwEEdGRXxutVuoNmuLJdSwcAgCvCOOUpfEZJjnzzvfIqciSnrvQx", "title": "Question_title:lMbYRXhbIFxSXbG", "category": 2, "problem_url": "http://example.com/LkqeEnfNiVNWLNeiLAZJnLUFOyfkTW", "solved": 19}}, {"model": "scoreserver.question", "pk": 31, "fields": {"description": "Question_desc:YyJJqGRCtIVBJqEbvIpCbcKrGupWzmuzJUNjFqTJsDqmRhEkCHozTPSGpZyEmFTzLVCHlxKZYmzfZctUSkzMTrJhCQYTgtFOEFKL", "title": "Question_title:XpLyIlSozyvfXvp", "category": 1, "problem_url": "http://example.com/XMRfnuePNAmoXErMVtzRkRooCYxSjC", "solved": 11}}, {"model": "scoreserver.question", "pk": 32, "fields": {"description": "Question_desc:hmmDBbOOOEkzSaDLHFpkecBTbzFsPGtsSQNEophoXWMSIlrTODEQYhjjWrQSCgUeWiyUoCQOTQSohITnxjzTqelRteMixPsrFiSV", "title": "Question_title:KwPidPPrjnSGbnP", "category": 4, "problem_url": "http://example.com/niXlWOvqquivcYzduAhqgyiBkYQvic", "solved": 1}}, {"model": "scoreserver.question", "pk": 33, "fields": {"description": "Question_desc:vEgZqzUcGRnJcNNaqdooRVHvthlerFPIFpypZMDCSapiibUamtXEhgkdDRTQFdkYflQoPvxZzLoGglGJbEvElUBOfICXIGxJswYv", "title": "Question_title:TyJUjnODlNJmtSv", "category": 1, "problem_url": "http://example.com/heIfPsxRRqnDKWVkhaMOxCuNYNxoKV", "solved": 14}}, {"model": "scoreserver.question", "pk": 34, "fields": {"description": "Question_desc:hlVlPSglNzhBmexLKJhMFsVFLqXbmyEgDNVcZhPhSUohlYpNlUHCNfbsOKLsYytdkJwFlibfuBvCymDpnWVcvSYHJujBXIGMcGrG", "title": "Question_title:IgEAuNwVsFRfzCz", "category": 3, "problem_url": "http://example.com/rDvNULRBUYITaaDciamdwiQTfsKhlF", "solved": 12}}, {"model": "scoreserver.question", "pk": 35, "fields": {"description": "Question_desc:PuqZwjmYhbNmZYegnqlGKKSUlyBmoiSGsfcHAFPOwubKfIPtpyxSJbMWrBHgEkOwiAZXPlMTWDFbsCdhIsJNOdSHnBTOSpKigXYW", "title": "Question_title:YuGiatlSsXAIhMA", "category": 6, "problem_url": "http://example.com/uJxAasuxwkJFQOtVicGfVmPDeuuMdh", "solved": 13}}, {"model": "scoreserver.question", "pk": 36, "fields": {"description": "Question_desc:NlykIWoOoNhUbwHsIGyQUEzBiMxnNoAoNtKyRdzjCTQeJZoHDngukvKXnoXyJKdLRWvmjwPpQsjDdDqUHlCwpDnAfmXCQiLpJKoN", "title": "Question_title:QGZKqCdqCIwKfpl", "category": 5, "problem_url": "http://example.com/dmZHYfAmWiAtmDgFTCALPIYjtGxpdJ", "solved": 20}}, {"model": "scoreserver.question", "pk": 37, "fields": {"description": "Question_desc:nLQTyfzJgcMCAlRwvFegMIqmtpaRschsExdBagKvDMNNMkVidLdCiavkdowGemeUylXrjCVKlKcPQSnraBqYLJqKteXxOfHyCRpx", "title": "Question_title:sLHgPEsMuhJlZCt", "category": 3, "problem_url": "http://example.com/EWXKiUVyXAHIXdevPrDoCpSejcIZSl", "solved": 13}}, {"model": "scoreserver.question", "pk": 38, "fields": {"description": "Question_desc:InvRNQgAAYHOvDIlqrbRhAQnfLcaYbCFklXQTotAuDJMLtoEcNclPozdiNjuIiVUHrsoEGUGciSStmgIXERsRHpYJFpqaXhQvgRw", "title": "Question_title:OyfMfbxQNpBXxYv", "category": 5, "problem_url": "http://example.com/JISuuAyLXGmTIvxTUfwOKUzsnQYiRa", "solved": 20}}, {"model": "scoreserver.question", "pk": 39, "fields": {"description": "Question_desc:gsxlboaNzzhjKmfBuqIBfYGWByfeaZZtxyOdLlBeADyqshzPllzgbvgjQwUzdtMlLXylTIhaGCwulvKZooZAZNnprDMFkzhcTfir", "title": "Question_title:hiumGlJIJGFFUMP", "category": 5, "problem_url": "http://example.com/MIiVKlaAHAkGvWIABpnRDnCFvMRRgX", "solved": 11}}, {"model": "scoreserver.question", "pk": 40, "fields": {"description": "Question_desc:iusaMrSioWSmaiCPBPHtrpWkvAmeGFNtQtKrbhZwVaZrtXHbnxSQxBTijQtxWZQKoCYwoOizGqwFFTCAJTlbUyCueqLVUdrmnoZz", "title": "Question_title:CaCXpSfTXkiaMJA", "category": 5, "problem_url": "http://example.com/CbvVqQTcXUEFEjpEnWOdEuGYrijDNN", "solved": 13}}, {"model": "scoreserver.question", "pk": 41, "fields": {"description": "Question_desc:GOAcdFDHEtRdVjBlxKunkhcYYirvotYZjMAvFqRSpVDXpXQSBhSfaXWCvZIokpnWUPjBxnzpAXDMlyOiqBMAzPAORXyedSglXewd", "title": "Question_title:PEbAnJBwwHHKRTt", "category": 1, "problem_url": "http://example.com/CXlfHPHqjHXqGqMPioMmiQneUuoANh", "solved": 4}}, {"model": "scoreserver.question", "pk": 42, "fields": {"description": "Question_desc:AlIlMqXBJSAtqJROnmxoFDfdNQJGQSZYfHGQDtEHcGNTrqUZTKYnKfrPyCYebmFzdKbQKsWksZUmReIZiXgxzIVGSPHbuflKIqsZ", "title": "Question_title:rPyJMqRmGpqKcau", "category": 5, "problem_url": "http://example.com/NzZOqjyltTGZVmKAYDiQQoiQCZDtSU", "solved": 16}}, {"model": "scoreserver.question", "pk": 43, "fields": {"description": "Question_desc:jNlSkBzxtmvwcSgbPFYqKBeTwNvTWxhkYHKwxAwWuwDCFuGxSSKlyqSOjumQWIftYaGaCKnZdnccKMIxHKdppexsnhrRVFEFgMXy", "title": "Question_title:NvoQSTNsYIfYvta", "category": 6, "problem_url": "http://example.com/goHqQRxtdhVRpHgaHHbWUgkpZIyDGS", "solved": 8}}, {"model": "scoreserver.question", "pk": 44, "fields": {"description": "Question_desc:dgyzATeVxTcoQjJVyFlrJdjAAykhGhFCnRpHqLBDkIJBcFLCOExqyrBAqcJLqsrVuwiozODFxBJpUaRLTdkFtSmJwYPKmBKjHfQc", "title": "Question_title:olvFQRyggiwarfR", "category": 1, "problem_url": "http://example.com/iaWKrOvWeuQljmhcKrymPHxZQYEkxh", "solved": 8}}, {"model": "scoreserver.question", "pk": 45, "fields": {"description": "Question_desc:vIaBwWpfMGFmAeVlaNEztgMBPFgIdMpjFmuXvYNnWovNdLNVGvPrxeGhTXKRjbnaRKkgrwyrTVFsMGFcGWNhvHCkZoWuOKiJGuJE", "title": "Question_title:ZSDBIzwIqlKcqlu", "category": 1, "problem_url": "http://example.com/MtKtvsCIwGuXscDrqDELznNANKHWIx", "solved": 18}}, {"model": "scoreserver.question", "pk": 46, "fields": {"description": "Question_desc:ELNsGkGbDArMTcyISIYgVNevdEXPbFrdWEKrstnqlrqSrghqLcuMKIgbJiJtOyHsLxICSfDDaIMMxuaROqueMLwaJdJlYPigjbFJ", "title": "Question_title:lpmGWcykRoNuofr", "category": 3, "problem_url": "http://example.com/fEGLxBTNftlFDlHdapfBZbncOFdLYp", "solved": 20}}, {"model": "scoreserver.question", "pk": 47, "fields": {"description": "Question_desc:UWzsJXAKKNgoBhGHoAuCVKzqrgvXnRBUHSBSnneFlhCmzYOAFiceIkflqtwUMrQwrcpajBsPlxoaqttgOTJHECgsDLwjVIvAPENA", "title": "Question_title:reaWylTGCTBLQgJ", "category": 6, "problem_url": "http://example.com/jOsLZCaNsHfkqmZiNHuPvmNgiAFUPZ", "solved": 6}}, {"model": "scoreserver.question", "pk": 48, "fields": {"description": "Question_desc:QXzFnAiLfAWmBqJCBjbZCYAhntpUvgezrQOVDyLrRzZwMmGsIPbxOXocifCJGxKsmBdZSmDAzzTzDhgpxlskVAlwPxkTjZnNzMAX", "title": "Question_title:lTNUlVAAZYMYcDv", "category": 6, "problem_url": "http://example.com/wVphLebJgosZtEQujszVzwgAjnVnLy", "solved": 2}}, {"model": "scoreserver.question", "pk": 49, "fields": {"description": "Question_desc:LZrmpQPCxHJLuCXtWKDYohTxvuvAexRkmASZpKYlmqrvJGMLnsNZqZMQmzrxghCrvHHqxmlhkQvuQKlzbLXCOBfnpsEJcpxpmrgC", "title": "Question_title:gvjOJilWaIaEJwX", "category": 2, "problem_url": "http://example.com/yVvLWskFvpVnkjqmfgvAUkyEvBJyeJ", "solved": 16}}, {"model": "scoreserver.flag", "pk": 0, "fields": {"question": 40, "flag": "FLAG_IS_[yUcsnYfvxibhrpl]", "point": 100}}, {"model": "scoreserver.flag", "pk": 1, "fields": {"question": 26, "flag": "FLAG_IS_[jgUqMPqIVdLqccn]", "point": 800}}, {"model": "scoreserver.flag", "pk": 2, "fields": {"question": 25, "flag": "FLAG_IS_[GdQCFmCYWIZGPOI]", "point": 1000}}, {"model": "scoreserver.flag", "pk": 3, "fields": {"question": 10, "flag": "FLAG_IS_[vlmiyEXFAxzeRhW]", "point": 300}}, {"model": "scoreserver.flag", "pk": 4, "fields": {"question": 2, "flag": "FLAG_IS_[EDcQgmRsrNEsbhk]", "point": 200}}, {"model": "scoreserver.flag", "pk": 5, "fields": {"question": 49, "flag": "FLAG_IS_[mpslFSNxyGyZDZS]", "point": 600}}, {"model": "scoreserver.flag", "pk": 6, "fields": {"question": 35, "flag": "FLAG_IS_[WphrXtOKBHOWosd]", "point": 600}}, {"model": "scoreserver.flag", "pk": 7, "fields": {"question": 38, "flag": "FLAG_IS_[lVJYZkbwDNgOdJC]", "point": 100}}, {"model": "scoreserver.flag", "pk": 8, "fields": {"question": 14, "flag": "FLAG_IS_[SdbHFLhresyAkdy]", "point": 700}}, {"model": "scoreserver.flag", "pk": 9, "fields": {"question": 2, "flag": "FLAG_IS_[FEFBpmOrmdJmmEn]", "point": 100}}, {"model": "scoreserver.flag", "pk": 10, "fields": {"question": 1, "flag": "FLAG_IS_[TadIUdmDgzQPidE]", "point": 1100}}, {"model": "scoreserver.flag", "pk": 11, "fields": {"question": 47, "flag": "FLAG_IS_[jaRnOUGakVEHGIC]", "point": 200}}, {"model": "scoreserver.flag", "pk": 12, "fields": {"question": 42, "flag": "FLAG_IS_[YFdxcFNolcuMSzl]", "point": 400}}, {"model": "scoreserver.flag", "pk": 13, "fields": {"question": 16, "flag": "FLAG_IS_[hHckqPVipDHkJfj]", "point": 300}}, {"model": "scoreserver.flag", "pk": 14, "fields": {"question": 40, "flag": "FLAG_IS_[HIciGWFBDhJRNAI]", "point": 200}}, {"model": "scoreserver.flag", "pk": 15, "fields": {"question": 18, "flag": "FLAG_IS_[TBDUmOSUYidPjnb]", "point": 500}}, {"model": "scoreserver.flag", "pk": 16, "fields": {"question": 29, "flag": "FLAG_IS_[hNQJfWIdyEvUSnZ]", "point": 900}}, {"model": "scoreserver.flag", "pk": 17, "fields": {"question": 29, "flag": "FLAG_IS_[wBmdRLdvNiNdpMV]", "point": 500}}, {"model": "scoreserver.flag", "pk": 18, "fields": {"question": 12, "flag": "FLAG_IS_[IaqBIAtYhrEJMCH]", "point": 300}}, {"model": "scoreserver.flag", "pk": 19, "fields": {"question": 42, "flag": "FLAG_IS_[vaVwCRudEACmNVl]", "point": 100}}, {"model": "scoreserver.flag", "pk": 20, "fields": {"question": 8, "flag": "FLAG_IS_[EaMOlXOmCESbGEc]", "point": 900}}, {"model": "scoreserver.flag", "pk": 21, "fields": {"question": 29, "flag": "FLAG_IS_[gzoCgPNLOkLPRMO]", "point": 1000}}, {"model": "scoreserver.flag", "pk": 22, "fields": {"question": 21, "flag": "FLAG_IS_[qPOzlnpErVENhpx]", "point": 100}}, {"model": "scoreserver.flag", "pk": 23, "fields": {"question": 47, "flag": "FLAG_IS_[QxvRnGWSfiVieuV]", "point": 700}}, {"model": "scoreserver.flag", "pk": 24, "fields": {"question": 18, "flag": "FLAG_IS_[qHPfubeanNTNFpQ]", "point": 600}}, {"model": "scoreserver.flag", "pk": 25, "fields": {"question": 28, "flag": "FLAG_IS_[kUlozztaPktnquq]", "point": 400}}, {"model": "scoreserver.flag", "pk": 26, "fields": {"question": 12, "flag": "FLAG_IS_[wpxAYdFljWXgBsM]", "point": 900}}, {"model": "scoreserver.flag", "pk": 27, "fields": {"question": 17, "flag": "FLAG_IS_[JuXLADClHRqyKOv]", "point": 500}}, {"model": "scoreserver.flag", "pk": 28, "fields": {"question": 43, "flag": "FLAG_IS_[kLBGDjlFGVGYciZ]", "point": 600}}, {"model": "scoreserver.flag", "pk": 29, "fields": {"question": 41, "flag": "FLAG_IS_[GHSKNHxDMWpMsXm]", "point": 1000}}, {"model": "scoreserver.flag", "pk": 30, "fields": {"question": 19, "flag": "FLAG_IS_[yHWaViyztjLCUOy]", "point": 700}}, {"model": "scoreserver.flag", "pk": 31, "fields": {"question": 36, "flag": "FLAG_IS_[oogvjMQQtkLlItv]", "point": 1000}}, {"model": "scoreserver.flag", "pk": 32, "fields": {"question": 47, "flag": "FLAG_IS_[cbGtDnwwYjnZMUy]", "point": 900}}, {"model": "scoreserver.flag", "pk": 33, "fields": {"question": 21, "flag": "FLAG_IS_[JjdEdfErZVpxWKL]", "point": 100}}, {"model": "scoreserver.flag", "pk": 34, "fields": {"question": 49, "flag": "FLAG_IS_[npznPUiPfAoIOxN]", "point": 700}}, {"model": "scoreserver.flag", "pk": 35, "fields": {"question": 18, "flag": "FLAG_IS_[slCyfMSMhjQYSBq]", "point": 900}}, {"model": "scoreserver.flag", "pk": 36, "fields": {"question": 27, "flag": "FLAG_IS_[UJfvSCxFWHsbshZ]", "point": 400}}, {"model": "scoreserver.flag", "pk": 37, "fields": {"question": 3, "flag": "FLAG_IS_[NOvSvLlvPwmfSZr]", "point": 1100}}, {"model": "scoreserver.flag", "pk": 38, "fields": {"question": 23, "flag": "FLAG_IS_[HEtytDbtRygHvNj]", "point": 1000}}, {"model": "scoreserver.flag", "pk": 39, "fields": {"question": 44, "flag": "FLAG_IS_[ykZKLISLUAFsfFa]", "point": 700}}, {"model": "scoreserver.flag", "pk": 40, "fields": {"question": 36, "flag": "FLAG_IS_[wHCOvXDWjxESJsX]", "point": 100}}, {"model": "scoreserver.flag", "pk": 41, "fields": {"question": 15, "flag": "FLAG_IS_[DZeRlMCrYZdjzaI]", "point": 400}}, {"model": "scoreserver.flag", "pk": 42, "fields": {"question": 31, "flag": "FLAG_IS_[mWFlaIfUXNvGszF]", "point": 200}}, {"model": "scoreserver.flag", "pk": 43, "fields": {"question": 16, "flag": "FLAG_IS_[fUIlzjqAHsvTbYr]", "point": 1100}}, {"model": "scoreserver.flag", "pk": 44, "fields": {"question": 40, "flag": "FLAG_IS_[TXHKyoCkWhNFhxn]", "point": 800}}, {"model": "scoreserver.flag", "pk": 45, "fields": {"question": 33, "flag": "FLAG_IS_[LlHjKNKliNQruVK]", "point": 100}}, {"model": "scoreserver.flag", "pk": 46, "fields": {"question": 26, "flag": "FLAG_IS_[ajNinMcBleySsVM]", "point": 1000}}, {"model": "scoreserver.flag", "pk": 47, "fields": {"question": 43, "flag": "FLAG_IS_[mrqUqojSICOwhhu]", "point": 400}}, {"model": "scoreserver.flag", "pk": 48, "fields": {"question": 23, "flag": "FLAG_IS_[OdsUrsJFXTjwpbX]", "point": 700}}, {"model": "scoreserver.flag", "pk": 49, "fields": {"question": 3, "flag": "FLAG_IS_[pFYAHhblFTviVxt]", "point": 400}}, {"model": "scoreserver.flag", "pk": 50, "fields": {"question": 46, "flag": "FLAG_IS_[kSzalWvuELNpybr]", "point": 100}}, {"model": "scoreserver.flag", "pk": 51, "fields": {"question": 46, "flag": "FLAG_IS_[qmbPZHgLQruhXLE]", "point": 900}}, {"model": "scoreserver.flag", "pk": 52, "fields": {"question": 33, "flag": "FLAG_IS_[wQsSNkHNhwtfqmz]", "point": 800}}, {"model": "scoreserver.flag", "pk": 53, "fields": {"question": 30, "flag": "FLAG_IS_[jwrHYswGOFFHxgB]", "point": 300}}, {"model": "scoreserver.flag", "pk": 54, "fields": {"question": 10, "flag": "FLAG_IS_[McNnVxyiqrBplYK]", "point": 500}}, {"model": "scoreserver.flag", "pk": 55, "fields": {"question": 10, "flag": "FLAG_IS_[IZBtvfgvAvbqvnW]", "point": 1000}}, {"model": "scoreserver.flag", "pk": 56, "fields": {"question": 20, "flag": "FLAG_IS_[NmAEesRvGOPkcjZ]", "point": 200}}, {"model": "scoreserver.flag", "pk": 57, "fields": {"question": 28, "flag": "FLAG_IS_[PLNtezGOWRpICMF]", "point": 600}}, {"model": "scoreserver.flag", "pk": 58, "fields": {"question": 36, "flag": "FLAG_IS_[oDimjoGrnJHaLiO]", "point": 500}}, {"model": "scoreserver.flag", "pk": 59, "fields": {"question": 44, "flag": "FLAG_IS_[BcKoVahpKxTgnhc]", "point": 500}}, {"model": "scoreserver.flag", "pk": 60, "fields": {"question": 23, "flag": "FLAG_IS_[DGHZyaFIQIbILTz]", "point": 600}}, {"model": "scoreserver.flag", "pk": 61, "fields": {"question": 29, "flag": "FLAG_IS_[MEUTEYLDIZlOQMF]", "point": 200}}, {"model": "scoreserver.flag", "pk": 62, "fields": {"question": 17, "flag": "FLAG_IS_[utUPbzvcUXGtWly]", "point": 1100}}, {"model": "scoreserver.flag", "pk": 63, "fields": {"question": 43, "flag": "FLAG_IS_[JKVkXMRoGEFMdBa]", "point": 500}}, {"model": "scoreserver.flag", "pk": 64, "fields": {"question": 41, "flag": "FLAG_IS_[iCPglSInJGzPlJJ]", "point": 1000}}, {"model": "scoreserver.flag", "pk": 65, "fields": {"question": 13, "flag": "FLAG_IS_[qUWuPUgzWWDfYKs]", "point": 300}}, {"model": "scoreserver.flag", "pk": 66, "fields": {"question": 47, "flag": "FLAG_IS_[GNOOWkgAMWPvoVc]", "point": 600}}, {"model": "scoreserver.flag", "pk": 67, "fields": {"question": 22, "flag": "FLAG_IS_[xozeKTaZQtgDpPS]", "point": 500}}, {"model": "scoreserver.flag", "pk": 68, "fields": {"question": 37, "flag": "FLAG_IS_[ozDyOUeNGnSyGmH]", "point": 200}}, {"model": "scoreserver.flag", "pk": 69, "fields": {"question": 45, "flag": "FLAG_IS_[UCBcGXloZWnSQTC]", "point": 200}}, {"model": "scoreserver.flag", "pk": 70, "fields": {"question": 1, "flag": "FLAG_IS_[xcRhYKiQEHUySSf]", "point": 100}}, {"model": "scoreserver.flag", "pk": 71, "fields": {"question": 30, "flag": "FLAG_IS_[wRdCSDzDVkdHTBH]", "point": 1000}}, {"model": "scoreserver.flag", "pk": 72, "fields": {"question": 20, "flag": "FLAG_IS_[WNzObWuoqVkWQpp]", "point": 300}}, {"model": "scoreserver.flag", "pk": 73, "fields": {"question": 37, "flag": "FLAG_IS_[uuGFXmSTSKWoUet]", "point": 1100}}, {"model": "scoreserver.flag", "pk": 74, "fields": {"question": 12, "flag": "FLAG_IS_[lbBVIVxoeexbvcb]", "point": 700}}, {"model": "scoreserver.flag", "pk": 75, "fields": {"question": 43, "flag": "FLAG_IS_[tHZPNmkqYqUJogi]", "point": 1100}}, {"model": "scoreserver.flag", "pk": 76, "fields": {"question": 39, "flag": "FLAG_IS_[unCeBwNdnKbRdzy]", "point": 800}}, {"model": "scoreserver.flag", "pk": 77, "fields": {"question": 27, "flag": "FLAG_IS_[ZoclmIfqxfojMsC]", "point": 600}}, {"model": "scoreserver.flag", "pk": 78, "fields": {"question": 44, "flag": "FLAG_IS_[KeQGGeePAfNzjvb]", "point": 700}}, {"model": "scoreserver.flag", "pk": 79, "fields": {"question": 8, "flag": "FLAG_IS_[BQfaiylJvUQXxVp]", "point": 900}}, {"model": "scoreserver.flag", "pk": 80, "fields": {"question": 5, "flag": "FLAG_IS_[JjKvCOuhjbUVeMh]", "point": 100}}, {"model": "scoreserver.flag", "pk": 81, "fields": {"question": 29, "flag": "FLAG_IS_[syvGCKoSsHvbOxn]", "point": 600}}, {"model": "scoreserver.flag", "pk": 82, "fields": {"question": 10, "flag": "FLAG_IS_[dgxhakUaGvWwGpE]", "point": 1100}}, {"model": "scoreserver.flag", "pk": 83, "fields": {"question": 38, "flag": "FLAG_IS_[DRdOEcyrcHKVEIm]", "point": 800}}, {"model": "scoreserver.flag", "pk": 84, "fields": {"question": 5, "flag": "FLAG_IS_[iHhjUGgDpYuKoRI]", "point": 500}}, {"model": "scoreserver.flag", "pk": 85, "fields": {"question": 5, "flag": "FLAG_IS_[mFlbJXuKhmHWVuG]", "point": 1100}}, {"model": "scoreserver.flag", "pk": 86, "fields": {"question": 23, "flag": "FLAG_IS_[tZUHhaIWboRlLEN]", "point": 1100}}, {"model": "scoreserver.flag", "pk": 87, "fields": {"question": 35, "flag": "FLAG_IS_[fCiGSrNCbEsAmuP]", "point": 300}}, {"model": "scoreserver.flag", "pk": 88, "fields": {"question": 12, "flag": "FLAG_IS_[iCFyPZUIOCMeDVm]", "point": 800}}, {"model": "scoreserver.flag", "pk": 89, "fields": {"question": 21, "flag": "FLAG_IS_[XWnIlOVQlUpZTRN]", "point": 200}}, {"model": "scoreserver.flag", "pk": 90, "fields": {"question": 15, "flag": "FLAG_IS_[tEoTCSrSSNaFBDh]", "point": 500}}, {"model": "scoreserver.flag", "pk": 91, "fields": {"question": 10, "flag": "FLAG_IS_[wkSHLlhzVQxSfBu]", "point": 600}}, {"model": "scoreserver.flag", "pk": 92, "fields": {"question": 1, "flag": "FLAG_IS_[RMfgWKpnAHYdmjP]", "point": 800}}, {"model": "scoreserver.flag", "pk": 93, "fields": {"question": 4, "flag": "FLAG_IS_[xznSmbmRnFwMULG]", "point": 1000}}, {"model": "scoreserver.flag", "pk": 94, "fields": {"question": 43, "flag": "FLAG_IS_[qPkDEOzDxBHqJRU]", "point": 1100}}, {"model": "scoreserver.flag", "pk": 95, "fields": {"question": 49, "flag": "FLAG_IS_[pByuhHPkliWopiQ]", "point": 300}}, {"model": "scoreserver.flag", "pk": 96, "fields": {"question": 27, "flag": "FLAG_IS_[xtlrilUMDmNzRbh]", "point": 700}}, {"model": "scoreserver.flag", "pk": 97, "fields": {"question": 38, "flag": "FLAG_IS_[qpTTpsuPVXobfUO]", "point": 300}}, {"model": "scoreserver.flag", "pk": 98, "fields": {"question": 30, "flag": "FLAG_IS_[BUfBdWFCQHtcIiq]", "point": 200}}, {"model": "scoreserver.flag", "pk": 99, "fields": {"question": 33, "flag": "FLAG_IS_[sDOFWebZYnCfPRm]", "point": 900}}, {"model": "scoreserver.flag", "pk": 100, "fields": {"question": 4, "flag": "FLAG_IS_[UtGDSsZUThxrxdT]", "point": 600}}, {"model": "scoreserver.flag", "pk": 101, "fields": {"question": 3, "flag": "FLAG_IS_[ZJVGqEeXZYaTucO]", "point": 800}}, {"model": "scoreserver.flag", "pk": 102, "fields": {"question": 31, "flag": "FLAG_IS_[FFYkrbHeijRJRSr]", "point": 300}}, {"model": "scoreserver.flag", "pk": 103, "fields": {"question": 49, "flag": "FLAG_IS_[JNSBTRYujFUnhzq]", "point": 700}}, {"model": "scoreserver.flag", "pk": 104, "fields": {"question": 44, "flag": "FLAG_IS_[NAOlBQgWAaHUoPX]", "point": 200}}, {"model": "scoreserver.flag", "pk": 105, "fields": {"question": 1, "flag": "FLAG_IS_[AQHbiLZKFIgEJqg]", "point": 1000}}, {"model": "scoreserver.flag", "pk": 106, "fields": {"question": 45, "flag": "FLAG_IS_[jBcUiylFnuveSzO]", "point": 200}}, {"model": "scoreserver.flag", "pk": 107, "fields": {"question": 43, "flag": "FLAG_IS_[UHCSeHSkahTePUi]", "point": 100}}, {"model": "scoreserver.flag", "pk": 108, "fields": {"question": 6, "flag": "FLAG_IS_[IWkAovHuPnHUXRq]", "point": 300}}, {"model": "scoreserver.flag", "pk": 109, "fields": {"question": 22, "flag": "FLAG_IS_[qpAeaWlYmasyUUa]", "point": 600}}, {"model": "scoreserver.flag", "pk": 110, "fields": {"question": 25, "flag": "FLAG_IS_[LzMAhKZrffoqCaT]", "point": 200}}, {"model": "scoreserver.flag", "pk": 111, "fields": {"question": 26, "flag": "FLAG_IS_[pMYIxnXlYtIftWe]", "point": 700}}, {"model": "scoreserver.flag", "pk": 112, "fields": {"question": 47, "flag": "FLAG_IS_[ZUoXNVzmqZpUypc]", "point": 600}}, {"model": "scoreserver.flag", "pk": 113, "fields": {"question": 39, "flag": "FLAG_IS_[mlavVpATZpOmJvY]", "point": 800}}, {"model": "scoreserver.flag", "pk": 114, "fields": {"question": 2, "flag": "FLAG_IS_[yrSnQsDnkYLEWSH]", "point": 300}}, {"model": "scoreserver.flag", "pk": 115, "fields": {"question": 3, "flag": "FLAG_IS_[XwcAQbFrsJnHFJn]", "point": 500}}, {"model": "scoreserver.flag", "pk": 116, "fields": {"question": 19, "flag": "FLAG_IS_[uryDfxggzyEyWcs]", "point": 900}}, {"model": "scoreserver.flag", "pk": 117, "fields": {"question": 42, "flag": "FLAG_IS_[CNMylJYalTruvrg]", "point": 100}}, {"model": "scoreserver.flag", "pk": 118, "fields": {"question": 46, "flag": "FLAG_IS_[ZaRGybTjyFlBxPt]", "point": 600}}, {"model": "scoreserver.flag", "pk": 119, "fields": {"question": 32, "flag": "FLAG_IS_[dwiLdfLVIJCfZbW]", "point": 1100}}, {"model": "scoreserver.flag", "pk": 120, "fields": {"question": 13, "flag": "FLAG_IS_[GUHhidrCviuOVtc]", "point": 600}}, {"model": "scoreserver.flag", "pk": 121, "fields": {"question": 26, "flag": "FLAG_IS_[iwMLBmfbZPYtaBB]", "point": 400}}, {"model": "scoreserver.flag", "pk": 122, "fields": {"question": 5, "flag": "FLAG_IS_[SwGLYxEBINcAndJ]", "point": 400}}, {"model": "scoreserver.flag", "pk": 123, "fields": {"question": 22, "flag": "FLAG_IS_[XVhgVKWCUNxRqJh]", "point": 1100}}, {"model": "scoreserver.flag", "pk": 124, "fields": {"question": 7, "flag": "FLAG_IS_[uGokIotKKrEVGxO]", "point": 900}}, {"model": "scoreserver.flag", "pk": 125, "fields": {"question": 5, "flag": "FLAG_IS_[DJQddninvwcRYQC]", "point": 1100}}, {"model": "scoreserver.flag", "pk": 126, "fields": {"question": 2, "flag": "FLAG_IS_[PilwkDHOXbOSmxU]", "point": 600}}, {"model": "scoreserver.flag", "pk": 127, "fields": {"question": 15, "flag": "FLAG_IS_[jSRtBaXDukedqew]", "point": 500}}, {"model": "scoreserver.flag", "pk": 128, "fields": {"question": 12, "flag": "FLAG_IS_[NVSGvbWFRJmZYaX]", "point": 300}}, {"model": "scoreserver.flag", "pk": 129, "fields": {"question": 18, "flag": "FLAG_IS_[YHtJIHYLUcyPKVF]", "point": 400}}, {"model": "scoreserver.flag", "pk": 130, "fields": {"question": 23, "flag": "FLAG_IS_[pyKxgUCNSYYKjjs]", "point": 500}}, {"model": "scoreserver.flag", "pk": 131, "fields": {"question": 28, "flag": "FLAG_IS_[nSEspExEhfQLpDV]", "point": 200}}, {"model": "scoreserver.flag", "pk": 132, "fields": {"question": 37, "flag": "FLAG_IS_[vStfAbjIjpRrVsq]", "point": 300}}, {"model": "scoreserver.flag", "pk": 133, "fields": {"question": 25, "flag": "FLAG_IS_[KVuawaArDHtxEpq]", "point": 100}}, {"model": "scoreserver.flag", "pk": 134, "fields": {"question": 40, "flag": "FLAG_IS_[ONPLzPzKKqWWfCI]", "point": 300}}, {"model": "scoreserver.flag", "pk": 135, "fields": {"question": 5, "flag": "FLAG_IS_[zzBIfXNSrUdowBm]", "point": 900}}, {"model": "scoreserver.flag", "pk": 136, "fields": {"question": 35, "flag": "FLAG_IS_[cynffBzgKctaubc]", "point": 400}}, {"model": "scoreserver.flag", "pk": 137, "fields": {"question": 11, "flag": "FLAG_IS_[SkMKYequnlWLaOl]", "point": 1100}}, {"model": "scoreserver.flag", "pk": 138, "fields": {"question": 35, "flag": "FLAG_IS_[VelwvtlzVbDQuWZ]", "point": 1100}}, {"model": "scoreserver.flag", "pk": 139, "fields": {"question": 6, "flag": "FLAG_IS_[FrbZcgibsyYShxf]", "point": 1000}}, {"model": "scoreserver.flag", "pk": 140, "fields": {"question": 13, "flag": "FLAG_IS_[UCrkiqGOgFUWvuU]", "point": 1100}}, {"model": "scoreserver.flag", "pk": 141, "fields": {"question": 37, "flag": "FLAG_IS_[SkELdHfUWUtvVHg]", "point": 100}}, {"model": "scoreserver.flag", "pk": 142, "fields": {"question": 10, "flag": "FLAG_IS_[UirdiPALVhPXVMK]", "point": 700}}, {"model": "scoreserver.flag", "pk": 143, "fields": {"question": 33, "flag": "FLAG_IS_[SMReQYTTXxNebAI]", "point": 1100}}, {"model": "scoreserver.flag", "pk": 144, "fields": {"question": 10, "flag": "FLAG_IS_[EPSpuHicpGqXrxd]", "point": 1000}}, {"model": "scoreserver.flag", "pk": 145, "fields": {"question": 48, "flag": "FLAG_IS_[AjKVFJmZclHaByr]", "point": 800}}, {"model": "scoreserver.flag", "pk": 146, "fields": {"question": 33, "flag": "FLAG_IS_[buOpVCUOMmFDcUB]", "point": 100}}, {"model": "scoreserver.flag", "pk": 147, "fields": {"question": 46, "flag": "FLAG_IS_[fTGlbeJexDdWtnV]", "point": 400}}, {"model": "scoreserver.flag", "pk": 148, "fields": {"question": 48, "flag": "FLAG_IS_[CUlLNkecCEvXIUZ]", "point": 900}}, {"model": "scoreserver.flag", "pk": 149, "fields": {"question": 24, "flag": "FLAG_IS_[KDitcFgKYuSuCkw]", "point": 800}}, {"model": "scoreserver.flag", "pk": 150, "fields": {"question": 48, "flag": "FLAG_IS_[LIwgqFLAiIvISbI]", "point": 100}}, {"model": "scoreserver.flag", "pk": 151, "fields": {"question": 27, "flag": "FLAG_IS_[TJfsqKfweUXMlqP]", "point": 200}}, {"model": "scoreserver.flag", "pk": 152, "fields": {"question": 5, "flag": "FLAG_IS_[RnlOyNCSzkZjSil]", "point": 1000}}, {"model": "scoreserver.flag", "pk": 153, "fields": {"question": 48, "flag": "FLAG_IS_[OzPjQMsTesgzWzp]", "point": 900}}, {"model": "scoreserver.flag", "pk": 154, "fields": {"question": 10, "flag": "FLAG_IS_[OLkGsNaAEFjowGV]", "point": 1100}}, {"model": "scoreserver.flag", "pk": 155, "fields": {"question": 22, "flag": "FLAG_IS_[talavOsEVSzXCtD]", "point": 200}}, {"model": "scoreserver.flag", "pk": 156, "fields": {"question": 23, "flag": "FLAG_IS_[vSxSyBicCzHcnkI]", "point": 400}}, {"model": "scoreserver.flag", "pk": 157, "fields": {"question": 40, "flag": "FLAG_IS_[GIwRZLKOPPPfiHJ]", "point": 800}}, {"model": "scoreserver.flag", "pk": 158, "fields": {"question": 34, "flag": "FLAG_IS_[mVzAfqkMWhjxGES]", "point": 500}}, {"model": "scoreserver.flag", "pk": 159, "fields": {"question": 23, "flag": "FLAG_IS_[kCOrisgMaCOqmPo]", "point": 800}}, {"model": "scoreserver.flag", "pk": 160, "fields": {"question": 16, "flag": "FLAG_IS_[NVtHFCBJWCdSYeD]", "point": 100}}, {"model": "scoreserver.flag", "pk": 161, "fields": {"question": 32, "flag": "FLAG_IS_[AMXqrHzHGncPFTc]", "point": 500}}, {"model": "scoreserver.flag", "pk": 162, "fields": {"question": 39, "flag": "FLAG_IS_[vAdSYfYClccQoGV]", "point": 200}}, {"model": "scoreserver.flag", "pk": 163, "fields": {"question": 20, "flag": "FLAG_IS_[RXeVsriWfLLqybZ]", "point": 500}}, {"model": "scoreserver.flag", "pk": 164, "fields": {"question": 42, "flag": "FLAG_IS_[tHfPeSihLjiwzaj]", "point": 300}}, {"model": "scoreserver.flag", "pk": 165, "fields": {"question": 43, "flag": "FLAG_IS_[jVCrOfVsxKJAJNP]", "point": 100}}, {"model": "scoreserver.flag", "pk": 166, "fields": {"question": 39, "flag": "FLAG_IS_[zPeomZyYMkzddfj]", "point": 700}}, {"model": "scoreserver.flag", "pk": 167, "fields": {"question": 28, "flag": "FLAG_IS_[UOczaFlgHwbitoO]", "point": 500}}, {"model": "scoreserver.flag", "pk": 168, "fields": {"question": 20, "flag": "FLAG_IS_[NhyOwnxJpwXgERn]", "point": 100}}, {"model": "scoreserver.flag", "pk": 169, "fields": {"question": 32, "flag": "FLAG_IS_[iPLwySuMBYTZmOx]", "point": 400}}, {"model": "scoreserver.flag", "pk": 170, "fields": {"question": 26, "flag": "FLAG_IS_[snAISeuRbAwyQsn]", "point": 200}}, {"model": "scoreserver.flag", "pk": 171, "fields": {"question": 35, "flag": "FLAG_IS_[bcvPHQKTgXMfUYo]", "point": 200}}, {"model": "scoreserver.flag", "pk": 172, "fields": {"question": 26, "flag": "FLAG_IS_[DYCPQzsCfSYUFcS]", "point": 1000}}, {"model": "scoreserver.flag", "pk": 173, "fields": {"question": 38, "flag": "FLAG_IS_[jjkJthWlZliqVeL]", "point": 300}}, {"model": "scoreserver.flag", "pk": 174, "fields": {"question": 46, "flag": "FLAG_IS_[lXjKqxEhWqWbsRW]", "point": 100}}, {"model": "scoreserver.flag", "pk": 175, "fields": {"question": 40, "flag": "FLAG_IS_[txRqMeheYbnlxYO]", "point": 1100}}, {"model": "scoreserver.flag", "pk": 176, "fields": {"question": 9, "flag": "FLAG_IS_[JeUfoPYbktzpgqs]", "point": 600}}, {"model": "scoreserver.flag", "pk": 177, "fields": {"question": 49, "flag": "FLAG_IS_[TypfqsFZCzbWLoW]", "point": 100}}, {"model": "scoreserver.flag", "pk": 178, "fields": {"question": 48, "flag": "FLAG_IS_[CRAPsqooDiAScVU]", "point": 1000}}, {"model": "scoreserver.flag", "pk": 179, "fields": {"question": 17, "flag": "FLAG_IS_[sgOdRuKvxIOdZXs]", "point": 100}}, {"model": "scoreserver.flag", "pk": 180, "fields": {"question": 16, "flag": "FLAG_IS_[bFtcatSsBksnMrv]", "point": 700}}, {"model": "scoreserver.flag", "pk": 181, "fields": {"question": 29, "flag": "FLAG_IS_[oFnPlThSkffBufM]", "point": 500}}, {"model": "scoreserver.flag", "pk": 182, "fields": {"question": 40, "flag": "FLAG_IS_[wtEcPgwfRrtXQDV]", "point": 900}}, {"model": "scoreserver.flag", "pk": 183, "fields": {"question": 4, "flag": "FLAG_IS_[OHDisrXuvkPitif]", "point": 800}}, {"model": "scoreserver.flag", "pk": 184, "fields": {"question": 25, "flag": "FLAG_IS_[oxhZWRIFsXGMEJn]", "point": 800}}, {"model": "scoreserver.flag", "pk": 185, "fields": {"question": 20, "flag": "FLAG_IS_[SuBYbZuBtoRxKZc]", "point": 500}}, {"model": "scoreserver.flag", "pk": 186, "fields": {"question": 29, "flag": "FLAG_IS_[OjiShOehZzajlby]", "point": 500}}, {"model": "scoreserver.flag", "pk": 187, "fields": {"question": 23, "flag": "FLAG_IS_[gEzlmdYzQzkMgUj]", "point": 500}}, {"model": "scoreserver.flag", "pk": 188, "fields": {"question": 6, "flag": "FLAG_IS_[EnEWsNnAlBUaYLj]", "point": 600}}, {"model": "scoreserver.flag", "pk": 189, "fields": {"question": 44, "flag": "FLAG_IS_[ZMXxvkRFqMppHTL]", "point": 1000}}, {"model": "scoreserver.flag", "pk": 190, "fields": {"question": 47, "flag": "FLAG_IS_[gAKmLeIoxVOwiLY]", "point": 1000}}, {"model": "scoreserver.flag", "pk": 191, "fields": {"question": 4, "flag": "FLAG_IS_[YqGemZSRyYTDVBN]", "point": 400}}, {"model": "scoreserver.flag", "pk": 192, "fields": {"question": 4, "flag": "FLAG_IS_[FlxoNcuXOAJmVbH]", "point": 900}}, {"model": "scoreserver.flag", "pk": 193, "fields": {"question": 38, "flag": "FLAG_IS_[hTyWvcMCaGhVXAv]", "point": 400}}, {"model": "scoreserver.flag", "pk": 194, "fields": {"question": 22, "flag": "FLAG_IS_[EfgYsOtIQcaBIAL]", "point": 700}}, {"model": "scoreserver.flag", "pk": 195, "fields": {"question": 28, "flag": "FLAG_IS_[gmdOLZwmuCgFlNf]", "point": 500}}, {"model": "scoreserver.flag", "pk": 196, "fields": {"question": 31, "flag": "FLAG_IS_[CEuSSUQTZsFsugl]", "point": 700}}, {"model": "scoreserver.flag", "pk": 197, "fields": {"question": 7, "flag": "FLAG_IS_[IvxaIfQWGSoXjvD]", "point": 700}}, {"model": "scoreserver.flag", "pk": 198, "fields": {"question": 19, "flag": "FLAG_IS_[qtCEnZhnPIqGawn]", "point": 500}}, {"model": "scoreserver.flag", "pk": 199, "fields": {"question": 17, "flag": "FLAG_IS_[QDDfDzQMfaUgZwB]", "point": 200}}, {"model": "scoreserver.user", "pk": 0, "fields": {"username": "user0", "password": "1f489582f7ea4c208b70219a2bb6a322227a7516630530a10ed7f2710cfbe447"}}, {"model": "scoreserver.user", "pk": 1, "fields": {"username": "user1", "password": "0b14d501a594442a01c6859541bcb3e8164d183d32937b851835442f69d5c94e"}}, {"model": "scoreserver.user", "pk": 2, "fields": {"username": "user2", "password": "6cf615d5bcaac778352a8f1f3360d23f02f34ec182e259897fd6ce485d7870d4"}}, {"model": "scoreserver.user", "pk": 3, "fields": {"username": "user3", "password": "5906ac361a137e2d286465cd6588ebb5ac3f5ae955001100bc41577c3d751764"}}, {"model": "scoreserver.user", "pk": 4, "fields": {"username": "user4", "password": "b97873a40f73abedd8d685a7cd5e5f85e4a9cfb83eac26886640a0813850122b"}}, {"model": "scoreserver.user", "pk": 5, "fields": {"username": "user5", "password": "8b2c86ea9cf2ea4eb517fd1e06b74f399e7fec0fef92e3b482a6cf2e2b092023"}}, {"model": "scoreserver.user", "pk": 6, "fields": {"username": "user6", "password": "598a1a400c1dfdf36974e69d7e1bc98593f2e15015eed8e9b7e47a83b31693d5"}}, {"model": "scoreserver.user", "pk": 7, "fields": {"username": "user7", "password": "5860836e8f13fc9837539a597d4086bfc0299e54ad92148d54538b5c3feefb7c"}}, {"model": "scoreserver.user", "pk": 8, "fields": {"username": "user8", "password": "57f3ebab63f156fd8f776ba645a55d96360a15eeffc8b0e4afe4c05fa88219aa"}}, {"model": "scoreserver.user", "pk": 9, "fields": {"username": "user9", "password": "9323dd6786ebcbf3ac87357cc78ba1abfda6cf5e55cd01097b90d4a286cac90e"}}, {"model": "scoreserver.user", "pk": 10, "fields": {"username": "user10", "password": "aa4a9ea03fcac15b5fc63c949ac34e7b0fd17906716ac3b8e58c599cdc5a52f0"}}, {"model": "scoreserver.user", "pk": 11, "fields": {"username": "user11", "password": "53d453b0c08b6b38ae91515dc88d25fbecdd1d6001f022419629df844f8ba433"}}, {"model": "scoreserver.user", "pk": 12, "fields": {"username": "user12", "password": "b3d17ebbe4f2b75d27b6309cfaae1487b667301a73951e7d523a039cd2dfe110"}}, {"model": "scoreserver.user", "pk": 13, "fields": {"username": "user13", "password": "48caafb68583936afd0d78a7bfd7046d2492fad94f3c485915f74bb60128620d"}}, {"model": "scoreserver.user", "pk": 14, "fields": {"username": "user14", "password": "c6863e1db9b396ed31a36988639513a1c73a065fab83681f4b77adb648fac3d6"}}, {"model": "scoreserver.user", "pk": 15, "fields": {"username": "user15", "password": "c63c2d34ebe84032ad47b87af194fedd17dacf8222b2ea7f4ebfee3dd6db2dfb"}}, {"model": "scoreserver.user", "pk": 16, "fields": {"username": "user16", "password": "17a3379984b560dc311bb921b7a46b28aa5cb495667382f887a44a7fdbca7a7a"}}, {"model": "scoreserver.user", "pk": 17, "fields": {"username": "user17", "password": "69bfb918de05145fba9dcee9688dfb23f6115845885e48fa39945eebb99d8527"}}, {"model": "scoreserver.user", "pk": 18, "fields": {"username": "user18", "password": "d2042d75a67922194c045da2600e1c92ff6d87e8fb6e0208606665f2d1dfa892"}}, {"model": "scoreserver.user", "pk": 19, "fields": {"username": "user19", "password": "5790ac3d0b8ae8afc72c2c6fb97654f2b73651c328de0a3b74854ade562dd17a"}}, {"model": "scoreserver.user", "pk": 20, "fields": {"username": "user20", "password": "7535d8f2d8c35d958995610f971287288ab5e8c82a3c4fdc2b6fb5d757a5b9f8"}}, {"model": "scoreserver.user", "pk": 21, "fields": {"username": "user21", "password": "91a9ef3563010ea1af916083f9fb03a117d4d0d2a697f82368da1f737629f717"}}, {"model": "scoreserver.user", "pk": 22, "fields": {"username": "user22", "password": "d23c1038532dc71d0a60a7fb3d330d7606b7520e9e5ee0ddcdb27ee1bd5bc0cd"}}, {"model": "scoreserver.user", "pk": 23, "fields": {"username": "user23", "password": "8b807aa0505a00b3ef49e26a2ade8e31fcd6c700d1a3aeee971b49d73da8e8ff"}}, {"model": "scoreserver.user", "pk": 24, "fields": {"username": "user24", "password": "fc8a9296208a0b281f84690423c5d77785e493f435e6292cc322840f543729d3"}}, {"model": "scoreserver.user", "pk": 25, "fields": {"username": "user25", "password": "0b544d6d8da1d1af25318e97e0ac5f6bc70bba49919463dc0074ede01a49d381"}}, {"model": "scoreserver.user", "pk": 26, "fields": {"username": "user26", "password": "869f2a98b0e3a6ea928ff0542330ea3c1e0ff8591801693350f1fc3f1e57e4c5"}}, {"model": "scoreserver.user", "pk": 27, "fields": {"username": "user27", "password": "9c7568513b9c85e73f3650c8b00e3259501096ccee9d3dbdae6ff5e84aabe3af"}}, {"model": "scoreserver.user", "pk": 28, "fields": {"username": "user28", "password": "6f5ea1c4acc7a563ea8cb3381a55f0183a2394d679ebb7db8312e047bbf87e0d"}}, {"model": "scoreserver.user", "pk": 29, "fields": {"username": "user29", "password": "48a94846b2a7386432b90ad13bcf9c66f1efdd3a97e0e14968c262c412fe22c8"}}, {"model": "scoreserver.user", "pk": 30, "fields": {"username": "user30", "password": "7c682dea8e934e04343374e3d25cd51edce9cbeb47f7034296052cb5cd6bed84"}}, {"model": "scoreserver.user", "pk": 31, "fields": {"username": "user31", "password": "a4239ae1725466d26621f102d58c1541c84ff1142f4341c7b66be92e32396d45"}}, {"model": "scoreserver.user", "pk": 32, "fields": {"username": "user32", "password": "078aa4687601ab09b1f7581014674b3bf1a3aa68b12c346d01024f1f5206f94b"}}, {"model": "scoreserver.user", "pk": 33, "fields": {"username": "user33", "password": "ee13b7d4c8c0595dcabf6016290d65d8a50163569368db690595d5acaa5a168b"}}, {"model": "scoreserver.user", "pk": 34, "fields": {"username": "user34", "password": "72f1ffa2d7a9c9d60c2369fffce54372eea054d567c77f8a518f4f4c06b3856a"}}, {"model": "scoreserver.user", "pk": 35, "fields": {"username": "user35", "password": "5bd40f88c4a6b2c20256389878ec2b59515ca478eb3eb0f3673663273bcb639b"}}, {"model": "scoreserver.user", "pk": 36, "fields": {"username": "user36", "password": "9777509ca199ac591368c5cfa9ef92b4879ff99098b7e34865172a5ea983542e"}}, {"model": "scoreserver.user", "pk": 37, "fields": {"username": "user37", "password": "ca02485287fd4f05de9540613f8ba982e99080b66f8452024cb4c4cc3de7042e"}}, {"model": "scoreserver.user", "pk": 38, "fields": {"username": "user38", "password": "014d020993865f93b80ec587e171554db5b45a1a46a9101510de52e148aa184f"}}, {"model": "scoreserver.user", "pk": 39, "fields": {"username": "user39", "password": "f245ffb6352c8c101b0f9ed1187104f11e0a64622cc5da7082aef963dea5a83f"}}, {"model": "scoreserver.user", "pk": 40, "fields": {"username": "user40", "password": "825e233a9d192f81d3f6780cb8e181af518054a8d9c83381882e573eed014df2"}}, {"model": "scoreserver.user", "pk": 41, "fields": {"username": "user41", "password": "a13b6ab0bb26b7d8bf31628b3b524efade4ac5b02712a95210c0abda5148ec85"}}, {"model": "scoreserver.user", "pk": 42, "fields": {"username": "user42", "password": "fe404abb6785bd17ac4c937c2837d3ad6d6ac1ed17e099a89a9c5e18d1e936fe"}}, {"model": "scoreserver.user", "pk": 43, "fields": {"username": "user43", "password": "fe4597a9d0a16c51ab5c8224dae83f170b69cede0f1a7f40f447f163dcbf9295"}}, {"model": "scoreserver.user", "pk": 44, "fields": {"username": "user44", "password": "f9d07093d0de736c8881640c3e55714bebd5faf5d6ebbfb41e486e1660c8fc0e"}}, {"model": "scoreserver.user", "pk": 45, "fields": {"username": "user45", "password": "0528d31561cee040ee92e2857a2d71a373605b91da87d09ae5359a0689c45e6c"}}, {"model": "scoreserver.user", "pk": 46, "fields": {"username": "user46", "password": "f7944ecca058c63c386de56353cddf278c98f3143bd4a00bb0b2015adb69ed39"}}, {"model": "scoreserver.user", "pk": 47, "fields": {"username": "user47", "password": "7ff9543ea5b226aeb9dcbf13672c32e62623e70edc4177512b169ec4e39846ea"}}, {"model": "scoreserver.user", "pk": 48, "fields": {"username": "user48", "password": "172e362eecb6dff98dbeb4a7c42367109c1b288ecf45ff271fb79acd352ba8f9"}}, {"model": "scoreserver.user", "pk": 49, "fields": {"username": "user49", "password": "3cd00931dd1de5d07fcafb463ba5c4d95d31dca8a35480cac4a2beb771cb90df"}}, {"model": "scoreserver.hint", "pk": 0, "fields": {"question": 1, "description": "wNUPDPCfwUTsERMqojJRZFgiBsOHKksqBbSeHrvAlIGlmSVBAwOpexmssBTzzplETOPHNeaMceunzBFOVXZdIcZfcvlelcsbNfSn"}}, {"model": "scoreserver.hint", "pk": 1, "fields": {"question": 40, "description": "HIlansVlQYJuiQOGQyDvForEtkUhNMbtUBfTChokNfQYsHXKAyKiEPhQcuCqZTfkpeAXGKTgEjbCmbxbgjOAsEyelseTqUjkEwGp"}}, {"model": "scoreserver.hint", "pk": 2, "fields": {"question": 31, "description": "ibJpsDyFOVnAfVDPmpBtljxtZLjjlDqVaqPADOATCygSLJPSNLrFVPgCwTVULVZqvBjpKHqKeGTxsThdfGCJfGjtUIWxBfkqlxot"}}, {"model": "scoreserver.hint", "pk": 3, "fields": {"question": 12, "description": "HNEKtEmRXrNVQoLCfOsAzdLHhJQyrfbOmnTnKubEvfrJjHNsnbUEfNxAcEvufkKZOnqInNqfntDnNBdGTERYvMCPFSQhLZklvqJr"}}, {"model": "scoreserver.hint", "pk": 4, "fields": {"question": 43, "description": "MRdinXIsYRfiQUKdZxBKjzCTuWhOEUhUBcEWlLuqgJtugGISSIDMnPNxwbIxgmaGAEhXnBJbfIbZWZIParoeNlaTGMFfXYcRmHCr"}}, {"model": "scoreserver.hint", "pk": 5, "fields": {"question": 28, "description": "iPOsHQqPBowdGKIPDSYFTCMmBzgjDQJZgBHSqmjPZjwYUkfiwvzznNUvdcrGePChSInzCHbpaFmMFeadrZWzekufnNqJTbpiOQHb"}}, {"model": "scoreserver.hint", "pk": 6, "fields": {"question": 39, "description": "qbfdVeaGpMnGCgeZtmbEGVivxicoSORAiNltWbTmFXhlXMXrMkpdmJFoVHTDlwjqQxQpXKppOrZKJhFuVIJMwjXXhmkTSUzSfUey"}}, {"model": "scoreserver.hint", "pk": 7, "fields": {"question": 33, "description": "cYgFfPTRJnWUAYqQXgafZYScUbwWtwdwqWIuiRfwzQMebpldPQSJxoVCTMlRMsAVLoykAMDsClpAgrFFGjJOfZLKuIraZFXGdWkv"}}, {"model": "scoreserver.hint", "pk": 8, "fields": {"question": 31, "description": "nsTzEGORzkUELXzHObbWLyfztBKonXioqAjOoZhNgxUIEDvSyRaVWyTiJWDDNlGLWNtGclvtsLMnyrwvSEfpKahrJAVIAsiJucHe"}}, {"model": "scoreserver.hint", "pk": 9, "fields": {"question": 4, "description": "DwYwhMMbhqRwetaEaVTCqjXILyfFvuXDNciwDKhEGyJLEvLEMxQhqjKbAdUgVSGOYNMAkhdThStbCNhCLHudUVRBghlvyCvFRcUB"}}, {"model": "scoreserver.hint", "pk": 10, "fields": {"question": 45, "description": "TkWbYRuXOUOhcFBrdmVBkfautboAmjAxKLAhTuNTLKHLmErsQDBEEtWbwEGAtzzMfGzAzbKSdDbyzCMrWmnozesVBbVrWsLBoCdx"}}, {"model": "scoreserver.hint", "pk": 11, "fields": {"question": 20, "description": "fBFOkoFlzsDTlJKEGcmmVnCewkCUNPHOPdDhvgzYzGIXtpDWkcpivhtndBGFGQxiUvHCTXkGBdBLegHqYSLivmTpqoOGWDZmVKzV"}}, {"model": "scoreserver.hint", "pk": 12, "fields": {"question": 4, "description": "HfrTYVdwVhVYOajDbFHUcCdpLBiXljYKoobErAJSAGKKguPhBuemZDFeQwGUdZxLETJchetdhIwXNYBHviQTvKhiZhcBDYpZshgW"}}, {"model": "scoreserver.hint", "pk": 13, "fields": {"question": 34, "description": "YaRdOiGzzORAQXYJtFmPsygYoGqaPVtacAOkQsUworCDMZOfoXvPKRqczOgVQLZdfddPuCGlVienCeTodGZyyvwmadUeewvdoUeV"}}, {"model": "scoreserver.hint", "pk": 14, "fields": {"question": 40, "description": "HdFqDyAEyUrFOWNDUQoRnqqknMcdrOKPaXpeNAWkjMuCkWkXXpLMQEVXCzdLgdSVngvixBwFDXbXjlyRhxHBvBufYKsmVPJVwDcS"}}, {"model": "scoreserver.hint", "pk": 15, "fields": {"question": 21, "description": "RVXfkMcJggRTUvEYHcWZkKGmBWMTOIIYyzzjjHFRPtsaBGOZILaaCemAwljTeeTCbhbBIpcYZLKjImGIXeLvFvHRBqBeGXTZEHgJ"}}, {"model": "scoreserver.hint", "pk": 16, "fields": {"question": 45, "description": "TRdBozZpJkkYMAarULRVIbDOToqyaNkqVVbkynKSVKASdKufZWVcNCgPfvYUuuwElsgXmyTCCjKUbRvVexFDgwdIZrIZhHUHQfcG"}}, {"model": "scoreserver.hint", "pk": 17, "fields": {"question": 9, "description": "IiAJCINPFDTzdAJgdqITyJPrMVNOYsaprPeDSpYHLsJEcejdrRWSgcFxmgEKfMDHmVszNysLpscvJigsSaIJsWRooNPLIBxygXtE"}}, {"model": "scoreserver.hint", "pk": 18, "fields": {"question": 43, "description": "radcIpczsDTGLZnUaDDghfVPOOkumMexBADfhemNzHkaThKelbTRcoEkQqkbnODvkLUmBwlnbivwXScJhvguOqwlyCFnwZQkPZUV"}}, {"model": "scoreserver.hint", "pk": 19, "fields": {"question": 6, "description": "BKFxOpCspvuFdPYCtKOIoWvjwwpeXKhXurXMixIAPfHewuWqcwFqzmqLyayVHJzAKBiDErmXOqUCIFCNXOTqbkjRCVcBFSxBdhzO"}}, {"model": "scoreserver.hint", "pk": 20, "fields": {"question": 6, "description": "lCECKQlOrgTvWSGfZmRJGCwhzQSgzdFqgBllBSWcPrsoOWWOCUDuBVmeWJZBiXkXPUQttnGzLygVMiXopgOPvNEGcqGWTMlMpfzr"}}, {"model": "scoreserver.hint", "pk": 21, "fields": {"question": 36, "description": "WyFsEVzKNxSQGazXoATjEwkndUrdVdyntEGNDdMwnbBkgBrFgxYVLqLhXubvnZvescjIYrBlvUuZmlJHiAsNmrILlrGZOUNIaBLQ"}}, {"model": "scoreserver.hint", "pk": 22, "fields": {"question": 39, "description": "NBBvfEhQBHRjVCYjVdSliXKaySCoHEtbJWxRMILxHPgouXqBtWxgcSmTLUccPklaoGAakbLgvwSUKtDbzyLcEBYQtVPwAOBJfhIx"}}, {"model": "scoreserver.hint", "pk": 23, "fields": {"question": 23, "description": "hUqQOXKpIgefhVUYvornCpZipqIrrajBtxMyiBXdxUAhClAjHCRoqQdTHvsLlDuoPkpXEwPwmUIJoVYDYhKqqkDePYgkxsmqqjjm"}}, {"model": "scoreserver.hint", "pk": 24, "fields": {"question": 9, "description": "ABaMQrRnvePDGMUnIaBkBluXCZcntLfqTHFLNLcbRylbUncaWJNSCLssrCyDGYhkFqvYvmLMCIhYpSsItTehPDsFFYpmTNOitwuo"}}, {"model": "scoreserver.hint", "pk": 25, "fields": {"question": 23, "description": "BDzEdcSzmorstROnppSKvExenqlOPrNwqBOkKsNrkCQPnAZHKKGSAwpNYNblIqqRkODvrwkoVUZyFVVxoToSryxUTgOdgDKimSzP"}}, {"model": "scoreserver.hint", "pk": 26, "fields": {"question": 29, "description": "odjAEfrVoTbxbpamNOmjyOdGgGMuxlztHAvxiCDqLkAPqzCnaUXryftcQkeEMruyYRQUrkPlftgwQpPEjhLIbjnaUyDiUUDhTVLQ"}}, {"model": "scoreserver.hint", "pk": 27, "fields": {"question": 46, "description": "avrzjBjQwsRELhpOnHgJfiDsrqhCYnJpjnioebBZqTnLbcfqmDqDestpzHaTrtfsZdyrzNDGdjDPGNpyXdiJRhteuEkdJVtzhRqi"}}, {"model": "scoreserver.hint", "pk": 28, "fields": {"question": 42, "description": "FzThPDaXRbBzBpxZkRIgMQeGyhThqUHxnOyRNIgQoqOiPiUTmpZcoTrLVEaUNXaMDmRvjmhAPzBILyryOEDiHmyOqbrNvRjAysiV"}}, {"model": "scoreserver.hint", "pk": 29, "fields": {"question": 44, "description": "aGbpcSpHPzSGPFmPSUSqWHFjcykDWimArasJtHjhIhHJKennyAHgGLEggTxzmgAvugHyyCmkUwuTRvZDKRPVnWQNkLEnZcsDeiQH"}}, {"model": "scoreserver.hint", "pk": 30, "fields": {"question": 34, "description": "syZCkSdItmzPmVswzYPWyBTpBaZgohfWtzOJlpziJKCprRYMQBfXfuxjkseXOJYfiRWeYHwFmIOghMNxjmPZZQvFKDstsgZJbSGR"}}, {"model": "scoreserver.hint", "pk": 31, "fields": {"question": 27, "description": "KcKhWbWXsODTmPpiPRnkuSNuvmoZkRCVzIWgDRzfzqikxqwtHMssiWPDRdWFbEtjZmRbmzmXODqrYmypMYRFewPwTpdXqrsEKIyd"}}, {"model": "scoreserver.hint", "pk": 32, "fields": {"question": 39, "description": "ZtjHKpjunKjwdVJgPZJWDWEnOfFifLbvhfgZJMwQwEeRHsWEijwGfeRueEdSqCxAVEORqgLfCQxLAlNFaiiMCCFkOAeOdcgMjXVO"}}, {"model": "scoreserver.hint", "pk": 33, "fields": {"question": 43, "description": "egSpmaZpUUjMVcojZwVRJrqAoijRZXuhwfEcXGeuhWFRvQWGXyUdKpSaPKxZcxMwQMdEQjkKuqKxYndIRoHQIhMHPjRnjXLqaoaj"}}, {"model": "scoreserver.hint", "pk": 34, "fields": {"question": 22, "description": "EzmhRjGVnhidgKnkWerKJDVydtgYZqQufdIqotCzjFlsnKddTUhMYVlErNSvtukKRIhoAQsenjHNdEKYLPFSWOnnEDerNXfdHEfM"}}, {"model": "scoreserver.hint", "pk": 35, "fields": {"question": 9, "description": "oVzkNCOeJgIoKzOuiBfRPeRPpMrKGzpBqTmcHrMWPdsnRyDeqLXvtNoLLbLPacaIAZPBMpAimwoPAPfMcQoAulMRrYbpkxUxFHgS"}}, {"model": "scoreserver.hint", "pk": 36, "fields": {"question": 7, "description": "afHHhNjqXfhWbXLEuhGFvxqteJnQAPTeKHvUhFNJdhiSdELLOHtvhyaQojXvEAHnXMaExTkwTRpShYNHNzpynnrzakmheqqTpRcN"}}, {"model": "scoreserver.hint", "pk": 37, "fields": {"question": 22, "description": "sHjhYGEVbqmUHSOgyqWdSYqxErWEcDjoZssigocIrghYSRjMsEWnhkXLeiiLfNYMOiGuMHlHDOImEAtgYqnHuvgMgnwDqrideSgE"}}, {"model": "scoreserver.hint", "pk": 38, "fields": {"question": 42, "description": "PaOAsvImLSweUPCqFQkSeoBTRkJJuoyxhhcGFcobVzYJymHbOwEnEFPnQfroeSwltfaOuSGXmxKfuOWBMTXpZNTadPmxSjFLKhzp"}}, {"model": "scoreserver.hint", "pk": 39, "fields": {"question": 23, "description": "nuVjnpVYStDgxAQfqdZojJrXnMlMmNlFHQJXNCaysMPfhGDhgMvjXLmEccxGafyocEnmAidzIbepTSWbdiRiDJxNbFkAwRIXNHNu"}}, {"model": "scoreserver.hint", "pk": 40, "fields": {"question": 8, "description": "xCrLDGVEOaEJpIUJXoYBkcbFSKIwdbFreMwUhxyIzdRQJrrdLBhMMoFKLupmkaeCFYjNrVxjiXfUwHTtVXYxIOGMYuquOLlubIBi"}}, {"model": "scoreserver.hint", "pk": 41, "fields": {"question": 28, "description": "fohzJzmPGCamXdxqjpmInntdUzNYiqfQDojQFnVVnFiZnYbEVsSjcdmaAxsOnmkdVqoXAiLixlqylwTcEZxFgTTVCNeBQCxtKzXE"}}, {"model": "scoreserver.hint", "pk": 42, "fields": {"question": 9, "description": "LgILLITbPALPsZSEOCfPFawBgkVGVQJOvBlmMzsOAIjxdeaLwnpWESqGHNxaiZBLELaFjTvIByGiztqywZocMxoHokOucAwZaEHT"}}, {"model": "scoreserver.hint", "pk": 43, "fields": {"question": 32, "description": "dMbOcbNZtUbmfJhAJnRtGzxdBAbdDeiMmGRIBccEONgcwnOVMAjTblmmOOVWGmDROGqTOfsLRRwrbHvZFxCzrnhShVLPrINbOQLj"}}, {"model": "scoreserver.hint", "pk": 44, "fields": {"question": 18, "description": "GZjHDniRlYfSxqtzVGxfIQSDWlWSTAKeowEzxcErUCsWhCITJBXIrXEdoSQyCLrBaXWgLEbaVfqKsmGQkcjXqJWyWnqFkJtUOLkv"}}, {"model": "scoreserver.hint", "pk": 45, "fields": {"question": 30, "description": "NeixrODdrIHyFYEbiOzwTPbBKlWpGobePWqPvQodpXMBgLbymNOnoteDZGQmctBKnSxqmqMGaJXsMCqNzbVsbJeJiUdHvrjWHvSe"}}, {"model": "scoreserver.hint", "pk": 46, "fields": {"question": 37, "description": "YdiIcfZtGjiSslfBtcGHPTTWCoNwdqwrFXaZrGSdMpgmOXFZobGcUYdqawqyhQzBLNfkiVhJOzMNAikujIYaNuqZjcRRJrxMOrWh"}}, {"model": "scoreserver.hint", "pk": 47, "fields": {"question": 23, "description": "gDjdarxvQXciwRXHuJUIqdsHncvqkZeVXtSTQcxMbeNVijcENhdtgCpQNjRmRtlTTJfBaAOLzlnanQhDpOzosLREZkfcLSpjVXwF"}}, {"model": "scoreserver.hint", "pk": 48, "fields": {"question": 20, "description": "xPEYkAixqiqwKzpEqXrWYfcvRAHiiJBRoksLbwGOErhvUWkBzWBWbvaDdlUFOfSuccBOBhAztrOYKFThVJXKncKwpeQiqqGgmwcM"}}, {"model": "scoreserver.hint", "pk": 49, "fields": {"question": 38, "description": "NIwrKKeaxEPCVxTTCWCexTpmveylfuvfZWFoKOrLRnGGnxLuiRQYwfVXjrtSukUEVIuocvtGNnbCBjEHMxhzRyvAZtpLbXZGwaZD"}}, {"model": "scoreserver.attackpointhistory", "pk": 0, "fields": {"question": 3, "point": 1000, "user": 3}}, {"model": "scoreserver.attackpointhistory", "pk": 1, "fields": {"question": 6, "point": 1000, "user": 28}}, {"model": "scoreserver.attackpointhistory", "pk": 2, "fields": {"question": 2, "point": 1100, "user": 24}}, {"model": "scoreserver.attackpointhistory", "pk": 3, "fields": {"question": 9, "point": 500, "user": 1}}, {"model": "scoreserver.attackpointhistory", "pk": 4, "fields": {"question": 2, "point": 1100, "user": 25}}, {"model": "scoreserver.attackpointhistory", "pk": 5, "fields": {"question": 8, "point": 900, "user": 34}}, {"model": "scoreserver.attackpointhistory", "pk": 6, "fields": {"question": 4, "point": 1100, "user": 26}}, {"model": "scoreserver.attackpointhistory", "pk": 7, "fields": {"question": 1, "point": 400, "user": 6}}, {"model": "scoreserver.attackpointhistory", "pk": 8, "fields": {"question": 6, "point": 1000, "user": 22}}, {"model": "scoreserver.attackpointhistory", "pk": 9, "fields": {"question": 9, "point": 500, "user": 6}}, {"model": "scoreserver.attackpointhistory", "pk": 10, "fields": {"question": 9, "point": 500, "user": 46}}, {"model": "scoreserver.attackpointhistory", "pk": 11, "fields": {"question": 5, "point": 1000, "user": 48}}, {"model": "scoreserver.attackpointhistory", "pk": 12, "fields": {"question": 4, "point": 1100, "user": 23}}, {"model": "scoreserver.attackpointhistory", "pk": 13, "fields": {"question": 8, "point": 900, "user": 32}}, {"model": "scoreserver.attackpointhistory", "pk": 14, "fields": {"question": 9, "point": 500, "user": 47}}, {"model": "scoreserver.attackpointhistory", "pk": 15, "fields": {"question": 4, "point": 1100, "user": 43}}, {"model": "scoreserver.attackpointhistory", "pk": 16, "fields": {"question": 3, "point": 1000, "user": 5}}, {"model": "scoreserver.attackpointhistory", "pk": 17, "fields": {"question": 4, "point": 1100, "user": 5}}, {"model": "scoreserver.attackpointhistory", "pk": 18, "fields": {"question": 5, "point": 1000, "user": 37}}, {"model": "scoreserver.attackpointhistory", "pk": 19, "fields": {"question": 6, "point": 1000, "user": 30}}, {"model": "scoreserver.attackpointhistory", "pk": 20, "fields": {"question": 8, "point": 900, "user": 21}}, {"model": "scoreserver.attackpointhistory", "pk": 21, "fields": {"question": 4, "point": 1100, "user": 18}}, {"model": "scoreserver.attackpointhistory", "pk": 22, "fields": {"question": 2, "point": 1100, "user": 26}}, {"model": "scoreserver.attackpointhistory", "pk": 23, "fields": {"question": 3, "point": 1000, "user": 21}}, {"model": "scoreserver.attackpointhistory", "pk": 24, "fields": {"question": 7, "point": 1000, "user": 44}}, {"model": "scoreserver.attackpointhistory", "pk": 25, "fields": {"question": 3, "point": 1000, "user": 31}}, {"model": "scoreserver.attackpointhistory", "pk": 26, "fields": {"question": 2, "point": 1100, "user": 18}}, {"model": "scoreserver.attackpointhistory", "pk": 27, "fields": {"question": 7, "point": 1000, "user": 9}}, {"model": "scoreserver.attackpointhistory", "pk": 28, "fields": {"question": 7, "point": 1000, "user": 33}}, {"model": "scoreserver.attackpointhistory", "pk": 29, "fields": {"question": 8, "point": 900, "user": 34}}, {"model": "scoreserver.attackpointhistory", "pk": 30, "fields": {"question": 3, "point": 1000, "user": 21}}, {"model": "scoreserver.attackpointhistory", "pk": 31, "fields": {"question": 3, "point": 1000, "user": 40}}, {"model": "scoreserver.attackpointhistory", "pk": 32, "fields": {"question": 5, "point": 1000, "user": 15}}, {"model": "scoreserver.attackpointhistory", "pk": 33, "fields": {"question": 8, "point": 900, "user": 38}}, {"model": "scoreserver.attackpointhistory", "pk": 34, "fields": {"question": 5, "point": 1000, "user": 5}}, {"model": "scoreserver.attackpointhistory", "pk": 35, "fields": {"question": 5, "point": 1000, "user": 1}}, {"model": "scoreserver.attackpointhistory", "pk": 36, "fields": {"question": 5, "point": 1000, "user": 40}}, {"model": "scoreserver.attackpointhistory", "pk": 37, "fields": {"question": 6, "point": 1000, "user": 7}}, {"model": "scoreserver.attackpointhistory", "pk": 38, "fields": {"question": 3, "point": 1000, "user": 13}}, {"model": "scoreserver.attackpointhistory", "pk": 39, "fields": {"question": 8, "point": 900, "user": 4}}, {"model": "scoreserver.attackpointhistory", "pk": 40, "fields": {"question": 9, "point": 500, "user": 39}}, {"model": "scoreserver.attackpointhistory", "pk": 41, "fields": {"question": 4, "point": 1100, "user": 28}}, {"model": "scoreserver.attackpointhistory", "pk": 42, "fields": {"question": 2, "point": 1100, "user": 5}}, {"model": "scoreserver.attackpointhistory", "pk": 43, "fields": {"question": 7, "point": 1000, "user": 47}}, {"model": "scoreserver.attackpointhistory", "pk": 44, "fields": {"question": 4, "point": 1100, "user": 42}}, {"model": "scoreserver.attackpointhistory", "pk": 45, "fields": {"question": 9, "point": 500, "user": 1}}, {"model": "scoreserver.attackpointhistory", "pk": 46, "fields": {"question": 6, "point": 1000, "user": 49}}, {"model": "scoreserver.attackpointhistory", "pk": 47, "fields": {"question": 2, "point": 1100, "user": 10}}, {"model": "scoreserver.attackpointhistory", "pk": 48, "fields": {"question": 2, "point": 1100, "user": 30}}, {"model": "scoreserver.attackpointhistory", "pk": 49, "fields": {"question": 4, "point": 1100, "user": 26}}, {"model": "scoreserver.attackpointhistory", "pk": 50, "fields": {"question": 6, "point": 1000, "user": 28}}, {"model": "scoreserver.attackpointhistory", "pk": 51, "fields": {"question": 4, "point": 1100, "user": 25}}, {"model": "scoreserver.attackpointhistory", "pk": 52, "fields": {"question": 9, "point": 500, "user": 7}}, {"model": "scoreserver.attackpointhistory", "pk": 53, "fields": {"question": 8, "point": 900, "user": 31}}, {"model": "scoreserver.attackpointhistory", "pk": 54, "fields": {"question": 8, "point": 900, "user": 1}}, {"model": "scoreserver.attackpointhistory", "pk": 55, "fields": {"question": 8, "point": 900, "user": 26}}, {"model": "scoreserver.attackpointhistory", "pk": 56, "fields": {"question": 9, "point": 500, "user": 39}}, {"model": "scoreserver.attackpointhistory", "pk": 57, "fields": {"question": 2, "point": 1100, "user": 44}}, {"model": "scoreserver.attackpointhistory", "pk": 58, "fields": {"question": 5, "point": 1000, "user": 45}}, {"model": "scoreserver.attackpointhistory", "pk": 59, "fields": {"question": 7, "point": 1000, "user": 28}}, {"model": "scoreserver.attackpointhistory", "pk": 60, "fields": {"question": 9, "point": 500, "user": 47}}, {"model": "scoreserver.attackpointhistory", "pk": 61, "fields": {"question": 2, "point": 1100, "user": 25}}, {"model": "scoreserver.attackpointhistory", "pk": 62, "fields": {"question": 3, "point": 1000, "user": 6}}, {"model": "scoreserver.attackpointhistory", "pk": 63, "fields": {"question": 8, "point": 900, "user": 19}}, {"model": "scoreserver.attackpointhistory", "pk": 64, "fields": {"question": 4, "point": 1100, "user": 36}}, {"model": "scoreserver.attackpointhistory", "pk": 65, "fields": {"question": 6, "point": 1000, "user": 36}}, {"model": "scoreserver.attackpointhistory", "pk": 66, "fields": {"question": 9, "point": 500, "user": 11}}, {"model": "scoreserver.attackpointhistory", "pk": 67, "fields": {"question": 1, "point": 400, "user": 19}}, {"model": "scoreserver.attackpointhistory", "pk": 68, "fields": {"question": 9, "point": 500, "user": 36}}, {"model": "scoreserver.attackpointhistory", "pk": 69, "fields": {"question": 3, "point": 1000, "user": 2}}, {"model": "scoreserver.attackpointhistory", "pk": 70, "fields": {"question": 8, "point": 900, "user": 26}}, {"model": "scoreserver.attackpointhistory", "pk": 71, "fields": {"question": 9, "point": 500, "user": 24}}, {"model": "scoreserver.attackpointhistory", "pk": 72, "fields": {"question": 9, "point": 500, "user": 16}}, {"model": "scoreserver.attackpointhistory", "pk": 73, "fields": {"question": 8, "point": 900, "user": 44}}, {"model": "scoreserver.attackpointhistory", "pk": 74, "fields": {"question": 6, "point": 1000, "user": 2}}, {"model": "scoreserver.attackpointhistory", "pk": 75, "fields": {"question": 3, "point": 1000, "user": 28}}, {"model": "scoreserver.attackpointhistory", "pk": 76, "fields": {"question": 2, "point": 1100, "user": 43}}, {"model": "scoreserver.attackpointhistory", "pk": 77, "fields": {"question": 5, "point": 1000, "user": 44}}, {"model": "scoreserver.attackpointhistory", "pk": 78, "fields": {"question": 4, "point": 1100, "user": 38}}, {"model": "scoreserver.attackpointhistory", "pk": 79, "fields": {"question": 2, "point": 1100, "user": 23}}, {"model": "scoreserver.attackpointhistory", "pk": 80, "fields": {"question": 7, "point": 1000, "user": 11}}, {"model": "scoreserver.attackpointhistory", "pk": 81, "fields": {"question": 4, "point": 1100, "user": 37}}, {"model": "scoreserver.attackpointhistory", "pk": 82, "fields": {"question": 9, "point": 500, "user": 36}}, {"model": "scoreserver.attackpointhistory", "pk": 83, "fields": {"question": 6, "point": 1000, "user": 22}}, {"model": "scoreserver.attackpointhistory", "pk": 84, "fields": {"question": 6, "point": 1000, "user": 44}}, {"model": "scoreserver.attackpointhistory", "pk": 85, "fields": {"question": 4, "point": 1100, "user": 40}}, {"model": "scoreserver.attackpointhistory", "pk": 86, "fields": {"question": 5, "point": 1000, "user": 31}}, {"model": "scoreserver.attackpointhistory", "pk": 87, "fields": {"question": 3, "point": 1000, "user": 33}}, {"model": "scoreserver.attackpointhistory", "pk": 88, "fields": {"question": 1, "point": 400, "user": 42}}, {"model": "scoreserver.attackpointhistory", "pk": 89, "fields": {"question": 5, "point": 1000, "user": 44}}, {"model": "scoreserver.attackpointhistory", "pk": 90, "fields": {"question": 6, "point": 1000, "user": 35}}, {"model": "scoreserver.attackpointhistory", "pk": 91, "fields": {"question": 2, "point": 1100, "user": 19}}, {"model": "scoreserver.attackpointhistory", "pk": 92, "fields": {"question": 7, "point": 1000, "user": 9}}, {"model": "scoreserver.attackpointhistory", "pk": 93, "fields": {"question": 6, "point": 1000, "user": 22}}, {"model": "scoreserver.attackpointhistory", "pk": 94, "fields": {"question": 5, "point": 1000, "user": 12}}, {"model": "scoreserver.attackpointhistory", "pk": 95, "fields": {"question": 8, "point": 900, "user": 33}}, {"model": "scoreserver.attackpointhistory", "pk": 96, "fields": {"question": 9, "point": 500, "user": 5}}, {"model": "scoreserver.attackpointhistory", "pk": 97, "fields": {"question": 1, "point": 400, "user": 16}}, {"model": "scoreserver.attackpointhistory", "pk": 98, "fields": {"question": 1, "point": 400, "user": 29}}, {"model": "scoreserver.attackpointhistory", "pk": 99, "fields": {"question": 1, "point": 400, "user": 14}}, {"model": "scoreserver.attackpointhistory", "pk": 100, "fields": {"question": 7, "point": 1000, "user": 17}}, {"model": "scoreserver.attackpointhistory", "pk": 101, "fields": {"question": 7, "point": 1000, "user": 16}}, {"model": "scoreserver.attackpointhistory", "pk": 102, "fields": {"question": 8, "point": 900, "user": 47}}, {"model": "scoreserver.attackpointhistory", "pk": 103, "fields": {"question": 4, "point": 1100, "user": 26}}, {"model": "scoreserver.attackpointhistory", "pk": 104, "fields": {"question": 8, "point": 900, "user": 20}}, {"model": "scoreserver.attackpointhistory", "pk": 105, "fields": {"question": 3, "point": 1000, "user": 12}}, {"model": "scoreserver.attackpointhistory", "pk": 106, "fields": {"question": 3, "point": 1000, "user": 35}}, {"model": "scoreserver.attackpointhistory", "pk": 107, "fields": {"question": 4, "point": 1100, "user": 47}}, {"model": "scoreserver.attackpointhistory", "pk": 108, "fields": {"question": 6, "point": 1000, "user": 9}}, {"model": "scoreserver.attackpointhistory", "pk": 109, "fields": {"question": 5, "point": 1000, "user": 36}}, {"model": "scoreserver.attackpointhistory", "pk": 110, "fields": {"question": 8, "point": 900, "user": 37}}, {"model": "scoreserver.attackpointhistory", "pk": 111, "fields": {"question": 7, "point": 1000, "user": 29}}, {"model": "scoreserver.attackpointhistory", "pk": 112, "fields": {"question": 7, "point": 1000, "user": 1}}, {"model": "scoreserver.attackpointhistory", "pk": 113, "fields": {"question": 8, "point": 900, "user": 31}}, {"model": "scoreserver.attackpointhistory", "pk": 114, "fields": {"question": 5, "point": 1000, "user": 34}}, {"model": "scoreserver.attackpointhistory", "pk": 115, "fields": {"question": 5, "point": 1000, "user": 2}}, {"model": "scoreserver.attackpointhistory", "pk": 116, "fields": {"question": 9, "point": 500, "user": 23}}, {"model": "scoreserver.attackpointhistory", "pk": 117, "fields": {"question": 4, "point": 1100, "user": 1}}, {"model": "scoreserver.attackpointhistory", "pk": 118, "fields": {"question": 9, "point": 500, "user": 13}}, {"model": "scoreserver.attackpointhistory", "pk": 119, "fields": {"question": 7, "point": 1000, "user": 5}}, {"model": "scoreserver.attackpointhistory", "pk": 120, "fields": {"question": 1, "point": 400, "user": 33}}, {"model": "scoreserver.attackpointhistory", "pk": 121, "fields": {"question": 7, "point": 1000, "user": 48}}, {"model": "scoreserver.attackpointhistory", "pk": 122, "fields": {"question": 7, "point": 1000, "user": 44}}, {"model": "scoreserver.attackpointhistory", "pk": 123, "fields": {"question": 8, "point": 900, "user": 46}}, {"model": "scoreserver.attackpointhistory", "pk": 124, "fields": {"question": 5, "point": 1000, "user": 48}}, {"model": "scoreserver.attackpointhistory", "pk": 125, "fields": {"question": 4, "point": 1100, "user": 20}}, {"model": "scoreserver.attackpointhistory", "pk": 126, "fields": {"question": 6, "point": 1000, "user": 21}}, {"model": "scoreserver.attackpointhistory", "pk": 127, "fields": {"question": 3, "point": 1000, "user": 20}}, {"model": "scoreserver.attackpointhistory", "pk": 128, "fields": {"question": 2, "point": 1100, "user": 11}}, {"model": "scoreserver.attackpointhistory", "pk": 129, "fields": {"question": 8, "point": 900, "user": 3}}, {"model": "scoreserver.attackpointhistory", "pk": 130, "fields": {"question": 8, "point": 900, "user": 2}}, {"model": "scoreserver.attackpointhistory", "pk": 131, "fields": {"question": 9, "point": 500, "user": 9}}, {"model": "scoreserver.attackpointhistory", "pk": 132, "fields": {"question": 6, "point": 1000, "user": 22}}, {"model": "scoreserver.attackpointhistory", "pk": 133, "fields": {"question": 3, "point": 1000, "user": 29}}, {"model": "scoreserver.attackpointhistory", "pk": 134, "fields": {"question": 2, "point": 1100, "user": 8}}, {"model": "scoreserver.attackpointhistory", "pk": 135, "fields": {"question": 1, "point": 400, "user": 43}}, {"model": "scoreserver.attackpointhistory", "pk": 136, "fields": {"question": 7, "point": 1000, "user": 41}}, {"model": "scoreserver.attackpointhistory", "pk": 137, "fields": {"question": 2, "point": 1100, "user": 31}}, {"model": "scoreserver.attackpointhistory", "pk": 138, "fields": {"question": 8, "point": 900, "user": 40}}, {"model": "scoreserver.attackpointhistory", "pk": 139, "fields": {"question": 2, "point": 1100, "user": 28}}, {"model": "scoreserver.attackpointhistory", "pk": 140, "fields": {"question": 5, "point": 1000, "user": 32}}, {"model": "scoreserver.attackpointhistory", "pk": 141, "fields": {"question": 8, "point": 900, "user": 16}}, {"model": "scoreserver.attackpointhistory", "pk": 142, "fields": {"question": 8, "point": 900, "user": 13}}, {"model": "scoreserver.attackpointhistory", "pk": 143, "fields": {"question": 7, "point": 1000, "user": 4}}, {"model": "scoreserver.attackpointhistory", "pk": 144, "fields": {"question": 1, "point": 400, "user": 11}}, {"model": "scoreserver.attackpointhistory", "pk": 145, "fields": {"question": 1, "point": 400, "user": 37}}, {"model": "scoreserver.attackpointhistory", "pk": 146, "fields": {"question": 8, "point": 900, "user": 4}}, {"model": "scoreserver.attackpointhistory", "pk": 147, "fields": {"question": 6, "point": 1000, "user": 48}}, {"model": "scoreserver.attackpointhistory", "pk": 148, "fields": {"question": 2, "point": 1100, "user": 38}}, {"model": "scoreserver.attackpointhistory", "pk": 149, "fields": {"question": 8, "point": 900, "user": 18}}, {"model": "scoreserver.attackpointhistory", "pk": 150, "fields": {"question": 2, "point": 1100, "user": 15}}, {"model": "scoreserver.attackpointhistory", "pk": 151, "fields": {"question": 5, "point": 1000, "user": 23}}, {"model": "scoreserver.attackpointhistory", "pk": 152, "fields": {"question": 1, "point": 400, "user": 25}}, {"model": "scoreserver.attackpointhistory", "pk": 153, "fields": {"question": 9, "point": 500, "user": 36}}, {"model": "scoreserver.attackpointhistory", "pk": 154, "fields": {"question": 2, "point": 1100, "user": 34}}, {"model": "scoreserver.attackpointhistory", "pk": 155, "fields": {"question": 9, "point": 500, "user": 49}}, {"model": "scoreserver.attackpointhistory", "pk": 156, "fields": {"question": 2, "point": 1100, "user": 43}}, {"model": "scoreserver.attackpointhistory", "pk": 157, "fields": {"question": 1, "point": 400, "user": 20}}, {"model": "scoreserver.attackpointhistory", "pk": 158, "fields": {"question": 3, "point": 1000, "user": 33}}, {"model": "scoreserver.attackpointhistory", "pk": 159, "fields": {"question": 2, "point": 1100, "user": 21}}, {"model": "scoreserver.attackpointhistory", "pk": 160, "fields": {"question": 2, "point": 1100, "user": 8}}, {"model": "scoreserver.attackpointhistory", "pk": 161, "fields": {"question": 6, "point": 1000, "user": 29}}, {"model": "scoreserver.attackpointhistory", "pk": 162, "fields": {"question": 2, "point": 1100, "user": 40}}, {"model": "scoreserver.attackpointhistory", "pk": 163, "fields": {"question": 1, "point": 400, "user": 35}}, {"model": "scoreserver.attackpointhistory", "pk": 164, "fields": {"question": 3, "point": 1000, "user": 35}}, {"model": "scoreserver.attackpointhistory", "pk": 165, "fields": {"question": 5, "point": 1000, "user": 12}}, {"model": "scoreserver.attackpointhistory", "pk": 166, "fields": {"question": 4, "point": 1100, "user": 6}}, {"model": "scoreserver.attackpointhistory", "pk": 167, "fields": {"question": 3, "point": 1000, "user": 11}}, {"model": "scoreserver.attackpointhistory", "pk": 168, "fields": {"question": 2, "point": 1100, "user": 6}}, {"model": "scoreserver.attackpointhistory", "pk": 169, "fields": {"question": 3, "point": 1000, "user": 4}}, {"model": "scoreserver.attackpointhistory", "pk": 170, "fields": {"question": 1, "point": 400, "user": 16}}, {"model": "scoreserver.attackpointhistory", "pk": 171, "fields": {"question": 2, "point": 1100, "user": 38}}, {"model": "scoreserver.attackpointhistory", "pk": 172, "fields": {"question": 9, "point": 500, "user": 34}}, {"model": "scoreserver.attackpointhistory", "pk": 173, "fields": {"question": 3, "point": 1000, "user": 49}}, {"model": "scoreserver.attackpointhistory", "pk": 174, "fields": {"question": 6, "point": 1000, "user": 5}}, {"model": "scoreserver.attackpointhistory", "pk": 175, "fields": {"question": 4, "point": 1100, "user": 24}}, {"model": "scoreserver.attackpointhistory", "pk": 176, "fields": {"question": 6, "point": 1000, "user": 45}}, {"model": "scoreserver.attackpointhistory", "pk": 177, "fields": {"question": 5, "point": 1000, "user": 21}}, {"model": "scoreserver.attackpointhistory", "pk": 178, "fields": {"question": 8, "point": 900, "user": 27}}, {"model": "scoreserver.attackpointhistory", "pk": 179, "fields": {"question": 7, "point": 1000, "user": 8}}, {"model": "scoreserver.attackpointhistory", "pk": 180, "fields": {"question": 4, "point": 1100, "user": 28}}, {"model": "scoreserver.attackpointhistory", "pk": 181, "fields": {"question": 7, "point": 1000, "user": 24}}, {"model": "scoreserver.attackpointhistory", "pk": 182, "fields": {"question": 3, "point": 1000, "user": 33}}, {"model": "scoreserver.attackpointhistory", "pk": 183, "fields": {"question": 5, "point": 1000, "user": 35}}, {"model": "scoreserver.attackpointhistory", "pk": 184, "fields": {"question": 2, "point": 1100, "user": 46}}, {"model": "scoreserver.attackpointhistory", "pk": 185, "fields": {"question": 3, "point": 1000, "user": 3}}, {"model": "scoreserver.attackpointhistory", "pk": 186, "fields": {"question": 2, "point": 1100, "user": 30}}, {"model": "scoreserver.attackpointhistory", "pk": 187, "fields": {"question": 4, "point": 1100, "user": 8}}, {"model": "scoreserver.attackpointhistory", "pk": 188, "fields": {"question": 1, "point": 400, "user": 46}}, {"model": "scoreserver.attackpointhistory", "pk": 189, "fields": {"question": 3, "point": 1000, "user": 24}}, {"model": "scoreserver.attackpointhistory", "pk": 190, "fields": {"question": 5, "point": 1000, "user": 24}}, {"model": "scoreserver.attackpointhistory", "pk": 191, "fields": {"question": 6, "point": 1000, "user": 7}}, {"model": "scoreserver.attackpointhistory", "pk": 192, "fields": {"question": 4, "point": 1100, "user": 38}}, {"model": "scoreserver.attackpointhistory", "pk": 193, "fields": {"question": 9, "point": 500, "user": 12}}, {"model": "scoreserver.attackpointhistory", "pk": 194, "fields": {"question": 2, "point": 1100, "user": 14}}, {"model": "scoreserver.attackpointhistory", "pk": 195, "fields": {"question": 8, "point": 900, "user": 40}}, {"model": "scoreserver.attackpointhistory", "pk": 196, "fields": {"question": 1, "point": 400, "user": 44}}, {"model": "scoreserver.attackpointhistory", "pk": 197, "fields": {"question": 9, "point": 500, "user": 22}}, {"model": "scoreserver.attackpointhistory", "pk": 198, "fields": {"question": 5, "point": 1000, "user": 22}}, {"model": "scoreserver.attackpointhistory", "pk": 199, "fields": {"question": 5, "point": 1000, "user": 40}}, {"model": "scoreserver.attackpointhistory", "pk": 200, "fields": {"question": 9, "point": 500, "user": 16}}, {"model": "scoreserver.attackpointhistory", "pk": 201, "fields": {"question": 5, "point": 1000, "user": 45}}, {"model": "scoreserver.attackpointhistory", "pk": 202, "fields": {"question": 4, "point": 1100, "user": 34}}, {"model": "scoreserver.attackpointhistory", "pk": 203, "fields": {"question": 6, "point": 1000, "user": 9}}, {"model": "scoreserver.attackpointhistory", "pk": 204, "fields": {"question": 4, "point": 1100, "user": 31}}, {"model": "scoreserver.attackpointhistory", "pk": 205, "fields": {"question": 1, "point": 400, "user": 16}}, {"model": "scoreserver.attackpointhistory", "pk": 206, "fields": {"question": 8, "point": 900, "user": 19}}, {"model": "scoreserver.attackpointhistory", "pk": 207, "fields": {"question": 3, "point": 1000, "user": 3}}, {"model": "scoreserver.attackpointhistory", "pk": 208, "fields": {"question": 1, "point": 400, "user": 21}}, {"model": "scoreserver.attackpointhistory", "pk": 209, "fields": {"question": 4, "point": 1100, "user": 17}}, {"model": "scoreserver.attackpointhistory", "pk": 210, "fields": {"question": 7, "point": 1000, "user": 39}}, {"model": "scoreserver.attackpointhistory", "pk": 211, "fields": {"question": 4, "point": 1100, "user": 47}}, {"model": "scoreserver.attackpointhistory", "pk": 212, "fields": {"question": 6, "point": 1000, "user": 38}}, {"model": "scoreserver.attackpointhistory", "pk": 213, "fields": {"question": 4, "point": 1100, "user": 2}}, {"model": "scoreserver.attackpointhistory", "pk": 214, "fields": {"question": 2, "point": 1100, "user": 18}}, {"model": "scoreserver.attackpointhistory", "pk": 215, "fields": {"question": 7, "point": 1000, "user": 16}}, {"model": "scoreserver.attackpointhistory", "pk": 216, "fields": {"question": 7, "point": 1000, "user": 45}}, {"model": "scoreserver.attackpointhistory", "pk": 217, "fields": {"question": 9, "point": 500, "user": 45}}, {"model": "scoreserver.attackpointhistory", "pk": 218, "fields": {"question": 3, "point": 1000, "user": 36}}, {"model": "scoreserver.attackpointhistory", "pk": 219, "fields": {"question": 8, "point": 900, "user": 15}}, {"model": "scoreserver.attackpointhistory", "pk": 220, "fields": {"question": 9, "point": 500, "user": 23}}, {"model": "scoreserver.attackpointhistory", "pk": 221, "fields": {"question": 3, "point": 1000, "user": 21}}, {"model": "scoreserver.attackpointhistory", "pk": 222, "fields": {"question": 8, "point": 900, "user": 44}}, {"model": "scoreserver.attackpointhistory", "pk": 223, "fields": {"question": 8, "point": 900, "user": 41}}, {"model": "scoreserver.attackpointhistory", "pk": 224, "fields": {"question": 5, "point": 1000, "user": 5}}, {"model": "scoreserver.attackpointhistory", "pk": 225, "fields": {"question": 2, "point": 1100, "user": 12}}, {"model": "scoreserver.attackpointhistory", "pk": 226, "fields": {"question": 9, "point": 500, "user": 49}}, {"model": "scoreserver.attackpointhistory", "pk": 227, "fields": {"question": 7, "point": 1000, "user": 9}}, {"model": "scoreserver.attackpointhistory", "pk": 228, "fields": {"question": 1, "point": 400, "user": 20}}, {"model": "scoreserver.attackpointhistory", "pk": 229, "fields": {"question": 1, "point": 400, "user": 23}}, {"model": "scoreserver.attackpointhistory", "pk": 230, "fields": {"question": 5, "point": 1000, "user": 40}}, {"model": "scoreserver.attackpointhistory", "pk": 231, "fields": {"question": 3, "point": 1000, "user": 42}}, {"model": "scoreserver.attackpointhistory", "pk": 232, "fields": {"question": 4, "point": 1100, "user": 17}}, {"model": "scoreserver.attackpointhistory", "pk": 233, "fields": {"question": 9, "point": 500, "user": 15}}, {"model": "scoreserver.attackpointhistory", "pk": 234, "fields": {"question": 5, "point": 1000, "user": 18}}, {"model": "scoreserver.attackpointhistory", "pk": 235, "fields": {"question": 3, "point": 1000, "user": 33}}, {"model": "scoreserver.attackpointhistory", "pk": 236, "fields": {"question": 6, "point": 1000, "user": 33}}, {"model": "scoreserver.attackpointhistory", "pk": 237, "fields": {"question": 9, "point": 500, "user": 5}}, {"model": "scoreserver.attackpointhistory", "pk": 238, "fields": {"question": 4, "point": 1100, "user": 3}}, {"model": "scoreserver.attackpointhistory", "pk": 239, "fields": {"question": 5, "point": 1000, "user": 9}}, {"model": "scoreserver.attackpointhistory", "pk": 240, "fields": {"question": 4, "point": 1100, "user": 45}}, {"model": "scoreserver.attackpointhistory", "pk": 241, "fields": {"question": 1, "point": 400, "user": 40}}, {"model": "scoreserver.attackpointhistory", "pk": 242, "fields": {"question": 5, "point": 1000, "user": 9}}, {"model": "scoreserver.attackpointhistory", "pk": 243, "fields": {"question": 5, "point": 1000, "user": 38}}, {"model": "scoreserver.attackpointhistory", "pk": 244, "fields": {"question": 8, "point": 900, "user": 31}}, {"model": "scoreserver.attackpointhistory", "pk": 245, "fields": {"question": 8, "point": 900, "user": 17}}, {"model": "scoreserver.attackpointhistory", "pk": 246, "fields": {"question": 6, "point": 1000, "user": 31}}, {"model": "scoreserver.attackpointhistory", "pk": 247, "fields": {"question": 9, "point": 500, "user": 6}}, {"model": "scoreserver.attackpointhistory", "pk": 248, "fields": {"question": 8, "point": 900, "user": 8}}, {"model": "scoreserver.attackpointhistory", "pk": 249, "fields": {"question": 3, "point": 1000, "user": 2}}, {"model": "scoreserver.attackpointhistory", "pk": 250, "fields": {"question": 2, "point": 1100, "user": 46}}, {"model": "scoreserver.attackpointhistory", "pk": 251, "fields": {"question": 4, "point": 1100, "user": 35}}, {"model": "scoreserver.attackpointhistory", "pk": 252, "fields": {"question": 4, "point": 1100, "user": 29}}, {"model": "scoreserver.attackpointhistory", "pk": 253, "fields": {"question": 6, "point": 1000, "user": 13}}, {"model": "scoreserver.attackpointhistory", "pk": 254, "fields": {"question": 2, "point": 1100, "user": 7}}, {"model": "scoreserver.attackpointhistory", "pk": 255, "fields": {"question": 9, "point": 500, "user": 43}}, {"model": "scoreserver.attackpointhistory", "pk": 256, "fields": {"question": 3, "point": 1000, "user": 37}}, {"model": "scoreserver.attackpointhistory", "pk": 257, "fields": {"question": 5, "point": 1000, "user": 10}}, {"model": "scoreserver.attackpointhistory", "pk": 258, "fields": {"question": 2, "point": 1100, "user": 30}}, {"model": "scoreserver.attackpointhistory", "pk": 259, "fields": {"question": 8, "point": 900, "user": 34}}, {"model": "scoreserver.attackpointhistory", "pk": 260, "fields": {"question": 4, "point": 1100, "user": 47}}, {"model": "scoreserver.attackpointhistory", "pk": 261, "fields": {"question": 6, "point": 1000, "user": 34}}, {"model": "scoreserver.attackpointhistory", "pk": 262, "fields": {"question": 3, "point": 1000, "user": 7}}, {"model": "scoreserver.attackpointhistory", "pk": 263, "fields": {"question": 2, "point": 1100, "user": 17}}, {"model": "scoreserver.attackpointhistory", "pk": 264, "fields": {"question": 7, "point": 1000, "user": 26}}, {"model": "scoreserver.attackpointhistory", "pk": 265, "fields": {"question": 1, "point": 400, "user": 26}}, {"model": "scoreserver.attackpointhistory", "pk": 266, "fields": {"question": 1, "point": 400, "user": 19}}, {"model": "scoreserver.attackpointhistory", "pk": 267, "fields": {"question": 6, "point": 1000, "user": 3}}, {"model": "scoreserver.attackpointhistory", "pk": 268, "fields": {"question": 3, "point": 1000, "user": 34}}, {"model": "scoreserver.attackpointhistory", "pk": 269, "fields": {"question": 7, "point": 1000, "user": 29}}, {"model": "scoreserver.attackpointhistory", "pk": 270, "fields": {"question": 4, "point": 1100, "user": 21}}, {"model": "scoreserver.attackpointhistory", "pk": 271, "fields": {"question": 8, "point": 900, "user": 18}}, {"model": "scoreserver.attackpointhistory", "pk": 272, "fields": {"question": 2, "point": 1100, "user": 43}}, {"model": "scoreserver.attackpointhistory", "pk": 273, "fields": {"question": 3, "point": 1000, "user": 32}}, {"model": "scoreserver.attackpointhistory", "pk": 274, "fields": {"question": 5, "point": 1000, "user": 18}}, {"model": "scoreserver.attackpointhistory", "pk": 275, "fields": {"question": 3, "point": 1000, "user": 13}}, {"model": "scoreserver.attackpointhistory", "pk": 276, "fields": {"question": 4, "point": 1100, "user": 28}}, {"model": "scoreserver.attackpointhistory", "pk": 277, "fields": {"question": 4, "point": 1100, "user": 37}}, {"model": "scoreserver.attackpointhistory", "pk": 278, "fields": {"question": 5, "point": 1000, "user": 14}}, {"model": "scoreserver.attackpointhistory", "pk": 279, "fields": {"question": 5, "point": 1000, "user": 49}}, {"model": "scoreserver.attackpointhistory", "pk": 280, "fields": {"question": 4, "point": 1100, "user": 1}}, {"model": "scoreserver.attackpointhistory", "pk": 281, "fields": {"question": 7, "point": 1000, "user": 38}}, {"model": "scoreserver.attackpointhistory", "pk": 282, "fields": {"question": 1, "point": 400, "user": 42}}, {"model": "scoreserver.attackpointhistory", "pk": 283, "fields": {"question": 9, "point": 500, "user": 6}}, {"model": "scoreserver.attackpointhistory", "pk": 284, "fields": {"question": 8, "point": 900, "user": 13}}, {"model": "scoreserver.attackpointhistory", "pk": 285, "fields": {"question": 4, "point": 1100, "user": 1}}, {"model": "scoreserver.attackpointhistory", "pk": 286, "fields": {"question": 8, "point": 900, "user": 16}}, {"model": "scoreserver.attackpointhistory", "pk": 287, "fields": {"question": 7, "point": 1000, "user": 15}}, {"model": "scoreserver.attackpointhistory", "pk": 288, "fields": {"question": 1, "point": 400, "user": 2}}, {"model": "scoreserver.attackpointhistory", "pk": 289, "fields": {"question": 9, "point": 500, "user": 29}}, {"model": "scoreserver.attackpointhistory", "pk": 290, "fields": {"question": 4, "point": 1100, "user": 13}}, {"model": "scoreserver.attackpointhistory", "pk": 291, "fields": {"question": 7, "point": 1000, "user": 41}}, {"model": "scoreserver.attackpointhistory", "pk": 292, "fields": {"question": 3, "point": 1000, "user": 36}}, {"model": "scoreserver.attackpointhistory", "pk": 293, "fields": {"question": 4, "point": 1100, "user": 34}}, {"model": "scoreserver.attackpointhistory", "pk": 294, "fields": {"question": 9, "point": 500, "user": 45}}, {"model": "scoreserver.attackpointhistory", "pk": 295, "fields": {"question": 9, "point": 500, "user": 5}}, {"model": "scoreserver.attackpointhistory", "pk": 296, "fields": {"question": 3, "point": 1000, "user": 40}}, {"model": "scoreserver.attackpointhistory", "pk": 297, "fields": {"question": 9, "point": 500, "user": 9}}, {"model": "scoreserver.attackpointhistory", "pk": 298, "fields": {"question": 2, "point": 1100, "user": 22}}, {"model": "scoreserver.attackpointhistory", "pk": 299, "fields": {"question": 4, "point": 1100, "user": 32}}, {"model": "scoreserver.answerhistory", "pk": 0, "fields": {"question": 5, "submit_flag": "FLAG_IS_tQnCOAJWgLJWlRh", "user": 43}}, {"model": "scoreserver.answerhistory", "pk": 1, "fields": {"question": 7, "submit_flag": "FLAG_IS_eCuhMfrcuxCXLmu", "user": 16}}, {"model": "scoreserver.answerhistory", "pk": 2, "fields": {"question": 7, "submit_flag": "FLAG_IS_leJIpnxYsQYDYNX", "user": 11}}, {"model": "scoreserver.answerhistory", "pk": 3, "fields": {"question": 3, "submit_flag": "FLAG_IS_VsYyyqToetEtXcJ", "user": 7}}, {"model": "scoreserver.answerhistory", "pk": 4, "fields": {"question": 2, "submit_flag": "FLAG_IS_iiSDmtxkxGenbSS", "user": 41}}, {"model": "scoreserver.answerhistory", "pk": 5, "fields": {"question": 1, "submit_flag": "FLAG_IS_eVRifwILnoeDwBj", "user": 25}}, {"model": "scoreserver.answerhistory", "pk": 6, "fields": {"question": 9, "submit_flag": "FLAG_IS_gDgMdzAFjSKkWTs", "user": 49}}, {"model": "scoreserver.answerhistory", "pk": 7, "fields": {"question": 2, "submit_flag": "FLAG_IS_HTxwIOtRMWbDLIg", "user": 49}}, {"model": "scoreserver.answerhistory", "pk": 8, "fields": {"question": 7, "submit_flag": "FLAG_IS_KctUhKIufsKKgqu", "user": 41}}, {"model": "scoreserver.answerhistory", "pk": 9, "fields": {"question": 1, "submit_flag": "FLAG_IS_LyYspcrmfBMjlaZ", "user": 6}}, {"model": "scoreserver.answerhistory", "pk": 10, "fields": {"question": 1, "submit_flag": "FLAG_IS_UIZxKILWVYBhNWz", "user": 10}}, {"model": "scoreserver.answerhistory", "pk": 11, "fields": {"question": 6, "submit_flag": "FLAG_IS_lpjzLlzCLIFsDxa", "user": 23}}, {"model": "scoreserver.answerhistory", "pk": 12, "fields": {"question": 7, "submit_flag": "FLAG_IS_rHHxmHSiQVMLHnf", "user": 19}}, {"model": "scoreserver.answerhistory", "pk": 13, "fields": {"question": 6, "submit_flag": "FLAG_IS_XNxjNPlFjLLxdFk", "user": 9}}, {"model": "scoreserver.answerhistory", "pk": 14, "fields": {"question": 1, "submit_flag": "FLAG_IS_RLPVirtXQenfxOI", "user": 39}}, {"model": "scoreserver.answerhistory", "pk": 15, "fields": {"question": 3, "submit_flag": "FLAG_IS_FhewRVWsulyYsTG", "user": 27}}, {"model": "scoreserver.answerhistory", "pk": 16, "fields": {"question": 1, "submit_flag": "FLAG_IS_PRxTqKpWBXwcZMi", "user": 43}}, {"model": "scoreserver.answerhistory", "pk": 17, "fields": {"question": 8, "submit_flag": "FLAG_IS_xlKyuBaYHzqqDrv", "user": 15}}, {"model": "scoreserver.answerhistory", "pk": 18, "fields": {"question": 8, "submit_flag": "FLAG_IS_vawscigtolEcpzN", "user": 45}}, {"model": "scoreserver.answerhistory", "pk": 19, "fields": {"question": 1, "submit_flag": "FLAG_IS_sssHZqKQyxBBbpw", "user": 21}}, {"model": "scoreserver.answerhistory", "pk": 20, "fields": {"question": 8, "submit_flag": "FLAG_IS_eSlbHAiZEjBrkUG", "user": 21}}, {"model": "scoreserver.answerhistory", "pk": 21, "fields": {"question": 5, "submit_flag": "FLAG_IS_YDPDOCfQBeSHRQh", "user": 38}}, {"model": "scoreserver.answerhistory", "pk": 22, "fields": {"question": 1, "submit_flag": "FLAG_IS_exLoniXkuqsPnKt", "user": 13}}, {"model": "scoreserver.answerhistory", "pk": 23, "fields": {"question": 7, "submit_flag": "FLAG_IS_pDQFvfvHZdWjlpU", "user": 18}}, {"model": "scoreserver.answerhistory", "pk": 24, "fields": {"question": 4, "submit_flag": "FLAG_IS_kyDSikhCcIonEfe", "user": 19}}, {"model": "scoreserver.answerhistory", "pk": 25, "fields": {"question": 6, "submit_flag": "FLAG_IS_ULenBuBRBBcVCgE", "user": 19}}, {"model": "scoreserver.answerhistory", "pk": 26, "fields": {"question": 1, "submit_flag": "FLAG_IS_gpunTnWIuIfqVyj", "user": 7}}, {"model": "scoreserver.answerhistory", "pk": 27, "fields": {"question": 1, "submit_flag": "FLAG_IS_kvZYrSsygmHlkKq", "user": 12}}, {"model": "scoreserver.answerhistory", "pk": 28, "fields": {"question": 2, "submit_flag": "FLAG_IS_MkIbadtpaYkTfjg", "user": 8}}, {"model": "scoreserver.answerhistory", "pk": 29, "fields": {"question": 4, "submit_flag": "FLAG_IS_xUfWxNCMxtbRDBH", "user": 8}}, {"model": "scoreserver.answerhistory", "pk": 30, "fields": {"question": 4, "submit_flag": "FLAG_IS_RafRVMBACmMPpps", "user": 47}}, {"model": "scoreserver.answerhistory", "pk": 31, "fields": {"question": 1, "submit_flag": "FLAG_IS_liAGJVmTWOlrGyv", "user": 11}}, {"model": "scoreserver.answerhistory", "pk": 32, "fields": {"question": 5, "submit_flag": "FLAG_IS_sCvTUrsfJnoemnr", "user": 32}}, {"model": "scoreserver.answerhistory", "pk": 33, "fields": {"question": 3, "submit_flag": "FLAG_IS_zyUMlotWXszvOXs", "user": 36}}, {"model": "scoreserver.answerhistory", "pk": 34, "fields": {"question": 6, "submit_flag": "FLAG_IS_LTyEzNuhQhWhYUU", "user": 11}}, {"model": "scoreserver.answerhistory", "pk": 35, "fields": {"question": 4, "submit_flag": "FLAG_IS_GFEyJUhsegQfDbW", "user": 24}}, {"model": "scoreserver.answerhistory", "pk": 36, "fields": {"question": 3, "submit_flag": "FLAG_IS_yhWEtGtqeOKDgoJ", "user": 8}}, {"model": "scoreserver.answerhistory", "pk": 37, "fields": {"question": 5, "submit_flag": "FLAG_IS_BBvkoTTHnHzExtY", "user": 28}}, {"model": "scoreserver.answerhistory", "pk": 38, "fields": {"question": 4, "submit_flag": "FLAG_IS_qpzoAOaoPFdgzCO", "user": 23}}, {"model": "scoreserver.answerhistory", "pk": 39, "fields": {"question": 8, "submit_flag": "FLAG_IS_yTKVgUKijfTSKQF", "user": 32}}, {"model": "scoreserver.answerhistory", "pk": 40, "fields": {"question": 6, "submit_flag": "FLAG_IS_hFeYvZMdLJdjJQS", "user": 44}}, {"model": "scoreserver.answerhistory", "pk": 41, "fields": {"question": 6, "submit_flag": "FLAG_IS_mTCcZPSpjouwbvt", "user": 21}}, {"model": "scoreserver.answerhistory", "pk": 42, "fields": {"question": 1, "submit_flag": "FLAG_IS_tUUsDzAgGYOOMDB", "user": 45}}, {"model": "scoreserver.answerhistory", "pk": 43, "fields": {"question": 4, "submit_flag": "FLAG_IS_EflqCItWKvwVOKg", "user": 32}}, {"model": "scoreserver.answerhistory", "pk": 44, "fields": {"question": 2, "submit_flag": "FLAG_IS_THOpMtBBYsbGWpA", "user": 24}}, {"model": "scoreserver.answerhistory", "pk": 45, "fields": {"question": 2, "submit_flag": "FLAG_IS_XBtoLNHAIhqjoWA", "user": 32}}, {"model": "scoreserver.answerhistory", "pk": 46, "fields": {"question": 6, "submit_flag": "FLAG_IS_vxjEyKzkPmxVZGO", "user": 37}}, {"model": "scoreserver.answerhistory", "pk": 47, "fields": {"question": 9, "submit_flag": "FLAG_IS_EqcpdbtqXBqqboL", "user": 25}}, {"model": "scoreserver.answerhistory", "pk": 48, "fields": {"question": 7, "submit_flag": "FLAG_IS_dcdPbozqKYZGRtd", "user": 6}}, {"model": "scoreserver.answerhistory", "pk": 49, "fields": {"question": 4, "submit_flag": "FLAG_IS_ZsUuhvNgUWcMJXR", "user": 47}}, {"model": "scoreserver.answerhistory", "pk": 50, "fields": {"question": 1, "submit_flag": "FLAG_IS_HUsQcrFasXorUit", "user": 32}}, {"model": "scoreserver.answerhistory", "pk": 51, "fields": {"question": 9, "submit_flag": "FLAG_IS_CbJzQuqnJVGatrh", "user": 15}}, {"model": "scoreserver.answerhistory", "pk": 52, "fields": {"question": 1, "submit_flag": "FLAG_IS_RnQlUsRLJwpwpRL", "user": 25}}, {"model": "scoreserver.answerhistory", "pk": 53, "fields": {"question": 7, "submit_flag": "FLAG_IS_OKWyHzxzRialbPq", "user": 16}}, {"model": "scoreserver.answerhistory", "pk": 54, "fields": {"question": 5, "submit_flag": "FLAG_IS_XeaJizCDKzkXBUu", "user": 31}}, {"model": "scoreserver.answerhistory", "pk": 55, "fields": {"question": 9, "submit_flag": "FLAG_IS_EmIDTxRmPIWGMyt", "user": 40}}, {"model": "scoreserver.answerhistory", "pk": 56, "fields": {"question": 9, "submit_flag": "FLAG_IS_cgYvOPaxlDdkizm", "user": 27}}, {"model": "scoreserver.answerhistory", "pk": 57, "fields": {"question": 3, "submit_flag": "FLAG_IS_WTDHeJQvXMLciYx", "user": 2}}, {"model": "scoreserver.answerhistory", "pk": 58, "fields": {"question": 3, "submit_flag": "FLAG_IS_DwIQydYmRWoBRUy", "user": 19}}, {"model": "scoreserver.answerhistory", "pk": 59, "fields": {"question": 5, "submit_flag": "FLAG_IS_ETTOLacgZuBvVWB", "user": 26}}, {"model": "scoreserver.answerhistory", "pk": 60, "fields": {"question": 5, "submit_flag": "FLAG_IS_sLkvzvcmpZSUOUI", "user": 17}}, {"model": "scoreserver.answerhistory", "pk": 61, "fields": {"question": 3, "submit_flag": "FLAG_IS_KTyZOTTjSiJOVgA", "user": 7}}, {"model": "scoreserver.answerhistory", "pk": 62, "fields": {"question": 4, "submit_flag": "FLAG_IS_ayQXKnDSTSCFNVd", "user": 27}}, {"model": "scoreserver.answerhistory", "pk": 63, "fields": {"question": 6, "submit_flag": "FLAG_IS_IWTxowZdZvmgpvL", "user": 28}}, {"model": "scoreserver.answerhistory", "pk": 64, "fields": {"question": 4, "submit_flag": "FLAG_IS_HEKoBzYpXmvIyoR", "user": 46}}, {"model": "scoreserver.answerhistory", "pk": 65, "fields": {"question": 7, "submit_flag": "FLAG_IS_JAjoaOHJZwpMToc", "user": 7}}, {"model": "scoreserver.answerhistory", "pk": 66, "fields": {"question": 5, "submit_flag": "FLAG_IS_dyFPdUUTmGkCABm", "user": 12}}, {"model": "scoreserver.answerhistory", "pk": 67, "fields": {"question": 2, "submit_flag": "FLAG_IS_NuwalfngDpPPQKI", "user": 1}}, {"model": "scoreserver.answerhistory", "pk": 68, "fields": {"question": 8, "submit_flag": "FLAG_IS_MDadOTZDuUJtvDG", "user": 43}}, {"model": "scoreserver.answerhistory", "pk": 69, "fields": {"question": 8, "submit_flag": "FLAG_IS_HmpFnyGntYuAzAi", "user": 25}}, {"model": "scoreserver.answerhistory", "pk": 70, "fields": {"question": 6, "submit_flag": "FLAG_IS_RSyEGSLeBmzhXYK", "user": 8}}, {"model": "scoreserver.answerhistory", "pk": 71, "fields": {"question": 4, "submit_flag": "FLAG_IS_SuqeKnNKCRokSaM", "user": 16}}, {"model": "scoreserver.answerhistory", "pk": 72, "fields": {"question": 3, "submit_flag": "FLAG_IS_DicntriKtewafDq", "user": 39}}, {"model": "scoreserver.answerhistory", "pk": 73, "fields": {"question": 1, "submit_flag": "FLAG_IS_BFFICFkrdXniTwy", "user": 27}}, {"model": "scoreserver.answerhistory", "pk": 74, "fields": {"question": 7, "submit_flag": "FLAG_IS_RuKvwPJGBQntIqY", "user": 10}}, {"model": "scoreserver.answerhistory", "pk": 75, "fields": {"question": 3, "submit_flag": "FLAG_IS_KEEINVufidJKmfg", "user": 26}}, {"model": "scoreserver.answerhistory", "pk": 76, "fields": {"question": 2, "submit_flag": "FLAG_IS_RRuPXWyteVZJiQj", "user": 45}}, {"model": "scoreserver.answerhistory", "pk": 77, "fields": {"question": 1, "submit_flag": "FLAG_IS_mwqvmqZGmjWQCVe", "user": 20}}, {"model": "scoreserver.answerhistory", "pk": 78, "fields": {"question": 8, "submit_flag": "FLAG_IS_LdUsfifnJHacTeW", "user": 40}}, {"model": "scoreserver.answerhistory", "pk": 79, "fields": {"question": 1, "submit_flag": "FLAG_IS_AyySlhJEdagPuNL", "user": 48}}, {"model": "scoreserver.answerhistory", "pk": 80, "fields": {"question": 2, "submit_flag": "FLAG_IS_LEYwgPbdNmdjUBC", "user": 15}}, {"model": "scoreserver.answerhistory", "pk": 81, "fields": {"question": 5, "submit_flag": "FLAG_IS_FHHNyWqhPTChdBl", "user": 32}}, {"model": "scoreserver.answerhistory", "pk": 82, "fields": {"question": 7, "submit_flag": "FLAG_IS_ufZFoxsgpgWupjP", "user": 34}}, {"model": "scoreserver.answerhistory", "pk": 83, "fields": {"question": 7, "submit_flag": "FLAG_IS_mNuzbehoCQpMNBC", "user": 10}}, {"model": "scoreserver.answerhistory", "pk": 84, "fields": {"question": 3, "submit_flag": "FLAG_IS_OlqBrCLAaonuyLc", "user": 7}}, {"model": "scoreserver.answerhistory", "pk": 85, "fields": {"question": 3, "submit_flag": "FLAG_IS_WdJtNJrwCBzTbad", "user": 9}}, {"model": "scoreserver.answerhistory", "pk": 86, "fields": {"question": 8, "submit_flag": "FLAG_IS_dyQrWhkDkXHHfvf", "user": 49}}, {"model": "scoreserver.answerhistory", "pk": 87, "fields": {"question": 4, "submit_flag": "FLAG_IS_bBwWUmgRkbICwOO", "user": 19}}, {"model": "scoreserver.answerhistory", "pk": 88, "fields": {"question": 6, "submit_flag": "FLAG_IS_YeAEoMTxCSjWUIh", "user": 24}}, {"model": "scoreserver.answerhistory", "pk": 89, "fields": {"question": 2, "submit_flag": "FLAG_IS_erRGWsAitRkrxNC", "user": 40}}, {"model": "scoreserver.answerhistory", "pk": 90, "fields": {"question": 6, "submit_flag": "FLAG_IS_iHMZRNZgokZNTGn", "user": 25}}, {"model": "scoreserver.answerhistory", "pk": 91, "fields": {"question": 2, "submit_flag": "FLAG_IS_LiVGAFZBSHtvaKp", "user": 38}}, {"model": "scoreserver.answerhistory", "pk": 92, "fields": {"question": 5, "submit_flag": "FLAG_IS_ZDCvAvzZygvpOUJ", "user": 4}}, {"model": "scoreserver.answerhistory", "pk": 93, "fields": {"question": 2, "submit_flag": "FLAG_IS_fjILEIwNuXNJqXm", "user": 16}}, {"model": "scoreserver.answerhistory", "pk": 94, "fields": {"question": 8, "submit_flag": "FLAG_IS_GrveyCGytHkAepy", "user": 7}}, {"model": "scoreserver.answerhistory", "pk": 95, "fields": {"question": 1, "submit_flag": "FLAG_IS_BtxfeQmgOvTfIUK", "user": 21}}, {"model": "scoreserver.answerhistory", "pk": 96, "fields": {"question": 1, "submit_flag": "FLAG_IS_XNOztkRLVwkIqvT", "user": 20}}, {"model": "scoreserver.answerhistory", "pk": 97, "fields": {"question": 5, "submit_flag": "FLAG_IS_rZIHyBLNPUKKgTJ", "user": 35}}, {"model": "scoreserver.answerhistory", "pk": 98, "fields": {"question": 4, "submit_flag": "FLAG_IS_DfbxTTVNEKZHoFz", "user": 12}}, {"model": "scoreserver.answerhistory", "pk": 99, "fields": {"question": 7, "submit_flag": "FLAG_IS_xIXtWXJojDdIxQj", "user": 34}}, {"model": "scoreserver.answerhistory", "pk": 100, "fields": {"question": 8, "submit_flag": "FLAG_IS_LTPmDDLIPpSeyai", "user": 48}}, {"model": "scoreserver.answerhistory", "pk": 101, "fields": {"question": 5, "submit_flag": "FLAG_IS_FRrJSMotXgeHlOg", "user": 32}}, {"model": "scoreserver.answerhistory", "pk": 102, "fields": {"question": 5, "submit_flag": "FLAG_IS_wcPXwzorzNJVcpt", "user": 32}}, {"model": "scoreserver.answerhistory", "pk": 103, "fields": {"question": 6, "submit_flag": "FLAG_IS_rfsOILPXPeaikZp", "user": 23}}, {"model": "scoreserver.answerhistory", "pk": 104, "fields": {"question": 4, "submit_flag": "FLAG_IS_ehKPgtfvmjOiVed", "user": 17}}, {"model": "scoreserver.answerhistory", "pk": 105, "fields": {"question": 9, "submit_flag": "FLAG_IS_IhCLjeDmPDzsMPY", "user": 42}}, {"model": "scoreserver.answerhistory", "pk": 106, "fields": {"question": 6, "submit_flag": "FLAG_IS_hbJIyYQZapnWDdD", "user": 29}}, {"model": "scoreserver.answerhistory", "pk": 107, "fields": {"question": 3, "submit_flag": "FLAG_IS_dEQdQKqEVoFvPse", "user": 40}}, {"model": "scoreserver.answerhistory", "pk": 108, "fields": {"question": 7, "submit_flag": "FLAG_IS_UkluWGPYQdqHhjy", "user": 14}}, {"model": "scoreserver.answerhistory", "pk": 109, "fields": {"question": 4, "submit_flag": "FLAG_IS_kTghMqvaPJxQDzx", "user": 30}}, {"model": "scoreserver.answerhistory", "pk": 110, "fields": {"question": 1, "submit_flag": "FLAG_IS_VxexSwiggbEcqjk", "user": 15}}, {"model": "scoreserver.answerhistory", "pk": 111, "fields": {"question": 1, "submit_flag": "FLAG_IS_lIfAwUGSvvKgjrb", "user": 31}}, {"model": "scoreserver.answerhistory", "pk": 112, "fields": {"question": 6, "submit_flag": "FLAG_IS_hcCSoUmhJGRowzz", "user": 47}}, {"model": "scoreserver.answerhistory", "pk": 113, "fields": {"question": 4, "submit_flag": "FLAG_IS_sAOGKHGIJaydwsm", "user": 32}}, {"model": "scoreserver.answerhistory", "pk": 114, "fields": {"question": 7, "submit_flag": "FLAG_IS_CEguKTrwSfeEXKu", "user": 30}}, {"model": "scoreserver.answerhistory", "pk": 115, "fields": {"question": 5, "submit_flag": "FLAG_IS_gHpKIxUxNzPyDXF", "user": 22}}, {"model": "scoreserver.answerhistory", "pk": 116, "fields": {"question": 3, "submit_flag": "FLAG_IS_kWqBKZVYnNQhDhB", "user": 33}}, {"model": "scoreserver.answerhistory", "pk": 117, "fields": {"question": 5, "submit_flag": "FLAG_IS_wPKrFJHMpoOfGbz", "user": 2}}, {"model": "scoreserver.answerhistory", "pk": 118, "fields": {"question": 5, "submit_flag": "FLAG_IS_WZmWzNaUDBnFDWE", "user": 49}}, {"model": "scoreserver.answerhistory", "pk": 119, "fields": {"question": 6, "submit_flag": "FLAG_IS_QMWcobLUUsrQzFf", "user": 43}}, {"model": "scoreserver.answerhistory", "pk": 120, "fields": {"question": 2, "submit_flag": "FLAG_IS_VFnwWPNCVLqCrCf", "user": 42}}, {"model": "scoreserver.answerhistory", "pk": 121, "fields": {"question": 1, "submit_flag": "FLAG_IS_qPrjwOsaBjXbUaw", "user": 23}}, {"model": "scoreserver.answerhistory", "pk": 122, "fields": {"question": 4, "submit_flag": "FLAG_IS_YjrJSfxoZcxhfyu", "user": 32}}, {"model": "scoreserver.answerhistory", "pk": 123, "fields": {"question": 7, "submit_flag": "FLAG_IS_FNzngUVurrlKlSA", "user": 17}}, {"model": "scoreserver.answerhistory", "pk": 124, "fields": {"question": 3, "submit_flag": "FLAG_IS_bxpROdUmNzFKcIu", "user": 17}}, {"model": "scoreserver.answerhistory", "pk": 125, "fields": {"question": 7, "submit_flag": "FLAG_IS_DLXbbWkLpfbyaCA", "user": 17}}, {"model": "scoreserver.answerhistory", "pk": 126, "fields": {"question": 6, "submit_flag": "FLAG_IS_DXPcNVEwtmeDWKy", "user": 33}}, {"model": "scoreserver.answerhistory", "pk": 127, "fields": {"question": 3, "submit_flag": "FLAG_IS_AIyOsNZlSUKJkQZ", "user": 1}}, {"model": "scoreserver.answerhistory", "pk": 128, "fields": {"question": 5, "submit_flag": "FLAG_IS_yGOeHmqiWdQrxXH", "user": 11}}, {"model": "scoreserver.answerhistory", "pk": 129, "fields": {"question": 3, "submit_flag": "FLAG_IS_DKiCQkvNsiQdJVR", "user": 24}}, {"model": "scoreserver.answerhistory", "pk": 130, "fields": {"question": 8, "submit_flag": "FLAG_IS_HJEQmbNEseHSADn", "user": 33}}, {"model": "scoreserver.answerhistory", "pk": 131, "fields": {"question": 9, "submit_flag": "FLAG_IS_OkQFStMBDQNMgOz", "user": 46}}, {"model": "scoreserver.answerhistory", "pk": 132, "fields": {"question": 9, "submit_flag": "FLAG_IS_tsFGhShcdzSSznf", "user": 10}}, {"model": "scoreserver.answerhistory", "pk": 133, "fields": {"question": 8, "submit_flag": "FLAG_IS_YjCuZJSpRGSrjTh", "user": 31}}, {"model": "scoreserver.answerhistory", "pk": 134, "fields": {"question": 1, "submit_flag": "FLAG_IS_MpWvRPMsvbqMsRs", "user": 5}}, {"model": "scoreserver.answerhistory", "pk": 135, "fields": {"question": 1, "submit_flag": "FLAG_IS_ZnJWnahWgkyIbno", "user": 49}}, {"model": "scoreserver.answerhistory", "pk": 136, "fields": {"question": 6, "submit_flag": "FLAG_IS_JmtSSDMrLjQSWdR", "user": 33}}, {"model": "scoreserver.answerhistory", "pk": 137, "fields": {"question": 3, "submit_flag": "FLAG_IS_RxzPEQmAnELQgNB", "user": 25}}, {"model": "scoreserver.answerhistory", "pk": 138, "fields": {"question": 8, "submit_flag": "FLAG_IS_OhGFtvNlddkIjhh", "user": 32}}, {"model": "scoreserver.answerhistory", "pk": 139, "fields": {"question": 5, "submit_flag": "FLAG_IS_zRdCUAkmTwsMmaU", "user": 46}}, {"model": "scoreserver.answerhistory", "pk": 140, "fields": {"question": 1, "submit_flag": "FLAG_IS_TmLhcjomjcItrgA", "user": 6}}, {"model": "scoreserver.answerhistory", "pk": 141, "fields": {"question": 9, "submit_flag": "FLAG_IS_zZEoWuplrsYLMlm", "user": 38}}, {"model": "scoreserver.answerhistory", "pk": 142, "fields": {"question": 1, "submit_flag": "FLAG_IS_FkwVAhFwlsgArMp", "user": 26}}, {"model": "scoreserver.answerhistory", "pk": 143, "fields": {"question": 1, "submit_flag": "FLAG_IS_mdVvAlgbiQITNWJ", "user": 27}}, {"model": "scoreserver.answerhistory", "pk": 144, "fields": {"question": 1, "submit_flag": "FLAG_IS_lnazxvOzvlObzho", "user": 6}}, {"model": "scoreserver.answerhistory", "pk": 145, "fields": {"question": 3, "submit_flag": "FLAG_IS_ddbKpyRIrdugYvJ", "user": 2}}, {"model": "scoreserver.answerhistory", "pk": 146, "fields": {"question": 1, "submit_flag": "FLAG_IS_rfIQUcEOulUZzrn", "user": 46}}, {"model": "scoreserver.answerhistory", "pk": 147, "fields": {"question": 2, "submit_flag": "FLAG_IS_lLKEaMoEOrFYMUs", "user": 14}}, {"model": "scoreserver.answerhistory", "pk": 148, "fields": {"question": 6, "submit_flag": "FLAG_IS_psKIKbiNeExGFmE", "user": 48}}, {"model": "scoreserver.answerhistory", "pk": 149, "fields": {"question": 6, "submit_flag": "FLAG_IS_sOnnsqLaByvcabh", "user": 2}}, {"model": "scoreserver.answerhistory", "pk": 150, "fields": {"question": 4, "submit_flag": "FLAG_IS_BolsnqMAkVsfMSl", "user": 40}}, {"model": "scoreserver.answerhistory", "pk": 151, "fields": {"question": 1, "submit_flag": "FLAG_IS_tMNyufsugYKgroT", "user": 11}}, {"model": "scoreserver.answerhistory", "pk": 152, "fields": {"question": 8, "submit_flag": "FLAG_IS_huxjiLrugTltNXD", "user": 7}}, {"model": "scoreserver.answerhistory", "pk": 153, "fields": {"question": 1, "submit_flag": "FLAG_IS_NEuMMuQoXZkSiWF", "user": 20}}, {"model": "scoreserver.answerhistory", "pk": 154, "fields": {"question": 7, "submit_flag": "FLAG_IS_wavLRXaLAeVEVvm", "user": 2}}, {"model": "scoreserver.answerhistory", "pk": 155, "fields": {"question": 4, "submit_flag": "FLAG_IS_oLzoJAYSrCVxxGE", "user": 9}}, {"model": "scoreserver.answerhistory", "pk": 156, "fields": {"question": 2, "submit_flag": "FLAG_IS_WuuNLcpuXYwQnPB", "user": 3}}, {"model": "scoreserver.answerhistory", "pk": 157, "fields": {"question": 9, "submit_flag": "FLAG_IS_hKaLeiSYoaQphaz", "user": 14}}, {"model": "scoreserver.answerhistory", "pk": 158, "fields": {"question": 7, "submit_flag": "FLAG_IS_nhXTOmZzYsBhaMH", "user": 15}}, {"model": "scoreserver.answerhistory", "pk": 159, "fields": {"question": 3, "submit_flag": "FLAG_IS_PITPJApIQFMGGYD", "user": 46}}, {"model": "scoreserver.answerhistory", "pk": 160, "fields": {"question": 3, "submit_flag": "FLAG_IS_mJIcYcariiXAUIs", "user": 9}}, {"model": "scoreserver.answerhistory", "pk": 161, "fields": {"question": 9, "submit_flag": "FLAG_IS_HQAKQwLxXxXbyIY", "user": 43}}, {"model": "scoreserver.answerhistory", "pk": 162, "fields": {"question": 9, "submit_flag": "FLAG_IS_dQERQDZjaDbUcYa", "user": 42}}, {"model": "scoreserver.answerhistory", "pk": 163, "fields": {"question": 3, "submit_flag": "FLAG_IS_vapQHbrBiDPouuz", "user": 15}}, {"model": "scoreserver.answerhistory", "pk": 164, "fields": {"question": 5, "submit_flag": "FLAG_IS_iqPKPKeCzaAlwzl", "user": 10}}, {"model": "scoreserver.answerhistory", "pk": 165, "fields": {"question": 2, "submit_flag": "FLAG_IS_ejkyzsWxFPBlqHz", "user": 9}}, {"model": "scoreserver.answerhistory", "pk": 166, "fields": {"question": 8, "submit_flag": "FLAG_IS_nIpjisVUmlukICO", "user": 28}}, {"model": "scoreserver.answerhistory", "pk": 167, "fields": {"question": 8, "submit_flag": "FLAG_IS_WDBInhaiRXYypwL", "user": 37}}, {"model": "scoreserver.answerhistory", "pk": 168, "fields": {"question": 1, "submit_flag": "FLAG_IS_JgpeZNdlfidFary", "user": 40}}, {"model": "scoreserver.answerhistory", "pk": 169, "fields": {"question": 9, "submit_flag": "FLAG_IS_JKkFrDXGEDKdOhn", "user": 34}}, {"model": "scoreserver.answerhistory", "pk": 170, "fields": {"question": 8, "submit_flag": "FLAG_IS_BzdVYSqOYDtxjxA", "user": 5}}, {"model": "scoreserver.answerhistory", "pk": 171, "fields": {"question": 4, "submit_flag": "FLAG_IS_nopbKlTGhYdsQVf", "user": 31}}, {"model": "scoreserver.answerhistory", "pk": 172, "fields": {"question": 8, "submit_flag": "FLAG_IS_fPXlSYuPlNqSaGR", "user": 19}}, {"model": "scoreserver.answerhistory", "pk": 173, "fields": {"question": 1, "submit_flag": "FLAG_IS_XiFcgQwJnXuYjdw", "user": 36}}, {"model": "scoreserver.answerhistory", "pk": 174, "fields": {"question": 7, "submit_flag": "FLAG_IS_hqvwDeMbhKBVXdx", "user": 18}}, {"model": "scoreserver.answerhistory", "pk": 175, "fields": {"question": 5, "submit_flag": "FLAG_IS_KWRQWrekzGkdXvR", "user": 49}}, {"model": "scoreserver.answerhistory", "pk": 176, "fields": {"question": 6, "submit_flag": "FLAG_IS_sVMnJVPDBTCdpyc", "user": 12}}, {"model": "scoreserver.answerhistory", "pk": 177, "fields": {"question": 4, "submit_flag": "FLAG_IS_GXRtTUCFhGfOjnV", "user": 27}}, {"model": "scoreserver.answerhistory", "pk": 178, "fields": {"question": 4, "submit_flag": "FLAG_IS_XVDnAmNQfjnNegC", "user": 13}}, {"model": "scoreserver.answerhistory", "pk": 179, "fields": {"question": 3, "submit_flag": "FLAG_IS_FpkNJniCazEpRjT", "user": 20}}, {"model": "scoreserver.answerhistory", "pk": 180, "fields": {"question": 6, "submit_flag": "FLAG_IS_azojdskMeIYCeeU", "user": 49}}, {"model": "scoreserver.answerhistory", "pk": 181, "fields": {"question": 7, "submit_flag": "FLAG_IS_aqEhSVpLgWOMdMY", "user": 7}}, {"model": "scoreserver.answerhistory", "pk": 182, "fields": {"question": 7, "submit_flag": "FLAG_IS_HoMUjlnqWpOEGqp", "user": 7}}, {"model": "scoreserver.answerhistory", "pk": 183, "fields": {"question": 7, "submit_flag": "FLAG_IS_IteyAKSdgdmfTNf", "user": 49}}, {"model": "scoreserver.answerhistory", "pk": 184, "fields": {"question": 2, "submit_flag": "FLAG_IS_fEmHHsKrBrDbiER", "user": 38}}, {"model": "scoreserver.answerhistory", "pk": 185, "fields": {"question": 6, "submit_flag": "FLAG_IS_AVvmJPlLtsvCrjo", "user": 14}}, {"model": "scoreserver.answerhistory", "pk": 186, "fields": {"question": 5, "submit_flag": "FLAG_IS_NhwZytUGVCzwtuu", "user": 24}}, {"model": "scoreserver.answerhistory", "pk": 187, "fields": {"question": 8, "submit_flag": "FLAG_IS_TYTfNEfIMinLuek", "user": 23}}, {"model": "scoreserver.answerhistory", "pk": 188, "fields": {"question": 9, "submit_flag": "FLAG_IS_EbOenJrrVoImytO", "user": 11}}, {"model": "scoreserver.answerhistory", "pk": 189, "fields": {"question": 5, "submit_flag": "FLAG_IS_gjYnEeeGTNVoGWe", "user": 5}}, {"model": "scoreserver.answerhistory", "pk": 190, "fields": {"question": 8, "submit_flag": "FLAG_IS_NawWxOUKVmqaGxK", "user": 40}}, {"model": "scoreserver.answerhistory", "pk": 191, "fields": {"question": 3, "submit_flag": "FLAG_IS_gQTBzYZolSgCVLv", "user": 15}}, {"model": "scoreserver.answerhistory", "pk": 192, "fields": {"question": 9, "submit_flag": "FLAG_IS_PdQvpDEjGJrNQUI", "user": 14}}, {"model": "scoreserver.answerhistory", "pk": 193, "fields": {"question": 7, "submit_flag": "FLAG_IS_BumiQtMJErVWQRY", "user": 5}}, {"model": "scoreserver.answerhistory", "pk": 194, "fields": {"question": 3, "submit_flag": "FLAG_IS_jmxymiHgAgGdrka", "user": 20}}, {"model": "scoreserver.answerhistory", "pk": 195, "fields": {"question": 4, "submit_flag": "FLAG_IS_fwPHvkJOVRYQDDz", "user": 35}}, {"model": "scoreserver.answerhistory", "pk": 196, "fields": {"question": 4, "submit_flag": "FLAG_IS_tnplwXBnbTPYCnl", "user": 13}}, {"model": "scoreserver.answerhistory", "pk": 197, "fields": {"question": 6, "submit_flag": "FLAG_IS_UzkicODnUUuzBNi", "user": 1}}, {"model": "scoreserver.answerhistory", "pk": 198, "fields": {"question": 6, "submit_flag": "FLAG_IS_qoTscxjnPCkiadi", "user": 23}}, {"model": "scoreserver.answerhistory", "pk": 199, "fields": {"question": 9, "submit_flag": "FLAG_IS_qRZuRmtWrOkBIan", "user": 2}}, {"model": "scoreserver.answerhistory", "pk": 200, "fields": {"question": 1, "submit_flag": "FLAG_IS_lKetOUgXoXyqWbY", "user": 21}}, {"model": "scoreserver.answerhistory", "pk": 201, "fields": {"question": 4, "submit_flag": "FLAG_IS_KNIKDUmOwNvmSwx", "user": 8}}, {"model": "scoreserver.answerhistory", "pk": 202, "fields": {"question": 8, "submit_flag": "FLAG_IS_puvlGLSiDDhHmOS", "user": 13}}, {"model": "scoreserver.answerhistory", "pk": 203, "fields": {"question": 4, "submit_flag": "FLAG_IS_wLNduauCJGnAoAh", "user": 28}}, {"model": "scoreserver.answerhistory", "pk": 204, "fields": {"question": 9, "submit_flag": "FLAG_IS_TLmpnSpXYGrWmOn", "user": 46}}, {"model": "scoreserver.answerhistory", "pk": 205, "fields": {"question": 5, "submit_flag": "FLAG_IS_hhDhzAzfTlJVMGs", "user": 22}}, {"model": "scoreserver.answerhistory", "pk": 206, "fields": {"question": 4, "submit_flag": "FLAG_IS_nUAPwgCxfKnuRTj", "user": 38}}, {"model": "scoreserver.answerhistory", "pk": 207, "fields": {"question": 6, "submit_flag": "FLAG_IS_DaBwjIiRUUSlJEN", "user": 17}}, {"model": "scoreserver.answerhistory", "pk": 208, "fields": {"question": 2, "submit_flag": "FLAG_IS_ZraECKKfHtwESac", "user": 14}}, {"model": "scoreserver.answerhistory", "pk": 209, "fields": {"question": 2, "submit_flag": "FLAG_IS_KhZtnvLPwfUIixo", "user": 17}}, {"model": "scoreserver.answerhistory", "pk": 210, "fields": {"question": 7, "submit_flag": "FLAG_IS_MGXJhTHrPHHhUxU", "user": 26}}, {"model": "scoreserver.answerhistory", "pk": 211, "fields": {"question": 9, "submit_flag": "FLAG_IS_vUZgHEZlToqUwMd", "user": 9}}, {"model": "scoreserver.answerhistory", "pk": 212, "fields": {"question": 8, "submit_flag": "FLAG_IS_PetMhyIPlXiwVqn", "user": 34}}, {"model": "scoreserver.answerhistory", "pk": 213, "fields": {"question": 8, "submit_flag": "FLAG_IS_olmkOrBENgmCaWE", "user": 18}}, {"model": "scoreserver.answerhistory", "pk": 214, "fields": {"question": 4, "submit_flag": "FLAG_IS_IxOSMwXyrnvZlBu", "user": 16}}, {"model": "scoreserver.answerhistory", "pk": 215, "fields": {"question": 4, "submit_flag": "FLAG_IS_TECDzLcihvdxSBZ", "user": 13}}, {"model": "scoreserver.answerhistory", "pk": 216, "fields": {"question": 7, "submit_flag": "FLAG_IS_BUQYmweNGlXJdAp", "user": 22}}, {"model": "scoreserver.answerhistory", "pk": 217, "fields": {"question": 4, "submit_flag": "FLAG_IS_zoWsvbutkXwYqcM", "user": 8}}, {"model": "scoreserver.answerhistory", "pk": 218, "fields": {"question": 4, "submit_flag": "FLAG_IS_kXhXjyivvVBILIS", "user": 5}}, {"model": "scoreserver.answerhistory", "pk": 219, "fields": {"question": 2, "submit_flag": "FLAG_IS_ElDpNqpMmnKFwYi", "user": 33}}, {"model": "scoreserver.answerhistory", "pk": 220, "fields": {"question": 2, "submit_flag": "FLAG_IS_WQUQiKWcnPbYuBg", "user": 11}}, {"model": "scoreserver.answerhistory", "pk": 221, "fields": {"question": 4, "submit_flag": "FLAG_IS_IAglFLaWeQpfvQk", "user": 36}}, {"model": "scoreserver.answerhistory", "pk": 222, "fields": {"question": 7, "submit_flag": "FLAG_IS_htruZRPdYKuPqBK", "user": 27}}, {"model": "scoreserver.answerhistory", "pk": 223, "fields": {"question": 6, "submit_flag": "FLAG_IS_tcZCzpwbBFPXUOx", "user": 41}}, {"model": "scoreserver.answerhistory", "pk": 224, "fields": {"question": 4, "submit_flag": "FLAG_IS_pxTdgbgWjxQTxUv", "user": 5}}, {"model": "scoreserver.answerhistory", "pk": 225, "fields": {"question": 4, "submit_flag": "FLAG_IS_chCeTrHHgQjFHen", "user": 31}}, {"model": "scoreserver.answerhistory", "pk": 226, "fields": {"question": 5, "submit_flag": "FLAG_IS_ACpOUVIxpoVvMbY", "user": 31}}, {"model": "scoreserver.answerhistory", "pk": 227, "fields": {"question": 2, "submit_flag": "FLAG_IS_fuQgLDJPBieNeEU", "user": 27}}, {"model": "scoreserver.answerhistory", "pk": 228, "fields": {"question": 7, "submit_flag": "FLAG_IS_ruoaUICeeueriUa", "user": 36}}, {"model": "scoreserver.answerhistory", "pk": 229, "fields": {"question": 9, "submit_flag": "FLAG_IS_voUmIokECDeQIDw", "user": 33}}, {"model": "scoreserver.answerhistory", "pk": 230, "fields": {"question": 9, "submit_flag": "FLAG_IS_sHsxVNSppBAScOd", "user": 28}}, {"model": "scoreserver.answerhistory", "pk": 231, "fields": {"question": 4, "submit_flag": "FLAG_IS_hqHvIFASVjsnmCL", "user": 48}}, {"model": "scoreserver.answerhistory", "pk": 232, "fields": {"question": 3, "submit_flag": "FLAG_IS_hFYNTxrtozoaUFV", "user": 25}}, {"model": "scoreserver.answerhistory", "pk": 233, "fields": {"question": 1, "submit_flag": "FLAG_IS_noLcEpHKdaQtIcW", "user": 27}}, {"model": "scoreserver.answerhistory", "pk": 234, "fields": {"question": 1, "submit_flag": "FLAG_IS_EAgoxagZVlprJgU", "user": 5}}, {"model": "scoreserver.answerhistory", "pk": 235, "fields": {"question": 4, "submit_flag": "FLAG_IS_JfrJfkEoyLPJejE", "user": 12}}, {"model": "scoreserver.answerhistory", "pk": 236, "fields": {"question": 5, "submit_flag": "FLAG_IS_GIoZOEvjiNHZwrp", "user": 9}}, {"model": "scoreserver.answerhistory", "pk": 237, "fields": {"question": 7, "submit_flag": "FLAG_IS_avsdrIVYOPNUypQ", "user": 23}}, {"model": "scoreserver.answerhistory", "pk": 238, "fields": {"question": 4, "submit_flag": "FLAG_IS_EvbjGgVJUqjJSPr", "user": 27}}, {"model": "scoreserver.answerhistory", "pk": 239, "fields": {"question": 7, "submit_flag": "FLAG_IS_BQOJmDNJmBIuvaR", "user": 36}}, {"model": "scoreserver.answerhistory", "pk": 240, "fields": {"question": 4, "submit_flag": "FLAG_IS_UYARgsUthKRYpSv", "user": 23}}, {"model": "scoreserver.answerhistory", "pk": 241, "fields": {"question": 9, "submit_flag": "FLAG_IS_plcEOvwxwWYgwFQ", "user": 3}}, {"model": "scoreserver.answerhistory", "pk": 242, "fields": {"question": 8, "submit_flag": "FLAG_IS_kSmxfTbHdXBMLmc", "user": 1}}, {"model": "scoreserver.answerhistory", "pk": 243, "fields": {"question": 8, "submit_flag": "FLAG_IS_gHgSUrbVenMQRIi", "user": 11}}, {"model": "scoreserver.answerhistory", "pk": 244, "fields": {"question": 9, "submit_flag": "FLAG_IS_HBKClNLNNKblBnD", "user": 18}}, {"model": "scoreserver.answerhistory", "pk": 245, "fields": {"question": 4, "submit_flag": "FLAG_IS_sjaTOEbAWoXEfYh", "user": 6}}, {"model": "scoreserver.answerhistory", "pk": 246, "fields": {"question": 9, "submit_flag": "FLAG_IS_jpneNRvsQfiKVzo", "user": 4}}, {"model": "scoreserver.answerhistory", "pk": 247, "fields": {"question": 5, "submit_flag": "FLAG_IS_fIGZgFyOSUCpzrb", "user": 38}}, {"model": "scoreserver.answerhistory", "pk": 248, "fields": {"question": 5, "submit_flag": "FLAG_IS_vbUeAVnDJPdFTjd", "user": 41}}, {"model": "scoreserver.answerhistory", "pk": 249, "fields": {"question": 6, "submit_flag": "FLAG_IS_GAHnSrseCXWEdDo", "user": 19}}, {"model": "scoreserver.answerhistory", "pk": 250, "fields": {"question": 9, "submit_flag": "FLAG_IS_FJIELqRscvdVDDn", "user": 35}}, {"model": "scoreserver.answerhistory", "pk": 251, "fields": {"question": 3, "submit_flag": "FLAG_IS_wEAXAzQsTXhKhhA", "user": 45}}, {"model": "scoreserver.answerhistory", "pk": 252, "fields": {"question": 5, "submit_flag": "FLAG_IS_FJSCFhIxrkqkjJg", "user": 47}}, {"model": "scoreserver.answerhistory", "pk": 253, "fields": {"question": 1, "submit_flag": "FLAG_IS_XYIggHQjRQiUTbt", "user": 15}}, {"model": "scoreserver.answerhistory", "pk": 254, "fields": {"question": 7, "submit_flag": "FLAG_IS_JUToqycDWFzIxET", "user": 36}}, {"model": "scoreserver.answerhistory", "pk": 255, "fields": {"question": 5, "submit_flag": "FLAG_IS_miQhwGRGcUJkQPm", "user": 48}}, {"model": "scoreserver.answerhistory", "pk": 256, "fields": {"question": 6, "submit_flag": "FLAG_IS_ONDoHovefFJLdoD", "user": 1}}, {"model": "scoreserver.answerhistory", "pk": 257, "fields": {"question": 4, "submit_flag": "FLAG_IS_SmfmaaCAbUGHRxR", "user": 41}}, {"model": "scoreserver.answerhistory", "pk": 258, "fields": {"question": 9, "submit_flag": "FLAG_IS_klSZrDjatxSNENH", "user": 6}}, {"model": "scoreserver.answerhistory", "pk": 259, "fields": {"question": 1, "submit_flag": "FLAG_IS_hLfPxKeemaBGZYR", "user": 43}}, {"model": "scoreserver.answerhistory", "pk": 260, "fields": {"question": 6, "submit_flag": "FLAG_IS_XucmbLXPqypSLCU", "user": 34}}, {"model": "scoreserver.answerhistory", "pk": 261, "fields": {"question": 9, "submit_flag": "FLAG_IS_bokCJeJYkmrnbpY", "user": 39}}, {"model": "scoreserver.answerhistory", "pk": 262, "fields": {"question": 7, "submit_flag": "FLAG_IS_DnddyFoPOnAiPvV", "user": 23}}, {"model": "scoreserver.answerhistory", "pk": 263, "fields": {"question": 5, "submit_flag": "FLAG_IS_zuKvZxwPGCyVqdH", "user": 16}}, {"model": "scoreserver.answerhistory", "pk": 264, "fields": {"question": 9, "submit_flag": "FLAG_IS_VGMKQyXdRzJzWmL", "user": 14}}, {"model": "scoreserver.answerhistory", "pk": 265, "fields": {"question": 6, "submit_flag": "FLAG_IS_ZYEWBMQyhlZaebD", "user": 8}}, {"model": "scoreserver.answerhistory", "pk": 266, "fields": {"question": 6, "submit_flag": "FLAG_IS_uGStgAUiKqUUvpE", "user": 13}}, {"model": "scoreserver.answerhistory", "pk": 267, "fields": {"question": 8, "submit_flag": "FLAG_IS_LQIFezFfyNSXKem", "user": 49}}, {"model": "scoreserver.answerhistory", "pk": 268, "fields": {"question": 9, "submit_flag": "FLAG_IS_VbCzWvLKCXxkLOW", "user": 39}}, {"model": "scoreserver.answerhistory", "pk": 269, "fields": {"question": 7, "submit_flag": "FLAG_IS_kzCCnGdNlMLnWwJ", "user": 20}}, {"model": "scoreserver.answerhistory", "pk": 270, "fields": {"question": 9, "submit_flag": "FLAG_IS_RJixAOGvBIJgsYG", "user": 12}}, {"model": "scoreserver.answerhistory", "pk": 271, "fields": {"question": 8, "submit_flag": "FLAG_IS_BncSlIlgBeSpVGB", "user": 8}}, {"model": "scoreserver.answerhistory", "pk": 272, "fields": {"question": 3, "submit_flag": "FLAG_IS_cbMhBAXjoQoxgYR", "user": 36}}, {"model": "scoreserver.answerhistory", "pk": 273, "fields": {"question": 4, "submit_flag": "FLAG_IS_tjIwDLnDJnhFQmf", "user": 7}}, {"model": "scoreserver.answerhistory", "pk": 274, "fields": {"question": 7, "submit_flag": "FLAG_IS_FOeSXdZsWqMVZXj", "user": 2}}, {"model": "scoreserver.answerhistory", "pk": 275, "fields": {"question": 9, "submit_flag": "FLAG_IS_JSfMBdGnkvPlyKG", "user": 36}}, {"model": "scoreserver.answerhistory", "pk": 276, "fields": {"question": 9, "submit_flag": "FLAG_IS_mcJxlUXKTWkobpc", "user": 15}}, {"model": "scoreserver.answerhistory", "pk": 277, "fields": {"question": 2, "submit_flag": "FLAG_IS_cGdUrvaFxmjPtsQ", "user": 27}}, {"model": "scoreserver.answerhistory", "pk": 278, "fields": {"question": 2, "submit_flag": "FLAG_IS_FUXxLAVWiaiRaNH", "user": 11}}, {"model": "scoreserver.answerhistory", "pk": 279, "fields": {"question": 5, "submit_flag": "FLAG_IS_CAhXwISQgvjjByr", "user": 11}}, {"model": "scoreserver.answerhistory", "pk": 280, "fields": {"question": 2, "submit_flag": "FLAG_IS_VBLZaPlIbjAIgpa", "user": 28}}, {"model": "scoreserver.answerhistory", "pk": 281, "fields": {"question": 7, "submit_flag": "FLAG_IS_acKTklIbKNGCfgo", "user": 46}}, {"model": "scoreserver.answerhistory", "pk": 282, "fields": {"question": 5, "submit_flag": "FLAG_IS_JNebXTjTNpyGGyO", "user": 43}}, {"model": "scoreserver.answerhistory", "pk": 283, "fields": {"question": 8, "submit_flag": "FLAG_IS_SBTpaOKlwgJURfO", "user": 16}}, {"model": "scoreserver.answerhistory", "pk": 284, "fields": {"question": 7, "submit_flag": "FLAG_IS_PCxEztxDPMYVbpw", "user": 3}}, {"model": "scoreserver.answerhistory", "pk": 285, "fields": {"question": 8, "submit_flag": "FLAG_IS_ZzRsUwIuRZliycf", "user": 28}}, {"model": "scoreserver.answerhistory", "pk": 286, "fields": {"question": 9, "submit_flag": "FLAG_IS_VpITnQVaLcnVqzX", "user": 42}}, {"model": "scoreserver.answerhistory", "pk": 287, "fields": {"question": 7, "submit_flag": "FLAG_IS_dPalodFAhGNCHFn", "user": 9}}, {"model": "scoreserver.answerhistory", "pk": 288, "fields": {"question": 6, "submit_flag": "FLAG_IS_VXjwSrIFugNsRHn", "user": 40}}, {"model": "scoreserver.answerhistory", "pk": 289, "fields": {"question": 3, "submit_flag": "FLAG_IS_IPfJacDuRofvPoi", "user": 10}}, {"model": "scoreserver.answerhistory", "pk": 290, "fields": {"question": 6, "submit_flag": "FLAG_IS_JYLdlJomDywOuMb", "user": 5}}, {"model": "scoreserver.answerhistory", "pk": 291, "fields": {"question": 2, "submit_flag": "FLAG_IS_pEOdXLmOYfbJiOe", "user": 41}}, {"model": "scoreserver.answerhistory", "pk": 292, "fields": {"question": 9, "submit_flag": "FLAG_IS_jpUZhMDPXdrsNzM", "user": 21}}, {"model": "scoreserver.answerhistory", "pk": 293, "fields": {"question": 8, "submit_flag": "FLAG_IS_lzrHPhEwnoFaWOs", "user": 31}}, {"model": "scoreserver.answerhistory", "pk": 294, "fields": {"question": 4, "submit_flag": "FLAG_IS_VwsdqyAPLUswGoy", "user": 41}}, {"model": "scoreserver.answerhistory", "pk": 295, "fields": {"question": 7, "submit_flag": "FLAG_IS_LjAiDmeeBCrjund", "user": 25}}, {"model": "scoreserver.answerhistory", "pk": 296, "fields": {"question": 4, "submit_flag": "FLAG_IS_UWPVLXKqYfOZGgZ", "user": 12}}, {"model": "scoreserver.answerhistory", "pk": 297, "fields": {"question": 1, "submit_flag": "FLAG_IS_VyPJkhUfBFVQbNb", "user": 13}}, {"model": "scoreserver.answerhistory", "pk": 298, "fields": {"question": 3, "submit_flag": "FLAG_IS_FNbsePSxJwmkCzO", "user": 32}}, {"model": "scoreserver.answerhistory", "pk": 299, "fields": {"question": 2, "submit_flag": "FLAG_IS_sgLYQxPzILgxodR", "user": 43}}]