[{"pk": 1, "model": "scoreserver.category", "fields": {"name": "Web"}}, {"pk": 2, "model": "scoreserver.category", "fields": {"name": "Network"}}, {"pk": 3, "model": "scoreserver.category", "fields": {"name": "Binary"}}, {"pk": 4, "model": "scoreserver.category", "fields": {"name": "Forensics"}}, {"pk": 5, "model": "scoreserver.category", "fields": {"name": "Crypto"}}, {"pk": 6, "model": "scoreserver.category", "fields": {"name": "Misc"}}, {"pk": 0, "model": "scoreserver.question", "fields": {"solved": 9, "category": 6, "title": "Question_title:jgKqDlNyyMvXwtk", "url": "http://example.com/tLbbevhdWRkoeKbBGtkZorHfOgGTWq", "description": "Question_desc:uHErfLrlDtOPfbuNsvckXVvkKhSnxoTXWAwykfelCqtjQTtlnIGbxzjriZNQUguVeeCSINBFTmpLuXPsIEfvGMwtkHWbiLpzyxPL"}}, {"pk": 1, "model": "scoreserver.question", "fields": {"solved": 15, "category": 6, "title": "Question_title:JsWMJQaYhRaqxbx", "url": "http://example.com/wVDuxNtZInLeMPmEvlxRpemNywdmbx", "description": "Question_desc:tSlGZxGNbWbxLgLMJjMoEsQcmrMhRHdNIxMMRdkDxrGwoZwMhmXxfIDtwtvagcOiWAHldOjFTkDnXoufTjNrxZGWSRBXXgsszPJV"}}, {"pk": 2, "model": "scoreserver.question", "fields": {"solved": 20, "category": 2, "title": "Question_title:ITOnJRTKemZDWYx", "url": "http://example.com/EoaGEzKAYzmBQvTWxiRoFBcnZVjqJt", "description": "Question_desc:JSCGKEdOvMTdZvCdTGQpXOrAinApCEMDznxwSpxbJTcTjQPUdqLprCekwOuovOcREmdTeYgmFthmEWtpHphGZfjMLjbrNrBbzdLZ"}}, {"pk": 3, "model": "scoreserver.question", "fields": {"solved": 1, "category": 3, "title": "Question_title:BChCmjypNTdCqVW", "url": "http://example.com/nwMuqFZESRqOiNkbxJwHjxoXtDlzSb", "description": "Question_desc:SCvgBBCOmfHLNdKFLmkTDlwjxMwZBdCRlJKKnKmLPUIrtMIHZmNdqkOvuCWjedbAEDfQDBmsAwEnYnbpebezgsYzqnMOxyHRQrUU"}}, {"pk": 4, "model": "scoreserver.question", "fields": {"solved": 3, "category": 5, "title": "Question_title:saStAUAzqpjNdzW", "url": "http://example.com/PXXMzqJvmHDHOBZqvqZetSsOnwoyyZ", "description": "Question_desc:hoTHJsgsRfohDgXNdTHoHAcuEntNvZSSjbDbOlhIBEKNfciZsotofgoPIfSWBhBeqGZiLhibstvshzVrrYPhgFefiefNMUDbcXjy"}}, {"pk": 5, "model": "scoreserver.question", "fields": {"solved": 3, "category": 1, "title": "Question_title:NTJoknvCOzujlth", "url": "http://example.com/QUWqPeaFsDShxSvCatzYbTwkWZyIPp", "description": "Question_desc:rBOWSRaVRhhHKXytHuovroyQIzgIhYkFuGCownKTlftwpmjEphrZKrTIRqLtMwzLWrXRtDDFimRLeWZDNAKXfdmUxCfrWqXjHNmk"}}, {"pk": 6, "model": "scoreserver.question", "fields": {"solved": 5, "category": 4, "title": "Question_title:CxDpNGOilQwrmBK", "url": "http://example.com/WxRoVmJSaxErKHvbFcGADjqZWEwUkV", "description": "Question_desc:xOLvReOMxZfJxjBKVvMXCPZiRbZFIJeNYUaMmgemnSvDholbRKYrEqTrqxJyEgHsYZQXPzfGlvqtcmMyXQMenhCzMOKntUbfMAff"}}, {"pk": 7, "model": "scoreserver.question", "fields": {"solved": 14, "category": 2, "title": "Question_title:XXQdaaDImeoLPMJ", "url": "http://example.com/lCRfdNEZQyTcxkrGKsifLuyeseWaCM", "description": "Question_desc:XmhlBveRHMNvDcWiqUfGdUMCWFabPfAMOyozapAsTfVJipglkouEnBblPSKfjZNBvQCPlOfpiBmvwfWlLawgMZrziFKimAFbggtL"}}, {"pk": 8, "model": "scoreserver.question", "fields": {"solved": 3, "category": 6, "title": "Question_title:sGRqAGjZNSgebuk", "url": "http://example.com/QtJYmvBhISrPVMBmPAFxGEenIyqCHO", "description": "Question_desc:esHgoofIWiGsSoxUPVEEnAzpVkdzsAHrxPBOvOrnOTdFATGDGoVwVFNtmUxqHewQwNMRkkvjxrgWpEYUCvROmWvnsrmlbYUywQpl"}}, {"pk": 9, "model": "scoreserver.question", "fields": {"solved": 13, "category": 6, "title": "Question_title:gaijEDyHMNRmKan", "url": "http://example.com/LbeqoQYPboCufvyHmCxuDuGAiMVivH", "description": "Question_desc:qibzZCIajsMPLiuTxvXsZJbRqmfnWIUmuqKCVaHpkaxYFFhpfNylhRSWbtjoNttwqInGBXafwyYOWCWGnASscamXrMcXjzkzQdej"}}, {"pk": 10, "model": "scoreserver.question", "fields": {"solved": 17, "category": 3, "title": "Question_title:DnaTPrZqAIqBzuA", "url": "http://example.com/awmoUQuWIoYMpCJgRrGakHTgVFSDNa", "description": "Question_desc:JHydKLTYlxLENrxvWBQxSrQvImepOMxLmHGhcYqwZsGhFemHWzGlaWxhXlWLSLTUREDySbKjJKneehWXidHNXfRGpUpOlbAhbmxn"}}, {"pk": 11, "model": "scoreserver.question", "fields": {"solved": 7, "category": 6, "title": "Question_title:MYfIeAomlfYZMqU", "url": "http://example.com/msYhJRvryAbRUFvGVciHwVwxOWmnaP", "description": "Question_desc:KBfuVjfNSofPbUgiuXQqgPJRQQDPXxIHaHiDnYviFVNNqtTuyRKgyuOmLlYTxGYzcWSBGsQCSufCkkuwpWwiCffVJdXAofMUJnCh"}}, {"pk": 12, "model": "scoreserver.question", "fields": {"solved": 4, "category": 1, "title": "Question_title:asxaQQMEqXQpRlD", "url": "http://example.com/PvMXGGCiVquPvMXVNWVVCCHXPueDnB", "description": "Question_desc:JDmdQynPTzFmeVYNmlvmjeJrivzLrQsDLMrHNDTNflvHLnmbvTJzQXwCstsditkGlLDDukqRpMsUIOSwQEwTukZRdcJMBHsmoKhG"}}, {"pk": 13, "model": "scoreserver.question", "fields": {"solved": 5, "category": 6, "title": "Question_title:qWCfxDYxbSjIKAx", "url": "http://example.com/jnRStYkovbmMCsBKPEUaPwsVqAMrdQ", "description": "Question_desc:EcjhJjSIWopExkPYNelAzFUvDztarcYuPfDPXjGaqnoZVUrqmgXXAMctZgZyhkVJQQdcRGCKGydJhkxkTJGleozFvZZtUkAbXnLF"}}, {"pk": 14, "model": "scoreserver.question", "fields": {"solved": 5, "category": 1, "title": "Question_title:mTEXpLxzlIhnkmy", "url": "http://example.com/vbFsYRuiUOjuFixtNuuVssfLWUmTKb", "description": "Question_desc:EADRJPoSevdLYMxmvUNIFihivSzqMDGzgiqiQYyXdrkfLsDqjlQSLReJzSHRsyMpBDWOtrvbixhqpzfkqIZNcgeGHPZzKVysprYE"}}, {"pk": 15, "model": "scoreserver.question", "fields": {"solved": 8, "category": 6, "title": "Question_title:cYTIXZEbbJeMYlg", "url": "http://example.com/CtvCVsMvEYdJqbCkoqzltDmzJwPgsa", "description": "Question_desc:wVXVEWzdBEmwkLlSvGBWkyOmDLEqzvYGdlTSrQRIpKFsNaHPnAbeqcicUJPAgjTiqtSFzMSvmGXMfIadXrVxriEiBDRQpiXHaOQg"}}, {"pk": 16, "model": "scoreserver.question", "fields": {"solved": 19, "category": 3, "title": "Question_title:hPeUQRKTMUyytOQ", "url": "http://example.com/uVLNXXXacujaBaPwEgNNCtoOFKbmMB", "description": "Question_desc:ptVsPncuSQgRIpDMJPgSLryuYfLCDuOxOsYswZGefNIdPLZfQnYfvwUOSRybKIEOwkPtjCPZfqGyLLLrbgquplrgyQOpkdpGMxJo"}}, {"pk": 17, "model": "scoreserver.question", "fields": {"solved": 12, "category": 4, "title": "Question_title:PfgitnuWjPaXuau", "url": "http://example.com/tPotWOuQZnylXzcOhbjepDYTzxeziP", "description": "Question_desc:ifENWYGjGTrKEUXFCZeFYQcKTWYnBzZyWMHwgNwpMEsCWybInhsKlLtcXMjgurzCMggfZtsbhVjDluYUHUNqHblTOUarpSNiRoCm"}}, {"pk": 18, "model": "scoreserver.question", "fields": {"solved": 20, "category": 5, "title": "Question_title:YzeJaffLdcuKjmL", "url": "http://example.com/JuOWFaagvMIHaqageCasyNeZShhgBm", "description": "Question_desc:iQDSIfxSnsTAmmiUzsnxgyzvAFvEkBSwVtWhaLlvAbzZidlEVhIyWxvXKHKLZxFZLOSPsnlWHxGIJAzykxJleoQasSgkLULgVOkm"}}, {"pk": 19, "model": "scoreserver.question", "fields": {"solved": 13, "category": 1, "title": "Question_title:golTqCKvhXYyoLS", "url": "http://example.com/sXNBCEAvSZSRbpbqaHjFVpSEgSonJi", "description": "Question_desc:UAunrkAOOqGtQJtrBLaEFKjisKzOrtrudhOSukSwkcyCPAfyvPeSKwkuqpBgaIdxjtzgRVOudjJLgnjOgRIhNHjuytKvONNcuMed"}}, {"pk": 20, "model": "scoreserver.question", "fields": {"solved": 12, "category": 6, "title": "Question_title:FscPuoIWxFImAFg", "url": "http://example.com/ZagkOQzLBlHNHJtuxNJcEVeRlxNaPX", "description": "Question_desc:iwUYVhkOIVoFcaNNAoWeDzlOHmGmdKlgBFEEnXFGwahoxdMPutPEqNKlkVLMOqrhWWhQpGjCCpJsZAfiurquOvMYQMlHhZliFNBo"}}, {"pk": 21, "model": "scoreserver.question", "fields": {"solved": 4, "category": 3, "title": "Question_title:riytzmUwkpRRvVm", "url": "http://example.com/UyAlhZSmHalzxCbxqRndPLctIACPsd", "description": "Question_desc:xBHzfFfSvrLTBJlxISHHXeVbXOoFjAoPqVSMePwbOJEcrDVitWmVNlkpIwyjMfwJYiBwPDXxBqpSbanLWRNnPMlVMMPzLfUfxYAS"}}, {"pk": 22, "model": "scoreserver.question", "fields": {"solved": 13, "category": 5, "title": "Question_title:MYhLEDSzpLxDDAz", "url": "http://example.com/mAbaLGqzDZvEKUVwRPcowUlRoSrrzt", "description": "Question_desc:voypONXDNKSqiifeaMYjpjaOxtHdNBuQqbDKwiiicIpJdgVZCfoORoigoPQvDQCaSmmUuOrRZJBrJxSqnPiyafWFwKkTfPUQuvas"}}, {"pk": 23, "model": "scoreserver.question", "fields": {"solved": 11, "category": 5, "title": "Question_title:dAvBBKiehXePuSf", "url": "http://example.com/QuYsZkLAKdEESJdhoqBweMMGtuCcbh", "description": "Question_desc:sNNaHWQvUbJEEWLqCztutRnMwWtscJFrfihWMgtqAmZsKKAJdqQImoHjKwwxoAKXwkEvspQUWANByOrZQOxICqKbMtFnTDYGtCOG"}}, {"pk": 24, "model": "scoreserver.question", "fields": {"solved": 19, "category": 4, "title": "Question_title:XEgKyOwdFyuCxgt", "url": "http://example.com/MVFeSirQdxMUnzEiFbSnLgbClAbzaN", "description": "Question_desc:GUGGPDjHCAycTPFuQgXZngJcaVwVnaQSsERPokWPWvQcYduGTcIUqHWILpGIyyiRRzXNAxMTiNsyGdrozQiwNmpDAXzUYhkUVUbi"}}, {"pk": 25, "model": "scoreserver.question", "fields": {"solved": 14, "category": 6, "title": "Question_title:IfBdPUzmOeFkSxu", "url": "http://example.com/XNmczxsoZcqORwZUINKnLfntUFbyur", "description": "Question_desc:vjXQwbZObOvUuMdwNIuQPSfRCwxbpuIdVUvQIDoxxrSDrWJSmXOPjCcqAKhLhQCUwIvVVoBNRCBHNbbamkojWtdAEVVwFaiBeDQA"}}, {"pk": 26, "model": "scoreserver.question", "fields": {"solved": 0, "category": 4, "title": "Question_title:iAFvRafLMUpXVYa", "url": "http://example.com/UBDGpCFSDoTnUOjXwRNjdXbjZuHPXQ", "description": "Question_desc:JAIRttlrJHeYXWaJwinOpnxCNKVSJjFGLUOYTJNKvCPHCyoCImRhLBcRrupSMXgbyaZDwZrICLKYaJhVTVFMimLqPkJjKneOaHpe"}}, {"pk": 27, "model": "scoreserver.question", "fields": {"solved": 14, "category": 5, "title": "Question_title:IHWetkThRQcioWW", "url": "http://example.com/dRBTaGhIbuYJGglpIuXDrWfWFhxDyN", "description": "Question_desc:XHkqeeYccTUoWvVncIqTNPodQUEYaVQKmvhHJxjyGdutDNgUNbxAdvIxJiivMoZpePLczHgiSjfojgTHaUkpaOgfTbYvjQyRNRri"}}, {"pk": 28, "model": "scoreserver.question", "fields": {"solved": 0, "category": 3, "title": "Question_title:vxtcfwXpNnjjyni", "url": "http://example.com/inyjOxeaMdsMBqgwsRjcszuepSSjYS", "description": "Question_desc:soNnJlaZidesqyHQaLkDWfCcTdKLskAaWVLeqIDYaEZskiVvFMOgsMwjzjztmATEfyvqTJJFnGmEtiqaFnNmVbZmTVKrYWfLekaV"}}, {"pk": 29, "model": "scoreserver.question", "fields": {"solved": 12, "category": 1, "title": "Question_title:GEznlirhyXjGPJe", "url": "http://example.com/hyeBptmdzBTbXqpJgEuNDPcoGOcQaj", "description": "Question_desc:FtLUZyRywiLdjMoeUCxjFjxNLNJdKjmRNDmyuAUBoxRAjLrObOtVHTuCdxjJuNPPgTAWATpyJmHZUFAxEkrXhxIBgZcNYniUWbRk"}}, {"pk": 30, "model": "scoreserver.question", "fields": {"solved": 13, "category": 1, "title": "Question_title:KiMaarfCBUXzeDI", "url": "http://example.com/KRavsslURCDYYdKpxHnEDzGtCQiwfB", "description": "Question_desc:iIypFlbEOwUFmNxgrHJQVsRTjKxDXTqLNahLsvdxtYSakGcQyjukKAxgdtCOLYBmmVroHHeBQonCzkQxvOHiSPjVWETFzOmPcdTu"}}, {"pk": 31, "model": "scoreserver.question", "fields": {"solved": 13, "category": 2, "title": "Question_title:isRcrUhHSYDSXPB", "url": "http://example.com/cOiqyZPgFtQAPChVvJygYzOhCGqhIa", "description": "Question_desc:IheEQltZbOnvCoPDitQVoabJPykDryFbhlEcvJKrjcqCZOWIyBkLUenYgsULqBEviehGdpIQSpbRtBNWJFSewJTlPJLfGiwCIijU"}}, {"pk": 32, "model": "scoreserver.question", "fields": {"solved": 0, "category": 3, "title": "Question_title:hzdXeTVIwRhTqfc", "url": "http://example.com/kJaqelCoeGxNUvCHeHbdhQrDWKQDJU", "description": "Question_desc:ZocBlYnnfjYbSbGwOqNPZgHVRezgURfHHrTbkXdDJfnAIJweZAOLCeSQRkayYpBfEBBxlgycAjfPhVbFvXUXtxnmVRhHPtOyJDsW"}}, {"pk": 33, "model": "scoreserver.question", "fields": {"solved": 6, "category": 6, "title": "Question_title:XOvwErkYhkkHPSk", "url": "http://example.com/LwugSuweuwnXRIvmUnpZovWKLnDXyV", "description": "Question_desc:xrqFtfBxYjNxuLxqNohgxgxKKphvJqyCJcfxkoBzHPlLDqyfmilBhlGBiPEfSLGmrtWQnsMyhNokMdKufIsLxxMnTvRzeDWAbmUv"}}, {"pk": 34, "model": "scoreserver.question", "fields": {"solved": 0, "category": 4, "title": "Question_title:agCXdWwfhMndRfM", "url": "http://example.com/JgyNoswDtPYaTQkODnntmfDDbczAUw", "description": "Question_desc:RIaKyIpknbKJgAdpsBRbUhSLtbcbACPuYDveisPvLlfrdoErXJRdfjSLFKOzhohFNqShiZGnSpJvVZGFhyoqTLZGnuCxmMfsDnwH"}}, {"pk": 35, "model": "scoreserver.question", "fields": {"solved": 9, "category": 6, "title": "Question_title:SwzLOoCNdZUnBLL", "url": "http://example.com/kpgEiaLiweCReecQJTTTSlhzQSWmKr", "description": "Question_desc:AJSIdMtWpFKEJpOBFyWiJlSpvlqKhfZTmsSJWAphpjzvZmhVWgNOztXaznasauhyFnVwgjuqbbTBybZASOaiBAYMZLSLJOrSeuuV"}}, {"pk": 36, "model": "scoreserver.question", "fields": {"solved": 18, "category": 5, "title": "Question_title:YXUNphyHBLBzXyu", "url": "http://example.com/rKdZXhhgJoLDObHqSNLpnTGlkSJXhl", "description": "Question_desc:IojmQBndGLyJNcEnmfeDxbEiupCwAXjcudRfGvMzAbOYHZKiIHNyPMtDRggaJPHVWjDtTQyhyeYoBIZbhuLDEaTYpeIWzjUnXoBO"}}, {"pk": 37, "model": "scoreserver.question", "fields": {"solved": 7, "category": 5, "title": "Question_title:fmRXiElZNWBSlLo", "url": "http://example.com/zcsICIePizlWfgBzmjzNpfYwDshQJA", "description": "Question_desc:jczvIWUQypgidWYqTOAmLdUvqvizwEsvZatkvIhfVcFQutFmmhidTMVFKwMPswsZlDgzvrqNoQdnZGLtivmcEBLMehLIPHjlYfRC"}}, {"pk": 38, "model": "scoreserver.question", "fields": {"solved": 11, "category": 2, "title": "Question_title:ciqNMljeJeupsvh", "url": "http://example.com/UxViKZOcAPTYUCwNbbSbJPnfdOzUGJ", "description": "Question_desc:DBjHgcxxgYefRSPnACkwBHwqEcaHqLBETDXzdJSgmyMQUHjHXgtTNJTmPNzUHYjMrkCpAcTGDSLpLNgzHAjaZDONAeiHlXOyOZHC"}}, {"pk": 39, "model": "scoreserver.question", "fields": {"solved": 12, "category": 6, "title": "Question_title:WlumGxpETJwLAqA", "url": "http://example.com/mMjTYHVjZhJneimfymCisXxIatlThe", "description": "Question_desc:BaVOvBgztrWFhpKEEGtrTPcOsEleQnCmbaBQScoqOCBSUdUgtYAhpaBGMawspCNtXEisuMWwRUsUWUhGyWyImjvxKHcotNpCtuhD"}}, {"pk": 40, "model": "scoreserver.question", "fields": {"solved": 0, "category": 6, "title": "Question_title:PAPTjiHGzMXVeGw", "url": "http://example.com/ZOkfDMFNDCPoPFbVkAwbcHrPswXqOy", "description": "Question_desc:dtDovNxbvilRNpMmywYWdXrKWCmaiDsLhpDQhGdpjGzkUAsicXByJZVTdCIjkNMTkESYtmgEVVyQqUEjpLHokVdlzxeHmVgtiBjx"}}, {"pk": 41, "model": "scoreserver.question", "fields": {"solved": 19, "category": 3, "title": "Question_title:LQwfsirXlbNbplW", "url": "http://example.com/vokXzrJjjPpjurkuADZBbCYyunbvQQ", "description": "Question_desc:YGgKtWPcUNZKfATXToOKXHZXtMAcPPuSjHREyvASTXrlbkQjSQifJuWmtZqsqbZOBBDIELLRmHjbxZAUrPKaJgMUPVHVVZvTESDu"}}, {"pk": 42, "model": "scoreserver.question", "fields": {"solved": 11, "category": 2, "title": "Question_title:oIAPrknwazeORMs", "url": "http://example.com/IkaCMUwUVVrHMdaIONDRDHxArUpASw", "description": "Question_desc:LTfXPWpBLWUcCBLstsfTHMUsKxeWWZiGgHZgDtGfovJPnVxwXMzxFDWxfEMPRAGbJqNQJgkCcTHbKwhTDtQIgHvVPGbzQSxoPxOb"}}, {"pk": 43, "model": "scoreserver.question", "fields": {"solved": 13, "category": 4, "title": "Question_title:GEzboeqUgJdoeJX", "url": "http://example.com/ApuNWbYVLSmHiUwHTqXcKSEyYUZveM", "description": "Question_desc:EQDdKmKGllnecUALuWpsvgHulBMOWshuytYZNaefdBTmSiWBSDpAVBYWbqAgNkLypJjNsiyaDYcWdiLocStcrswdLrLnwJwIqCAA"}}, {"pk": 44, "model": "scoreserver.question", "fields": {"solved": 9, "category": 1, "title": "Question_title:fndpELpkaupdBqZ", "url": "http://example.com/rBUfydsNuPVkOheqgpSsESRAfPRaEm", "description": "Question_desc:ITXBEWVhQtUwjQQHfLFNWDZXbhKNYdVWMNUFahFaHqUOXYguJGOYiOwFfcDBujbUVWGqeCSlGEBqJQocebQjGZqMmtkXhyFxNwnm"}}, {"pk": 45, "model": "scoreserver.question", "fields": {"solved": 16, "category": 3, "title": "Question_title:eGqBLOThnJLpHzs", "url": "http://example.com/dDjaPfLfTvmzGskmWPAAmpzEjKEeox", "description": "Question_desc:BVYpXMgkRgTOyTGcjfYKetBrClLVrPeWzxRoJNyYqIyDJftaNtwYUZvrmwfWnvNqUPQhSmvDcBOSBxkcEYQgpBfCkBnrNRYsCYvt"}}, {"pk": 46, "model": "scoreserver.question", "fields": {"solved": 11, "category": 1, "title": "Question_title:sTVlpnBBfSItAXD", "url": "http://example.com/GBGRTKtTvqeVxswrIOorJBINwVLWzz", "description": "Question_desc:LuxOSGSgARHdGPgFgPsPIcgaDjgjmFEpffpphaxfzrCEKiUNZFGLOjwteyGwmXSjiONbHBltarceIJpSuZOIONuEJEKuTGaxboDW"}}, {"pk": 47, "model": "scoreserver.question", "fields": {"solved": 5, "category": 4, "title": "Question_title:STYWWgfWSkMGvMW", "url": "http://example.com/IuAdwMfDiEFjuArTJCRaWfXqNtmRSb", "description": "Question_desc:VaAsIAWEaOtiVpIDgxOybsnILGMOZaXPblKWUqtwDAUlUCaGeOnopytYzFuaiNnBsMFvdeewkurxtJrGUtnWBdRLHVyncgDsamAH"}}, {"pk": 48, "model": "scoreserver.question", "fields": {"solved": 9, "category": 2, "title": "Question_title:UNQyHBtGsptsArE", "url": "http://example.com/GugFTJYqdpKEszqhoqXBVJfGEIeMPW", "description": "Question_desc:cmovrlIPCMGSJcpeEdhtXucXwouVBqxiLrREXYoKBIXBAPfvgSIIMATKwNNZbAzlHyIqOFJjeCTmOsDjiGIuIRQfGeJfqxpWInSg"}}, {"pk": 49, "model": "scoreserver.question", "fields": {"solved": 19, "category": 3, "title": "Question_title:glfIOSmIUOIQxMp", "url": "http://example.com/czcCOAYyxcVfuRsayJcfKqZtykQozX", "description": "Question_desc:fTPfCnBBszDwuLbgNGAhSDbDbjVEAjMJvDNAJaCvzUhSsKbnuIkEjhOPZqofHVZKGOcrqJUftVmpkKJxcSRkZFldAabIqoYiSCoJ"}}, {"pk": 0, "model": "scoreserver.flag", "fields": {"point": 900, "flag": "FLAG_IS_[0]", "question": 0}}, {"pk": 1, "model": "scoreserver.flag", "fields": {"point": 200, "flag": "FLAG_IS_[1]", "question": 1}}, {"pk": 2, "model": "scoreserver.flag", "fields": {"point": 100, "flag": "FLAG_IS_[2]", "question": 2}}, {"pk": 3, "model": "scoreserver.flag", "fields": {"point": 1000, "flag": "FLAG_IS_[3]", "question": 3}}, {"pk": 4, "model": "scoreserver.flag", "fields": {"point": 200, "flag": "FLAG_IS_[4]", "question": 4}}, {"pk": 5, "model": "scoreserver.flag", "fields": {"point": 600, "flag": "FLAG_IS_[5]", "question": 5}}, {"pk": 6, "model": "scoreserver.flag", "fields": {"point": 1000, "flag": "FLAG_IS_[6]", "question": 6}}, {"pk": 7, "model": "scoreserver.flag", "fields": {"point": 200, "flag": "FLAG_IS_[7]", "question": 7}}, {"pk": 8, "model": "scoreserver.flag", "fields": {"point": 800, "flag": "FLAG_IS_[8]", "question": 8}}, {"pk": 9, "model": "scoreserver.flag", "fields": {"point": 1100, "flag": "FLAG_IS_[9]", "question": 9}}, {"pk": 10, "model": "scoreserver.flag", "fields": {"point": 400, "flag": "FLAG_IS_[10]", "question": 10}}, {"pk": 11, "model": "scoreserver.flag", "fields": {"point": 500, "flag": "FLAG_IS_[11]", "question": 11}}, {"pk": 12, "model": "scoreserver.flag", "fields": {"point": 1000, "flag": "FLAG_IS_[12]", "question": 12}}, {"pk": 13, "model": "scoreserver.flag", "fields": {"point": 400, "flag": "FLAG_IS_[13]", "question": 13}}, {"pk": 14, "model": "scoreserver.flag", "fields": {"point": 700, "flag": "FLAG_IS_[14]", "question": 14}}, {"pk": 15, "model": "scoreserver.flag", "fields": {"point": 700, "flag": "FLAG_IS_[15]", "question": 15}}, {"pk": 16, "model": "scoreserver.flag", "fields": {"point": 1100, "flag": "FLAG_IS_[16]", "question": 16}}, {"pk": 17, "model": "scoreserver.flag", "fields": {"point": 200, "flag": "FLAG_IS_[17]", "question": 17}}, {"pk": 18, "model": "scoreserver.flag", "fields": {"point": 400, "flag": "FLAG_IS_[18]", "question": 18}}, {"pk": 19, "model": "scoreserver.flag", "fields": {"point": 700, "flag": "FLAG_IS_[19]", "question": 19}}, {"pk": 20, "model": "scoreserver.flag", "fields": {"point": 800, "flag": "FLAG_IS_[20]", "question": 20}}, {"pk": 21, "model": "scoreserver.flag", "fields": {"point": 800, "flag": "FLAG_IS_[21]", "question": 21}}, {"pk": 22, "model": "scoreserver.flag", "fields": {"point": 400, "flag": "FLAG_IS_[22]", "question": 22}}, {"pk": 23, "model": "scoreserver.flag", "fields": {"point": 800, "flag": "FLAG_IS_[23]", "question": 23}}, {"pk": 24, "model": "scoreserver.flag", "fields": {"point": 100, "flag": "FLAG_IS_[24]", "question": 24}}, {"pk": 25, "model": "scoreserver.flag", "fields": {"point": 1100, "flag": "FLAG_IS_[25]", "question": 25}}, {"pk": 26, "model": "scoreserver.flag", "fields": {"point": 900, "flag": "FLAG_IS_[26]", "question": 26}}, {"pk": 27, "model": "scoreserver.flag", "fields": {"point": 1000, "flag": "FLAG_IS_[27]", "question": 27}}, {"pk": 28, "model": "scoreserver.flag", "fields": {"point": 1000, "flag": "FLAG_IS_[28]", "question": 28}}, {"pk": 29, "model": "scoreserver.flag", "fields": {"point": 600, "flag": "FLAG_IS_[29]", "question": 29}}, {"pk": 30, "model": "scoreserver.flag", "fields": {"point": 400, "flag": "FLAG_IS_[30]", "question": 30}}, {"pk": 31, "model": "scoreserver.flag", "fields": {"point": 400, "flag": "FLAG_IS_[31]", "question": 31}}, {"pk": 32, "model": "scoreserver.flag", "fields": {"point": 800, "flag": "FLAG_IS_[32]", "question": 32}}, {"pk": 33, "model": "scoreserver.flag", "fields": {"point": 1000, "flag": "FLAG_IS_[33]", "question": 33}}, {"pk": 34, "model": "scoreserver.flag", "fields": {"point": 1100, "flag": "FLAG_IS_[34]", "question": 34}}, {"pk": 35, "model": "scoreserver.flag", "fields": {"point": 100, "flag": "FLAG_IS_[35]", "question": 35}}, {"pk": 36, "model": "scoreserver.flag", "fields": {"point": 600, "flag": "FLAG_IS_[36]", "question": 36}}, {"pk": 37, "model": "scoreserver.flag", "fields": {"point": 800, "flag": "FLAG_IS_[37]", "question": 37}}, {"pk": 38, "model": "scoreserver.flag", "fields": {"point": 400, "flag": "FLAG_IS_[38]", "question": 38}}, {"pk": 39, "model": "scoreserver.flag", "fields": {"point": 900, "flag": "FLAG_IS_[39]", "question": 39}}, {"pk": 40, "model": "scoreserver.flag", "fields": {"point": 600, "flag": "FLAG_IS_[40]", "question": 40}}, {"pk": 41, "model": "scoreserver.flag", "fields": {"point": 500, "flag": "FLAG_IS_[41]", "question": 41}}, {"pk": 42, "model": "scoreserver.flag", "fields": {"point": 200, "flag": "FLAG_IS_[42]", "question": 42}}, {"pk": 43, "model": "scoreserver.flag", "fields": {"point": 400, "flag": "FLAG_IS_[43]", "question": 43}}, {"pk": 44, "model": "scoreserver.flag", "fields": {"point": 1000, "flag": "FLAG_IS_[44]", "question": 44}}, {"pk": 45, "model": "scoreserver.flag", "fields": {"point": 1100, "flag": "FLAG_IS_[45]", "question": 45}}, {"pk": 46, "model": "scoreserver.flag", "fields": {"point": 300, "flag": "FLAG_IS_[46]", "question": 46}}, {"pk": 47, "model": "scoreserver.flag", "fields": {"point": 800, "flag": "FLAG_IS_[47]", "question": 47}}, {"pk": 48, "model": "scoreserver.flag", "fields": {"point": 400, "flag": "FLAG_IS_[48]", "question": 48}}, {"pk": 49, "model": "scoreserver.flag", "fields": {"point": 1000, "flag": "FLAG_IS_[49]", "question": 49}}, {"pk": 0, "model": "scoreserver.user", "fields": {"password": "pbkdf2_sha256$24000$vmxPZ9lSIOYr$ZllURcTX6hk1/rdG5rxl9i3A/7TTeHNNnwvcqUhOsIs=", "username": "user0"}}, {"pk": 1, "model": "scoreserver.user", "fields": {"password": "pbkdf2_sha256$24000$BRnrtVrPn8YO$zuW7iq9I6tIk39WlFTxMuzGJ+/24IilQNHyTBHIpLP0=", "username": "user1"}}, {"pk": 2, "model": "scoreserver.user", "fields": {"password": "pbkdf2_sha256$24000$6KQCk4qMbNNg$FfoBmvS2bXdLHn/kXCIl4Eh7yvWPMFUtYetQbDQ97pY=", "username": "user2"}}, {"pk": 3, "model": "scoreserver.user", "fields": {"password": "pbkdf2_sha256$24000$t0guaIPyrk4z$UNzeWI/6ccN5UNjJBOR3SYEnnY+TlE8bQlNR1K+QjZo=", "username": "user3"}}, {"pk": 4, "model": "scoreserver.user", "fields": {"password": "pbkdf2_sha256$24000$ot6q3tAUzLkm$AOzGsNMZlBqYobzbhn26HYg5suSvkaLcz9pV1KLgeH4=", "username": "user4"}}, {"pk": 5, "model": "scoreserver.user", "fields": {"password": "pbkdf2_sha256$24000$df25FeA88AZV$qnCKevXeCE80BFD+BwRryJNXLWL37/ZXgWT070gRyh8=", "username": "user5"}}, {"pk": 6, "model": "scoreserver.user", "fields": {"password": "pbkdf2_sha256$24000$yyhM45OG6ISm$sKpFfgyJ+2yBRQCptKbj3/yb7dq7jartZjoEa/UbbRA=", "username": "user6"}}, {"pk": 7, "model": "scoreserver.user", "fields": {"password": "pbkdf2_sha256$24000$pr8ZC70FUdj1$mx+JG3SLs7fq2IhzmbDRfYUVcJsm8tm7mAnn+uz4G2A=", "username": "user7"}}, {"pk": 8, "model": "scoreserver.user", "fields": {"password": "pbkdf2_sha256$24000$Ll3w44tmGvUF$+FxVBbNFHrG8OjLI4YExM/Ft+VmGf4otXDzaNTg7+Y4=", "username": "user8"}}, {"pk": 9, "model": "scoreserver.user", "fields": {"password": "pbkdf2_sha256$24000$x5XtU6H0gxQ0$8hkO3ShW/EtQKiIiPLYbvFjGn6Zn2HvVq+iB048T/mE=", "username": "user9"}}, {"pk": 10, "model": "scoreserver.user", "fields": {"password": "pbkdf2_sha256$24000$wcvAI3ZvZOuq$EiWUdcef+y6Yq51aF2HpJunw0irfsGnutFopL3tmWc0=", "username": "user10"}}, {"pk": 11, "model": "scoreserver.user", "fields": {"password": "pbkdf2_sha256$24000$DLt3uPZ6dy8m$KgbxhRkA0+jT4//jrorM3/DnJKVLmfcwmF/cCoUFtl8=", "username": "user11"}}, {"pk": 12, "model": "scoreserver.user", "fields": {"password": "pbkdf2_sha256$24000$p0qUtfoQmyM2$ZdEyefGtmB7gN7m+UTNAKk9NhvFv5eB3+fc7vTWsPAQ=", "username": "user12"}}, {"pk": 13, "model": "scoreserver.user", "fields": {"password": "pbkdf2_sha256$24000$fkSzLdHDF5GY$tRQbDYwVhFalHL6CG9KKKgNiZ5DmgEWkQPWShIVNnAQ=", "username": "user13"}}, {"pk": 14, "model": "scoreserver.user", "fields": {"password": "pbkdf2_sha256$24000$ZUjYCIwTmqtE$vRNA1M5c0AUdxlSqiijHSyOiOgpRWochWtziaVuZKt8=", "username": "user14"}}, {"pk": 15, "model": "scoreserver.user", "fields": {"password": "pbkdf2_sha256$24000$m0iExL5K1pMU$e9iJ183wjMnwHj3in8K3VNSPTXeDeISVMo4f0k6a2wA=", "username": "user15"}}, {"pk": 16, "model": "scoreserver.user", "fields": {"password": "pbkdf2_sha256$24000$P6NHnhas0s1N$jRoF+DX5nWp5p0je4a44Qx8sQDgHCLaUIdX44u9neKE=", "username": "user16"}}, {"pk": 17, "model": "scoreserver.user", "fields": {"password": "pbkdf2_sha256$24000$A738P8zmhmvd$HddIaIHYPjbmDofk9QnexwJj68b11Fzh5KUrk264Row=", "username": "user17"}}, {"pk": 18, "model": "scoreserver.user", "fields": {"password": "pbkdf2_sha256$24000$YK5FXrheBJ8Q$gNIWcDyxGy2CRF58y+EypuTUE3ml5o9ntvpN3xxEt8U=", "username": "user18"}}, {"pk": 19, "model": "scoreserver.user", "fields": {"password": "pbkdf2_sha256$24000$qOEpcGquL0rN$p6YcJDgzvnTFMBlxB6oLmEW55jr05AAZuVM0CQINjUY=", "username": "user19"}}, {"pk": 20, "model": "scoreserver.user", "fields": {"password": "pbkdf2_sha256$24000$tJzthu3WYFeZ$SF8uXBwNvfTdkiKhpa26eq+N2g8KzhEnM1wr9X7L7bY=", "username": "user20"}}, {"pk": 21, "model": "scoreserver.user", "fields": {"password": "pbkdf2_sha256$24000$X9tELClhe2Xg$4G8rQLxYHoPVJxxz5MGznXtruqltYY36EuwIfEde80I=", "username": "user21"}}, {"pk": 22, "model": "scoreserver.user", "fields": {"password": "pbkdf2_sha256$24000$gsuPSRRH0dNy$pWWpGvzwAoV46w3mMHy9i5W2B2qPFPi+Gn6S1B0SqDU=", "username": "user22"}}, {"pk": 23, "model": "scoreserver.user", "fields": {"password": "pbkdf2_sha256$24000$3JSItyzqvT0N$HankLFaPdljbPPKqNjXrJYq/M6HPmwLTohZR6PuROsw=", "username": "user23"}}, {"pk": 24, "model": "scoreserver.user", "fields": {"password": "pbkdf2_sha256$24000$fEsBGIN8h0LH$tAJIVHIqfBKIgRk+TknqxG+fnbJQaX/UjokURnA+JN4=", "username": "user24"}}, {"pk": 25, "model": "scoreserver.user", "fields": {"password": "pbkdf2_sha256$24000$vrPeS7lrl9EO$K1445+wh+k4H0HXfvUbGSdOwT6obBqQTf9THiRgvFQo=", "username": "user25"}}, {"pk": 26, "model": "scoreserver.user", "fields": {"password": "pbkdf2_sha256$24000$pZjgnw7l0moZ$xCUGva9BE00kZthoeSY277jKCPbsDl3pZYw1zTtmsnM=", "username": "user26"}}, {"pk": 27, "model": "scoreserver.user", "fields": {"password": "pbkdf2_sha256$24000$isG0lashh9vP$joBOZb9lLZmsrtF6Fv0LJPBTMw5zuxuWFEcO/G9d7w4=", "username": "user27"}}, {"pk": 28, "model": "scoreserver.user", "fields": {"password": "pbkdf2_sha256$24000$f75lBvm4khD8$w4Kf3LoSScnv1RxLcdvdwB81QDxKnwGbHP8D4ukdDmY=", "username": "user28"}}, {"pk": 29, "model": "scoreserver.user", "fields": {"password": "pbkdf2_sha256$24000$NccJzaXcMzxN$sOHz5JIHq9vJ7OukPrcTZNyGZERDDbzgQNqbifymlfI=", "username": "user29"}}, {"pk": 30, "model": "scoreserver.user", "fields": {"password": "pbkdf2_sha256$24000$cgbSPC00H3aO$E4R9xspHwaKzJ2YAYD1EI/R227vPnlZn0LMcHIIEBGs=", "username": "user30"}}, {"pk": 31, "model": "scoreserver.user", "fields": {"password": "pbkdf2_sha256$24000$xVbxby6S6wT9$7Sjok7lfwruNQKJ9I54zC3ANyfNOeuELg18mgDRzIRA=", "username": "user31"}}, {"pk": 32, "model": "scoreserver.user", "fields": {"password": "pbkdf2_sha256$24000$TmMR2R7KJp3D$nJD2AXWJqjnW6L0graoD4U/19+M3rlDsg/JibisSBuk=", "username": "user32"}}, {"pk": 33, "model": "scoreserver.user", "fields": {"password": "pbkdf2_sha256$24000$mrhGd83T0E9z$i8Q+KMpwUC58gR2x8OvRiJkP25XEpRHiA7/iVtioSSw=", "username": "user33"}}, {"pk": 34, "model": "scoreserver.user", "fields": {"password": "pbkdf2_sha256$24000$y28NxOV4c5X1$M5z7e+itWVU0+HknN2OI5QTMb0IoCdk0qXMZ2vEMZas=", "username": "user34"}}, {"pk": 35, "model": "scoreserver.user", "fields": {"password": "pbkdf2_sha256$24000$wOiCT0vsliHk$2lxSs7wmp3iWWuM36BpMveKJRhg+n/QOZ6cpVRBT2Tw=", "username": "user35"}}, {"pk": 36, "model": "scoreserver.user", "fields": {"password": "pbkdf2_sha256$24000$eteJ7McfTgad$L/hpGqiKavM7Dykrw9w4H904yLgHtdegqwBR9ifwi9E=", "username": "user36"}}, {"pk": 37, "model": "scoreserver.user", "fields": {"password": "pbkdf2_sha256$24000$vozZigvsHiRw$p+QVIjp+3azOJa45wqqOz5/XwQYHtaudJrsg+GbpbM4=", "username": "user37"}}, {"pk": 38, "model": "scoreserver.user", "fields": {"password": "pbkdf2_sha256$24000$DTI0FAIUOxkv$ZUbJH0dKP9U5fpab/IeKw5dhQUmh83Acakh7Cc+VyQU=", "username": "user38"}}, {"pk": 39, "model": "scoreserver.user", "fields": {"password": "pbkdf2_sha256$24000$h3DeGnvQDAej$ux4zoKyB5y5RNhA1FxK9rttTgDhLva6BA6JmcYHum8k=", "username": "user39"}}, {"pk": 40, "model": "scoreserver.user", "fields": {"password": "pbkdf2_sha256$24000$xyKrzHUKqKPx$smdN+X8pfIU3uGfjxdHrXkcxql7NMvPlEW77HGtT2fY=", "username": "user40"}}, {"pk": 41, "model": "scoreserver.user", "fields": {"password": "pbkdf2_sha256$24000$DIcmwHtmu222$C7R3nHyL6bG9wG2R1Hs17wf4RomQk2pNT2NQNrjgkcY=", "username": "user41"}}, {"pk": 42, "model": "scoreserver.user", "fields": {"password": "pbkdf2_sha256$24000$X3OIJeP9cmVQ$CnR94HehvsFdiyD3fLVZFFpqZKLm3mRzzNe4W6nMXtw=", "username": "user42"}}, {"pk": 43, "model": "scoreserver.user", "fields": {"password": "pbkdf2_sha256$24000$T83dpRPC4kl2$WfNQRO7oOK8zCNAzemYqHMLRC6bFq4kGL1nSLKPAjj4=", "username": "user43"}}, {"pk": 44, "model": "scoreserver.user", "fields": {"password": "pbkdf2_sha256$24000$5guTMXWyvdEf$iJuPRmmvLvCyxc2urZvd3tNCOc9IlwCT3UPhq1l3cTI=", "username": "user44"}}, {"pk": 45, "model": "scoreserver.user", "fields": {"password": "pbkdf2_sha256$24000$StlpziHEOeji$H2psgTGj0y82HHWm3wYmiACO5SqCRuPoqu6WuXwtfGs=", "username": "user45"}}, {"pk": 46, "model": "scoreserver.user", "fields": {"password": "pbkdf2_sha256$24000$soyKN30wyZdF$YGcLqpsiYl0BmHyKJ/X1Szsj1tjosYL/CvX3SIqjyTo=", "username": "user46"}}, {"pk": 47, "model": "scoreserver.user", "fields": {"password": "pbkdf2_sha256$24000$oNA9dzg6PLz0$uVkQS/eDlwemPkjSWf+Ws+5DB14d9z9vVyKimbihhtI=", "username": "user47"}}, {"pk": 48, "model": "scoreserver.user", "fields": {"password": "pbkdf2_sha256$24000$5CZ7mf0VGquC$Zf/ufO/m4BWWxE9XFve2yWHbu0f/7ZQt0VxaheQaFY4=", "username": "user48"}}, {"pk": 49, "model": "scoreserver.user", "fields": {"password": "pbkdf2_sha256$24000$6IjgFDlxz3zy$sJlBWnpCAlsSF/jLNGQUrWNMfxq7oN+WwlB9dOTXcUM=", "username": "user49"}}, {"pk": 0, "model": "scoreserver.hint", "fields": {"question": 3, "description": "jpRMCOJLrCaLhzmWONqykdgoWeYuTSPgfIKBbIvKHSYveTrHYfVJyYzUkgMCbSQnPRjdVpEPANoJWWxVbgSYaQhyifvOLcJRPHuP"}}, {"pk": 1, "model": "scoreserver.hint", "fields": {"question": 7, "description": "KyQBlnJwrMSrJhYVLowLYPLDazwKuqsLCIhaNhjTOjboKOHjlvAVfcfjyGrZCYfHbJwXHNHolquOxPlQhPSacChdFInwLTrWsdes"}}, {"pk": 2, "model": "scoreserver.hint", "fields": {"question": 28, "description": "bctcePpuYDKODxVISOHUPkmgKLmrKnAeFTEqUjwFGpqmfQlGFZixdYKxDPnyNuSavqLcNZlPDmrPHoNeNpDkHVlZibIUErkPFTmY"}}, {"pk": 3, "model": "scoreserver.hint", "fields": {"question": 20, "description": "asTgRRFbIyQOCzJNwGXdAMSlIyxhTLvMRdDRehOfiaqPRDYaNGRrhEgiCZPJaGaetPVWxdNriUFtGZNvKGgaEoUoUAPVuXxkpXfd"}}, {"pk": 4, "model": "scoreserver.hint", "fields": {"question": 44, "description": "whAVeLyeMqpnrQwZXkumDGargluSfDismfpHyCHGWvLgsLodUduHJFkdUVVJpfGFKZVrWwNkWhUWVSZXsJzleQFJAWTqbczukokn"}}, {"pk": 5, "model": "scoreserver.hint", "fields": {"question": 7, "description": "NIuWQxjeCWTQbggrJxdrpMYCZIqJgYJhbrisHSgmAmSLsHVBVIkMtTWnDnFGINHnlkdTnCPbVajKSvpcJSgEqMPBKrqFYctMtPID"}}, {"pk": 6, "model": "scoreserver.hint", "fields": {"question": 24, "description": "BlRShBxAOTRpnSSQyDXaROGypDxODdylpcvkJsSXGkqEapXICubxgYrAXecUiyGzcEfNDLELjIZlGzmTOYyhVDngpjmbJaAQctCi"}}, {"pk": 7, "model": "scoreserver.hint", "fields": {"question": 41, "description": "ysvKZCpxVBUOItQKpeSBYIhlhmoUdUnxyecpNfOZMTzTVuEFvvtunUyARgBVNZyzcRmAFsBtrJuopVimTmxHxrXvqAYxaDuWZqsW"}}, {"pk": 8, "model": "scoreserver.hint", "fields": {"question": 46, "description": "pidwEwtKWihDJkUPSCjoVCpQLBuvfVbjCeBaZozklNswMJVdJDBOHXtaCfcRdrZajFoAFWkRjNYtNGKCfVyfunrwZylUudcPbyvn"}}, {"pk": 9, "model": "scoreserver.hint", "fields": {"question": 15, "description": "oxVnavliBLLmtTqkeBGFDdaItCtxDtuxeIeShYtAQgFaxvyKfkWlGTGfcBeoBQNhrzpiUommsZIlauLXCDYzKRObknKQkFULyvsT"}}, {"pk": 10, "model": "scoreserver.hint", "fields": {"question": 48, "description": "GznicvybFPMmZrsoLopQHsJhmTdBuYutoyvabtHIoIepUbGdOnbXZdNPpUvctakPdDJiRhHMCSxHRmeQSUEENABalbFxIsfZfkbv"}}, {"pk": 11, "model": "scoreserver.hint", "fields": {"question": 9, "description": "YVXCUYCQBTtYWNOkEJmhfdZkGZvQFTaIdYUfTxDUOtlMjVSpJpVctJqByvbMJZeCODfhBGBVFFGMhTxbxXQaneQWyyDfkIEvoWMX"}}, {"pk": 12, "model": "scoreserver.hint", "fields": {"question": 10, "description": "JcYOGxAJoyMcxBgAOfOQMiihbGNjFEjAhMDKrFWCKJkLPmgsUXbNhpQuiADBLbiDjARQpkaeWypjpjXKbsUsWMWyYDPLBHWBRtRv"}}, {"pk": 13, "model": "scoreserver.hint", "fields": {"question": 39, "description": "VyjWrdxWmvNyYGHYdVehlzSHivxeyhkjlEQPxklNbENKhnAVLSjqlLPIWPaXVPoeqXBuSZSWqMkhfdRZDFlmxhpxToQsbYtgcKND"}}, {"pk": 14, "model": "scoreserver.hint", "fields": {"question": 29, "description": "tfFUwQLSqYFORPAWVzFURzAIydbXCEewRgQxxDnPOuXjyPQBwyzMHkhUnZivMKhgayFujvhcZNZWfsxIGCLtFzwFdQWJatCiMNNa"}}, {"pk": 15, "model": "scoreserver.hint", "fields": {"question": 27, "description": "hgHdhsrZWatGKtyXwfnJekAptSGWKBtSVLkAKuQVpcvVRmArPONuVSNnACvkHDVjvOTbEMtqkzxOTYQkWSZtUTWXvmZAKPdajnPE"}}, {"pk": 16, "model": "scoreserver.hint", "fields": {"question": 34, "description": "OMaYFXrgqgLqUHQzsWFVpdYywnMJvaJLzuaNzRQmVitsqBYNWTkfOqkdalnvZwkkpVJrEPXZTRnGmxublAHLbbuSeBzuaqmnUboW"}}, {"pk": 17, "model": "scoreserver.hint", "fields": {"question": 27, "description": "gQMRMXnkkZEohgawSVMQnzrZKhMFkMdOLuocETKECLtYCcamboZLwTWJDVvbtuTtxNjuCcMUeDyUIzajrrmRyFVHDQwRkcLSlWQZ"}}, {"pk": 18, "model": "scoreserver.hint", "fields": {"question": 42, "description": "QixhyeFhDYeFMbwwpgsAmitaynumghQyNiKBJjVdwatqloYYlSsIciiAHMqnzxmNSCTRCtNQgbaEMlqHmgTrsMKivXxMOQaEnvZo"}}, {"pk": 19, "model": "scoreserver.hint", "fields": {"question": 29, "description": "wLyHdJnxdjQbSeBghFBwVTRfMHWsWjfpjgGXBglSQVkFitxgyBOikWTIrXhBSqUNnfUhHZAOMSZzuYdyCWpckNucbrsreRTKCtPU"}}, {"pk": 20, "model": "scoreserver.hint", "fields": {"question": 26, "description": "mwCwUQntalprQCOmMofukMEZuidpMYJOsCrJudlFgLGNRJHWGnHDHxmCNSQjSJTaPTnoeNyJAWtunajpJmaHQnCgzCEDBjABIXzy"}}, {"pk": 21, "model": "scoreserver.hint", "fields": {"question": 45, "description": "MFLTeERxAziufYTqpxqZLpzrfZEHuXkXJjyFpNKRwfdWTVBoBWZRIBxKfpKbbcgIQEzMIWovIGOgwalsyOGQWdyilHKYKbZmYGoI"}}, {"pk": 22, "model": "scoreserver.hint", "fields": {"question": 39, "description": "KtcSnsUdfGtgKiXPfEycvqRHtPWsZKHMQNcywvrkQYhtkckVjosOeiPztiNsMhHlKWOeJAECJunDUnJGmiPUlVGZtmLPtZtFNIfS"}}, {"pk": 23, "model": "scoreserver.hint", "fields": {"question": 33, "description": "ZfOducymBGBAKYqjpvqTomyhFjMMYfIqNXwyPtVPytUAXONFJlYGrxiAvnuYNcQDclHSCnBocCqdAHecpJYXgvJjCgzebLYRKFGA"}}, {"pk": 24, "model": "scoreserver.hint", "fields": {"question": 41, "description": "rJAEadpclsisOLxiOIkJyuujBCrWdUlSADnPwjEjhPIVfBcjrgoPlTnhFNCKQQdqDsYjPNdrphgswihZAGjXlbGpvprRUGBxzKFK"}}, {"pk": 25, "model": "scoreserver.hint", "fields": {"question": 45, "description": "EuidFyclwSmUzFCRHntcFAprGpuREokwatCVMSmEwkkSBFHMsDXkIoGLYRZgzKpdeIURyZhcpbMpuubvDCXpgxDHPpNuWFVBGGcE"}}, {"pk": 26, "model": "scoreserver.hint", "fields": {"question": 15, "description": "pMDWeRhzZnaLeoQtXVYSrjKkinFMqOwAhuLTxNhdpZjmlAHmfvhTDkYpTyfihiDASPiVCarxMvQvCLJeFkRDolrGXJkTiRZQdhSR"}}, {"pk": 27, "model": "scoreserver.hint", "fields": {"question": 11, "description": "GOqSHSHpXLjjpCBErvMHUmheTeXMwArfoicOwrLUJFRyABKKSjRVkQfOXoqyQGoZMYcmFAsllnPIqAvDjyDdToadEAfvFauwMhzo"}}, {"pk": 28, "model": "scoreserver.hint", "fields": {"question": 5, "description": "KjdPVlpQlyodrjZoZolLgeArGXZNvqvUcYtpVdGUydbUPxfuNazfxgGdDQOywWxNSzgyNhAaqHcSuuQsWNjPZPvIoDCJbfrbtHdA"}}, {"pk": 29, "model": "scoreserver.hint", "fields": {"question": 49, "description": "YivFlMlJwSvuMONaRZinLslXHiZeVYIPLIbKdDLKDazsHLTDLMZDiUtCOaNAKahsWLrCAryHvccgmSJENlEUWkWCNWsCMNBCxOVR"}}, {"pk": 30, "model": "scoreserver.hint", "fields": {"question": 15, "description": "ZkqJrpLDCVetBbLrRzgCddLWnAVuuPsmxtCSBrdapUyboFuFeWYJlzyJEWcIIbDzvCJXaxdExSsDIJMBZSCbXhjlISvydTavUchg"}}, {"pk": 31, "model": "scoreserver.hint", "fields": {"question": 10, "description": "tqjsNtLlxCaUZoqrlSxGMGCQhPKpLOriCzqHnIwkWAnqkFagysilDmcXcMgthSKAdLfLylFvypBtAfZYgHqDdhzjsKCvRrQjyScc"}}, {"pk": 32, "model": "scoreserver.hint", "fields": {"question": 33, "description": "MKsllGiZHBMSUHCijzxCvfeYmPNwjJbFlxYvPKavMkTaoGghtClkUPTdCXQJHiIunrGaPYHxiWRoKBtsaEqDWuHtsqZpZdtLoggE"}}, {"pk": 33, "model": "scoreserver.hint", "fields": {"question": 46, "description": "pWiRsIKDzDpBujeYbGwOzjUPdVYlkvHpLOhNuHxictzRwkEEiaoHdbscUkOntCMleQqVaJtKBwuqCvzCjmOPgshndLYxONuVTGzH"}}, {"pk": 34, "model": "scoreserver.hint", "fields": {"question": 13, "description": "MLpxXjDrjeGcGUpOqNbksPZLqgNiMXmZsvidbVvIAQLadWaYbbBpJcvqbsplUwHaulAtDuYMNapfAMrCHKLAptIZlNztFExypZeh"}}, {"pk": 35, "model": "scoreserver.hint", "fields": {"question": 19, "description": "pttlQymrVXDDylEXDRMreeOhktJRdAgxWrSzDfVyCoVeeQVBQpKZWVCCgBvHEVXspCKKjiYVRsAsckJOWRsojImTrqdOyFRqLJCE"}}, {"pk": 36, "model": "scoreserver.hint", "fields": {"question": 47, "description": "RycyoiZwFzFWcInorVhcVKHYTLhWLiPrZrOboREAESdzNuTnocQiygrqiWwdFiVRHHbHxdZYbhiSiTKLIQlGyanuYBONgHKFODPB"}}, {"pk": 37, "model": "scoreserver.hint", "fields": {"question": 2, "description": "KbWpwJvdfEmHRTkLvJSHMdpfQGLdsVHWlTmwRFVxEdcIVFZLdpbkxoRBuiABTBpPFmKQQbxOtyQdfsemKsXgzRdjMdmdEgzXFxMA"}}, {"pk": 38, "model": "scoreserver.hint", "fields": {"question": 21, "description": "qLTUkvOwKtouHmmgLlhnpInHzHoAyYiMfwVzUSSEuOsMYwTpcSTITEPWQJJjGJYhWvLbcVqfOjNIZEGNDVAygxnSzSIHLVwPYnPS"}}, {"pk": 39, "model": "scoreserver.hint", "fields": {"question": 37, "description": "ghozsCpPFJawGsHRsWAhNKUgYeRNQNfrndvwjXgIEOVsGKQkoKMeVydwaiPVhCgfKmJHnQaEACMEhBNUqXsaPqLhTkSwBfrRKbLt"}}, {"pk": 40, "model": "scoreserver.hint", "fields": {"question": 26, "description": "hXUdRNXQnYSlVwYsPUsKuUIZXuuwsFSmTOufxJdFGuyIARvtNHrVvUIUfWEYfSnIPYzXGsIQaJmXPyAlKShjPeIDxxdrHMInWCcJ"}}, {"pk": 41, "model": "scoreserver.hint", "fields": {"question": 43, "description": "vVqBlJThpfMzlJUqVeqRhFjQWRQGzyYYIvnvLIuRVqvDhikBnspWWIXiZBofaxQlHErqMKGcyKMFqMrDxZFCDAmXhrTHnZBZtTvv"}}, {"pk": 42, "model": "scoreserver.hint", "fields": {"question": 5, "description": "zhvggFqEKxbtKuvVgJbIzXZvhpypkavTYvKescTCjhlKsJDYRGYOFiUtYxKJFpKyBFNVlIACTlmtFifOlRdUhTMwwtfhwMsnFlbt"}}, {"pk": 43, "model": "scoreserver.hint", "fields": {"question": 33, "description": "bOSOaxCwRlhrpLwTjYiVvhYjeJzVmfqSYulYYzuRLKpHHkhfTmCUTpECTZLmHaSyZkjbslCgfdwTmmomEYFWVrObNMauQVTIoueE"}}, {"pk": 44, "model": "scoreserver.hint", "fields": {"question": 6, "description": "LaXvWHEmSmfzIWEtmKprGmaiZuAbUFrGQAVIJnIIGPdhsJwqeCDEgssVPeeyNiKMNalrnhofxnuPMuanqXPzxGEYlMFQOuRxsoYD"}}, {"pk": 45, "model": "scoreserver.hint", "fields": {"question": 21, "description": "IxWtLZgXvFwyMBALbzMVAHkHzHGvDfnrWkboNLhtEELpORAvfSHpxEoAmZPiVOkLFWteQXUHYyIowpPjCkdxxbFRtilTGTpafBOf"}}, {"pk": 46, "model": "scoreserver.hint", "fields": {"question": 4, "description": "uJhcyFFWJjzEPvXIgiXIyMBWvvqYflGDRMauuNyaoKRlxBSeJBZcWzeajWgxnZnwwlKHYHsTXrNNJTQLAsadlzxLjfDzSHlKCMlk"}}, {"pk": 47, "model": "scoreserver.hint", "fields": {"question": 11, "description": "iTuCaAHrQitVtCqSTZuUxBJIqjurozAiRhUNTPnKunEGVzYClibIHrkdnzkjDIuuzVSGRRWavKzkDIJvyHSEDEoyaCFIXugvAdRr"}}, {"pk": 48, "model": "scoreserver.hint", "fields": {"question": 33, "description": "YKuaQZkowCDLzcacGKIcWEMEFPeSdUiQNxXcuQVoeBzXGcarmAqycOCIUjpWQyYaHdVIuiNSrHkFjYwkQmcIwZVNDuFIoPZLeUTZ"}}, {"pk": 49, "model": "scoreserver.hint", "fields": {"question": 46, "description": "PPbTKzTVDvbZEZmplWovvgklNRAkihbIRrnzKAerUCdpGXSnzkogMKlYkZHFtASuGhAEEWbBUXyidxGpUJfgqPQWgfxugKgWyuum"}}]