[{"model": "scoreserver.category", "pk": 1, "fields": {"name": "Web"}}, {"model": "scoreserver.category", "pk": 2, "fields": {"name": "Network"}}, {"model": "scoreserver.category", "pk": 3, "fields": {"name": "Binary"}}, {"model": "scoreserver.category", "pk": 4, "fields": {"name": "Forensics"}}, {"model": "scoreserver.category", "pk": 5, "fields": {"name": "Crypto"}}, {"model": "scoreserver.category", "pk": 6, "fields": {"name": "Misc"}}, {"model": "scoreserver.question", "pk": 0, "fields": {"title": "Question_title:OKFHZilfIiTaQeD", "problem_url": "http://example.com/AwoPbTrDcyPkQdKztZdJrnwywJjVME", "solved": 19, "category": 5, "description": "Question_desc:pnxdglczRwkjSUYKmJfXCzNIssQzsSimWdozneeBfClzOQZfJZObOUxJSNSQohQGbFvzjCzPTOXxdAzvHJRCRMvinKwPAvbQtDIK"}}, {"model": "scoreserver.question", "pk": 1, "fields": {"title": "Question_title:eBeodlMDWXfakRZ", "problem_url": "http://example.com/hMQasZFnZNMEnmShPEYmJDDitQmyLb", "solved": 12, "category": 6, "description": "Question_desc:EjBbsemgeEVprwqpnrFJiJIZrKTSCQBMLrywSaYLpEjQDKAEDTtmoIehemhYTWCRDVxIMusexAheTRKSHaeXUZGYYYFXrskGeZQX"}}, {"model": "scoreserver.question", "pk": 2, "fields": {"title": "Question_title:doimsqLjKBYkNdq", "problem_url": "http://example.com/UxSCfulksWaNsoVBxvjjKjGgDQqJrP", "solved": 8, "category": 5, "description": "Question_desc:NUjMVFtEWFgweXSPyakLBMgjkNtbmlnbhAjtulNYQyXSDHtLcMDsDVeddFQDOblHQAJtsqkdUOQyEhTjioaKmdctqWRDbWYsnvsg"}}, {"model": "scoreserver.question", "pk": 3, "fields": {"title": "Question_title:uagUzNBYCaBLaju", "problem_url": "http://example.com/zZBXbNyrqXsnZqgeGqonEsLdMGSPrz", "solved": 14, "category": 3, "description": "Question_desc:ZrZCdQNfoxQXKJswnouoTPomXPijUlCmNAcfWpwPCidlWMyaHMfInBkhwRzaRKjltAOHyCMXOMFLBbwcZSvAFtcUGbtteqhabTYE"}}, {"model": "scoreserver.question", "pk": 4, "fields": {"title": "Question_title:WydBxGlnZvQCOgv", "problem_url": "http://example.com/JtZrzbxsFDtKlXXsdTSaTNiPZPRzOc", "solved": 7, "category": 2, "description": "Question_desc:jrNJXllgieLlXqMnpaQEtnrAzFuLSAWIzFuTrmZfZpGEDwZHQzZKgkAJjSNDgXatReBAujiriypSAekEsxPrJKHcAFfvkRefTbNg"}}, {"model": "scoreserver.question", "pk": 5, "fields": {"title": "Question_title:OzAhmCVSxNojENp", "problem_url": "http://example.com/iiNwSHMmYjCGkBuTrfekBMvXwpNMEa", "solved": 5, "category": 3, "description": "Question_desc:uxYthNLOFyzBkNFisXLOfpJtLdtWkhAJOyIUxVuietOiwvleCIInUXAOIoxDYyxfjtMZmgORvllhaQePsnuaymDdzXfOLORbPJWS"}}, {"model": "scoreserver.question", "pk": 6, "fields": {"title": "Question_title:AULacftTnughqxg", "problem_url": "http://example.com/oVUqQIFZxoqvMkdmLtdLzVgYdmfXaL", "solved": 3, "category": 5, "description": "Question_desc:IljauHbOQPUJaShcRRZkAnpKxpoBDtHDqVcaRMODiWJVEQTSETAfmYEVJTmeetzQAdjYuWOADiYJiuJOMDvZxsYelEUqFIYDeXsz"}}, {"model": "scoreserver.question", "pk": 7, "fields": {"title": "Question_title:OztLRKMzwnxLJnQ", "problem_url": "http://example.com/ENpAbqpZWeXclyyIJivWyVyzQIYAIS", "solved": 19, "category": 3, "description": "Question_desc:ARTXdwBKgeyerxgSPdTwUMMkdGDjCiEbdoCVfavoVqbdwBQBtGqWvBOJgLUdomAWhwJVodNfCMmaTGSipnYqEtOOcBkHFgvXOdTL"}}, {"model": "scoreserver.question", "pk": 8, "fields": {"title": "Question_title:wGSfViqsHXciLyo", "problem_url": "http://example.com/SogoYiepJFLxbFXieGsvaIPlDQZxYy", "solved": 19, "category": 5, "description": "Question_desc:pXJSGzQpftcAZSiQzBwBNICHZSMXBJStekyyQkXaVLGVtSJWdwSygxupTpAKppmdWtBlvdQPcPqFXHEudjcxdPAZySCaPtFBmHqB"}}, {"model": "scoreserver.question", "pk": 9, "fields": {"title": "Question_title:lQGUAKhoACgyHJN", "problem_url": "http://example.com/uuJxCqOTOhtiAYKFftBHVOPXLBIytC", "solved": 12, "category": 2, "description": "Question_desc:bPEiiWmLSARmpzenOFPAcErvNDVPasSkoTZugpYBBNfAjyABgNMBiOBXGMazEQbpMSKXPeTiKHdcqjzHxGPCEiFinYsfeefLxpYf"}}, {"model": "scoreserver.question", "pk": 10, "fields": {"title": "Question_title:TYakWulzPtrQZUI", "problem_url": "http://example.com/ofTgEQMLPjYOVDIQLhoCqkTnFglhtA", "solved": 3, "category": 5, "description": "Question_desc:wijpTqneHlkxkqtYbJQeLrirqIsWKQVFMMKMAiBJTIwqUWbGCgipOzSwTpfSPFeZPooHHJRdpigUlpGuVPyYlaeQjBkzNfgfQIFH"}}, {"model": "scoreserver.question", "pk": 11, "fields": {"title": "Question_title:DgWYNWxqPJOroLz", "problem_url": "http://example.com/FzYFhOsebCNFKsuDolHwGRFZWhewVq", "solved": 1, "category": 2, "description": "Question_desc:zbjxbOSbybHSRiswUAZfXaLQNkhvgaLJSZeBMuRnAtMiflbjrTKlhRIMUVSkfbshDoptzKoVUNnxVAIQTcLBdvtLPyhZksNtkWxv"}}, {"model": "scoreserver.question", "pk": 12, "fields": {"title": "Question_title:TTwlVQGwaAUbIUg", "problem_url": "http://example.com/HXUPXAFWqOvUckrhRDUsXoRxzzOYOW", "solved": 6, "category": 1, "description": "Question_desc:zmmxHYmYKrjLQdYfFuIcFEpgBvTyfSqLvnppSTBlTbUwGNbCAOdzlZxBeaZDrlXJhVmYsVEHqqIvOhNGdQomcGEzDvmcdXNvtIJS"}}, {"model": "scoreserver.question", "pk": 13, "fields": {"title": "Question_title:WtjwcdolVadufvp", "problem_url": "http://example.com/lpDrEZDKMyItrcqXGfigxJBNNJhXVY", "solved": 10, "category": 1, "description": "Question_desc:QrPDHIUUOLDeQbThhdPjKeiMCbuagfrnvxWcIglcgCNvuHSuOZymHxsLJKcMScKqvXHjjczlfQiUeBtSdqmzRIyRUuLVWCBJgUrj"}}, {"model": "scoreserver.question", "pk": 14, "fields": {"title": "Question_title:ncEXzvlceoTksGz", "problem_url": "http://example.com/MmtqhcJDKtpiNQJewCRJZnybmIXuxu", "solved": 11, "category": 1, "description": "Question_desc:QKhTSuDFhHwLxCsTWnrZRoSgRvIbEAVhJLAQOHZVRrBWbHsQMcPXGSvfjwPsEtRmDBZGzYYplgcmaGuHcZeONontWXjjISaHJSkX"}}, {"model": "scoreserver.question", "pk": 15, "fields": {"title": "Question_title:KeDsfDmiQXvAWhl", "problem_url": "http://example.com/sCsIAMTWvEzBpwXPyTvgpbVJbnaLhF", "solved": 9, "category": 1, "description": "Question_desc:JPZHdaDwVkLZUEGvwwHAiiQVpKOetBlaEhWvVjamewLpghiHtIeGvlYPBWpmRMjKquNxPqCUvrKMSBhbYpGLXtKokmEowsevaOec"}}, {"model": "scoreserver.question", "pk": 16, "fields": {"title": "Question_title:MAZzYEFihgkSqCu", "problem_url": "http://example.com/iUikWDDoURQJARijbsHZcuhVwqGXzV", "solved": 15, "category": 6, "description": "Question_desc:kqmUBwgsRjPJgRpyPXRYfwjiRwVXcVRYXKWVNbGHdExLcRtEAtPIWHQFgqpWRZjikEMCVvBvDoSVNHwYQiQRtXvXdgqlzdmfiXnb"}}, {"model": "scoreserver.question", "pk": 17, "fields": {"title": "Question_title:IlfyXtVKWDQETeD", "problem_url": "http://example.com/eeNHassrqwDHvrcsWAEoxQrZbSGRyR", "solved": 18, "category": 4, "description": "Question_desc:vbHTtToAiczjnDGFzBaSGmFhIDywYaSwvFkhurCZIvvdDirpGJxLvxLXJTJTAtFqPjAfclDkPTTyaAdTHwkeWFicDCDQwAHVQXWM"}}, {"model": "scoreserver.question", "pk": 18, "fields": {"title": "Question_title:KkECwQmnFoHSuhq", "problem_url": "http://example.com/pFcHQAeznjUvATHbDLXaNrGAMDuCQc", "solved": 14, "category": 6, "description": "Question_desc:UhZgqQVtblktTdOylcnOVGouIKrrmZhFkTSstYsCqKwqXTuGiUwYkRvSoDsfJViUGXxdeREbypCKxEJbDUJTEICZsUzOJEeYwSAj"}}, {"model": "scoreserver.question", "pk": 19, "fields": {"title": "Question_title:SzAOfbiDZyuOpRM", "problem_url": "http://example.com/lMVJZwCTnVgMDoatpCUfmSkXdaLyGq", "solved": 18, "category": 1, "description": "Question_desc:ihtVJzpfVGbfjwXcyehqmxZkVuTqmNAAvqiVXjzvizUFajDJRugQZrBVrMkyodYXUqtNuVByqfwmVwLjsHvoMhwhEdLnOHDbxJZH"}}, {"model": "scoreserver.question", "pk": 20, "fields": {"title": "Question_title:pkJZsVqJQjUAwxr", "problem_url": "http://example.com/AFjQiAqqaaplIgbQVCdHQQZimDHcFJ", "solved": 11, "category": 3, "description": "Question_desc:qkajerkpmtNZmLIxDKdvqxvaDKuHVjiuEvSqsmtPSvIvwwexteMMYmdyTltcUPVLdeNLwlbhIUdnSHtDJqswceiSbpqcgXPqjzwH"}}, {"model": "scoreserver.question", "pk": 21, "fields": {"title": "Question_title:OABhvIEMPkuwIiK", "problem_url": "http://example.com/IcObMdhplNlpCgPsBIXwIRqKvLuziw", "solved": 1, "category": 2, "description": "Question_desc:BZspBgSoUdokCHEEZEqdlAmMZzYboHwHeGdtKPGQyKZlhHuKHHlOpBCHKLRIRKMzwsONqlgnQvZbpnIANSIcjzICgIuChzQSCmJL"}}, {"model": "scoreserver.question", "pk": 22, "fields": {"title": "Question_title:dUOiiOGYZipgGWj", "problem_url": "http://example.com/vLtszUMezvTIzFbpeFHkwDuvCYqbvi", "solved": 4, "category": 4, "description": "Question_desc:gEaELfkOXXIwovpeAiPcvQxNMWcvQiKegSBOlyUeeDsNqZGjOsuaxRXxwDcOGHOHCWsCOayWlwuBNqOfszvsXppecwRXJrqFcPgk"}}, {"model": "scoreserver.question", "pk": 23, "fields": {"title": "Question_title:aZSGYJtErQkHFHr", "problem_url": "http://example.com/LinlVmKbbZhBQzWdFeYLUUZzeKPDMp", "solved": 10, "category": 4, "description": "Question_desc:hlnqfjeDwBVgUMiilvYrDWrahSNToCEwCiueRQXJyZgeXXJdDNGbfKVydbvGXFLPKTnlTKEGxXucqmYkUUvwNybksiHWmUdrXDgJ"}}, {"model": "scoreserver.question", "pk": 24, "fields": {"title": "Question_title:PvXYOlWIOjRcaOO", "problem_url": "http://example.com/VPKAyognOFNFOpqETpuxzGOdLCvkFL", "solved": 13, "category": 2, "description": "Question_desc:NcjkrhjsSqvjDkshUQDoXYTZLcxSwtjMHrGgIvlIlpGEKQIGpPfwxPGfGnAnyziNVweHPykpMxKovhRAqzkIyvEhhPCsoIjqUMmz"}}, {"model": "scoreserver.question", "pk": 25, "fields": {"title": "Question_title:eidnzaZiAVUercA", "problem_url": "http://example.com/sZGfioMQdtQgFDAXeNjIiQDYmIjSIV", "solved": 0, "category": 5, "description": "Question_desc:vVOppipbANpVrXabiPxqSUrWSVfJDjkjNgJDBsQiJFdkfmqEDgKRhlxVGGdqbPCVffabWoUxCUjUSDqOCXLtsYqIHMsJVNOFpbOX"}}, {"model": "scoreserver.question", "pk": 26, "fields": {"title": "Question_title:vasuVTpADiHRQDV", "problem_url": "http://example.com/GlKsHcpXptimqTRApGHavUaEsiUYhX", "solved": 2, "category": 6, "description": "Question_desc:xCnhAXCwEXiIgmXsKlKepXsczXupvoKfWWjaqTLkFFzEpUKroJfpmaRUXLWhLVkEtlyXjHhqMXwEDxUVHdvSYqGjyJjYihAOYKDB"}}, {"model": "scoreserver.question", "pk": 27, "fields": {"title": "Question_title:JdbidpsiafXtZOj", "problem_url": "http://example.com/UBmGAOkgsuVknBHxVikifERCmxMhve", "solved": 8, "category": 4, "description": "Question_desc:aJAkkepTxdzUGfRFpmcIvlfMmBfQbOCFNElyyzgXuPxKGUgsVXeyifiLjcKImAtlWcMdfyCiPWHxQBuFzidhExyfnsNoySBwcfrd"}}, {"model": "scoreserver.question", "pk": 28, "fields": {"title": "Question_title:ssddreZcYtFQLOh", "problem_url": "http://example.com/OlZoREwoBorpeKrLLLNYoDjduQlXIQ", "solved": 10, "category": 3, "description": "Question_desc:jBPCxhJbQdGXiboKDIiTLIjRxVcaxgoOtVVcGegdOwxVPcrrrARvlRRuxFRGddIJYwimQALKdzoFhyRxBFSlZJCDAIemnBshufFJ"}}, {"model": "scoreserver.question", "pk": 29, "fields": {"title": "Question_title:RWbDaLtSObRlMUL", "problem_url": "http://example.com/XxmqjvpYCclgizlssudeabaGOUcYrB", "solved": 6, "category": 2, "description": "Question_desc:QisSKAlgDCooKBauhXIXMTRdtjbFPiBXXQQsbXpmHMIoyVWVuoCHltxBahusRAImzEdXsZoBMZjDJFLcgxdWPQXGoKXmjHPxCHbm"}}, {"model": "scoreserver.question", "pk": 30, "fields": {"title": "Question_title:OfyZxOQRAZWTKWi", "problem_url": "http://example.com/KiFNHbsfrUzeTdKsCOdZUaJoCrafLl", "solved": 13, "category": 5, "description": "Question_desc:JARxGeYtQwxVAzyBazushMAknXjLrnUxbStBaeWjDYCYhvtwNyaCMkbCrvphayWMJDMSUfDNhGjLwsxoWyLoWhswHizAhpLKtWQt"}}, {"model": "scoreserver.question", "pk": 31, "fields": {"title": "Question_title:WIpallrMdUMoPYe", "problem_url": "http://example.com/QHWYzrTTfrJCHpvRGQbifbqTDFzvjr", "solved": 13, "category": 5, "description": "Question_desc:vucIZNmPbzHHjexobGIbyEjbFWewymwxYwfrtWqVRnGRbdIQFDbTKnHadvcOIaBCNgMxZJZNdEPrdMqHNMFGHnepKczgTtGSaEiQ"}}, {"model": "scoreserver.question", "pk": 32, "fields": {"title": "Question_title:xXDXEPqfYDDPlAY", "problem_url": "http://example.com/pPOrIuKIZNvrcWwxnFfZGrWuxXeYfX", "solved": 10, "category": 5, "description": "Question_desc:vxScXoRahQZrzntlFJfkPVphrWdMfuysHdJDHHmGzpyoMqTnorjFGvADsXkuBvZGcrzIuAxNPEaQywxwISokVrFKyFcUwgzIluGO"}}, {"model": "scoreserver.question", "pk": 33, "fields": {"title": "Question_title:gTaqmxCgXOLaHxw", "problem_url": "http://example.com/wgTGmRjgPfoDloALSxjVOMDoZPyTTg", "solved": 9, "category": 4, "description": "Question_desc:GfEPPSkiKVvFnHXVCQeWMbvhAUkQGIlookLyKIDFCSepVSawkVFyWfxqwApfiwfyMvjZoFFdDFehxPsRgogTAGSdfKmWDnkGmlqO"}}, {"model": "scoreserver.question", "pk": 34, "fields": {"title": "Question_title:oejjvaIUuvnRXLF", "problem_url": "http://example.com/HFDCEkWFpPwUKoBBwOrpbxYHhASWzv", "solved": 19, "category": 1, "description": "Question_desc:OflpBtirdHCeABzzwVvjPimWkTDrcQpmrTnYwdrLucTGFtvBWxMUcOdMzGWDlRYqBdyGSEXERHBBSFIgGnAdjRsKCOrHOtXmyqpy"}}, {"model": "scoreserver.question", "pk": 35, "fields": {"title": "Question_title:hPFFFbMIAvsEKZL", "problem_url": "http://example.com/nWhsRRibkFRDQbafvdVICPafxqKGyb", "solved": 20, "category": 1, "description": "Question_desc:bdEeTkpUBUexYczMakbEiJwNatQZGRQjSjjxcQKZtRQAYjTMMQlRLpADSGEKHakWzBNoegWicehGhwHaZAZNYbaYWJPgPOdHxsTA"}}, {"model": "scoreserver.question", "pk": 36, "fields": {"title": "Question_title:QwJohqFFUEqdnUI", "problem_url": "http://example.com/vUlfiRYhMMDSosCdMlyTFEkwAZXOCi", "solved": 20, "category": 5, "description": "Question_desc:EhbpyrJLJhwndpeWDfMKUOTbGaeFkAaFBQGnISSeuhpgChyMfKIfWODFBXJaPMLLaetvFYWnhGwrkDYMheVdfkpSWJbuJEBrMIqF"}}, {"model": "scoreserver.question", "pk": 37, "fields": {"title": "Question_title:SLPyzzJWYUOyDRI", "problem_url": "http://example.com/RoCzrQAdCHyPPfzyWjOosYgxSSqtbN", "solved": 13, "category": 5, "description": "Question_desc:bsrAQGFGvyMyrsiCyHpwvMuUalmbmFLbEuvuEXUnnLSBSrWICoszcMcdkSYXpZImWGaRbUNfOxUZMnSlcZyyqQQeREHMUArLceOw"}}, {"model": "scoreserver.question", "pk": 38, "fields": {"title": "Question_title:lcXgtevsnmShxSl", "problem_url": "http://example.com/MidOMHxFIigakaCveSWDRQGFyplZxh", "solved": 3, "category": 6, "description": "Question_desc:GvdmTehenjVRzMBlobxqLOcxFukqdAgWCgdxeHAIgZXdxjDtbHbdDaNtTyeSjzlyEFdbhQyPjifULqkcLBfflPEqgPYooZwecfoT"}}, {"model": "scoreserver.question", "pk": 39, "fields": {"title": "Question_title:wDOavRJkwMzuPep", "problem_url": "http://example.com/URmeqCDlnJDpVhkpkSxLOKBqQwHSbK", "solved": 7, "category": 2, "description": "Question_desc:qOdOlGiVavpqggOdHRSkuWlMNlHFLElCvXdoyVKdwXqdDwwbUIVwZdIYKWDFIncXEyoaGbZkjGUhXRHnGyzLGidUAttBTJdvzxiC"}}, {"model": "scoreserver.question", "pk": 40, "fields": {"title": "Question_title:fSWxTTNXXTfZyGw", "problem_url": "http://example.com/viwIYiVxYXhtHIdPHmsLzdoTWvFMSu", "solved": 12, "category": 3, "description": "Question_desc:lqQuqcfHLrQQKGXaPTbyVgieYUwvTpfivllyoESQzgAoKqqXUTfALDBajfgUExQAznIBYfdVSwQudcPvZBuDuIklxpnvdEkSKcLU"}}, {"model": "scoreserver.question", "pk": 41, "fields": {"title": "Question_title:xApodDxkDObiauC", "problem_url": "http://example.com/tllkGUQmnUKAvhsjyaPnvdidVkVIRm", "solved": 3, "category": 4, "description": "Question_desc:LqKFQaWAqFVLyYZQNPsomrVnVgtYYhTLmRUpVRkAwBpymGAuIousHLqBJwZxnWBqJKpByuBnQgFQTulemMjLFJFGHwSERZFETYVG"}}, {"model": "scoreserver.question", "pk": 42, "fields": {"title": "Question_title:mlcDtKALIhiMGGs", "problem_url": "http://example.com/plgJrOtLHSEWhpiUjQYgenfrBLrnsH", "solved": 16, "category": 1, "description": "Question_desc:LRlbKXBpEYZNDbJUNWNNNWgtcbWNkpxMSiGaGPxzUcMNGjwXemWoBjHFFPAQqhsNZSVhjMYcbTxwBlGpWUMJpIWWuXvHVZIreVzM"}}, {"model": "scoreserver.question", "pk": 43, "fields": {"title": "Question_title:qSiinFLapprLLfH", "problem_url": "http://example.com/jaGfTehtAbWnWYFAdzCVCuutKDVETW", "solved": 8, "category": 3, "description": "Question_desc:RQpPUGXstraZRtJXuhrrnndqJuqNTxrCCGNtAWBoZBdqwoBRLLTgfiDfhkmHqFWJEaSAuvLwcminVmNDgDxHNxuZvZfoQPEUAGMp"}}, {"model": "scoreserver.question", "pk": 44, "fields": {"title": "Question_title:xZhkSyDUdnSEsjp", "problem_url": "http://example.com/dMNxOadkGPkgiBzAndRgzHuxYDTKsx", "solved": 8, "category": 3, "description": "Question_desc:EaCHGeuTgbARLUeDkWkvItIBJdUIFnBImAlNTbkDzRmneHJrbalNdCcKjevTCJoficNXGSNlekgSgmsSPvHwSEdGnuWHpIffwSOY"}}, {"model": "scoreserver.question", "pk": 45, "fields": {"title": "Question_title:SVSeUOeMRPicfsr", "problem_url": "http://example.com/FjLfBmWfLQaAWuidWEFCVQtAPfyQQt", "solved": 6, "category": 3, "description": "Question_desc:nmrPywghXhtAbPzCOHeenEoiveWoxuedfryMtZnTbCIwsjvfOAfUIfRykkwyILykqnQGpENvTbqnniFxBNyaNaQJjODHXvlDUgYS"}}, {"model": "scoreserver.question", "pk": 46, "fields": {"title": "Question_title:aWxReoUlSffclRb", "problem_url": "http://example.com/uluqVWsRWphwUkHHuTfmvSiKgIzwFI", "solved": 18, "category": 3, "description": "Question_desc:qwwymGIrCKzjEfkqnfIOVwQZaVgDVMNLFImUYoBGrOUWnhbkbVlUANqiuxRoQeiwhvKudaIrngwgRrxpPpBjhfiSpJnCRITfxzGE"}}, {"model": "scoreserver.question", "pk": 47, "fields": {"title": "Question_title:vNEUXdtbdEHREtR", "problem_url": "http://example.com/aqyjQbQFJFTsfmWxnhWiSjTwyJMLqK", "solved": 15, "category": 2, "description": "Question_desc:rYwfwvmgZjhBjcrQOcujesAjktfIgowBYpxGiNDmSfUfppgEAKqOtKilCLhBrGDLkViwXisSWVgkRnzatNqWOCHPVEAsbwIJULXY"}}, {"model": "scoreserver.question", "pk": 48, "fields": {"title": "Question_title:JyKkIHTNOmQzlqd", "problem_url": "http://example.com/jOuzHcJWAxcYkLNqcfdUnRJXVPZFsZ", "solved": 1, "category": 5, "description": "Question_desc:GvtxgGBIHoWbhoPQlbZwVYAcjLIqeGqKChWlaqaLPoBGEfPjaYaodhHAsCtJpOgGLUTxSgPwCSPcNmvwnkhTSgEBkZXOeZBcqaGO"}}, {"model": "scoreserver.question", "pk": 49, "fields": {"title": "Question_title:VlnSuLLnwogvIGe", "problem_url": "http://example.com/QwwPfdCKcFZMiySIpedotUBSgWfMqQ", "solved": 7, "category": 5, "description": "Question_desc:ZqhpMkVoRvyRcHTfKzZIQxBqROPvChugxAdyncCnUvvlhGgGAvFtzhJkkCIAXFMBSjxdRbbvxtCjuzhzxBxZJeNIHpPNYmcPuAqk"}}, {"model": "scoreserver.flag", "pk": 0, "fields": {"question": 0, "point": 900, "flag": "FLAG_IS_[0]"}}, {"model": "scoreserver.flag", "pk": 1, "fields": {"question": 1, "point": 100, "flag": "FLAG_IS_[1]"}}, {"model": "scoreserver.flag", "pk": 2, "fields": {"question": 2, "point": 100, "flag": "FLAG_IS_[2]"}}, {"model": "scoreserver.flag", "pk": 3, "fields": {"question": 3, "point": 300, "flag": "FLAG_IS_[3]"}}, {"model": "scoreserver.flag", "pk": 4, "fields": {"question": 4, "point": 500, "flag": "FLAG_IS_[4]"}}, {"model": "scoreserver.flag", "pk": 5, "fields": {"question": 5, "point": 500, "flag": "FLAG_IS_[5]"}}, {"model": "scoreserver.flag", "pk": 6, "fields": {"question": 6, "point": 1000, "flag": "FLAG_IS_[6]"}}, {"model": "scoreserver.flag", "pk": 7, "fields": {"question": 7, "point": 1000, "flag": "FLAG_IS_[7]"}}, {"model": "scoreserver.flag", "pk": 8, "fields": {"question": 8, "point": 1000, "flag": "FLAG_IS_[8]"}}, {"model": "scoreserver.flag", "pk": 9, "fields": {"question": 9, "point": 500, "flag": "FLAG_IS_[9]"}}, {"model": "scoreserver.flag", "pk": 10, "fields": {"question": 10, "point": 400, "flag": "FLAG_IS_[10]"}}, {"model": "scoreserver.flag", "pk": 11, "fields": {"question": 11, "point": 500, "flag": "FLAG_IS_[11]"}}, {"model": "scoreserver.flag", "pk": 12, "fields": {"question": 12, "point": 1000, "flag": "FLAG_IS_[12]"}}, {"model": "scoreserver.flag", "pk": 13, "fields": {"question": 13, "point": 300, "flag": "FLAG_IS_[13]"}}, {"model": "scoreserver.flag", "pk": 14, "fields": {"question": 14, "point": 900, "flag": "FLAG_IS_[14]"}}, {"model": "scoreserver.flag", "pk": 15, "fields": {"question": 15, "point": 400, "flag": "FLAG_IS_[15]"}}, {"model": "scoreserver.flag", "pk": 16, "fields": {"question": 16, "point": 700, "flag": "FLAG_IS_[16]"}}, {"model": "scoreserver.flag", "pk": 17, "fields": {"question": 17, "point": 500, "flag": "FLAG_IS_[17]"}}, {"model": "scoreserver.flag", "pk": 18, "fields": {"question": 18, "point": 400, "flag": "FLAG_IS_[18]"}}, {"model": "scoreserver.flag", "pk": 19, "fields": {"question": 19, "point": 500, "flag": "FLAG_IS_[19]"}}, {"model": "scoreserver.flag", "pk": 20, "fields": {"question": 20, "point": 300, "flag": "FLAG_IS_[20]"}}, {"model": "scoreserver.flag", "pk": 21, "fields": {"question": 21, "point": 800, "flag": "FLAG_IS_[21]"}}, {"model": "scoreserver.flag", "pk": 22, "fields": {"question": 22, "point": 200, "flag": "FLAG_IS_[22]"}}, {"model": "scoreserver.flag", "pk": 23, "fields": {"question": 23, "point": 300, "flag": "FLAG_IS_[23]"}}, {"model": "scoreserver.flag", "pk": 24, "fields": {"question": 24, "point": 200, "flag": "FLAG_IS_[24]"}}, {"model": "scoreserver.flag", "pk": 25, "fields": {"question": 25, "point": 500, "flag": "FLAG_IS_[25]"}}, {"model": "scoreserver.flag", "pk": 26, "fields": {"question": 26, "point": 900, "flag": "FLAG_IS_[26]"}}, {"model": "scoreserver.flag", "pk": 27, "fields": {"question": 27, "point": 700, "flag": "FLAG_IS_[27]"}}, {"model": "scoreserver.flag", "pk": 28, "fields": {"question": 28, "point": 400, "flag": "FLAG_IS_[28]"}}, {"model": "scoreserver.flag", "pk": 29, "fields": {"question": 29, "point": 1000, "flag": "FLAG_IS_[29]"}}, {"model": "scoreserver.flag", "pk": 30, "fields": {"question": 30, "point": 500, "flag": "FLAG_IS_[30]"}}, {"model": "scoreserver.flag", "pk": 31, "fields": {"question": 31, "point": 500, "flag": "FLAG_IS_[31]"}}, {"model": "scoreserver.flag", "pk": 32, "fields": {"question": 32, "point": 900, "flag": "FLAG_IS_[32]"}}, {"model": "scoreserver.flag", "pk": 33, "fields": {"question": 33, "point": 900, "flag": "FLAG_IS_[33]"}}, {"model": "scoreserver.flag", "pk": 34, "fields": {"question": 34, "point": 700, "flag": "FLAG_IS_[34]"}}, {"model": "scoreserver.flag", "pk": 35, "fields": {"question": 35, "point": 900, "flag": "FLAG_IS_[35]"}}, {"model": "scoreserver.flag", "pk": 36, "fields": {"question": 36, "point": 300, "flag": "FLAG_IS_[36]"}}, {"model": "scoreserver.flag", "pk": 37, "fields": {"question": 37, "point": 300, "flag": "FLAG_IS_[37]"}}, {"model": "scoreserver.flag", "pk": 38, "fields": {"question": 38, "point": 1100, "flag": "FLAG_IS_[38]"}}, {"model": "scoreserver.flag", "pk": 39, "fields": {"question": 39, "point": 1000, "flag": "FLAG_IS_[39]"}}, {"model": "scoreserver.flag", "pk": 40, "fields": {"question": 40, "point": 800, "flag": "FLAG_IS_[40]"}}, {"model": "scoreserver.flag", "pk": 41, "fields": {"question": 41, "point": 500, "flag": "FLAG_IS_[41]"}}, {"model": "scoreserver.flag", "pk": 42, "fields": {"question": 42, "point": 400, "flag": "FLAG_IS_[42]"}}, {"model": "scoreserver.flag", "pk": 43, "fields": {"question": 43, "point": 500, "flag": "FLAG_IS_[43]"}}, {"model": "scoreserver.flag", "pk": 44, "fields": {"question": 44, "point": 800, "flag": "FLAG_IS_[44]"}}, {"model": "scoreserver.flag", "pk": 45, "fields": {"question": 45, "point": 500, "flag": "FLAG_IS_[45]"}}, {"model": "scoreserver.flag", "pk": 46, "fields": {"question": 46, "point": 1100, "flag": "FLAG_IS_[46]"}}, {"model": "scoreserver.flag", "pk": 47, "fields": {"question": 47, "point": 500, "flag": "FLAG_IS_[47]"}}, {"model": "scoreserver.flag", "pk": 48, "fields": {"question": 48, "point": 500, "flag": "FLAG_IS_[48]"}}, {"model": "scoreserver.flag", "pk": 49, "fields": {"question": 49, "point": 400, "flag": "FLAG_IS_[49]"}}, {"model": "scoreserver.user", "pk": 0, "fields": {"username": "user0", "password": "pbkdf2_sha256$24000$60foEZULwaNA$LPClMh4viG1+v7pag1N6H4SCNAxE/iWYo1ZHP6pGU/c="}}, {"model": "scoreserver.user", "pk": 1, "fields": {"username": "user1", "password": "pbkdf2_sha256$24000$zlEsPeKuH52d$8u0/krTcwJkkEJQjIqONPsm/n0tR5v18PD+LKgqDuVQ="}}, {"model": "scoreserver.user", "pk": 2, "fields": {"username": "user2", "password": "pbkdf2_sha256$24000$AFyDRWJChOC6$GOvgMS8uGiYkv/SGV7SZ3jF7iFAtzavAfeDLj+mj6ZY="}}, {"model": "scoreserver.user", "pk": 3, "fields": {"username": "user3", "password": "pbkdf2_sha256$24000$uf0J5NH92qJg$Zd+vt2y6SWqy5ggsBdQffsTy1napWJ15ebt5PqAMe5k="}}, {"model": "scoreserver.user", "pk": 4, "fields": {"username": "user4", "password": "pbkdf2_sha256$24000$oQlbacfbXtkw$2oXWc262nhZQE8wbYDpRkNxrjK/H7hoRoxE7XGMM92A="}}, {"model": "scoreserver.user", "pk": 5, "fields": {"username": "user5", "password": "pbkdf2_sha256$24000$yTvxrUxmlH7i$tjL1zQ2xY08b0g4+dv7TFrGO2+85tk8WZLcaAZYE/Ow="}}, {"model": "scoreserver.user", "pk": 6, "fields": {"username": "user6", "password": "pbkdf2_sha256$24000$i4dD6xOYSNYn$gIlhbJFtQpGc9I3TQXyKX+HIl/uLqgI3n2+cg+Pdp6I="}}, {"model": "scoreserver.user", "pk": 7, "fields": {"username": "user7", "password": "pbkdf2_sha256$24000$23Q78Ave0Hcu$0qLkomcXqq34thaQ5KGZcFWUtOZUUBEINydv5ONWSLI="}}, {"model": "scoreserver.user", "pk": 8, "fields": {"username": "user8", "password": "pbkdf2_sha256$24000$jmgUDQQWsiCF$UgV2fNyx0v9ZTzeC9qr7I0nqA4WfqmS+zdYYCAH50a8="}}, {"model": "scoreserver.user", "pk": 9, "fields": {"username": "user9", "password": "pbkdf2_sha256$24000$cKkHqK2S0MZU$3ly5Cd5PJdWOmiMh/1KlEv0F6Kg860F6/DYTHhna/yA="}}, {"model": "scoreserver.user", "pk": 10, "fields": {"username": "user10", "password": "pbkdf2_sha256$24000$MzXnQEREBVGa$0pFw5GfWccOHtpwZYgo1xs0mR5SMtmEMOrIbq15BKGw="}}, {"model": "scoreserver.user", "pk": 11, "fields": {"username": "user11", "password": "pbkdf2_sha256$24000$b1DBKwzQfgix$snvxboVrQAwhX35aIG2P4IWQdG1WHuiJjgQ6pOfVu+w="}}, {"model": "scoreserver.user", "pk": 12, "fields": {"username": "user12", "password": "pbkdf2_sha256$24000$mzxMbvQehXm4$rHvj/lhLcrLbojsEbT0WnzbD6ds/ja3kv0pVMcf4Huw="}}, {"model": "scoreserver.user", "pk": 13, "fields": {"username": "user13", "password": "pbkdf2_sha256$24000$XOcWZNAbnhQB$nBRyc3PsiF7RwmQwNhKlQcXb03gRL7htLivKekY0UxE="}}, {"model": "scoreserver.user", "pk": 14, "fields": {"username": "user14", "password": "pbkdf2_sha256$24000$N7CkB8kklFsW$YgS/iCb2do3zLQ8ygCSCE2kdZFheXn9wjLEfdLppMjI="}}, {"model": "scoreserver.user", "pk": 15, "fields": {"username": "user15", "password": "pbkdf2_sha256$24000$unxl4G5FnshN$J9VcNQS1bofIbekrRXizMi/tSe65kzHfFjfzJyKZH4A="}}, {"model": "scoreserver.user", "pk": 16, "fields": {"username": "user16", "password": "pbkdf2_sha256$24000$mcyIdDXDs1Pw$sjW8kYn03xO2WkP5a5wpKeG2MKU2cJsgGOkyT4JAm3c="}}, {"model": "scoreserver.user", "pk": 17, "fields": {"username": "user17", "password": "pbkdf2_sha256$24000$LyJk5HOOAbQq$ZyCFLLihbATg1E6rlxcn29MJjvjHDNs5AZzRPI+4LJM="}}, {"model": "scoreserver.user", "pk": 18, "fields": {"username": "user18", "password": "pbkdf2_sha256$24000$3jGftRj0ICuj$rbA9CVAVqp9dsqIqG1jS6A1vZ+3Z8Rts+sE8w/kG83A="}}, {"model": "scoreserver.user", "pk": 19, "fields": {"username": "user19", "password": "pbkdf2_sha256$24000$AIoHehxUvvBR$wXlSKOPgwbiW3+h7AsDYaCdb1v1tjuxGHbB2SXnj0nQ="}}, {"model": "scoreserver.user", "pk": 20, "fields": {"username": "user20", "password": "pbkdf2_sha256$24000$awIAWNuahIq7$xqbQAASz0OK2/3s78GHJuWKBbKrWjczHZFIUauETpbI="}}, {"model": "scoreserver.user", "pk": 21, "fields": {"username": "user21", "password": "pbkdf2_sha256$24000$5w81WGfbw42p$15uwIKtrOwLcDPnS4jzGMgrOJPXGYDFuBsLbV9x3Ww8="}}, {"model": "scoreserver.user", "pk": 22, "fields": {"username": "user22", "password": "pbkdf2_sha256$24000$5Ve5aWpK85Us$Afsg+DOG0Y1bxbN2iTQDV4bUwUcfORBcRlVm9PBp2/o="}}, {"model": "scoreserver.user", "pk": 23, "fields": {"username": "user23", "password": "pbkdf2_sha256$24000$0ZxUVOWrhwB2$1qcTiyC4PJzMmtzKyQbjdUqzXMg90uOmjhHkWoCunds="}}, {"model": "scoreserver.user", "pk": 24, "fields": {"username": "user24", "password": "pbkdf2_sha256$24000$zyOftei5MQKv$QIObW8Wti/NCNY5dF1zX42WuNWDbvVYnN8aOa8A+jQk="}}, {"model": "scoreserver.user", "pk": 25, "fields": {"username": "user25", "password": "pbkdf2_sha256$24000$v9XCMUBl793o$UpbdxyoF6PQZwJWTPhgCN75RB4X3rk+EVtOSqSVcgjQ="}}, {"model": "scoreserver.user", "pk": 26, "fields": {"username": "user26", "password": "pbkdf2_sha256$24000$GJS8NuksKrEO$mUSIpDfOiBXcd0jwL+sTcvQ8F12n/ph51ki854AzNAM="}}, {"model": "scoreserver.user", "pk": 27, "fields": {"username": "user27", "password": "pbkdf2_sha256$24000$yguUfGky3AOS$3/m+CfLZsWo/B041lT8JQiQLMVtXhg3xZoa889f6Hbc="}}, {"model": "scoreserver.user", "pk": 28, "fields": {"username": "user28", "password": "pbkdf2_sha256$24000$22jrApi8FCJQ$TtzvVae2FcTwDHt6MXnX2kXXv7pCsNgzWOG4cOErQI4="}}, {"model": "scoreserver.user", "pk": 29, "fields": {"username": "user29", "password": "pbkdf2_sha256$24000$mMTtTPzzPqEw$d8enh9AqrXt7uT1KbjKJYwqzdLTfnAJjbDK1xrnjKVg="}}, {"model": "scoreserver.user", "pk": 30, "fields": {"username": "user30", "password": "pbkdf2_sha256$24000$HJCT5DSIaVeE$GdYdvVtDJ520pDdvr8zmO9vu4pM5frCESFXtwehioSI="}}, {"model": "scoreserver.user", "pk": 31, "fields": {"username": "user31", "password": "pbkdf2_sha256$24000$GiwpxDqnjfjw$IDE+31svd5NO4gYLqaHXsrPwRnGYHtyoxF8EMsro8RU="}}, {"model": "scoreserver.user", "pk": 32, "fields": {"username": "user32", "password": "pbkdf2_sha256$24000$2grBGeQHa8X2$K7PJQk0962mMW1CBfXDCQuRhxQO4muL3tCk/LvueKWc="}}, {"model": "scoreserver.user", "pk": 33, "fields": {"username": "user33", "password": "pbkdf2_sha256$24000$XSk4XWQw5MXu$pEaabUJURhTU/dvOOosT/kX3rRTmKmyiWgTKJ7fg5Ec="}}, {"model": "scoreserver.user", "pk": 34, "fields": {"username": "user34", "password": "pbkdf2_sha256$24000$WFvq8ix8z4KQ$lzc+MMuYshzIxqgRgVixz+owJRK7hqBST3pAy75beK4="}}, {"model": "scoreserver.user", "pk": 35, "fields": {"username": "user35", "password": "pbkdf2_sha256$24000$c5AnWXZqdE13$F3qkYXH4InVOiinMv8zbZoL9fx21x9BkcdJDvD9WkT0="}}, {"model": "scoreserver.user", "pk": 36, "fields": {"username": "user36", "password": "pbkdf2_sha256$24000$RtPF97RN31xY$Kd1ljC1BDaxBIywmWKQ7H+PpV82KqZlf/BIi98mC8aE="}}, {"model": "scoreserver.user", "pk": 37, "fields": {"username": "user37", "password": "pbkdf2_sha256$24000$rmnUDUWkfyIG$7DWTcxGeYh9gSSfomR9d7X4BsBzM/v8HAw1MsVBRTRE="}}, {"model": "scoreserver.user", "pk": 38, "fields": {"username": "user38", "password": "pbkdf2_sha256$24000$tfU1LdeDoEww$JjzJ2o3dgVzU3NIjlJc0eFYzHKh/uep6lcdDE4rag40="}}, {"model": "scoreserver.user", "pk": 39, "fields": {"username": "user39", "password": "pbkdf2_sha256$24000$WclAGuOIfK7U$avdfPQGyxFt7Iz4cewyIJ74RDFLR7mNMO6LKuP2Poh4="}}, {"model": "scoreserver.user", "pk": 40, "fields": {"username": "user40", "password": "pbkdf2_sha256$24000$4AeNfrhYT4Kr$42yeRSVu4kCw+ydhUadKwFSD8pQyBGQlLQGJhrXpbBk="}}, {"model": "scoreserver.user", "pk": 41, "fields": {"username": "user41", "password": "pbkdf2_sha256$24000$DqcrcvttkEpI$qIGBiC6WIfsxq/rbTEsjnF5K1m89B15Yu+dXLIZNGgo="}}, {"model": "scoreserver.user", "pk": 42, "fields": {"username": "user42", "password": "pbkdf2_sha256$24000$Gydt5ZTUnOBJ$AcyQDrpupixlwid4uNIWGXU6rKpSZuZoJ3TaT+XLhxw="}}, {"model": "scoreserver.user", "pk": 43, "fields": {"username": "user43", "password": "pbkdf2_sha256$24000$YLUY6z7dXjh5$55v31fA82Y9pCUa5SX7a9AVFhVeuj63LJ07xUJFe+nQ="}}, {"model": "scoreserver.user", "pk": 44, "fields": {"username": "user44", "password": "pbkdf2_sha256$24000$tgcY9WFR5vY5$ejeuaQy8pbXAYwl5qxqhxQ4vTNA10kNDBSRJplXWwLs="}}, {"model": "scoreserver.user", "pk": 45, "fields": {"username": "user45", "password": "pbkdf2_sha256$24000$LXCqYxHtcZ9L$966hMG82bjy4kjFDtx7AAzt5P/D++a7kbWyP8ccfeLE="}}, {"model": "scoreserver.user", "pk": 46, "fields": {"username": "user46", "password": "pbkdf2_sha256$24000$Vgp7vM9EHc3T$hsh0j4ZQlr6VHliGm8iaBw87C3S11ZPxBnJOPMJL8So="}}, {"model": "scoreserver.user", "pk": 47, "fields": {"username": "user47", "password": "pbkdf2_sha256$24000$CZ5cMk1zbdMo$RrWYQOGPw4KSjZKlK18UoRWUWqz375770jISyFOyAcs="}}, {"model": "scoreserver.user", "pk": 48, "fields": {"username": "user48", "password": "pbkdf2_sha256$24000$pKLsZHNU0XFI$o0j/JeGKiprgy5rrsxtjvmbXQ8VLNKoEzHSLpXkcEcU="}}, {"model": "scoreserver.user", "pk": 49, "fields": {"username": "user49", "password": "pbkdf2_sha256$24000$hhzEha2djxKM$kwVPlpAYNLebOkzePsWsdhtjxBWDu0yHiRlBSEnxXxE="}}, {"model": "scoreserver.hint", "pk": 0, "fields": {"question": 3, "description": "tlxBhTVJCqllFopHgjSaGfcNsoqDnutfCsUOISKoiqKLdMFdMmyhqPmFbrlgxrYoqwqinutheyEZAiAlnQRBRtvrKwbadVTLgUHw"}}, {"model": "scoreserver.hint", "pk": 1, "fields": {"question": 42, "description": "nHeeIyJDoGdExbRmmYNrGXXbcZctkoNESMGPpqgPRHSYWuXvgotByXtnSOnCDeiXjtVeQhuibMgWsdyDoUNuAoAemqjEezpRnyXl"}}, {"model": "scoreserver.hint", "pk": 2, "fields": {"question": 3, "description": "KzHmCExlKTrdYVQwRKAGtdsjypQjPpShlpOhZyeFZhkjZgRLuFcsbBqZRFYURdvOSAAhigRptapUPnjqgCFePiIrYERlKpWoOMhM"}}, {"model": "scoreserver.hint", "pk": 3, "fields": {"question": 6, "description": "xGiLieEKxcGYdnnEeTWUBBEWDibZZqjiOtWkJYpABKKQcuXVyjwzxBgYLfRjYzJgAOYcYcvqQdKCbSovVRCSBrTiYoOJNMgKQHaq"}}, {"model": "scoreserver.hint", "pk": 4, "fields": {"question": 3, "description": "xWpUsXHAJjzYGGVpsEksXLKLQLCpRVjrkkNpmCPlFwMedoHLIFppyioTyYLEGmVNqevWDISesUAgIjxxzxypzBMCDlSszPTGOUbA"}}, {"model": "scoreserver.hint", "pk": 5, "fields": {"question": 35, "description": "PmHhQTWxnEKjPzMmCTubkpqLojSmMQStDjMzPAHBiRzGEXnOpMlyuzfmRKFbUjNvSmQQHpkJoepBlvhcidJOXVSnoRjnAmMrJIrn"}}, {"model": "scoreserver.hint", "pk": 6, "fields": {"question": 41, "description": "AWXzlMFdkyyGBAmCTOpUzzPkUYhJKhORfIFZOfedsaPnlrvEVWrtWatekTKdqfVxncxPtLfUmpsOpiVLUrKqWhWIENEPQkUjkfNM"}}, {"model": "scoreserver.hint", "pk": 7, "fields": {"question": 40, "description": "xyBMkjowDsEICuFpqnavDyggeZnYoSlXTACRDGOUBGpBjEHZqFmfkWjXYkVOzNLaPzutNugAuCDzDUHkZdCMNdJmMgqWzLMFFKBl"}}, {"model": "scoreserver.hint", "pk": 8, "fields": {"question": 4, "description": "WJuSQxICFrGcLROEzHGCKJOdkLQBWALnLFOhESaIBZxpLLDVydHUTARethYnTaAGnJotKDnHDcQALrlRRqzZNUWSFiSYUsNtEuYu"}}, {"model": "scoreserver.hint", "pk": 9, "fields": {"question": 27, "description": "GRqoqHHouiFlNTkPsJISxWKTUGBuXzNKZLEliFHqupEoBfZxIjKFMOIYTbiBCzqTjCPwcvomblprPZuJuYjfhMlMogyydxBZCCQF"}}, {"model": "scoreserver.hint", "pk": 10, "fields": {"question": 20, "description": "JAdUUjDknubKmkMoSBsVYiQTcmPmUAOxOaGMhIJeQsVFyanBKrdXfwgtfFVAZhxNkAxqYmMveiwpCZcrZHNApjeoWGfMFxXxTtVR"}}, {"model": "scoreserver.hint", "pk": 11, "fields": {"question": 26, "description": "HsGZCmodOflVlxOegMlZNlJmKTbcsfFcgfDZjvBVTLeNBLQIlAhztSCFElvWDUtsNpPKhtfOvVGTYKZYvSqQLhfDbjtaklwTmllD"}}, {"model": "scoreserver.hint", "pk": 12, "fields": {"question": 49, "description": "pCqRCwMYysJJIBSNjSjtwhYCoSNrEgVRqTbTAlWNDWGaqFmtlAKyPeejPQPyPbfQyIXiUaHBHNXAhCVJkXTNpdpPPTCyRgTrNRxw"}}, {"model": "scoreserver.hint", "pk": 13, "fields": {"question": 41, "description": "OaClgPdPGtrVbHQYRpEypgNBUechWTVpkBXaQVLmnFHgASTTEqNkbAxVNvRPTtDGwuOvFeLaUSMBAbmshsnwAJCBuUmuSlZJBVqX"}}, {"model": "scoreserver.hint", "pk": 14, "fields": {"question": 40, "description": "NQCUeAXBcXfykhdFeCMmpjTtCkyDsKaHDObCbECQysIuRwihGDpVGXUpKSAQJoosOFYYWYxxVfqGdSKGzSpHTHhoZVAomJRJBTGy"}}, {"model": "scoreserver.hint", "pk": 15, "fields": {"question": 28, "description": "tljMcVXeaRUcnxLAEbrbJeqySAPdcHZdKFbuJNoGGODPBdeSdAPiIADcThSNStTfFGlVoqdCQJhqRJVOpgXdonnymtQImNHXrZFp"}}, {"model": "scoreserver.hint", "pk": 16, "fields": {"question": 38, "description": "RGUCwvesCJfXLsPfMXlIRlAvlzkzAkuVPOBwiggVOicSRKaljUYDWVlDboEGODDuYUidqGilhVXIIFPjwnCARFzWnMRerBzanBSy"}}, {"model": "scoreserver.hint", "pk": 17, "fields": {"question": 33, "description": "qilxrvDhGnUcNEGIIdBOqYeOZIVgGzAXZBzfGjdsNCXzwJKuazQkBIHUAUURJbLqoPpPpeynhUlTtCnHpXfKSkITwAwapRFFOWew"}}, {"model": "scoreserver.hint", "pk": 18, "fields": {"question": 25, "description": "GzeiZAYOFcgcMCdAOwVHIudLtzcTtAcYLoTTOxANqDgiLjgnuVMQMtkpbvzEaELAYvfmITLKGPUepnmeyuxtirxPJSvDiNFlMzaM"}}, {"model": "scoreserver.hint", "pk": 19, "fields": {"question": 38, "description": "tgzMwjeMVUNJbFrFTKykhxPfOxWWlqHfxyedaSuNlgfLAfgzovBCRekIKYUUTQjRTnWGkatwWaCvsgghPWCNsdDvmzfrgkXNjpHh"}}, {"model": "scoreserver.hint", "pk": 20, "fields": {"question": 44, "description": "jMcUzXzPFRiOKZMktaZZWqZKEarZxReARNKiYhvMeUojVNGmlWWFidCdPxCaWFaHXgwKCXzzFbaRKAMjIvnGzwSQlRuGVwTTFkCG"}}, {"model": "scoreserver.hint", "pk": 21, "fields": {"question": 23, "description": "GVmixBhTyPgwRUdOUJPSnvILHBBbLSVfYndYMPmzjfHGrKKYtwQnxFIPBhBjAgyoVerGwQWULzBkVigzqqRJfKpTpPCyOUFKYCgt"}}, {"model": "scoreserver.hint", "pk": 22, "fields": {"question": 33, "description": "MbqPTxAUEmJHCwoENyDeqZuwJGSeewehQYSpoHXEwzVnlOGipqzcukklWublgRHiEYKPzvjosRGJSCIVktGTlOkTbTfRALTTioYa"}}, {"model": "scoreserver.hint", "pk": 23, "fields": {"question": 21, "description": "pAdPArlabPCKwilWzHfPLFJXyhDRlbcMywGXWTYjMYsojYINJOKyglwipTOMuGdutDfjJStoQgTUliEQjUnxkgriBqDSQCxKmZtC"}}, {"model": "scoreserver.hint", "pk": 24, "fields": {"question": 13, "description": "YxajgjuatvdOdhrlkVfFeSMgQbBeeXBfdyUADKZFxocolOHxvkUHsKmWHzsjNoQPvTXMrVDrQRBFcLQslNZpbEBcsFeMIJHigqnP"}}, {"model": "scoreserver.hint", "pk": 25, "fields": {"question": 29, "description": "SOHpcybnQRsjLzZrnupDUjYVKDHKRHUufcpYXwvmjaTkPzoxlFwROoGUrepApHYPdAMDZXcstFMQXUPkmWzkBMTvLBosbenrQPFJ"}}, {"model": "scoreserver.hint", "pk": 26, "fields": {"question": 11, "description": "YiNQnOnfSDQdfIHyIzcRnxXiDPIXrtzJJNgiMEDHCQuzxkktBvRmiaRnbTWyAWzQAxHiCrFbVqCDHXzGOfrcsnKAxYzBERdmtmmz"}}, {"model": "scoreserver.hint", "pk": 27, "fields": {"question": 4, "description": "KbBuSpUsCcgnrzNiMHFgUJJbziKQTEqqulLLMUENwtzmoeCtYoHgeDdBSaCPFIkTiomYZeZkrBfwhfJTuFeBhAfabhPKWDMyUZZm"}}, {"model": "scoreserver.hint", "pk": 28, "fields": {"question": 37, "description": "LQixzYfyWQuNCymQCdBCBdmQuAELjlaJfQdLzRbRbyKRxypAFnMtXZdemwdwCmhzTxieTHQRQwKUHRQGWbXKScJpBAPbVdIPasmG"}}, {"model": "scoreserver.hint", "pk": 29, "fields": {"question": 47, "description": "xkxGwvQibZyKsSuQQbTUrEjEZfFqyrtuRDixFeUoWiJyUspkpDYFLsXhMDeBPdAoRxuEBrkGuDuWPBluRtvCLJmXlzRXYAqbBAmt"}}, {"model": "scoreserver.hint", "pk": 30, "fields": {"question": 10, "description": "zBqGPtnHcKjZVtXppLCFQbMqaTcbSdRWojWbRwqWVnEcXXyPGjKgsorFnNzgajzAkQxqhyMmiDOmdJvDShxvSDWbtCwXWAKMrcyg"}}, {"model": "scoreserver.hint", "pk": 31, "fields": {"question": 18, "description": "XKaXJFNZTviknbCvUldMOjwMbzZADorqxvRfpUNwHwqSrdJjqMnJMgcybCodvOyZPaEMikdKoeoIRDVFjqYJyCGxqxLVwQzkMeRV"}}, {"model": "scoreserver.hint", "pk": 32, "fields": {"question": 15, "description": "WbGPtFCWgCCswOEbtskjlONmwNQQykkJVjycRZnRDsasuthHsKolDHAphtHKQDELLBiKAHsNTdBIRgsigWZYmqUgjGCMDroeNvLK"}}, {"model": "scoreserver.hint", "pk": 33, "fields": {"question": 23, "description": "nKwOFosTplFqSuPadxCtbVXTikVyxemYQfssVDDsuaZSwsmHSLZTBARjLhpUsiKWlKkIuZIgyNRefZaccKWcKjStIaGMSwzAHRbM"}}, {"model": "scoreserver.hint", "pk": 34, "fields": {"question": 10, "description": "jjrGNFbdLhyRArNXmruesZcxBtTJYKFXqkmmYMXNarspZKSoqSetqyvyAlslJSDnsCUVBuEdsMuSkzQttPUXaJksdNUtJxYxaRCz"}}, {"model": "scoreserver.hint", "pk": 35, "fields": {"question": 9, "description": "WetNpmgcuKSsgcxvTJghQRQFOFfLLlucjlinNvzShCcWNJUGPJyWHiQbhlEwVTeFrEGNoEJqMAeVwpHlYRywNLEAXMPeERiJNQJc"}}, {"model": "scoreserver.hint", "pk": 36, "fields": {"question": 26, "description": "MCMmrggblwrhFTqQvlOHBctAJZptFASYHvGNiXUMcRlCxDdGHvmzrUxIXQwGtyyvVuAwUOAlkNsMTpLNPJOevOumUkIpiokWcudw"}}, {"model": "scoreserver.hint", "pk": 37, "fields": {"question": 30, "description": "qPoXkwZliuIolNboNQPgicJFcDZTTJdKuKlychnRuGjIywFScsijDxjRFLYLImejHwawUZQZObSbCHesYQHWHhTYsPMDjGalEKVQ"}}, {"model": "scoreserver.hint", "pk": 38, "fields": {"question": 9, "description": "JLetFYXjVdYFIAtzKgiFQCfRrxUABuaHzsYeSmUzkfZVxJpiOfoDqLAohbgImEzBBaOLclztjXTqNYrdEfsJJNeTqiZmbmZpxgEB"}}, {"model": "scoreserver.hint", "pk": 39, "fields": {"question": 5, "description": "YukWWJycXPJXrFzNZyzgGQsOohQneqVSRrIrBEWEicAHWRwiEVzCHHfRUyYRErdfWdSbKlCfSdAecUNOWAATNIkDnShjNqFEMahp"}}, {"model": "scoreserver.hint", "pk": 40, "fields": {"question": 29, "description": "TONrBRvHxVFcfSRBrBzinzCsdjTXGKyNMhrYGpPvtDvmnBEkJxPoTahmgwucexpUuwVDwLITpgNIPwcbPJqoVUgQwvyzmSkYvEHZ"}}, {"model": "scoreserver.hint", "pk": 41, "fields": {"question": 7, "description": "sGjepLIsPflEbOmDzrsbwZUKmgaMajltoHHIevpaCzSZyYtOMUHXJFYSCTliWqKUXwdKIlsUACHkUbNvMADIXIxfmbPzIHIaMScz"}}, {"model": "scoreserver.hint", "pk": 42, "fields": {"question": 32, "description": "gUIShIZtzmgrfiTTVHxcxhFVpXCzeSFeBpjdxCclGTIGSQYMDKjwpcmHGzVXqtNCaXVTLlWXfrEHwzuPSipjQqBXAyZKdmQSKONm"}}, {"model": "scoreserver.hint", "pk": 43, "fields": {"question": 35, "description": "IUmLLCwTVXviCvaaIXwOpOOekJUVkaPtVAGVlOzKsGvpkAEgtnlWDLqdQgVFDyMuPeCpkunclEkvajthfuCvWlsfHLkafCeBmvyG"}}, {"model": "scoreserver.hint", "pk": 44, "fields": {"question": 10, "description": "jBsAHLlHrZKHEbHuCvCBsvqEHeBYTBljjfrclVaBYVuoEeXyVbCQNiOHEkZvnhEZZQwkaORBCRpMWppOKCtGpmUSigcnbHHYkLVZ"}}, {"model": "scoreserver.hint", "pk": 45, "fields": {"question": 4, "description": "JuMJxMKaHqwaBIvofmtCQVfHFGNqWNxPDhfHfHqTCTrfvnnbhgjduAkIZKOtitVWDMFBUZUbUCtQOoNQQWqhtUgBlcdNDoHmRphK"}}, {"model": "scoreserver.hint", "pk": 46, "fields": {"question": 38, "description": "fQfTLCnJrcRambQQxbCgmegQBxGBsSVAcHmTtvxHrXYweXKOUpnyLVQTGNrrVgzIOtTZfIACrpdtylSwVeKdJruvhtgpVDJuIqKG"}}, {"model": "scoreserver.hint", "pk": 47, "fields": {"question": 40, "description": "rgKlkusdFidJDhHWrwDhzaBlmkkCwGddWqUDwqxdDtjQXFoxLPHpAKQLVxMHrOMRfqkaXVmKMmmJiXRYYdCUQbMXIuJrAKgqjrgh"}}, {"model": "scoreserver.hint", "pk": 48, "fields": {"question": 33, "description": "AcEEwGcmlRpqcPYbwPDceDfVlxVBfAmOxRNvXrdoaLAvKhyZeKtgMIwdEMxevzzwejndEtgDpptBHRpHIWRpoSTqWMNmUAcFDXPl"}}, {"model": "scoreserver.hint", "pk": 49, "fields": {"question": 23, "description": "QAXOfpJdUoNetahsYEsdNaLLKGQDZPLTSwUOEuuqwvrNgxxwIEAwdJRXuUZQDTLpTsjmkXRebsHFwyAPvNKOCwOHQPBEqsCDrcIt"}}]