[{"pk": 1, "model": "scoreserver.category", "fields": {"name": "Web"}}, {"pk": 2, "model": "scoreserver.category", "fields": {"name": "Network"}}, {"pk": 3, "model": "scoreserver.category", "fields": {"name": "Binary"}}, {"pk": 4, "model": "scoreserver.category", "fields": {"name": "Forensics"}}, {"pk": 5, "model": "scoreserver.category", "fields": {"name": "Crypto"}}, {"pk": 6, "model": "scoreserver.category", "fields": {"name": "Misc"}}, {"pk": 0, "model": "scoreserver.question", "fields": {"category": 1, "title": "Question_title:ZEoeSDTTAYeGOJk", "solved": 1, "description": "Question_desc:BLbRoAQQGSWUNLJANHgeIdRbaBAvzbMJPUFYBVDRQpXrCdlHinfbQaYwZuPOUJHkUikighGplGtakGOyAteXcGXRGMoSQUGKtRFC", "problem_url": "http://example.com/nDyFuEzJiWczVtCVhzmADEEycVPtrZ"}}, {"pk": 1, "model": "scoreserver.question", "fields": {"category": 6, "title": "Question_title:HvMvLIDzXEPmklg", "solved": 20, "description": "Question_desc:YgEqiVZOxafHleQfpEWVfctnGqQerIauyHouAMUVYUhywbTFZnHfjfXXWbzCVaraKtHiCDMrNZjmuQZdOIhBltSAGpJyTIwKexUg", "problem_url": "http://example.com/CazPTMTXvvqgJXmhKHkxyJZXuisXos"}}, {"pk": 2, "model": "scoreserver.question", "fields": {"category": 1, "title": "Question_title:eKLnhsSjoBFoSpi", "solved": 0, "description": "Question_desc:MaPpvcpdQJmDYAqNPgPeLkNxWPZaSjLABwCkPHTdFvPtphCXacsIoFwAlTqKOSClztdLOcPUpIMIwiwvGUeqoJRmLLGWGZaZfRPK", "problem_url": "http://example.com/TvslgkNBbvwvirKXzbKvlxGfyeLWab"}}, {"pk": 3, "model": "scoreserver.question", "fields": {"category": 2, "title": "Question_title:ehONOkOEBdAKjRI", "solved": 10, "description": "Question_desc:nLLrnvCikorkYNdDsUXNXxmznJUSQoHEsdpFciQhAohavQmdhrUkWwjTGsDADvfjvYTtyywLcfsiRACKpwrmXOzpmieFoHBOcmQo", "problem_url": "http://example.com/miklseiJYGBCpzEHAUMeJuGygSChQB"}}, {"pk": 4, "model": "scoreserver.question", "fields": {"category": 4, "title": "Question_title:MEDjaVfpAEedpfc", "solved": 3, "description": "Question_desc:YJznjuWyYATGHbHrXjmFMINJLawMcXUmvAKPDmiGVAjPPvVoNpbiMcnSmwgPmvUWXOhnSXDycXikRGzOIMdVNYKHvQxJAPuMqYZr", "problem_url": "http://example.com/HjtuwOtMcgufVktOeNJjJeIvhKWzbP"}}, {"pk": 5, "model": "scoreserver.question", "fields": {"category": 5, "title": "Question_title:OJFiMyRovnWYmsn", "solved": 11, "description": "Question_desc:VYtawulpZrkJFpSSBIPBDOJotPtColnCGBuLNQqVmcqICFuoyRAlecAXLqWawYRiQorxHZGaABQpMaqIHwutnLNjAJzZYPrXayiQ", "problem_url": "http://example.com/mzPCfbpDtWTuPVyqTBtMzvxhseDSsf"}}, {"pk": 6, "model": "scoreserver.question", "fields": {"category": 6, "title": "Question_title:iXRnOWszNpDTUDO", "solved": 15, "description": "Question_desc:AQDsoOvNRAaWGTPJeyFWFFvdAlpAfJPTMIUJfEKAZyblYSvvbsWasHlJqXUWBFXxexyainnUCmOtAFQwmPeFiCWuwZkJVfFAmVAy", "problem_url": "http://example.com/nGinzFTflqRRNyDjAYYliFAzyWbSjC"}}, {"pk": 7, "model": "scoreserver.question", "fields": {"category": 3, "title": "Question_title:GEJYFFQHKVBvmdR", "solved": 16, "description": "Question_desc:BtubujruxXPQknvfHXqQRQXzrkYBIUxxyaeCjkvEdJPibBszLSBeowDVfFXxwXRoqDDCTYYDZQKeWJyTeMiqDFlztdLXAOtiKRho", "problem_url": "http://example.com/FCAfIosICVobeKMspJOXhebvmMMVXR"}}, {"pk": 8, "model": "scoreserver.question", "fields": {"category": 5, "title": "Question_title:raoBZeKbDJlZvTp", "solved": 5, "description": "Question_desc:DEaqLcZsgUhMZGgAyTfESAlUGFDHXXrARupZooFMgdEZFqSbalxagOdSuYIWExieVVTyqiJohVOlZloEALfAHlZVLdwpkKhRsBiR", "problem_url": "http://example.com/ULVTCltIvRDshlXCEqWIpiXVduIRMt"}}, {"pk": 9, "model": "scoreserver.question", "fields": {"category": 6, "title": "Question_title:BQpAMieaaJkkJVj", "solved": 2, "description": "Question_desc:QLSboiLkZcubnduakpSuTfOLoWFSDMOpIcBffBzIVmHJqAvuEJUPyTAxRiQVrVjIvvKiekeYZuifkBDvezPUXqnBVhgxZpuatCzC", "problem_url": "http://example.com/eRGTbRezSZCObwrgQOCOudKtuHOxPa"}}, {"pk": 10, "model": "scoreserver.question", "fields": {"category": 5, "title": "Question_title:HhbLLjuHzpNNlYL", "solved": 13, "description": "Question_desc:HJLqUGpVzsCnotgZlocrEwfYnLfiwnrbqjiVuJgSUmnhiXIWCiAWguUCrnYrLWOasvNGKGnbEqEyAGwyfCanBAtmbAPanmGZMwfM", "problem_url": "http://example.com/YeOjDnZLHTiAhAtCscQUDxDELrRtwu"}}, {"pk": 11, "model": "scoreserver.question", "fields": {"category": 3, "title": "Question_title:OiziTiSBOWrcHJj", "solved": 6, "description": "Question_desc:ABCFYwDqrMdIFkseYJxVbJgXrmtXsmmxsEQOgaXIYVgOlyaZDhQMKNbmjvwrpLePjlRDNcxpqYdscXtaoqtTFJeRjECNaoidlJsB", "problem_url": "http://example.com/eqoKeBkNrgmTHjzDmPFaPgDYMrQKpr"}}, {"pk": 12, "model": "scoreserver.question", "fields": {"category": 1, "title": "Question_title:rqwpNzhXLLPqWVA", "solved": 18, "description": "Question_desc:qMETeFIKVJvZfRQZLtnIztzMgHyqQODgERSTyaEFXNqgeWzdsaJKKpgnRSnaiUZXJUGZlyyosPZVzWMOjaVqZreMHGPVLyckEfrY", "problem_url": "http://example.com/HnSFnTAItmCsKQnFdHbwRqWqgkCELZ"}}, {"pk": 13, "model": "scoreserver.question", "fields": {"category": 5, "title": "Question_title:aqyPafgsbyfINok", "solved": 1, "description": "Question_desc:sSRtAfZQlbLCDteRPpByvZIqxHevoAxILzxdemQUJyWQZhQSlGTbAPAxlWujcqOoOsHLZvCQeRondRbcJjoZfIZtIyLFCpFjHBSt", "problem_url": "http://example.com/pImmCGYVjqVszTOfivgiwGNcbMJugx"}}, {"pk": 14, "model": "scoreserver.question", "fields": {"category": 4, "title": "Question_title:szhhamVitkWRpKV", "solved": 12, "description": "Question_desc:YqvDIEXvuVNBPHJJaliWTTcsZVwbIUSVTNJdhyXtKDEYPKxEDAMXtaNbegfrlWuCaztwTauGhkCPllpheBaZjWpTaymZyVhotPrP", "problem_url": "http://example.com/FLWxervEUlRrMTkTeVibigKpiomBdy"}}, {"pk": 15, "model": "scoreserver.question", "fields": {"category": 2, "title": "Question_title:AGSFTJEwMnevbwm", "solved": 20, "description": "Question_desc:XylUxbOskYdWIyHDMesnPzIOHYOcFOFgSGPjQOgeKTyyuMNDTLQAOcxdHsoLlxjeSmckDpZIxNsRQtkIQEFOjZofGfQHiaSPVMFS", "problem_url": "http://example.com/wuztYfmnyOpZHwbadRBfypgcDCaxNn"}}, {"pk": 16, "model": "scoreserver.question", "fields": {"category": 3, "title": "Question_title:pfEwYDZLfTtUXza", "solved": 11, "description": "Question_desc:CVDwQOZFMtschvjZwIablLMCViallgqmxTNaIlocoZRbVIDvaOtHFNofAMxaSXCKFKsTddcoLvAzhDjhufyXQGugpJCmCvbLIBHd", "problem_url": "http://example.com/orwjjZeLelHMLhzVhWXUYEsyZYkPJg"}}, {"pk": 17, "model": "scoreserver.question", "fields": {"category": 5, "title": "Question_title:tenKBzhYKAYswWC", "solved": 19, "description": "Question_desc:hmBOIQCPeWprnkvgspuXhPltTeWQCkIlmjelhbmGFJHMjZizEgsUwXQXbNjAkFzuUxpAiOzdKaWGjBnIYtDbMFUkpCOCamiXWNoa", "problem_url": "http://example.com/OaCQAwRRzTmLKwDaMDKYHZmmxXtMiB"}}, {"pk": 18, "model": "scoreserver.question", "fields": {"category": 6, "title": "Question_title:MRwObVYBYAArdeg", "solved": 12, "description": "Question_desc:sPlQVAqSWCMjboodIXrarPSUIPROpHSosfllnPkmtyyFVpYrLTxfcTMOqDCuZUkuOBRtCOZMewXHeVdKQmkSSHFLSbEufanxhFbL", "problem_url": "http://example.com/tBJBLsyyffETtrxEYPErKjmbLtJYHp"}}, {"pk": 19, "model": "scoreserver.question", "fields": {"category": 4, "title": "Question_title:VBSUxfaKZZDIOOg", "solved": 2, "description": "Question_desc:aYACgpSgRZmjOtjCLDlMUVhGGfXTWBKPsuduDqAYBupDOldeYFvolMtPyUxdRrrPTrkmWrkdkopvHipkruWCyUgIIpkxzcwYqbDm", "problem_url": "http://example.com/CDkNIwqZLpseuhfXweCtqlFOPNPwJV"}}, {"pk": 20, "model": "scoreserver.question", "fields": {"category": 6, "title": "Question_title:EpRvtZETbTEFbuO", "solved": 2, "description": "Question_desc:eyDyelakqbCmdtRfPETiKYlKgJPkRyMxPgogFTCwRBJiLHxKMzGrXcHuhisrvAcAXmYCMKZvrNhKShPvYiKgJaywIFaPihYcTGQG", "problem_url": "http://example.com/iONdwmtPeAWsbwaJdThZJOnNfNgQQW"}}, {"pk": 21, "model": "scoreserver.question", "fields": {"category": 2, "title": "Question_title:djDwWfNsIqTyXJU", "solved": 1, "description": "Question_desc:sadhHPVBOsRkBNaiJkcxSUDLCqlorLcCziGeJYEtpRdgzSrcNSaxxyaEKQsPkTJBwaYnFfIsmkjPzajoLeXTcvdHfraEocgjajUr", "problem_url": "http://example.com/sBezlrjVVICOzHRsLrwWNJxTWqdVWG"}}, {"pk": 22, "model": "scoreserver.question", "fields": {"category": 1, "title": "Question_title:BNwtEGkmoKpaTxi", "solved": 6, "description": "Question_desc:WNkNZmXdIJqfzLhLzVPSzvChamPGfmYvhulpISyJjGdAikDwoTaaJWizSnxyjdGuzEcHYQGnHbzoZzfVYyRzJZuwtPsvmsByUqsn", "problem_url": "http://example.com/wYTOYJWoAAenuEuNjOweSXAFnFeEgS"}}, {"pk": 23, "model": "scoreserver.question", "fields": {"category": 1, "title": "Question_title:buIcfCXKfcrCAfi", "solved": 8, "description": "Question_desc:dLYjzBQvbBHCNQhRcpBDlMzqNjjBihRKQimQCPxfxdlOqfaJgSYlAvkynSLKeqUvfbJPjUEPRxsjDILiQjfDjOLocGkemCLBqFBs", "problem_url": "http://example.com/MDFGUPgWWduQCUbOYxAkkkGLIEHwwu"}}, {"pk": 24, "model": "scoreserver.question", "fields": {"category": 5, "title": "Question_title:TVdbdUbAvXrFIfq", "solved": 16, "description": "Question_desc:pAYxYCGPGnmDXYXUnEyTbGEzhEasTuCFjmOcQZMySfDLJEdTvGFBPLuYAJkVmUUuwSfDSuSxkGLHDUjPVbGLpWgopLHErclbXyjR", "problem_url": "http://example.com/JOdYXjYVFzooRXAoCujUmbZqrlBaFN"}}, {"pk": 25, "model": "scoreserver.question", "fields": {"category": 6, "title": "Question_title:bzlYspmcYfYByaR", "solved": 15, "description": "Question_desc:QtxazqwygGncnuMgyVpxrmWBqPfCrMSUvBTteSYLudQIgnCsxJCLeFSFLIHAPofPyUegPbcziYdDClSpZlMmUwKbcdaxCoUskKcB", "problem_url": "http://example.com/CwxqElekaEsrJqGSwNqUMOEBSJZzSs"}}, {"pk": 26, "model": "scoreserver.question", "fields": {"category": 2, "title": "Question_title:lrceRYyxzURuNdC", "solved": 18, "description": "Question_desc:hqHVnwqiffwVWJHwgpmBWNcbwvHKtJtbaudsremuXuKNOqURmAAVZnBpdAdClJWOWGDnnFVcAIhtEewEaHgDzYjWreaZHhBjptMD", "problem_url": "http://example.com/CTEDYaBMpicmmmbBGmUnJQzhdhUJZC"}}, {"pk": 27, "model": "scoreserver.question", "fields": {"category": 3, "title": "Question_title:PoncgiFchvMOWpD", "solved": 9, "description": "Question_desc:JfjQTahKQsaqdNkDXYQTRYlphnEBONDZNQXXWkBuFVFomGjcEFbLslCPbKKGbFHnxpVGLPbMlmlYoHIrZrNLBJQGxrSPFhKJOMlF", "problem_url": "http://example.com/SGwWSAUGsaYVyCDsszuXfRbFGMEwkc"}}, {"pk": 28, "model": "scoreserver.question", "fields": {"category": 3, "title": "Question_title:qShNxHfYNCnycQv", "solved": 7, "description": "Question_desc:oJmNbRaaPbakuAvZZkQPEmbRHxRhKQwqadiMrBJNsDgEOGcnwlRyRyQssAEJctMtLKafoJNrZAJxUjSThacQzsSsNCruOFSTNKIO", "problem_url": "http://example.com/zvHKEjqzyzYCtrdirMCYGhLPEbfLUn"}}, {"pk": 29, "model": "scoreserver.question", "fields": {"category": 2, "title": "Question_title:XHEAdUSJhkjhhFf", "solved": 15, "description": "Question_desc:YeFJkEwWUlTahTLvNMCnQvlqcmGOUfYhJsjUEmUCHJMUKwquCJOAeuuLezMIihKqPCTRqYZIYtWcqUhTkOjwQvctIDtjJqtVtfiC", "problem_url": "http://example.com/fjJkruYvJrZJuAuPyzeADbwZNVOwut"}}, {"pk": 30, "model": "scoreserver.question", "fields": {"category": 5, "title": "Question_title:pBmEjsFOqhYnElC", "solved": 17, "description": "Question_desc:vahLYVfBitkUJBgYAIIUNsOHRzxmFERFvlekZIgzqEXiNKYMWJocNoNVEZwpfBJnIfmbSzVEnsicKQtmHmMXdbvgSSnYQtHRZtVz", "problem_url": "http://example.com/HvmXGJkGzHzMycnArIBZEECaaKexcu"}}, {"pk": 31, "model": "scoreserver.question", "fields": {"category": 5, "title": "Question_title:YmIMBEEBBySEGVx", "solved": 0, "description": "Question_desc:SYFjMOatqGTuAQmEZnVwnlZUDGmnfUYIVnkUWxOLqxqNmoFWtwkTURUySXSQZzHkMxqqMiCnAuuIlXuXBrZFMihnYNWpgFMFvbiq", "problem_url": "http://example.com/DCQVTRcRyLMwDRVmIZXHpCquHDvvaZ"}}, {"pk": 32, "model": "scoreserver.question", "fields": {"category": 1, "title": "Question_title:oiDNNTcnZQTpBOF", "solved": 9, "description": "Question_desc:frdVSPWESFxNMEPBPVcOAMblbWedwkaAyFjsdcTiztMdEkZcolMtHaUFLmqtvcyeRlZlkawDlKesQbPayKSPCmJIwLVrukBFTyrC", "problem_url": "http://example.com/wzrywTAhUDvJscNEZHMaiVyyAUZPEl"}}, {"pk": 33, "model": "scoreserver.question", "fields": {"category": 4, "title": "Question_title:RkOLURxEMXFFouq", "solved": 3, "description": "Question_desc:xIREZLRHvFuBkaMlfWsmkJDYvEEfmcpmVTaxuvUaMBvAkfZYGExrJKUXIzaaFGOvkDTrUlDFiNooPAfprHbEcHGmSpLcoupeLqfv", "problem_url": "http://example.com/QLDMaxtWZSaDkxGskMkJpUDCAqvFUe"}}, {"pk": 34, "model": "scoreserver.question", "fields": {"category": 2, "title": "Question_title:oLlyjmvRbwgEMQD", "solved": 19, "description": "Question_desc:bgNdzMXsjETJozGJLAyNKXTLlEUdwuozvkvwqwLmkDqxCtxfCRpiyplXwiMYUDozTkzaWwYOXsTZzvdTFFGTEywmLFcKtXDtwbiG", "problem_url": "http://example.com/GsEbvTpjQWaoNEgGGmwJatMtyrIAMu"}}, {"pk": 35, "model": "scoreserver.question", "fields": {"category": 6, "title": "Question_title:AFRPnxXKwTgKGlI", "solved": 20, "description": "Question_desc:SRAucOCgUwggejxFuApXHmJUrGgDUfIuraxDtvPLuiCQDQdiNgvxtaIJVLCDhPhWBNGkQNKgjtjhLRMcNQuFBvkZuhpxPixsaTIQ", "problem_url": "http://example.com/FqzbHFStpVfBCWBQcCKdhglFGVnjlL"}}, {"pk": 36, "model": "scoreserver.question", "fields": {"category": 2, "title": "Question_title:umrViPEpHTZJvxk", "solved": 16, "description": "Question_desc:bMqAZTdxdkDiHCuWCybLcUqCdaCmnamkrFRogvXiDPjYxcdPIvtmGsyLcMEhtoFUoGMtNotnHvDxhoWzbAFgIGprunHIszcyewCe", "problem_url": "http://example.com/clbWGyplqTFxjMCOkgFOTSFhgxTBgZ"}}, {"pk": 37, "model": "scoreserver.question", "fields": {"category": 6, "title": "Question_title:rXnyRdvvsxPMVmz", "solved": 4, "description": "Question_desc:wiAXKbSexmwuYYtMwvPEyoFLpBTiiHYKSgtjxGafNRBCwYrHjzlsoKIhAHJOhQwkwGmchgrYzoRHlsbfKkFgDrsmOUZMWfOPwSBe", "problem_url": "http://example.com/HZAreDecarNxQzeBesZzBQgSApwsCH"}}, {"pk": 38, "model": "scoreserver.question", "fields": {"category": 3, "title": "Question_title:tghLtfkNGQECCQJ", "solved": 19, "description": "Question_desc:MxtzUPKipdSzWgcwZQJumOlzWzgPInCfvVBdAqzzoKQwQpIAhEOCOzBdBJpyCTrxDtjTBNLgbxBoFXhHINbTjthJijOLAmGjjdAG", "problem_url": "http://example.com/cFcfekbZEWtfDmuRZOidVEjgWdsHXa"}}, {"pk": 39, "model": "scoreserver.question", "fields": {"category": 6, "title": "Question_title:qnFlcDZVLDNkUie", "solved": 13, "description": "Question_desc:TUjNMVJFlVJKZAlQPiYqKVeEuuHwAptLzqdXcHJUSzyFsHkQScnRcbWTxLGlfKdecdszfykCuvJlkdfXhDXvoJQjXuOjwjgNxWez", "problem_url": "http://example.com/lRlaFtxzkKtMnjaFSxvqdhsncUVUrv"}}, {"pk": 40, "model": "scoreserver.question", "fields": {"category": 5, "title": "Question_title:vUjNBuCQeyCtGKO", "solved": 19, "description": "Question_desc:iZspawJSRqIbvkmiEIacrHkyxQpDHDjGshHVLrZCGlwTLCWhWRfSwtEdNHTkOaDEpYkCRQEfaxXZaMXJiAAOspsqrHGFMHwhjeGc", "problem_url": "http://example.com/RWJtrqyWHhQAsEOHRIAeimnGMcUscK"}}, {"pk": 41, "model": "scoreserver.question", "fields": {"category": 4, "title": "Question_title:EpwhweIuBzacqhg", "solved": 17, "description": "Question_desc:SswMxGQBRmNnzyymqRgTpnUJBGXEWanWKQIzZGjLNbdFKGVnNcaUaxDnDpmqwnXwxXQqeCmaEjvDLpTUfhZzZLOhrmJDBdZBtJbv", "problem_url": "http://example.com/yTXJshpmGVGrxmyldbUTBorJXngplX"}}, {"pk": 42, "model": "scoreserver.question", "fields": {"category": 1, "title": "Question_title:ttwityfxBVdqoqn", "solved": 3, "description": "Question_desc:RAUSsxrWSjaMOOwOHZlpBtPfYjnPhzqRIQsxEVoiukGslxtEdidTTweDWAJNsIxrEtmNXExwxBzxrzOpBsMbMcZzDvXapdUCnFOc", "problem_url": "http://example.com/oLpYDeyHNnQlufgZNfoHakjbOocOIl"}}, {"pk": 43, "model": "scoreserver.question", "fields": {"category": 2, "title": "Question_title:SpiJHDDkSfczZFX", "solved": 12, "description": "Question_desc:moZxpanMNDbMLDwsMXqkROrWoAUmGkawjGqopWuRoFlihRpQJoGxjDvRjbzkTXgtYpAfLzvdqUJlkpaFmypAwFQsRSjquIgXJpSp", "problem_url": "http://example.com/LsIacqDitMBAiYPMpTbatNWESjLMkV"}}, {"pk": 44, "model": "scoreserver.question", "fields": {"category": 4, "title": "Question_title:rSNDirHVzQKIymc", "solved": 16, "description": "Question_desc:osmtTXUTYwEUqReJnwKuOhWxiJecsyHJYmLEfxkdhBTxpmVGUxGXyeMbkDeHXNtmGpqmdvGRACGRitksBqWxvpTHlsuFbrWLyOtZ", "problem_url": "http://example.com/VnYkqqBYxJryPcHAffotIedKHMKiPX"}}, {"pk": 45, "model": "scoreserver.question", "fields": {"category": 1, "title": "Question_title:uwSBNhZOkslnfvS", "solved": 8, "description": "Question_desc:fVjJqkLMqNWrNmQapBOskveqPHAOIIAqkIIOHnxSfCfrUskuQBBLevJcmVCoCoklIemVdMsjpkMtNtscfMNgylCDqkVxBPSDWVOR", "problem_url": "http://example.com/alqLkVjTXeLgbOTbEEhfujIdPImNFP"}}, {"pk": 46, "model": "scoreserver.question", "fields": {"category": 6, "title": "Question_title:dywbzzlBMVDIeWu", "solved": 20, "description": "Question_desc:kYvVynUaTgrhhevahFxTMglueSZHmlCyEvSghTfLXhClbRrPPmwRBGUIGQKPGkKBhPxgyvPQHKuOCqVplQTfNAJlsvpQUjikAolT", "problem_url": "http://example.com/kPDLFLwGzzIXCeIGrzkLbOKYTMxhAL"}}, {"pk": 47, "model": "scoreserver.question", "fields": {"category": 4, "title": "Question_title:OjeYOmHLwJBucPf", "solved": 9, "description": "Question_desc:IGWxqfvwFThaPyevxCywCqxGJXJaTnwazPoqHrDhEUrQDHhAuQMIzwuWatKrKtLXmagRkKDhaZDEiqONqNjAGhnFmsEKZQeSxLly", "problem_url": "http://example.com/ZSoRJnaskUFKxsvtpqsweIgeTmsxcM"}}, {"pk": 48, "model": "scoreserver.question", "fields": {"category": 1, "title": "Question_title:ziiHBpGMEIUPJId", "solved": 0, "description": "Question_desc:iorvxrKglcwHNaroNMrghtdZWpWASmRBlimMgSVHHICgoqCcEfGhjXWUibYKgHDTQosSgNIYYZgIwoLFmgmIEfTQAYjUZhMrdZLA", "problem_url": "http://example.com/lMHAGkDQmbptsnpOWdBTvPVzunZbkg"}}, {"pk": 49, "model": "scoreserver.question", "fields": {"category": 6, "title": "Question_title:deDmtrpLIPwPSAI", "solved": 10, "description": "Question_desc:WCNqimTiNmMIkCemUOQBUijYednFJmHILOqByOGUzbPFVnhdQHOnMKHdohLJBoRApGZASizRoByeHBpxlyWfvfpRlFsnIXeSlewO", "problem_url": "http://example.com/QUldydoYcIohgnjhzavWPecLILQgvw"}}, {"pk": 0, "model": "scoreserver.flag", "fields": {"point": 200, "flag": "FLAG_IS_[200]", "question": 0}}, {"pk": 1, "model": "scoreserver.flag", "fields": {"point": 100, "flag": "FLAG_IS_[100]", "question": 1}}, {"pk": 2, "model": "scoreserver.flag", "fields": {"point": 300, "flag": "FLAG_IS_[300]", "question": 2}}, {"pk": 3, "model": "scoreserver.flag", "fields": {"point": 700, "flag": "FLAG_IS_[700]", "question": 3}}, {"pk": 4, "model": "scoreserver.flag", "fields": {"point": 100, "flag": "FLAG_IS_[100]", "question": 4}}, {"pk": 5, "model": "scoreserver.flag", "fields": {"point": 100, "flag": "FLAG_IS_[100]", "question": 5}}, {"pk": 6, "model": "scoreserver.flag", "fields": {"point": 1100, "flag": "FLAG_IS_[1100]", "question": 6}}, {"pk": 7, "model": "scoreserver.flag", "fields": {"point": 1100, "flag": "FLAG_IS_[1100]", "question": 7}}, {"pk": 8, "model": "scoreserver.flag", "fields": {"point": 200, "flag": "FLAG_IS_[200]", "question": 8}}, {"pk": 9, "model": "scoreserver.flag", "fields": {"point": 1000, "flag": "FLAG_IS_[1000]", "question": 9}}, {"pk": 10, "model": "scoreserver.flag", "fields": {"point": 1100, "flag": "FLAG_IS_[1100]", "question": 10}}, {"pk": 11, "model": "scoreserver.flag", "fields": {"point": 100, "flag": "FLAG_IS_[100]", "question": 11}}, {"pk": 12, "model": "scoreserver.flag", "fields": {"point": 100, "flag": "FLAG_IS_[100]", "question": 12}}, {"pk": 13, "model": "scoreserver.flag", "fields": {"point": 900, "flag": "FLAG_IS_[900]", "question": 13}}, {"pk": 14, "model": "scoreserver.flag", "fields": {"point": 800, "flag": "FLAG_IS_[800]", "question": 14}}, {"pk": 15, "model": "scoreserver.flag", "fields": {"point": 600, "flag": "FLAG_IS_[600]", "question": 15}}, {"pk": 16, "model": "scoreserver.flag", "fields": {"point": 300, "flag": "FLAG_IS_[300]", "question": 16}}, {"pk": 17, "model": "scoreserver.flag", "fields": {"point": 500, "flag": "FLAG_IS_[500]", "question": 17}}, {"pk": 18, "model": "scoreserver.flag", "fields": {"point": 200, "flag": "FLAG_IS_[200]", "question": 18}}, {"pk": 19, "model": "scoreserver.flag", "fields": {"point": 1000, "flag": "FLAG_IS_[1000]", "question": 19}}, {"pk": 20, "model": "scoreserver.flag", "fields": {"point": 1000, "flag": "FLAG_IS_[1000]", "question": 20}}, {"pk": 21, "model": "scoreserver.flag", "fields": {"point": 900, "flag": "FLAG_IS_[900]", "question": 21}}, {"pk": 22, "model": "scoreserver.flag", "fields": {"point": 400, "flag": "FLAG_IS_[400]", "question": 22}}, {"pk": 23, "model": "scoreserver.flag", "fields": {"point": 100, "flag": "FLAG_IS_[100]", "question": 23}}, {"pk": 24, "model": "scoreserver.flag", "fields": {"point": 1000, "flag": "FLAG_IS_[1000]", "question": 24}}, {"pk": 25, "model": "scoreserver.flag", "fields": {"point": 400, "flag": "FLAG_IS_[400]", "question": 25}}, {"pk": 26, "model": "scoreserver.flag", "fields": {"point": 800, "flag": "FLAG_IS_[800]", "question": 26}}, {"pk": 27, "model": "scoreserver.flag", "fields": {"point": 700, "flag": "FLAG_IS_[700]", "question": 27}}, {"pk": 28, "model": "scoreserver.flag", "fields": {"point": 700, "flag": "FLAG_IS_[700]", "question": 28}}, {"pk": 29, "model": "scoreserver.flag", "fields": {"point": 600, "flag": "FLAG_IS_[600]", "question": 29}}, {"pk": 30, "model": "scoreserver.flag", "fields": {"point": 100, "flag": "FLAG_IS_[100]", "question": 30}}, {"pk": 31, "model": "scoreserver.flag", "fields": {"point": 1100, "flag": "FLAG_IS_[1100]", "question": 31}}, {"pk": 32, "model": "scoreserver.flag", "fields": {"point": 200, "flag": "FLAG_IS_[200]", "question": 32}}, {"pk": 33, "model": "scoreserver.flag", "fields": {"point": 600, "flag": "FLAG_IS_[600]", "question": 33}}, {"pk": 34, "model": "scoreserver.flag", "fields": {"point": 100, "flag": "FLAG_IS_[100]", "question": 34}}, {"pk": 35, "model": "scoreserver.flag", "fields": {"point": 900, "flag": "FLAG_IS_[900]", "question": 35}}, {"pk": 36, "model": "scoreserver.flag", "fields": {"point": 300, "flag": "FLAG_IS_[300]", "question": 36}}, {"pk": 37, "model": "scoreserver.flag", "fields": {"point": 600, "flag": "FLAG_IS_[600]", "question": 37}}, {"pk": 38, "model": "scoreserver.flag", "fields": {"point": 900, "flag": "FLAG_IS_[900]", "question": 38}}, {"pk": 39, "model": "scoreserver.flag", "fields": {"point": 500, "flag": "FLAG_IS_[500]", "question": 39}}, {"pk": 40, "model": "scoreserver.flag", "fields": {"point": 500, "flag": "FLAG_IS_[500]", "question": 40}}, {"pk": 41, "model": "scoreserver.flag", "fields": {"point": 1100, "flag": "FLAG_IS_[1100]", "question": 41}}, {"pk": 42, "model": "scoreserver.flag", "fields": {"point": 400, "flag": "FLAG_IS_[400]", "question": 42}}, {"pk": 43, "model": "scoreserver.flag", "fields": {"point": 200, "flag": "FLAG_IS_[200]", "question": 43}}, {"pk": 44, "model": "scoreserver.flag", "fields": {"point": 300, "flag": "FLAG_IS_[300]", "question": 44}}, {"pk": 45, "model": "scoreserver.flag", "fields": {"point": 100, "flag": "FLAG_IS_[100]", "question": 45}}, {"pk": 46, "model": "scoreserver.flag", "fields": {"point": 800, "flag": "FLAG_IS_[800]", "question": 46}}, {"pk": 47, "model": "scoreserver.flag", "fields": {"point": 1100, "flag": "FLAG_IS_[1100]", "question": 47}}, {"pk": 48, "model": "scoreserver.flag", "fields": {"point": 1000, "flag": "FLAG_IS_[1000]", "question": 48}}, {"pk": 49, "model": "scoreserver.flag", "fields": {"point": 700, "flag": "FLAG_IS_[700]", "question": 49}}, {"pk": 0, "model": "scoreserver.user", "fields": {"password": "pbkdf2_sha256$24000$EltsMEoa3gOK$Cgk2NwLCGz9unXh5rSah8w/60xIOx5elGCqhgxqhP4g=", "username": "user0"}}, {"pk": 1, "model": "scoreserver.user", "fields": {"password": "pbkdf2_sha256$24000$o5kd76zztb2d$GPwU/Km2TwcHsKgf6Lilv4BC8376GFVI4BCKWtk7Gq0=", "username": "user1"}}, {"pk": 2, "model": "scoreserver.user", "fields": {"password": "pbkdf2_sha256$24000$6xXA9XbyCUTM$jwFA0nDlRVRcTlEoZASIe2lvMzPOUEJHeFp2j3surgo=", "username": "user2"}}, {"pk": 3, "model": "scoreserver.user", "fields": {"password": "pbkdf2_sha256$24000$hN3XLEExmv55$J8GoPpILxSMp2mYc2LYq25uBxYucH+aSGpiScee9lU0=", "username": "user3"}}, {"pk": 4, "model": "scoreserver.user", "fields": {"password": "pbkdf2_sha256$24000$kn2ygjUp54hS$IPJo9R2zANHPGbkoRhjMeKtDIEltLD37kOY+sQ4UmIM=", "username": "user4"}}, {"pk": 5, "model": "scoreserver.user", "fields": {"password": "pbkdf2_sha256$24000$gs7U9f9uEIBt$J6TNHT5pXDUUW5r9+lAyK5FdBr5idlXvGakermOEk4Y=", "username": "user5"}}, {"pk": 6, "model": "scoreserver.user", "fields": {"password": "pbkdf2_sha256$24000$pYMLvWYGt6EN$Sz2RosQAgf0jaq8eS05norEAT2QW9dQNYrW5ongEyts=", "username": "user6"}}, {"pk": 7, "model": "scoreserver.user", "fields": {"password": "pbkdf2_sha256$24000$3PsDdhiuUc2O$jYwbhEPnSf99fTSaQ6rGm+QT4AE9/CU7uTyhR+hYihs=", "username": "user7"}}, {"pk": 8, "model": "scoreserver.user", "fields": {"password": "pbkdf2_sha256$24000$mZUXOdD7v44i$tqZJBuxx3iKP3yQHvb3SQs4zgk67hst9zTobP0s4yWE=", "username": "user8"}}, {"pk": 9, "model": "scoreserver.user", "fields": {"password": "pbkdf2_sha256$24000$2gNzTBEH24Hl$1m8ZlqD12fZBCwlhONWjpJq0KPv5XhzfI940ULxW+eg=", "username": "user9"}}, {"pk": 10, "model": "scoreserver.user", "fields": {"password": "pbkdf2_sha256$24000$XvDtXPafqakD$OxDD0wT+REaC/1t9/x1GXuVxufGW4U9wjKrVhRJ3hjE=", "username": "user10"}}, {"pk": 11, "model": "scoreserver.user", "fields": {"password": "pbkdf2_sha256$24000$8lFJSsnXBjWZ$4lFaC7/FLRGPqC7SL/c3uepT/Ae+2d/FSZnXOVeQMzQ=", "username": "user11"}}, {"pk": 12, "model": "scoreserver.user", "fields": {"password": "pbkdf2_sha256$24000$oU0ULMxrQpCC$swlgclW2xcwLQ30OHq4/HMW0246MS9CQPFtSy5Bm6M8=", "username": "user12"}}, {"pk": 13, "model": "scoreserver.user", "fields": {"password": "pbkdf2_sha256$24000$1Z7EdCy7ZmGs$O727maC9kbtcLOh9ijijupYpmQ1pdKVSTJZg2wS21D4=", "username": "user13"}}, {"pk": 14, "model": "scoreserver.user", "fields": {"password": "pbkdf2_sha256$24000$jm7wD1tdGSyZ$ew9Rdamf4BnK2u29T5w8Ln0KVkh3v3HmK5GLdltRFGQ=", "username": "user14"}}, {"pk": 15, "model": "scoreserver.user", "fields": {"password": "pbkdf2_sha256$24000$LASqeGqs1t5S$XZdiJUwj1HqvBh41TmLS0Y6aodtBdKa3SF+DtpQF8JA=", "username": "user15"}}, {"pk": 16, "model": "scoreserver.user", "fields": {"password": "pbkdf2_sha256$24000$DxvIJNqhaRvl$TfhdTmSmakVOvHb1+dAqNONjOEjZym4kZpZXivUYcpo=", "username": "user16"}}, {"pk": 17, "model": "scoreserver.user", "fields": {"password": "pbkdf2_sha256$24000$dLlrrDPAm9Ns$WSP9DARL4sI25V5af/CvZn3XsJQl/H+/YMQ2NJz5LSY=", "username": "user17"}}, {"pk": 18, "model": "scoreserver.user", "fields": {"password": "pbkdf2_sha256$24000$y4s2BFoE8QBn$aEm/BeoKb9PTpQOn21JoHAjUVO/0gXqOlOVFv7uy2sY=", "username": "user18"}}, {"pk": 19, "model": "scoreserver.user", "fields": {"password": "pbkdf2_sha256$24000$pMRA7NQiaovd$J51Q0Vi/1Ph1AO2fpq9o0bRiA1hzNjDLMIsa5EnzgOE=", "username": "user19"}}, {"pk": 20, "model": "scoreserver.user", "fields": {"password": "pbkdf2_sha256$24000$6RE2xgpkxFyr$P8SIH+ej2kVe8w2+u/Peq8Nfr6RTSI8ShTuTj41wGyw=", "username": "user20"}}, {"pk": 21, "model": "scoreserver.user", "fields": {"password": "pbkdf2_sha256$24000$LDgujQONQUjT$fMpy9EkS1krD1Ug2FjdMSnROJEJSu6uICwxcGnagTWU=", "username": "user21"}}, {"pk": 22, "model": "scoreserver.user", "fields": {"password": "pbkdf2_sha256$24000$K5oRGOcj5Wwe$EEn/TzC5UbKNuOmco4gnNEHveI+iMNaWM0w9QHNbDxU=", "username": "user22"}}, {"pk": 23, "model": "scoreserver.user", "fields": {"password": "pbkdf2_sha256$24000$weJGqLNxKZLH$J9q2W0fNDoAr36MSy10wQBJHgBG5uvZYnpvMIXPsEDM=", "username": "user23"}}, {"pk": 24, "model": "scoreserver.user", "fields": {"password": "pbkdf2_sha256$24000$zPHidvGLU89h$Vr1KZbtRWODhDFIBrHe3+osbptQjfEEyRXcbvAe3RMI=", "username": "user24"}}, {"pk": 25, "model": "scoreserver.user", "fields": {"password": "pbkdf2_sha256$24000$MSzGR1l7EtUb$PM3oXyls+X44N2+tXc+c+zlFAeDeYH/aCuwp5YujkyE=", "username": "user25"}}, {"pk": 26, "model": "scoreserver.user", "fields": {"password": "pbkdf2_sha256$24000$XiyV6rCqzlki$Rr6nopJFvSUuOhbef0n7m4Xk0mMiao0HqAi29+n8mYs=", "username": "user26"}}, {"pk": 27, "model": "scoreserver.user", "fields": {"password": "pbkdf2_sha256$24000$wGWCi6CnJUil$IwJrQLrK1MvxsAxhbgIQ4rB+z9s6hVPSx8KoDk1vbVc=", "username": "user27"}}, {"pk": 28, "model": "scoreserver.user", "fields": {"password": "pbkdf2_sha256$24000$jREd5poonm9e$cGw0KgsQHrfF94PfllcurhxCdG48ii0wCGP3evFb4hU=", "username": "user28"}}, {"pk": 29, "model": "scoreserver.user", "fields": {"password": "pbkdf2_sha256$24000$Eaxfp1NRtsfd$nEwYW+xtP+KoFBL66LFfvRnmV/02/xGvtEwQbHXRXtA=", "username": "user29"}}, {"pk": 30, "model": "scoreserver.user", "fields": {"password": "pbkdf2_sha256$24000$elBiZeBL6uxc$9SjW8q/XaqQWQ1/P4i5zk/u5ltvLVWXTYn6KLRQS4fQ=", "username": "user30"}}, {"pk": 31, "model": "scoreserver.user", "fields": {"password": "pbkdf2_sha256$24000$fz9osMiZmvoN$Tslne+nNibnYWuMMBNSRTRKEBEcJxNLCSMeNFRvdaWE=", "username": "user31"}}, {"pk": 32, "model": "scoreserver.user", "fields": {"password": "pbkdf2_sha256$24000$ZOeNrYsFfMhz$9OA1f90zava2hCxLEdisgFuDWJuwsp8yg16hSQvVXOc=", "username": "user32"}}, {"pk": 33, "model": "scoreserver.user", "fields": {"password": "pbkdf2_sha256$24000$lLgFI4dwPdb6$K2UApc6NQh04LzAl9HdkRZKTBEOIK7lopFdjSS+KKnc=", "username": "user33"}}, {"pk": 34, "model": "scoreserver.user", "fields": {"password": "pbkdf2_sha256$24000$GrZ3kMrRs6H3$UhDtyNeo8GefkKddESvZPQix46Kxm22AoCNxV5a95ho=", "username": "user34"}}, {"pk": 35, "model": "scoreserver.user", "fields": {"password": "pbkdf2_sha256$24000$Iqg4DiJmnBGP$Ngv0AK1TGmaf2DSKu3LufJD2IzBaWvDoOSKUgNI77l4=", "username": "user35"}}, {"pk": 36, "model": "scoreserver.user", "fields": {"password": "pbkdf2_sha256$24000$OF5pZEKuw137$CVnzK3YBdVZZcl7XSyxLLCxWFylejPND2qwZswg9PLk=", "username": "user36"}}, {"pk": 37, "model": "scoreserver.user", "fields": {"password": "pbkdf2_sha256$24000$kgr1jjxxU6Kd$H0j26U9WxxBStWPJwchJrxwbxzJldkqEQH50g2riQLM=", "username": "user37"}}, {"pk": 38, "model": "scoreserver.user", "fields": {"password": "pbkdf2_sha256$24000$kDHem7pvVNeG$RB1wOfgZ+mWWs2jnCJugf6zmAtLuyQ60cRrnvcTyA/o=", "username": "user38"}}, {"pk": 39, "model": "scoreserver.user", "fields": {"password": "pbkdf2_sha256$24000$YnQ1nQJJmP8Z$FuD+fqIk9hPTxtkmZm+vg+63UYreiIteoyFO+B8Fl60=", "username": "user39"}}, {"pk": 40, "model": "scoreserver.user", "fields": {"password": "pbkdf2_sha256$24000$WbCtq1IkzCGo$3LJwO0SZx60nA6QXCqUQLCTJWB0qQuxBdsnMVHBJWB0=", "username": "user40"}}, {"pk": 41, "model": "scoreserver.user", "fields": {"password": "pbkdf2_sha256$24000$EarGjXtfwYXs$xn9Ujxp6n2+DdA6vWvPdJ0xo3vYFCe7aAsNnuDa+a8o=", "username": "user41"}}, {"pk": 42, "model": "scoreserver.user", "fields": {"password": "pbkdf2_sha256$24000$YOfdTcXhDBLK$/xhX/9ZGvYfuW4B0/fyTS6dQYyotvV8kwbWd0BDE9gw=", "username": "user42"}}, {"pk": 43, "model": "scoreserver.user", "fields": {"password": "pbkdf2_sha256$24000$U7hSRQIJ7ZZv$KVg9SIZDXpmmor18poHyKvS+UbyctZxeyeA1MtjWJ6E=", "username": "user43"}}, {"pk": 44, "model": "scoreserver.user", "fields": {"password": "pbkdf2_sha256$24000$ygYtW0mgUhgP$v0biEnIB8ozmqs0HSEp7Gka3Tyg4U+WjpFWqsgWyttA=", "username": "user44"}}, {"pk": 45, "model": "scoreserver.user", "fields": {"password": "pbkdf2_sha256$24000$aFWxXVZcSHHy$zMRpoCSYZRoDd922ey7tUqkNQ2jVm6v+hYZljIgC4hU=", "username": "user45"}}, {"pk": 46, "model": "scoreserver.user", "fields": {"password": "pbkdf2_sha256$24000$tzCyp7V8kJZw$aWYpUYUMZUFGihe+p/BYGfvn8kwQ8EQcXXOmJDCC8B4=", "username": "user46"}}, {"pk": 47, "model": "scoreserver.user", "fields": {"password": "pbkdf2_sha256$24000$rliuawCW7v1L$On0KFE5S3roQASpWImqkN20m3W/OedoVeEJ7FayH+JA=", "username": "user47"}}, {"pk": 48, "model": "scoreserver.user", "fields": {"password": "pbkdf2_sha256$24000$hCaOLJlqb02V$V08avSjgUO5m/cTJocwnXX7ywG+HeoOwAJvH7fKxL4s=", "username": "user48"}}, {"pk": 49, "model": "scoreserver.user", "fields": {"password": "pbkdf2_sha256$24000$n9t8oeQckyD8$Q6z2+y4nGNcWguWTqHtxe54KZjBnb0ZHh16QH+8TpBA=", "username": "user49"}}, {"pk": 0, "model": "scoreserver.hint", "fields": {"question": 33, "description": "ucsPbpFeZmpqxqSXPJCTmLIDDPeyNVuouXbeQxMXsWncaBYRVxQDhpVbIXJEccZbSwIUTsiQbILXinKLtfNuCmwNDXDJvqQZxzeC"}}, {"pk": 1, "model": "scoreserver.hint", "fields": {"question": 9, "description": "WsvNhVGGUevecCAFLZupFfPDtFXUgPpdABSBoFoDsTucKrmfMFouicLLtZexacAxCBiBDmjJqlOdDLtyKmokOqzEHwxtadjaZTkh"}}, {"pk": 2, "model": "scoreserver.hint", "fields": {"question": 48, "description": "PHZDwmdvdNhGPRntPOmCwxFhvZjcZzoVNWDVtechzSimdYdcgfCHDFtAPSthRzKmkdegwBGXARfYzkUrPgArItKRpMfExJuegTkb"}}, {"pk": 3, "model": "scoreserver.hint", "fields": {"question": 32, "description": "GdBTFCbYkcaliabgEFWdYGlMvDBtIBTOIbOMBihbYoHdFbCcFSTZbxxBmIwIjxvuijomsDXnIqNKiwmcQaBvKtIWDGpzFXNAqsaB"}}, {"pk": 4, "model": "scoreserver.hint", "fields": {"question": 38, "description": "BMOQDFheMgqnQNtHWCwmYiMXOJBGgzqOgLGulHiiatQuiGMMfloPxNsvmPVbKFgTXOdJcBbvjbuegXWVXRbDLAprVzzBLUYfyJzD"}}, {"pk": 5, "model": "scoreserver.hint", "fields": {"question": 31, "description": "IeMtxrpEyQFQyAOJjZBCqQhxVicYbxhByXVzJnpYbnAYdOfFBFehVleXfbTFiLWNoxCrBGBsfyAAKqYquQmCNTtGnfDavggXlARt"}}, {"pk": 6, "model": "scoreserver.hint", "fields": {"question": 46, "description": "NJwDmjabrLQZdtFhbMOUAUeQMJdoPFWOzkDdWGAHnxYxzhUrzcOMVdczZJuoywydBiBJscHTCMsWxIFkOSCrmnysduditrPkKrhd"}}, {"pk": 7, "model": "scoreserver.hint", "fields": {"question": 17, "description": "zyxiaSFRVfaQQfZzcTBEWOHeQxAIIjPwNxZRKNeXohLgvgBDiHxiupmyaaEdGZjZFFSTnisdcsuLLHMandJGLLoqAeIuEqafHlHh"}}, {"pk": 8, "model": "scoreserver.hint", "fields": {"question": 20, "description": "zMEkDiTaIPFbcdhcUkWDUQxcjRkFXpwvfLvJMIcoobnfvIdQOSzSuXXnzBlAOLLkLnXEaoJXZsAbhoNgPuJfnTWlkpjrfXCMeUts"}}, {"pk": 9, "model": "scoreserver.hint", "fields": {"question": 28, "description": "MEXTPwnvdbWfhKEoqcXtsnkZXZYnGPmovdROoiYIgViTXfSJBRrDZvNENKFYWXZIrsFoyGvnmXSZMbspAgOhdDobaAudGAKoLJKE"}}, {"pk": 10, "model": "scoreserver.hint", "fields": {"question": 16, "description": "ZvOabZxiIPZaWxRpaKlnzkNftTbcZfXYRgmpnBYhgYiWmEJnuDkOQVxfYnKbkagdsGizFLwAUZJDRsSyYBHCjWLtSypKPiYUodrQ"}}, {"pk": 11, "model": "scoreserver.hint", "fields": {"question": 18, "description": "KmUyDgaFvrijkxqaMnPraiQHlbmmhikHelgsiqaVnwIdPsiByGkzirYzumiqIBuadRBrLnmKSeXVrhrZSIrOlfIMWruJeDwfcXmt"}}, {"pk": 12, "model": "scoreserver.hint", "fields": {"question": 8, "description": "qxLftjDUrwjyyAxLgJQvDZrDmYzqbUGMjZLVXxvqFvBisAYtMsmyXSeLGwKFldfzYLYpdbUYguYxjhMdRnMrNwHhrhqvQSmKWVyh"}}, {"pk": 13, "model": "scoreserver.hint", "fields": {"question": 47, "description": "szaYoupTjALVTqpUjtmOYRJfWSxCDYIhtGzVYWLKGvpcejLYWOOWvSHLFZItrlabDMCmqrNIJvFhyvNklkkbomZLXlRSPBpHYhYM"}}, {"pk": 14, "model": "scoreserver.hint", "fields": {"question": 1, "description": "JsVFRTelGtClIbwVEhOKaEaKxpoBQIyVdubwwXOfmiCVuhxtzBOSqbhxsOlUgUdDRtftYpXXrQwUcbbqmRydIFEhNIVXcHaxZxZn"}}, {"pk": 15, "model": "scoreserver.hint", "fields": {"question": 6, "description": "spVndRazcyKGbuBMrIUUnfUnNxIYQTIaECRWPpVMvWPjOIdEHJwOYCxlCtTcdOZQftaSYrpqtvmzfAiQCmJGNQNJwgQlgpfNlmUB"}}, {"pk": 16, "model": "scoreserver.hint", "fields": {"question": 5, "description": "TaZjZWLJsYvdoePjXvXzAGprzPbTlKbcuEroUBaEEbWBxtqhrvbjaIiQRLFiJfxldDUUxOQWbjUYHEoWcOUkFlBEboWPJBbTKGaj"}}, {"pk": 17, "model": "scoreserver.hint", "fields": {"question": 28, "description": "PFbCWUWvFXoYqXCmXCqqTCAuabdUAgzbALGCZEKamRspwVBtUfFyfOexfvQpaQEOPmZHQbcUWbapQyKqPojnxGtkIBmWHzRSxigJ"}}, {"pk": 18, "model": "scoreserver.hint", "fields": {"question": 14, "description": "XBubNVOqjLMCtpPYqMDlxILPMDOiLHsUjveqckJEwZJBsrbwccHrwheLRhmOXzDUnQHwpZjuYNcwwPazKMkHhiuugpdilYijzeNN"}}, {"pk": 19, "model": "scoreserver.hint", "fields": {"question": 2, "description": "aJAMjAKdJbunQceKWbJQldnNmLWquKKNrbzIDxjwdDyhmXMkvWWllnKLnXOLbhCIORKkSEMrFZghSQzmxOdXYDFlYBxgWdjtMfBS"}}, {"pk": 20, "model": "scoreserver.hint", "fields": {"question": 17, "description": "qIxJjraqHcTerLqCTwooGmXOdszDOmXHABwrJWjpMeAeXSsrJRFaTCuRJqjDakKIRYonbzvApxKUalSkFyuROrzBxhCCjnJfkUgq"}}, {"pk": 21, "model": "scoreserver.hint", "fields": {"question": 40, "description": "rHeQZtqpxkvuAOSpdWVnWAHqmMalXIPkISKMrLpTFwflxUFbSgERDegrUyaedUSPKUtJSIFwkpwVKCSUyZfZJIDYgdWSrAyGsUPU"}}, {"pk": 22, "model": "scoreserver.hint", "fields": {"question": 17, "description": "yFFBvhJgWDzasmBoUFyMrgpgekhrPoXcrKzFOOOyRjucNxVbHBDmfSTYuhBpRXXwfdWmepFNnjoqCuCNjTZUfaxvCOHIWouNtQef"}}, {"pk": 23, "model": "scoreserver.hint", "fields": {"question": 38, "description": "PhOANUMjcnrOXfEZFvdEjmfHIKHpBjiclxUqiQDyZZeQiskQGjJyYYhoMGBCcnWhwCKgJbsCOoPDaGQZSUuTOVHqYwvrPzrOyfFm"}}, {"pk": 24, "model": "scoreserver.hint", "fields": {"question": 46, "description": "iOSBzuhsLWRtdtBjmXOodrLCkwaTKanIDxcmdgBBRULPSQKgXlyEbSxqYTRukBqDtBqJbraOqutQsWAUNigpPYCpjNFWkZQKjUdS"}}, {"pk": 25, "model": "scoreserver.hint", "fields": {"question": 12, "description": "TraQyZuqwgRUZdzRKisEWcMyjZyWLspPziiPfNssUqYLibNzDTnselfKZOvSTrhDRxHFIPYFgtMdtRygXJLimzDNcjuXACiquSwS"}}, {"pk": 26, "model": "scoreserver.hint", "fields": {"question": 5, "description": "GGxdCsmlfRSCELMOYOXUNiJuTOnVItMFadNWymHylWqfvJGdoRTpqGpxGvrCczXQkiOMxKyonVmTLgSiTZMqIFyQekKOdJChLHPL"}}, {"pk": 27, "model": "scoreserver.hint", "fields": {"question": 29, "description": "CUDogHvqmYjTYvkPjZyBBlCwCxKuazGcjDZuGgINmKKQvcSEhYEmbYymuMnoKCCPrRephBiWpsjERPETNwIXRUgJNrMiQKJeswgx"}}, {"pk": 28, "model": "scoreserver.hint", "fields": {"question": 11, "description": "BvwJwLQRpJqvqmIMfzvfqBDGfOCjCYxzTYHxDbqzFqjaiWjJnHjtUKlPTkxVriDSypJUYnVxkPieqfNVhSNOKaOtFAqlVeommNuO"}}, {"pk": 29, "model": "scoreserver.hint", "fields": {"question": 9, "description": "QTQOkDYPuGceeTuRVRoqrzToFlyachAiQIIGrIamveAKazJgSASUkIdLlycvhZzvBYbrDjMKvxzUhbhmqrTKWqDPfiCRUBJmuNWc"}}, {"pk": 30, "model": "scoreserver.hint", "fields": {"question": 9, "description": "kfxFSuCFCgkLkjiCejZhywIdjbHmIwxbYovfCaUEDueqEDYhsVkMWmHmUaadJaKatcuAyGjPARjNACmpRBSDWfRCXYmVnSwORyUU"}}, {"pk": 31, "model": "scoreserver.hint", "fields": {"question": 40, "description": "uSfKrZMyIQRasiBFMilbHMOdNsmmIeofFpEalvGrGLGSoYeOgcBkuhUERIhJYYZhWqQbecvolVcihdhSRvQLgopdYxZvRNaounwA"}}, {"pk": 32, "model": "scoreserver.hint", "fields": {"question": 21, "description": "TCoDOzRGRnpABJdRmNzqOWsrlYCCcQEIpLeGMMbCGpZXJsXpFJuqEVpEoJbCohMZJFhGLoTnrzDiFbeGsMnTDzMNDWEWZsuwMrPp"}}, {"pk": 33, "model": "scoreserver.hint", "fields": {"question": 16, "description": "aDCSqTuUhqhAKXYjNvjJEGBKRlthsyATAsZjNYmvabPySsuUsymYxlHtbxXBUGlfbEpxynjzQzGYadGaYHQmkmrapBQZfsmzdGHf"}}, {"pk": 34, "model": "scoreserver.hint", "fields": {"question": 15, "description": "LOSBgPCXdrTMplxnsRBbUotZRrAXshLefgQQcnvVVmtXzWIAaWCzeKGQZdlTXhIJRsVexAHbVZDahTeYgRrtzRToOoUBmJJoIIbp"}}, {"pk": 35, "model": "scoreserver.hint", "fields": {"question": 5, "description": "IlydGygKTzSRWYfEgxyOqGQhQrEeWqddiYzvrokdZecFaonZcTxZJGCrnWMmHDvsQQhsnTFXmTjsufHmshhAROMWlCnNhzRmXBwI"}}, {"pk": 36, "model": "scoreserver.hint", "fields": {"question": 19, "description": "wxsoRnPnrZFdEloGwGgNYASIosBOsSAWaKNemptWwZXmDvLsqhJhkFxDBxzVoRIVebcwzswaDkdWAuFRllNbEWCzbLWJthcEDqSc"}}, {"pk": 37, "model": "scoreserver.hint", "fields": {"question": 2, "description": "jjLtufVitFDpdMVllYKGdpLwLioxtEvzDgkVXmsAYOFpGIYbXjnxQlDqxOwKYcLwyCeQGkYaMiPSYxGOryEeKbVUutEEcciwzBxQ"}}, {"pk": 38, "model": "scoreserver.hint", "fields": {"question": 44, "description": "pHGWFnYHjeqfbxxAwasJzpyuihKkQmhUADasxmaiDDzJmmJlUqeYhCmpfuXGOQPdLJVoWBUzqjwUmLjBvRnNznVIxPEcIlVeHTqF"}}, {"pk": 39, "model": "scoreserver.hint", "fields": {"question": 27, "description": "lrytlmgJxKOxpaYJgkRiiQdwEsKbjBxreqTKELoTDluFldXrWgjOncTYFfwnnWcGUdwczJucLuBZumzCyyhJpFIPxMCKgIRFahNE"}}, {"pk": 40, "model": "scoreserver.hint", "fields": {"question": 13, "description": "JOZqhTYOsofPmAYHEXWyKqZNmRzgWWyNawQoAfzkBBKJYvQkkCYotRnEDwtrJsRJgoHXHLhNWqlTrvvsHKPTXhzCtfBuUJeoxJWk"}}, {"pk": 41, "model": "scoreserver.hint", "fields": {"question": 11, "description": "BFuMYYhZigyjqkaEMWbvfMjoDLyFWRqEYCmzyYkoSsDzfDXZibyRdyZviqlfpfjWzYQelKGQfwrsxbcDsKJQoGrUNuewnaiKijzK"}}, {"pk": 42, "model": "scoreserver.hint", "fields": {"question": 37, "description": "GzdljXtDakUSVUwUffBHTPvBfBKpnlPuCAJTkRSzkTEDybwZLGVzqOIiWxJkfMytkTpemfRjMNYgvrwNjsUmsauvTPtmvSARIITA"}}, {"pk": 43, "model": "scoreserver.hint", "fields": {"question": 10, "description": "lpXHzZRwVkfCtIkqatWtkkBTUuVLZQyyMpDhXCrZvjMgvOdOvWdEumguWIRVimzDGEbIzjKzgQvoBBQVxKMtmEvBNIWZCJhhBteN"}}, {"pk": 44, "model": "scoreserver.hint", "fields": {"question": 9, "description": "HSAHAEsHNXJGgsnWnRdfrCHKoTcUVNfCBfPNLQeQqFpBgFsnIkGyWRAStAbUwlbZtVNtlCjGhaKvahYCFeIDgxUPUVUUNGaQgwvD"}}, {"pk": 45, "model": "scoreserver.hint", "fields": {"question": 39, "description": "RFrgrDzdxmSXRSmBJkVCbAPtcuIblSwGuernPJaOSJKALxEYHFpqKJIBjQDCEPVHuUuJWIsnRcOeqFTXKrcwtnTMOSxidHUyhBbX"}}, {"pk": 46, "model": "scoreserver.hint", "fields": {"question": 35, "description": "PlEWJUcSXRrEHKCrHinmokVdfsZMaPcdgPYnaPPGmPdkpfIIHVFfkxIcykQRhyLurkZgNwQwIWeIFwqvRRZhJVQgAPonisxbfOkp"}}, {"pk": 47, "model": "scoreserver.hint", "fields": {"question": 3, "description": "ZdWWSftqpCLhTblhwWWLMKClBmYeQlxomfAJqqsnHoukiKAEELLjqdkHDGGxNNCepOTvfNawOlziNKGiguooekyzHoVNQtFghCVv"}}, {"pk": 48, "model": "scoreserver.hint", "fields": {"question": 7, "description": "TAnGjKYUDizMaRXsJexAVgORPcbIfxRFKEjuRohhjkqZnnIjRDdxLTtcjLMVzeRVdCNZDoFPrbyMTMwRymlDIwIlncDjbmCqPZcW"}}, {"pk": 49, "model": "scoreserver.hint", "fields": {"question": 44, "description": "QtqXNsipUysXAtJlZommQWRrWtLLTHikiqeoDFpoIcJRXszNuaZHuCFxqEITgUDJZTZmWHqYyZWOTslaCOZdFNyUQtOJrWKVAzIX"}}, {"pk": 0, "model": "scoreserver.attackpointhistory", "fields": {"point": 700, "user": 2, "question": 9}}, {"pk": 1, "model": "scoreserver.attackpointhistory", "fields": {"point": 1100, "user": 16, "question": 8}}, {"pk": 2, "model": "scoreserver.attackpointhistory", "fields": {"point": 1100, "user": 13, "question": 6}}, {"pk": 3, "model": "scoreserver.attackpointhistory", "fields": {"point": 1100, "user": 39, "question": 6}}, {"pk": 4, "model": "scoreserver.attackpointhistory", "fields": {"point": 900, "user": 35, "question": 4}}, {"pk": 5, "model": "scoreserver.attackpointhistory", "fields": {"point": 400, "user": 17, "question": 5}}, {"pk": 6, "model": "scoreserver.attackpointhistory", "fields": {"point": 900, "user": 13, "question": 4}}, {"pk": 7, "model": "scoreserver.attackpointhistory", "fields": {"point": 900, "user": 28, "question": 4}}, {"pk": 8, "model": "scoreserver.attackpointhistory", "fields": {"point": 1100, "user": 6, "question": 8}}, {"pk": 9, "model": "scoreserver.attackpointhistory", "fields": {"point": 1100, "user": 38, "question": 6}}, {"pk": 10, "model": "scoreserver.attackpointhistory", "fields": {"point": 700, "user": 46, "question": 3}}, {"pk": 11, "model": "scoreserver.attackpointhistory", "fields": {"point": 700, "user": 14, "question": 2}}, {"pk": 12, "model": "scoreserver.attackpointhistory", "fields": {"point": 400, "user": 47, "question": 5}}, {"pk": 13, "model": "scoreserver.attackpointhistory", "fields": {"point": 900, "user": 25, "question": 7}}, {"pk": 14, "model": "scoreserver.attackpointhistory", "fields": {"point": 900, "user": 11, "question": 4}}, {"pk": 15, "model": "scoreserver.attackpointhistory", "fields": {"point": 900, "user": 45, "question": 7}}, {"pk": 16, "model": "scoreserver.attackpointhistory", "fields": {"point": 700, "user": 2, "question": 2}}, {"pk": 17, "model": "scoreserver.attackpointhistory", "fields": {"point": 700, "user": 13, "question": 2}}, {"pk": 18, "model": "scoreserver.attackpointhistory", "fields": {"point": 900, "user": 5, "question": 4}}, {"pk": 19, "model": "scoreserver.attackpointhistory", "fields": {"point": 1100, "user": 31, "question": 6}}, {"pk": 20, "model": "scoreserver.attackpointhistory", "fields": {"point": 900, "user": 43, "question": 7}}, {"pk": 21, "model": "scoreserver.attackpointhistory", "fields": {"point": 700, "user": 25, "question": 3}}, {"pk": 22, "model": "scoreserver.attackpointhistory", "fields": {"point": 400, "user": 17, "question": 5}}, {"pk": 23, "model": "scoreserver.attackpointhistory", "fields": {"point": 900, "user": 31, "question": 4}}, {"pk": 24, "model": "scoreserver.attackpointhistory", "fields": {"point": 1100, "user": 23, "question": 6}}, {"pk": 25, "model": "scoreserver.attackpointhistory", "fields": {"point": 1000, "user": 35, "question": 1}}, {"pk": 26, "model": "scoreserver.attackpointhistory", "fields": {"point": 700, "user": 45, "question": 3}}, {"pk": 27, "model": "scoreserver.attackpointhistory", "fields": {"point": 900, "user": 10, "question": 4}}, {"pk": 28, "model": "scoreserver.attackpointhistory", "fields": {"point": 1100, "user": 45, "question": 6}}, {"pk": 29, "model": "scoreserver.attackpointhistory", "fields": {"point": 700, "user": 3, "question": 3}}, {"pk": 30, "model": "scoreserver.attackpointhistory", "fields": {"point": 700, "user": 3, "question": 9}}, {"pk": 31, "model": "scoreserver.attackpointhistory", "fields": {"point": 1000, "user": 8, "question": 1}}, {"pk": 32, "model": "scoreserver.attackpointhistory", "fields": {"point": 900, "user": 13, "question": 4}}, {"pk": 33, "model": "scoreserver.attackpointhistory", "fields": {"point": 1100, "user": 29, "question": 8}}, {"pk": 34, "model": "scoreserver.attackpointhistory", "fields": {"point": 1100, "user": 5, "question": 6}}, {"pk": 35, "model": "scoreserver.attackpointhistory", "fields": {"point": 700, "user": 43, "question": 2}}, {"pk": 36, "model": "scoreserver.attackpointhistory", "fields": {"point": 700, "user": 24, "question": 9}}, {"pk": 37, "model": "scoreserver.attackpointhistory", "fields": {"point": 1000, "user": 47, "question": 1}}, {"pk": 38, "model": "scoreserver.attackpointhistory", "fields": {"point": 1100, "user": 31, "question": 8}}, {"pk": 39, "model": "scoreserver.attackpointhistory", "fields": {"point": 400, "user": 18, "question": 5}}, {"pk": 40, "model": "scoreserver.attackpointhistory", "fields": {"point": 400, "user": 24, "question": 5}}, {"pk": 41, "model": "scoreserver.attackpointhistory", "fields": {"point": 900, "user": 21, "question": 4}}, {"pk": 42, "model": "scoreserver.attackpointhistory", "fields": {"point": 400, "user": 4, "question": 5}}, {"pk": 43, "model": "scoreserver.attackpointhistory", "fields": {"point": 700, "user": 22, "question": 2}}, {"pk": 44, "model": "scoreserver.attackpointhistory", "fields": {"point": 700, "user": 31, "question": 9}}, {"pk": 45, "model": "scoreserver.attackpointhistory", "fields": {"point": 400, "user": 10, "question": 5}}, {"pk": 46, "model": "scoreserver.attackpointhistory", "fields": {"point": 700, "user": 10, "question": 2}}, {"pk": 47, "model": "scoreserver.attackpointhistory", "fields": {"point": 700, "user": 27, "question": 2}}, {"pk": 48, "model": "scoreserver.attackpointhistory", "fields": {"point": 700, "user": 23, "question": 3}}, {"pk": 49, "model": "scoreserver.attackpointhistory", "fields": {"point": 1100, "user": 14, "question": 8}}, {"pk": 50, "model": "scoreserver.attackpointhistory", "fields": {"point": 700, "user": 19, "question": 9}}, {"pk": 51, "model": "scoreserver.attackpointhistory", "fields": {"point": 1100, "user": 18, "question": 6}}, {"pk": 52, "model": "scoreserver.attackpointhistory", "fields": {"point": 900, "user": 43, "question": 4}}, {"pk": 53, "model": "scoreserver.attackpointhistory", "fields": {"point": 900, "user": 41, "question": 4}}, {"pk": 54, "model": "scoreserver.attackpointhistory", "fields": {"point": 1000, "user": 23, "question": 1}}, {"pk": 55, "model": "scoreserver.attackpointhistory", "fields": {"point": 400, "user": 4, "question": 5}}, {"pk": 56, "model": "scoreserver.attackpointhistory", "fields": {"point": 1000, "user": 31, "question": 1}}, {"pk": 57, "model": "scoreserver.attackpointhistory", "fields": {"point": 1100, "user": 15, "question": 8}}, {"pk": 58, "model": "scoreserver.attackpointhistory", "fields": {"point": 700, "user": 48, "question": 3}}, {"pk": 59, "model": "scoreserver.attackpointhistory", "fields": {"point": 900, "user": 27, "question": 4}}, {"pk": 60, "model": "scoreserver.attackpointhistory", "fields": {"point": 1100, "user": 35, "question": 6}}, {"pk": 61, "model": "scoreserver.attackpointhistory", "fields": {"point": 700, "user": 7, "question": 9}}, {"pk": 62, "model": "scoreserver.attackpointhistory", "fields": {"point": 900, "user": 45, "question": 4}}, {"pk": 63, "model": "scoreserver.attackpointhistory", "fields": {"point": 400, "user": 16, "question": 5}}, {"pk": 64, "model": "scoreserver.attackpointhistory", "fields": {"point": 1100, "user": 37, "question": 6}}, {"pk": 65, "model": "scoreserver.attackpointhistory", "fields": {"point": 700, "user": 25, "question": 3}}, {"pk": 66, "model": "scoreserver.attackpointhistory", "fields": {"point": 1100, "user": 27, "question": 8}}, {"pk": 67, "model": "scoreserver.attackpointhistory", "fields": {"point": 900, "user": 41, "question": 7}}, {"pk": 68, "model": "scoreserver.attackpointhistory", "fields": {"point": 1100, "user": 17, "question": 6}}, {"pk": 69, "model": "scoreserver.attackpointhistory", "fields": {"point": 1100, "user": 48, "question": 6}}, {"pk": 70, "model": "scoreserver.attackpointhistory", "fields": {"point": 1000, "user": 49, "question": 1}}, {"pk": 71, "model": "scoreserver.attackpointhistory", "fields": {"point": 400, "user": 2, "question": 5}}, {"pk": 72, "model": "scoreserver.attackpointhistory", "fields": {"point": 1100, "user": 6, "question": 8}}, {"pk": 73, "model": "scoreserver.attackpointhistory", "fields": {"point": 700, "user": 28, "question": 2}}, {"pk": 74, "model": "scoreserver.attackpointhistory", "fields": {"point": 700, "user": 19, "question": 2}}, {"pk": 75, "model": "scoreserver.attackpointhistory", "fields": {"point": 700, "user": 19, "question": 9}}, {"pk": 76, "model": "scoreserver.attackpointhistory", "fields": {"point": 1000, "user": 26, "question": 1}}, {"pk": 77, "model": "scoreserver.attackpointhistory", "fields": {"point": 700, "user": 7, "question": 9}}, {"pk": 78, "model": "scoreserver.attackpointhistory", "fields": {"point": 700, "user": 12, "question": 9}}, {"pk": 79, "model": "scoreserver.attackpointhistory", "fields": {"point": 700, "user": 27, "question": 2}}, {"pk": 80, "model": "scoreserver.attackpointhistory", "fields": {"point": 700, "user": 4, "question": 9}}, {"pk": 81, "model": "scoreserver.attackpointhistory", "fields": {"point": 900, "user": 16, "question": 4}}, {"pk": 82, "model": "scoreserver.attackpointhistory", "fields": {"point": 900, "user": 40, "question": 4}}, {"pk": 83, "model": "scoreserver.attackpointhistory", "fields": {"point": 1100, "user": 42, "question": 6}}, {"pk": 84, "model": "scoreserver.attackpointhistory", "fields": {"point": 1100, "user": 36, "question": 6}}, {"pk": 85, "model": "scoreserver.attackpointhistory", "fields": {"point": 700, "user": 48, "question": 3}}, {"pk": 86, "model": "scoreserver.attackpointhistory", "fields": {"point": 700, "user": 46, "question": 9}}, {"pk": 87, "model": "scoreserver.attackpointhistory", "fields": {"point": 1100, "user": 4, "question": 8}}, {"pk": 88, "model": "scoreserver.attackpointhistory", "fields": {"point": 1100, "user": 12, "question": 6}}, {"pk": 89, "model": "scoreserver.attackpointhistory", "fields": {"point": 1100, "user": 37, "question": 8}}, {"pk": 90, "model": "scoreserver.attackpointhistory", "fields": {"point": 1100, "user": 38, "question": 8}}, {"pk": 91, "model": "scoreserver.attackpointhistory", "fields": {"point": 700, "user": 24, "question": 9}}, {"pk": 92, "model": "scoreserver.attackpointhistory", "fields": {"point": 700, "user": 4, "question": 3}}, {"pk": 93, "model": "scoreserver.attackpointhistory", "fields": {"point": 1100, "user": 29, "question": 6}}, {"pk": 94, "model": "scoreserver.attackpointhistory", "fields": {"point": 400, "user": 25, "question": 5}}, {"pk": 95, "model": "scoreserver.attackpointhistory", "fields": {"point": 900, "user": 42, "question": 7}}, {"pk": 96, "model": "scoreserver.attackpointhistory", "fields": {"point": 700, "user": 31, "question": 9}}, {"pk": 97, "model": "scoreserver.attackpointhistory", "fields": {"point": 700, "user": 40, "question": 9}}, {"pk": 98, "model": "scoreserver.attackpointhistory", "fields": {"point": 1100, "user": 40, "question": 6}}, {"pk": 99, "model": "scoreserver.attackpointhistory", "fields": {"point": 900, "user": 8, "question": 4}}, {"pk": 100, "model": "scoreserver.attackpointhistory", "fields": {"point": 1100, "user": 19, "question": 8}}, {"pk": 101, "model": "scoreserver.attackpointhistory", "fields": {"point": 900, "user": 49, "question": 4}}, {"pk": 102, "model": "scoreserver.attackpointhistory", "fields": {"point": 700, "user": 47, "question": 9}}, {"pk": 103, "model": "scoreserver.attackpointhistory", "fields": {"point": 700, "user": 9, "question": 9}}, {"pk": 104, "model": "scoreserver.attackpointhistory", "fields": {"point": 1000, "user": 36, "question": 1}}, {"pk": 105, "model": "scoreserver.attackpointhistory", "fields": {"point": 400, "user": 15, "question": 5}}, {"pk": 106, "model": "scoreserver.attackpointhistory", "fields": {"point": 1000, "user": 14, "question": 1}}, {"pk": 107, "model": "scoreserver.attackpointhistory", "fields": {"point": 700, "user": 5, "question": 3}}, {"pk": 108, "model": "scoreserver.attackpointhistory", "fields": {"point": 700, "user": 49, "question": 9}}, {"pk": 109, "model": "scoreserver.attackpointhistory", "fields": {"point": 700, "user": 24, "question": 2}}, {"pk": 110, "model": "scoreserver.attackpointhistory", "fields": {"point": 900, "user": 47, "question": 7}}, {"pk": 111, "model": "scoreserver.attackpointhistory", "fields": {"point": 1000, "user": 34, "question": 1}}, {"pk": 112, "model": "scoreserver.attackpointhistory", "fields": {"point": 700, "user": 3, "question": 3}}, {"pk": 113, "model": "scoreserver.attackpointhistory", "fields": {"point": 700, "user": 22, "question": 2}}, {"pk": 114, "model": "scoreserver.attackpointhistory", "fields": {"point": 1100, "user": 3, "question": 8}}, {"pk": 115, "model": "scoreserver.attackpointhistory", "fields": {"point": 1100, "user": 5, "question": 8}}, {"pk": 116, "model": "scoreserver.attackpointhistory", "fields": {"point": 1100, "user": 26, "question": 6}}, {"pk": 117, "model": "scoreserver.attackpointhistory", "fields": {"point": 400, "user": 19, "question": 5}}, {"pk": 118, "model": "scoreserver.attackpointhistory", "fields": {"point": 400, "user": 31, "question": 5}}, {"pk": 119, "model": "scoreserver.attackpointhistory", "fields": {"point": 1100, "user": 24, "question": 6}}, {"pk": 120, "model": "scoreserver.attackpointhistory", "fields": {"point": 700, "user": 30, "question": 3}}, {"pk": 121, "model": "scoreserver.attackpointhistory", "fields": {"point": 1000, "user": 29, "question": 1}}, {"pk": 122, "model": "scoreserver.attackpointhistory", "fields": {"point": 1100, "user": 41, "question": 6}}, {"pk": 123, "model": "scoreserver.attackpointhistory", "fields": {"point": 900, "user": 26, "question": 7}}, {"pk": 124, "model": "scoreserver.attackpointhistory", "fields": {"point": 1100, "user": 31, "question": 6}}, {"pk": 125, "model": "scoreserver.attackpointhistory", "fields": {"point": 700, "user": 9, "question": 2}}, {"pk": 126, "model": "scoreserver.attackpointhistory", "fields": {"point": 900, "user": 23, "question": 4}}, {"pk": 127, "model": "scoreserver.attackpointhistory", "fields": {"point": 1100, "user": 49, "question": 8}}, {"pk": 128, "model": "scoreserver.attackpointhistory", "fields": {"point": 1000, "user": 39, "question": 1}}, {"pk": 129, "model": "scoreserver.attackpointhistory", "fields": {"point": 1100, "user": 18, "question": 6}}, {"pk": 130, "model": "scoreserver.attackpointhistory", "fields": {"point": 1000, "user": 46, "question": 1}}, {"pk": 131, "model": "scoreserver.attackpointhistory", "fields": {"point": 900, "user": 2, "question": 4}}, {"pk": 132, "model": "scoreserver.attackpointhistory", "fields": {"point": 400, "user": 29, "question": 5}}, {"pk": 133, "model": "scoreserver.attackpointhistory", "fields": {"point": 400, "user": 33, "question": 5}}, {"pk": 134, "model": "scoreserver.attackpointhistory", "fields": {"point": 700, "user": 38, "question": 3}}, {"pk": 135, "model": "scoreserver.attackpointhistory", "fields": {"point": 1100, "user": 49, "question": 8}}, {"pk": 136, "model": "scoreserver.attackpointhistory", "fields": {"point": 400, "user": 18, "question": 5}}, {"pk": 137, "model": "scoreserver.attackpointhistory", "fields": {"point": 1000, "user": 3, "question": 1}}, {"pk": 138, "model": "scoreserver.attackpointhistory", "fields": {"point": 900, "user": 39, "question": 7}}, {"pk": 139, "model": "scoreserver.attackpointhistory", "fields": {"point": 700, "user": 11, "question": 9}}, {"pk": 140, "model": "scoreserver.attackpointhistory", "fields": {"point": 700, "user": 22, "question": 9}}, {"pk": 141, "model": "scoreserver.attackpointhistory", "fields": {"point": 900, "user": 12, "question": 7}}, {"pk": 142, "model": "scoreserver.attackpointhistory", "fields": {"point": 700, "user": 4, "question": 3}}, {"pk": 143, "model": "scoreserver.attackpointhistory", "fields": {"point": 1100, "user": 24, "question": 8}}, {"pk": 144, "model": "scoreserver.attackpointhistory", "fields": {"point": 1100, "user": 34, "question": 6}}, {"pk": 145, "model": "scoreserver.attackpointhistory", "fields": {"point": 900, "user": 45, "question": 4}}, {"pk": 146, "model": "scoreserver.attackpointhistory", "fields": {"point": 1100, "user": 13, "question": 6}}, {"pk": 147, "model": "scoreserver.attackpointhistory", "fields": {"point": 1100, "user": 22, "question": 6}}, {"pk": 148, "model": "scoreserver.attackpointhistory", "fields": {"point": 900, "user": 20, "question": 7}}, {"pk": 149, "model": "scoreserver.attackpointhistory", "fields": {"point": 900, "user": 26, "question": 4}}, {"pk": 150, "model": "scoreserver.attackpointhistory", "fields": {"point": 900, "user": 15, "question": 4}}, {"pk": 151, "model": "scoreserver.attackpointhistory", "fields": {"point": 1100, "user": 40, "question": 8}}, {"pk": 152, "model": "scoreserver.attackpointhistory", "fields": {"point": 1100, "user": 32, "question": 6}}, {"pk": 153, "model": "scoreserver.attackpointhistory", "fields": {"point": 900, "user": 26, "question": 7}}, {"pk": 154, "model": "scoreserver.attackpointhistory", "fields": {"point": 700, "user": 10, "question": 2}}, {"pk": 155, "model": "scoreserver.attackpointhistory", "fields": {"point": 900, "user": 48, "question": 7}}, {"pk": 156, "model": "scoreserver.attackpointhistory", "fields": {"point": 1100, "user": 46, "question": 8}}, {"pk": 157, "model": "scoreserver.attackpointhistory", "fields": {"point": 400, "user": 49, "question": 5}}, {"pk": 158, "model": "scoreserver.attackpointhistory", "fields": {"point": 900, "user": 21, "question": 7}}, {"pk": 159, "model": "scoreserver.attackpointhistory", "fields": {"point": 1100, "user": 8, "question": 6}}, {"pk": 160, "model": "scoreserver.attackpointhistory", "fields": {"point": 1000, "user": 37, "question": 1}}, {"pk": 161, "model": "scoreserver.attackpointhistory", "fields": {"point": 700, "user": 44, "question": 3}}, {"pk": 162, "model": "scoreserver.attackpointhistory", "fields": {"point": 1100, "user": 46, "question": 6}}, {"pk": 163, "model": "scoreserver.attackpointhistory", "fields": {"point": 900, "user": 38, "question": 7}}, {"pk": 164, "model": "scoreserver.attackpointhistory", "fields": {"point": 1100, "user": 45, "question": 8}}, {"pk": 165, "model": "scoreserver.attackpointhistory", "fields": {"point": 1000, "user": 34, "question": 1}}, {"pk": 166, "model": "scoreserver.attackpointhistory", "fields": {"point": 1100, "user": 23, "question": 8}}, {"pk": 167, "model": "scoreserver.attackpointhistory", "fields": {"point": 700, "user": 26, "question": 3}}, {"pk": 168, "model": "scoreserver.attackpointhistory", "fields": {"point": 900, "user": 29, "question": 7}}, {"pk": 169, "model": "scoreserver.attackpointhistory", "fields": {"point": 1100, "user": 10, "question": 8}}, {"pk": 170, "model": "scoreserver.attackpointhistory", "fields": {"point": 700, "user": 3, "question": 3}}, {"pk": 171, "model": "scoreserver.attackpointhistory", "fields": {"point": 700, "user": 42, "question": 9}}, {"pk": 172, "model": "scoreserver.attackpointhistory", "fields": {"point": 900, "user": 22, "question": 7}}, {"pk": 173, "model": "scoreserver.attackpointhistory", "fields": {"point": 1000, "user": 43, "question": 1}}, {"pk": 174, "model": "scoreserver.attackpointhistory", "fields": {"point": 900, "user": 26, "question": 4}}, {"pk": 175, "model": "scoreserver.attackpointhistory", "fields": {"point": 1100, "user": 27, "question": 6}}, {"pk": 176, "model": "scoreserver.attackpointhistory", "fields": {"point": 1000, "user": 10, "question": 1}}, {"pk": 177, "model": "scoreserver.attackpointhistory", "fields": {"point": 1100, "user": 9, "question": 8}}, {"pk": 178, "model": "scoreserver.attackpointhistory", "fields": {"point": 900, "user": 43, "question": 4}}, {"pk": 179, "model": "scoreserver.attackpointhistory", "fields": {"point": 400, "user": 13, "question": 5}}, {"pk": 180, "model": "scoreserver.attackpointhistory", "fields": {"point": 1100, "user": 30, "question": 6}}, {"pk": 181, "model": "scoreserver.attackpointhistory", "fields": {"point": 400, "user": 27, "question": 5}}, {"pk": 182, "model": "scoreserver.attackpointhistory", "fields": {"point": 1000, "user": 35, "question": 1}}, {"pk": 183, "model": "scoreserver.attackpointhistory", "fields": {"point": 700, "user": 7, "question": 2}}, {"pk": 184, "model": "scoreserver.attackpointhistory", "fields": {"point": 1000, "user": 14, "question": 1}}, {"pk": 185, "model": "scoreserver.attackpointhistory", "fields": {"point": 900, "user": 32, "question": 7}}, {"pk": 186, "model": "scoreserver.attackpointhistory", "fields": {"point": 900, "user": 33, "question": 4}}, {"pk": 187, "model": "scoreserver.attackpointhistory", "fields": {"point": 700, "user": 37, "question": 2}}, {"pk": 188, "model": "scoreserver.attackpointhistory", "fields": {"point": 900, "user": 35, "question": 7}}, {"pk": 189, "model": "scoreserver.attackpointhistory", "fields": {"point": 900, "user": 5, "question": 4}}, {"pk": 190, "model": "scoreserver.attackpointhistory", "fields": {"point": 900, "user": 25, "question": 7}}, {"pk": 191, "model": "scoreserver.attackpointhistory", "fields": {"point": 400, "user": 7, "question": 5}}, {"pk": 192, "model": "scoreserver.attackpointhistory", "fields": {"point": 1100, "user": 15, "question": 8}}, {"pk": 193, "model": "scoreserver.attackpointhistory", "fields": {"point": 1100, "user": 11, "question": 8}}, {"pk": 194, "model": "scoreserver.attackpointhistory", "fields": {"point": 700, "user": 44, "question": 3}}, {"pk": 195, "model": "scoreserver.attackpointhistory", "fields": {"point": 1100, "user": 44, "question": 8}}, {"pk": 196, "model": "scoreserver.attackpointhistory", "fields": {"point": 1100, "user": 1, "question": 6}}, {"pk": 197, "model": "scoreserver.attackpointhistory", "fields": {"point": 700, "user": 10, "question": 2}}, {"pk": 198, "model": "scoreserver.attackpointhistory", "fields": {"point": 1100, "user": 11, "question": 8}}, {"pk": 199, "model": "scoreserver.attackpointhistory", "fields": {"point": 700, "user": 11, "question": 9}}, {"pk": 200, "model": "scoreserver.attackpointhistory", "fields": {"point": 900, "user": 37, "question": 4}}, {"pk": 201, "model": "scoreserver.attackpointhistory", "fields": {"point": 900, "user": 2, "question": 4}}, {"pk": 202, "model": "scoreserver.attackpointhistory", "fields": {"point": 700, "user": 49, "question": 3}}, {"pk": 203, "model": "scoreserver.attackpointhistory", "fields": {"point": 1000, "user": 1, "question": 1}}, {"pk": 204, "model": "scoreserver.attackpointhistory", "fields": {"point": 700, "user": 20, "question": 2}}, {"pk": 205, "model": "scoreserver.attackpointhistory", "fields": {"point": 1000, "user": 32, "question": 1}}, {"pk": 206, "model": "scoreserver.attackpointhistory", "fields": {"point": 1100, "user": 15, "question": 6}}, {"pk": 207, "model": "scoreserver.attackpointhistory", "fields": {"point": 700, "user": 22, "question": 9}}, {"pk": 208, "model": "scoreserver.attackpointhistory", "fields": {"point": 700, "user": 22, "question": 2}}, {"pk": 209, "model": "scoreserver.attackpointhistory", "fields": {"point": 1100, "user": 10, "question": 8}}, {"pk": 210, "model": "scoreserver.attackpointhistory", "fields": {"point": 1000, "user": 44, "question": 1}}, {"pk": 211, "model": "scoreserver.attackpointhistory", "fields": {"point": 1100, "user": 24, "question": 6}}, {"pk": 212, "model": "scoreserver.attackpointhistory", "fields": {"point": 700, "user": 12, "question": 9}}, {"pk": 213, "model": "scoreserver.attackpointhistory", "fields": {"point": 700, "user": 42, "question": 3}}, {"pk": 214, "model": "scoreserver.attackpointhistory", "fields": {"point": 400, "user": 40, "question": 5}}, {"pk": 215, "model": "scoreserver.attackpointhistory", "fields": {"point": 1000, "user": 49, "question": 1}}, {"pk": 216, "model": "scoreserver.attackpointhistory", "fields": {"point": 900, "user": 1, "question": 7}}, {"pk": 217, "model": "scoreserver.attackpointhistory", "fields": {"point": 1100, "user": 25, "question": 8}}, {"pk": 218, "model": "scoreserver.attackpointhistory", "fields": {"point": 1000, "user": 7, "question": 1}}, {"pk": 219, "model": "scoreserver.attackpointhistory", "fields": {"point": 1000, "user": 34, "question": 1}}, {"pk": 220, "model": "scoreserver.attackpointhistory", "fields": {"point": 700, "user": 3, "question": 3}}, {"pk": 221, "model": "scoreserver.attackpointhistory", "fields": {"point": 400, "user": 23, "question": 5}}, {"pk": 222, "model": "scoreserver.attackpointhistory", "fields": {"point": 900, "user": 10, "question": 7}}, {"pk": 223, "model": "scoreserver.attackpointhistory", "fields": {"point": 1000, "user": 14, "question": 1}}, {"pk": 224, "model": "scoreserver.attackpointhistory", "fields": {"point": 900, "user": 34, "question": 4}}, {"pk": 225, "model": "scoreserver.attackpointhistory", "fields": {"point": 1100, "user": 33, "question": 6}}, {"pk": 226, "model": "scoreserver.attackpointhistory", "fields": {"point": 1100, "user": 27, "question": 6}}, {"pk": 227, "model": "scoreserver.attackpointhistory", "fields": {"point": 700, "user": 49, "question": 3}}, {"pk": 228, "model": "scoreserver.attackpointhistory", "fields": {"point": 1000, "user": 36, "question": 1}}, {"pk": 229, "model": "scoreserver.attackpointhistory", "fields": {"point": 1000, "user": 12, "question": 1}}, {"pk": 230, "model": "scoreserver.attackpointhistory", "fields": {"point": 1100, "user": 4, "question": 8}}, {"pk": 231, "model": "scoreserver.attackpointhistory", "fields": {"point": 1000, "user": 42, "question": 1}}, {"pk": 232, "model": "scoreserver.attackpointhistory", "fields": {"point": 700, "user": 20, "question": 3}}, {"pk": 233, "model": "scoreserver.attackpointhistory", "fields": {"point": 900, "user": 5, "question": 4}}, {"pk": 234, "model": "scoreserver.attackpointhistory", "fields": {"point": 1000, "user": 11, "question": 1}}, {"pk": 235, "model": "scoreserver.attackpointhistory", "fields": {"point": 400, "user": 43, "question": 5}}, {"pk": 236, "model": "scoreserver.attackpointhistory", "fields": {"point": 700, "user": 10, "question": 9}}, {"pk": 237, "model": "scoreserver.attackpointhistory", "fields": {"point": 1100, "user": 4, "question": 8}}, {"pk": 238, "model": "scoreserver.attackpointhistory", "fields": {"point": 700, "user": 35, "question": 9}}, {"pk": 239, "model": "scoreserver.attackpointhistory", "fields": {"point": 900, "user": 28, "question": 4}}, {"pk": 240, "model": "scoreserver.attackpointhistory", "fields": {"point": 700, "user": 13, "question": 9}}, {"pk": 241, "model": "scoreserver.attackpointhistory", "fields": {"point": 700, "user": 6, "question": 2}}, {"pk": 242, "model": "scoreserver.attackpointhistory", "fields": {"point": 1100, "user": 49, "question": 6}}, {"pk": 243, "model": "scoreserver.attackpointhistory", "fields": {"point": 700, "user": 17, "question": 9}}, {"pk": 244, "model": "scoreserver.attackpointhistory", "fields": {"point": 700, "user": 14, "question": 9}}, {"pk": 245, "model": "scoreserver.attackpointhistory", "fields": {"point": 700, "user": 11, "question": 2}}, {"pk": 246, "model": "scoreserver.attackpointhistory", "fields": {"point": 700, "user": 20, "question": 3}}, {"pk": 247, "model": "scoreserver.attackpointhistory", "fields": {"point": 700, "user": 30, "question": 3}}, {"pk": 248, "model": "scoreserver.attackpointhistory", "fields": {"point": 900, "user": 34, "question": 7}}, {"pk": 249, "model": "scoreserver.attackpointhistory", "fields": {"point": 1000, "user": 48, "question": 1}}, {"pk": 250, "model": "scoreserver.attackpointhistory", "fields": {"point": 400, "user": 3, "question": 5}}, {"pk": 251, "model": "scoreserver.attackpointhistory", "fields": {"point": 400, "user": 11, "question": 5}}, {"pk": 252, "model": "scoreserver.attackpointhistory", "fields": {"point": 400, "user": 2, "question": 5}}, {"pk": 253, "model": "scoreserver.attackpointhistory", "fields": {"point": 700, "user": 32, "question": 2}}, {"pk": 254, "model": "scoreserver.attackpointhistory", "fields": {"point": 900, "user": 26, "question": 7}}, {"pk": 255, "model": "scoreserver.attackpointhistory", "fields": {"point": 1100, "user": 25, "question": 8}}, {"pk": 256, "model": "scoreserver.attackpointhistory", "fields": {"point": 1100, "user": 43, "question": 8}}, {"pk": 257, "model": "scoreserver.attackpointhistory", "fields": {"point": 700, "user": 39, "question": 3}}, {"pk": 258, "model": "scoreserver.attackpointhistory", "fields": {"point": 900, "user": 24, "question": 7}}, {"pk": 259, "model": "scoreserver.attackpointhistory", "fields": {"point": 1100, "user": 16, "question": 6}}, {"pk": 260, "model": "scoreserver.attackpointhistory", "fields": {"point": 1100, "user": 6, "question": 6}}, {"pk": 261, "model": "scoreserver.attackpointhistory", "fields": {"point": 1000, "user": 21, "question": 1}}, {"pk": 262, "model": "scoreserver.attackpointhistory", "fields": {"point": 1100, "user": 35, "question": 6}}, {"pk": 263, "model": "scoreserver.attackpointhistory", "fields": {"point": 700, "user": 20, "question": 9}}, {"pk": 264, "model": "scoreserver.attackpointhistory", "fields": {"point": 700, "user": 6, "question": 2}}, {"pk": 265, "model": "scoreserver.attackpointhistory", "fields": {"point": 400, "user": 40, "question": 5}}, {"pk": 266, "model": "scoreserver.attackpointhistory", "fields": {"point": 400, "user": 10, "question": 5}}, {"pk": 267, "model": "scoreserver.attackpointhistory", "fields": {"point": 700, "user": 4, "question": 9}}, {"pk": 268, "model": "scoreserver.attackpointhistory", "fields": {"point": 1000, "user": 4, "question": 1}}, {"pk": 269, "model": "scoreserver.attackpointhistory", "fields": {"point": 1100, "user": 1, "question": 6}}, {"pk": 270, "model": "scoreserver.attackpointhistory", "fields": {"point": 400, "user": 14, "question": 5}}, {"pk": 271, "model": "scoreserver.attackpointhistory", "fields": {"point": 1000, "user": 1, "question": 1}}, {"pk": 272, "model": "scoreserver.attackpointhistory", "fields": {"point": 400, "user": 15, "question": 5}}, {"pk": 273, "model": "scoreserver.attackpointhistory", "fields": {"point": 400, "user": 30, "question": 5}}, {"pk": 274, "model": "scoreserver.attackpointhistory", "fields": {"point": 900, "user": 38, "question": 4}}, {"pk": 275, "model": "scoreserver.attackpointhistory", "fields": {"point": 900, "user": 38, "question": 4}}, {"pk": 276, "model": "scoreserver.attackpointhistory", "fields": {"point": 1100, "user": 3, "question": 6}}, {"pk": 277, "model": "scoreserver.attackpointhistory", "fields": {"point": 400, "user": 9, "question": 5}}, {"pk": 278, "model": "scoreserver.attackpointhistory", "fields": {"point": 400, "user": 7, "question": 5}}, {"pk": 279, "model": "scoreserver.attackpointhistory", "fields": {"point": 1100, "user": 44, "question": 8}}, {"pk": 280, "model": "scoreserver.attackpointhistory", "fields": {"point": 700, "user": 48, "question": 2}}, {"pk": 281, "model": "scoreserver.attackpointhistory", "fields": {"point": 700, "user": 37, "question": 3}}, {"pk": 282, "model": "scoreserver.attackpointhistory", "fields": {"point": 1000, "user": 47, "question": 1}}, {"pk": 283, "model": "scoreserver.attackpointhistory", "fields": {"point": 1100, "user": 24, "question": 6}}, {"pk": 284, "model": "scoreserver.attackpointhistory", "fields": {"point": 700, "user": 46, "question": 3}}, {"pk": 285, "model": "scoreserver.attackpointhistory", "fields": {"point": 1100, "user": 49, "question": 8}}, {"pk": 286, "model": "scoreserver.attackpointhistory", "fields": {"point": 700, "user": 4, "question": 9}}, {"pk": 287, "model": "scoreserver.attackpointhistory", "fields": {"point": 900, "user": 38, "question": 7}}, {"pk": 288, "model": "scoreserver.attackpointhistory", "fields": {"point": 900, "user": 49, "question": 7}}, {"pk": 289, "model": "scoreserver.attackpointhistory", "fields": {"point": 400, "user": 8, "question": 5}}, {"pk": 290, "model": "scoreserver.attackpointhistory", "fields": {"point": 700, "user": 22, "question": 3}}, {"pk": 291, "model": "scoreserver.attackpointhistory", "fields": {"point": 700, "user": 49, "question": 3}}, {"pk": 292, "model": "scoreserver.attackpointhistory", "fields": {"point": 400, "user": 29, "question": 5}}, {"pk": 293, "model": "scoreserver.attackpointhistory", "fields": {"point": 1000, "user": 32, "question": 1}}, {"pk": 294, "model": "scoreserver.attackpointhistory", "fields": {"point": 900, "user": 15, "question": 7}}, {"pk": 295, "model": "scoreserver.attackpointhistory", "fields": {"point": 700, "user": 13, "question": 2}}, {"pk": 296, "model": "scoreserver.attackpointhistory", "fields": {"point": 400, "user": 12, "question": 5}}, {"pk": 297, "model": "scoreserver.attackpointhistory", "fields": {"point": 1100, "user": 33, "question": 8}}, {"pk": 298, "model": "scoreserver.attackpointhistory", "fields": {"point": 900, "user": 8, "question": 4}}, {"pk": 299, "model": "scoreserver.attackpointhistory", "fields": {"point": 900, "user": 9, "question": 7}}, {"pk": 0, "model": "scoreserver.answerhistory", "fields": {"user": 30, "question": 8, "submit_flag": "FLAG_IS_GcroUMsVQueYfnP"}}, {"pk": 1, "model": "scoreserver.answerhistory", "fields": {"user": 47, "question": 4, "submit_flag": "FLAG_IS_gbetBacFFMTLlRz"}}, {"pk": 2, "model": "scoreserver.answerhistory", "fields": {"user": 28, "question": 5, "submit_flag": "FLAG_IS_UhhdLgywHBGpAqn"}}, {"pk": 3, "model": "scoreserver.answerhistory", "fields": {"user": 32, "question": 7, "submit_flag": "FLAG_IS_FcLlZzRUZhGfGTB"}}, {"pk": 4, "model": "scoreserver.answerhistory", "fields": {"user": 31, "question": 9, "submit_flag": "FLAG_IS_ljiHfyJoqgAPRwE"}}, {"pk": 5, "model": "scoreserver.answerhistory", "fields": {"user": 16, "question": 6, "submit_flag": "FLAG_IS_dreVVUdGahxgXRu"}}, {"pk": 6, "model": "scoreserver.answerhistory", "fields": {"user": 31, "question": 5, "submit_flag": "FLAG_IS_uLEPihKCSLlfAnj"}}, {"pk": 7, "model": "scoreserver.answerhistory", "fields": {"user": 12, "question": 7, "submit_flag": "FLAG_IS_WrnbZrVzTlwVVky"}}, {"pk": 8, "model": "scoreserver.answerhistory", "fields": {"user": 12, "question": 2, "submit_flag": "FLAG_IS_DOkVPiBTWjtQdCo"}}, {"pk": 9, "model": "scoreserver.answerhistory", "fields": {"user": 24, "question": 7, "submit_flag": "FLAG_IS_peJVyOCWEsxPXry"}}, {"pk": 10, "model": "scoreserver.answerhistory", "fields": {"user": 38, "question": 6, "submit_flag": "FLAG_IS_DTzQRkLGwvgCNrl"}}, {"pk": 11, "model": "scoreserver.answerhistory", "fields": {"user": 15, "question": 1, "submit_flag": "FLAG_IS_qjhQnmVXsIrUGED"}}, {"pk": 12, "model": "scoreserver.answerhistory", "fields": {"user": 4, "question": 1, "submit_flag": "FLAG_IS_qVwwRVDEPkuLRBg"}}, {"pk": 13, "model": "scoreserver.answerhistory", "fields": {"user": 19, "question": 7, "submit_flag": "FLAG_IS_mcaPHODVDDBmCkl"}}, {"pk": 14, "model": "scoreserver.answerhistory", "fields": {"user": 25, "question": 4, "submit_flag": "FLAG_IS_YCBGnoLktPgZrjB"}}, {"pk": 15, "model": "scoreserver.answerhistory", "fields": {"user": 1, "question": 9, "submit_flag": "FLAG_IS_fOWMDHjlaibkxSh"}}, {"pk": 16, "model": "scoreserver.answerhistory", "fields": {"user": 17, "question": 6, "submit_flag": "FLAG_IS_GyoFlFZhyWaSSsF"}}, {"pk": 17, "model": "scoreserver.answerhistory", "fields": {"user": 49, "question": 9, "submit_flag": "FLAG_IS_DplbxMPTUlBbDZF"}}, {"pk": 18, "model": "scoreserver.answerhistory", "fields": {"user": 45, "question": 6, "submit_flag": "FLAG_IS_zahpKieSNfTIUhp"}}, {"pk": 19, "model": "scoreserver.answerhistory", "fields": {"user": 49, "question": 3, "submit_flag": "FLAG_IS_zdYHrIbLXJSBXjD"}}, {"pk": 20, "model": "scoreserver.answerhistory", "fields": {"user": 20, "question": 7, "submit_flag": "FLAG_IS_PLxXYeCGlvYkllS"}}, {"pk": 21, "model": "scoreserver.answerhistory", "fields": {"user": 46, "question": 1, "submit_flag": "FLAG_IS_WtGMoVHWqDWLCEV"}}, {"pk": 22, "model": "scoreserver.answerhistory", "fields": {"user": 1, "question": 4, "submit_flag": "FLAG_IS_AMWyTyBTlMFiiBE"}}, {"pk": 23, "model": "scoreserver.answerhistory", "fields": {"user": 34, "question": 2, "submit_flag": "FLAG_IS_VetGQOhAFCJCHMu"}}, {"pk": 24, "model": "scoreserver.answerhistory", "fields": {"user": 26, "question": 5, "submit_flag": "FLAG_IS_XUpjUbMNVvLXQjf"}}, {"pk": 25, "model": "scoreserver.answerhistory", "fields": {"user": 37, "question": 3, "submit_flag": "FLAG_IS_CYjtwcbzozgojXy"}}, {"pk": 26, "model": "scoreserver.answerhistory", "fields": {"user": 4, "question": 8, "submit_flag": "FLAG_IS_LIOGGWYkYsNbGcV"}}, {"pk": 27, "model": "scoreserver.answerhistory", "fields": {"user": 19, "question": 7, "submit_flag": "FLAG_IS_KXQoMnMwqyqOWRc"}}, {"pk": 28, "model": "scoreserver.answerhistory", "fields": {"user": 2, "question": 9, "submit_flag": "FLAG_IS_JqsOCiWcDwPqNVi"}}, {"pk": 29, "model": "scoreserver.answerhistory", "fields": {"user": 32, "question": 3, "submit_flag": "FLAG_IS_joPxogfckjBELay"}}, {"pk": 30, "model": "scoreserver.answerhistory", "fields": {"user": 29, "question": 9, "submit_flag": "FLAG_IS_OerAsATdekCKsgt"}}, {"pk": 31, "model": "scoreserver.answerhistory", "fields": {"user": 23, "question": 5, "submit_flag": "FLAG_IS_wZXKhHJwOkHOJIY"}}, {"pk": 32, "model": "scoreserver.answerhistory", "fields": {"user": 48, "question": 6, "submit_flag": "FLAG_IS_YYezZukOwXujuLW"}}, {"pk": 33, "model": "scoreserver.answerhistory", "fields": {"user": 8, "question": 3, "submit_flag": "FLAG_IS_TbswCtWGGuoTSPV"}}, {"pk": 34, "model": "scoreserver.answerhistory", "fields": {"user": 17, "question": 4, "submit_flag": "FLAG_IS_gXvgcfkchvOVbqQ"}}, {"pk": 35, "model": "scoreserver.answerhistory", "fields": {"user": 28, "question": 9, "submit_flag": "FLAG_IS_KMGMQhLTyXJMbGJ"}}, {"pk": 36, "model": "scoreserver.answerhistory", "fields": {"user": 16, "question": 6, "submit_flag": "FLAG_IS_cvMDeDjnMJCUmWG"}}, {"pk": 37, "model": "scoreserver.answerhistory", "fields": {"user": 6, "question": 6, "submit_flag": "FLAG_IS_EuYHoggddwmoGPs"}}, {"pk": 38, "model": "scoreserver.answerhistory", "fields": {"user": 10, "question": 9, "submit_flag": "FLAG_IS_ROiLquCGnfkiHTX"}}, {"pk": 39, "model": "scoreserver.answerhistory", "fields": {"user": 47, "question": 4, "submit_flag": "FLAG_IS_zHyXBGziyWEKcIQ"}}, {"pk": 40, "model": "scoreserver.answerhistory", "fields": {"user": 45, "question": 8, "submit_flag": "FLAG_IS_TWMmtXbNbemVrLp"}}, {"pk": 41, "model": "scoreserver.answerhistory", "fields": {"user": 13, "question": 3, "submit_flag": "FLAG_IS_oycWROGBHoHufFi"}}, {"pk": 42, "model": "scoreserver.answerhistory", "fields": {"user": 20, "question": 8, "submit_flag": "FLAG_IS_HTuyeRpNbvyfgTs"}}, {"pk": 43, "model": "scoreserver.answerhistory", "fields": {"user": 23, "question": 5, "submit_flag": "FLAG_IS_yOzpJyahCcDbkjG"}}, {"pk": 44, "model": "scoreserver.answerhistory", "fields": {"user": 38, "question": 2, "submit_flag": "FLAG_IS_sqsBTMeNxLouDXZ"}}, {"pk": 45, "model": "scoreserver.answerhistory", "fields": {"user": 45, "question": 3, "submit_flag": "FLAG_IS_CUtoOwPANxlvzjG"}}, {"pk": 46, "model": "scoreserver.answerhistory", "fields": {"user": 8, "question": 3, "submit_flag": "FLAG_IS_WZAxzauUZPfBabI"}}, {"pk": 47, "model": "scoreserver.answerhistory", "fields": {"user": 15, "question": 4, "submit_flag": "FLAG_IS_VmhvJLKzgpyJxqW"}}, {"pk": 48, "model": "scoreserver.answerhistory", "fields": {"user": 47, "question": 4, "submit_flag": "FLAG_IS_eXDXAmKCFJXLbsp"}}, {"pk": 49, "model": "scoreserver.answerhistory", "fields": {"user": 31, "question": 4, "submit_flag": "FLAG_IS_myJGJnPhkKhsGUK"}}, {"pk": 50, "model": "scoreserver.answerhistory", "fields": {"user": 12, "question": 9, "submit_flag": "FLAG_IS_VzCyLtANydJylZu"}}, {"pk": 51, "model": "scoreserver.answerhistory", "fields": {"user": 39, "question": 1, "submit_flag": "FLAG_IS_gzfHZtbaHvguhFC"}}, {"pk": 52, "model": "scoreserver.answerhistory", "fields": {"user": 9, "question": 3, "submit_flag": "FLAG_IS_RRKeQhXoXeuDNaC"}}, {"pk": 53, "model": "scoreserver.answerhistory", "fields": {"user": 45, "question": 1, "submit_flag": "FLAG_IS_iaHDiWogAgMNmYK"}}, {"pk": 54, "model": "scoreserver.answerhistory", "fields": {"user": 5, "question": 6, "submit_flag": "FLAG_IS_GnSbwgYcyjBCIXe"}}, {"pk": 55, "model": "scoreserver.answerhistory", "fields": {"user": 32, "question": 1, "submit_flag": "FLAG_IS_BFDsXzNJDdKqpJC"}}, {"pk": 56, "model": "scoreserver.answerhistory", "fields": {"user": 46, "question": 3, "submit_flag": "FLAG_IS_tJxZujEtMtZEDKd"}}, {"pk": 57, "model": "scoreserver.answerhistory", "fields": {"user": 41, "question": 7, "submit_flag": "FLAG_IS_arBYciVstkzqarR"}}, {"pk": 58, "model": "scoreserver.answerhistory", "fields": {"user": 1, "question": 7, "submit_flag": "FLAG_IS_etokcRKgQfRXQIE"}}, {"pk": 59, "model": "scoreserver.answerhistory", "fields": {"user": 9, "question": 2, "submit_flag": "FLAG_IS_KsmsJoSNdscubTX"}}, {"pk": 60, "model": "scoreserver.answerhistory", "fields": {"user": 16, "question": 4, "submit_flag": "FLAG_IS_jXimYZtLHapPNgy"}}, {"pk": 61, "model": "scoreserver.answerhistory", "fields": {"user": 31, "question": 6, "submit_flag": "FLAG_IS_dTlOdicmnzhimYf"}}, {"pk": 62, "model": "scoreserver.answerhistory", "fields": {"user": 20, "question": 9, "submit_flag": "FLAG_IS_nkyrOZOJZaxRIAF"}}, {"pk": 63, "model": "scoreserver.answerhistory", "fields": {"user": 49, "question": 9, "submit_flag": "FLAG_IS_WyBvYoRnuzsfHHe"}}, {"pk": 64, "model": "scoreserver.answerhistory", "fields": {"user": 6, "question": 8, "submit_flag": "FLAG_IS_VxOevsWHhnIcqqF"}}, {"pk": 65, "model": "scoreserver.answerhistory", "fields": {"user": 20, "question": 3, "submit_flag": "FLAG_IS_zqGEabqUqexlieU"}}, {"pk": 66, "model": "scoreserver.answerhistory", "fields": {"user": 23, "question": 9, "submit_flag": "FLAG_IS_KrhZGrwzVQXlaNm"}}, {"pk": 67, "model": "scoreserver.answerhistory", "fields": {"user": 36, "question": 8, "submit_flag": "FLAG_IS_GsyWcNJihwxplGh"}}, {"pk": 68, "model": "scoreserver.answerhistory", "fields": {"user": 12, "question": 9, "submit_flag": "FLAG_IS_sxSqnBDnRovspxa"}}, {"pk": 69, "model": "scoreserver.answerhistory", "fields": {"user": 16, "question": 9, "submit_flag": "FLAG_IS_FWYLAeBpXeKfPEx"}}, {"pk": 70, "model": "scoreserver.answerhistory", "fields": {"user": 15, "question": 2, "submit_flag": "FLAG_IS_pFlozQZbFRhdthi"}}, {"pk": 71, "model": "scoreserver.answerhistory", "fields": {"user": 18, "question": 3, "submit_flag": "FLAG_IS_qkUKUvLtjoXkAXB"}}, {"pk": 72, "model": "scoreserver.answerhistory", "fields": {"user": 14, "question": 8, "submit_flag": "FLAG_IS_yNwelwFxbQFUTyG"}}, {"pk": 73, "model": "scoreserver.answerhistory", "fields": {"user": 43, "question": 5, "submit_flag": "FLAG_IS_zzbbHHcMLmErEDu"}}, {"pk": 74, "model": "scoreserver.answerhistory", "fields": {"user": 48, "question": 9, "submit_flag": "FLAG_IS_QNqUATZLjNkULmc"}}, {"pk": 75, "model": "scoreserver.answerhistory", "fields": {"user": 8, "question": 5, "submit_flag": "FLAG_IS_mHjaFYxdtXfRHDG"}}, {"pk": 76, "model": "scoreserver.answerhistory", "fields": {"user": 9, "question": 7, "submit_flag": "FLAG_IS_zfsnQQMFMdfksXS"}}, {"pk": 77, "model": "scoreserver.answerhistory", "fields": {"user": 23, "question": 8, "submit_flag": "FLAG_IS_ZMkJrTSidOsYnUa"}}, {"pk": 78, "model": "scoreserver.answerhistory", "fields": {"user": 6, "question": 8, "submit_flag": "FLAG_IS_xEBgIvMXPXCFbFg"}}, {"pk": 79, "model": "scoreserver.answerhistory", "fields": {"user": 27, "question": 3, "submit_flag": "FLAG_IS_QSdBrkFvIZrqKlN"}}, {"pk": 80, "model": "scoreserver.answerhistory", "fields": {"user": 7, "question": 5, "submit_flag": "FLAG_IS_XbjXIWCwDhxlsrW"}}, {"pk": 81, "model": "scoreserver.answerhistory", "fields": {"user": 16, "question": 3, "submit_flag": "FLAG_IS_WNYaiVWbxtrdKKl"}}, {"pk": 82, "model": "scoreserver.answerhistory", "fields": {"user": 29, "question": 4, "submit_flag": "FLAG_IS_thfpxDQmHBsismw"}}, {"pk": 83, "model": "scoreserver.answerhistory", "fields": {"user": 39, "question": 4, "submit_flag": "FLAG_IS_xJoyHoKmbxXGeJN"}}, {"pk": 84, "model": "scoreserver.answerhistory", "fields": {"user": 27, "question": 9, "submit_flag": "FLAG_IS_GDvIKOaxvLZTOKw"}}, {"pk": 85, "model": "scoreserver.answerhistory", "fields": {"user": 3, "question": 7, "submit_flag": "FLAG_IS_lxqIgdqpSuOyZOt"}}, {"pk": 86, "model": "scoreserver.answerhistory", "fields": {"user": 4, "question": 7, "submit_flag": "FLAG_IS_ZokYOpYjiqfNZfj"}}, {"pk": 87, "model": "scoreserver.answerhistory", "fields": {"user": 21, "question": 9, "submit_flag": "FLAG_IS_fmDpxyHutPGEZlb"}}, {"pk": 88, "model": "scoreserver.answerhistory", "fields": {"user": 30, "question": 8, "submit_flag": "FLAG_IS_TVvMlmbybkVcRXB"}}, {"pk": 89, "model": "scoreserver.answerhistory", "fields": {"user": 12, "question": 6, "submit_flag": "FLAG_IS_ajbdQnGWCpzGuPh"}}, {"pk": 90, "model": "scoreserver.answerhistory", "fields": {"user": 30, "question": 9, "submit_flag": "FLAG_IS_ouwRktkCjmuOZYO"}}, {"pk": 91, "model": "scoreserver.answerhistory", "fields": {"user": 28, "question": 5, "submit_flag": "FLAG_IS_ZqGVHcnAvcqqQFI"}}, {"pk": 92, "model": "scoreserver.answerhistory", "fields": {"user": 29, "question": 6, "submit_flag": "FLAG_IS_JViNYEXBiJOhSYl"}}, {"pk": 93, "model": "scoreserver.answerhistory", "fields": {"user": 12, "question": 3, "submit_flag": "FLAG_IS_IwvtfmqjtiurdqT"}}, {"pk": 94, "model": "scoreserver.answerhistory", "fields": {"user": 20, "question": 7, "submit_flag": "FLAG_IS_pmmQgPPEEhmAYNd"}}, {"pk": 95, "model": "scoreserver.answerhistory", "fields": {"user": 18, "question": 8, "submit_flag": "FLAG_IS_uoTMNmwhsfHFzfm"}}, {"pk": 96, "model": "scoreserver.answerhistory", "fields": {"user": 47, "question": 2, "submit_flag": "FLAG_IS_cNhhMUJiexLIFYs"}}, {"pk": 97, "model": "scoreserver.answerhistory", "fields": {"user": 14, "question": 3, "submit_flag": "FLAG_IS_IrjaMqDRRlWvAiZ"}}, {"pk": 98, "model": "scoreserver.answerhistory", "fields": {"user": 35, "question": 1, "submit_flag": "FLAG_IS_pRZYFVFFSOZzOek"}}, {"pk": 99, "model": "scoreserver.answerhistory", "fields": {"user": 4, "question": 5, "submit_flag": "FLAG_IS_IEcjItQvlKqfQHW"}}, {"pk": 100, "model": "scoreserver.answerhistory", "fields": {"user": 38, "question": 2, "submit_flag": "FLAG_IS_wkavqMUwugPgTnH"}}, {"pk": 101, "model": "scoreserver.answerhistory", "fields": {"user": 4, "question": 5, "submit_flag": "FLAG_IS_aCqHFlxTsYXAAVL"}}, {"pk": 102, "model": "scoreserver.answerhistory", "fields": {"user": 15, "question": 1, "submit_flag": "FLAG_IS_KxVnwwWxvHtOeHI"}}, {"pk": 103, "model": "scoreserver.answerhistory", "fields": {"user": 33, "question": 1, "submit_flag": "FLAG_IS_HjarytyLeegGycS"}}, {"pk": 104, "model": "scoreserver.answerhistory", "fields": {"user": 20, "question": 1, "submit_flag": "FLAG_IS_nrGVDZlXGWtOUeg"}}, {"pk": 105, "model": "scoreserver.answerhistory", "fields": {"user": 38, "question": 2, "submit_flag": "FLAG_IS_zZBqYBFBaRZXSJq"}}, {"pk": 106, "model": "scoreserver.answerhistory", "fields": {"user": 17, "question": 2, "submit_flag": "FLAG_IS_dsJBYAYrttIBuJg"}}, {"pk": 107, "model": "scoreserver.answerhistory", "fields": {"user": 32, "question": 4, "submit_flag": "FLAG_IS_MGWObwDUweFjWWq"}}, {"pk": 108, "model": "scoreserver.answerhistory", "fields": {"user": 38, "question": 5, "submit_flag": "FLAG_IS_fWvDUugfHaACzGb"}}, {"pk": 109, "model": "scoreserver.answerhistory", "fields": {"user": 39, "question": 9, "submit_flag": "FLAG_IS_AxcPsdRQmRLCkSu"}}, {"pk": 110, "model": "scoreserver.answerhistory", "fields": {"user": 44, "question": 7, "submit_flag": "FLAG_IS_UksanyJxDLkbvtQ"}}, {"pk": 111, "model": "scoreserver.answerhistory", "fields": {"user": 35, "question": 9, "submit_flag": "FLAG_IS_idiotVMwLpQvEQd"}}, {"pk": 112, "model": "scoreserver.answerhistory", "fields": {"user": 36, "question": 9, "submit_flag": "FLAG_IS_igxUJLAxrNxONxC"}}, {"pk": 113, "model": "scoreserver.answerhistory", "fields": {"user": 15, "question": 4, "submit_flag": "FLAG_IS_kBACuitohczUqDm"}}, {"pk": 114, "model": "scoreserver.answerhistory", "fields": {"user": 9, "question": 4, "submit_flag": "FLAG_IS_BqNHmEswYbxcYxY"}}, {"pk": 115, "model": "scoreserver.answerhistory", "fields": {"user": 28, "question": 3, "submit_flag": "FLAG_IS_KFkBYozxnZNCmjf"}}, {"pk": 116, "model": "scoreserver.answerhistory", "fields": {"user": 19, "question": 8, "submit_flag": "FLAG_IS_LWlQxWxnLYZdLPL"}}, {"pk": 117, "model": "scoreserver.answerhistory", "fields": {"user": 22, "question": 3, "submit_flag": "FLAG_IS_ddCMtCrcKRkoaqZ"}}, {"pk": 118, "model": "scoreserver.answerhistory", "fields": {"user": 35, "question": 7, "submit_flag": "FLAG_IS_wQvpAEkyvShZajn"}}, {"pk": 119, "model": "scoreserver.answerhistory", "fields": {"user": 19, "question": 3, "submit_flag": "FLAG_IS_scHysIfiNzkYiGt"}}, {"pk": 120, "model": "scoreserver.answerhistory", "fields": {"user": 24, "question": 4, "submit_flag": "FLAG_IS_oMiRTUYJiigRMDh"}}, {"pk": 121, "model": "scoreserver.answerhistory", "fields": {"user": 24, "question": 6, "submit_flag": "FLAG_IS_ubanjNhFZRkzVNy"}}, {"pk": 122, "model": "scoreserver.answerhistory", "fields": {"user": 22, "question": 6, "submit_flag": "FLAG_IS_ZTjJVBSDYvIfOBx"}}, {"pk": 123, "model": "scoreserver.answerhistory", "fields": {"user": 11, "question": 4, "submit_flag": "FLAG_IS_TOmuQeTzNijzJoe"}}, {"pk": 124, "model": "scoreserver.answerhistory", "fields": {"user": 17, "question": 1, "submit_flag": "FLAG_IS_MKNIUiwBzIBnuUr"}}, {"pk": 125, "model": "scoreserver.answerhistory", "fields": {"user": 42, "question": 9, "submit_flag": "FLAG_IS_pWiuVPJvIKWKaHq"}}, {"pk": 126, "model": "scoreserver.answerhistory", "fields": {"user": 28, "question": 6, "submit_flag": "FLAG_IS_nxmHGdpkSBYFhbW"}}, {"pk": 127, "model": "scoreserver.answerhistory", "fields": {"user": 48, "question": 6, "submit_flag": "FLAG_IS_LymvarLrjDAZofQ"}}, {"pk": 128, "model": "scoreserver.answerhistory", "fields": {"user": 35, "question": 1, "submit_flag": "FLAG_IS_umlflALGBrilzdf"}}, {"pk": 129, "model": "scoreserver.answerhistory", "fields": {"user": 42, "question": 1, "submit_flag": "FLAG_IS_ugcxxDJguZfTqRT"}}, {"pk": 130, "model": "scoreserver.answerhistory", "fields": {"user": 22, "question": 5, "submit_flag": "FLAG_IS_ryBfUgnGaqDNlKo"}}, {"pk": 131, "model": "scoreserver.answerhistory", "fields": {"user": 46, "question": 7, "submit_flag": "FLAG_IS_HCSqiGhGoMKFFLR"}}, {"pk": 132, "model": "scoreserver.answerhistory", "fields": {"user": 31, "question": 8, "submit_flag": "FLAG_IS_pcZPOZqeJGpgABr"}}, {"pk": 133, "model": "scoreserver.answerhistory", "fields": {"user": 16, "question": 3, "submit_flag": "FLAG_IS_PdjmrvbQDVtRxjf"}}, {"pk": 134, "model": "scoreserver.answerhistory", "fields": {"user": 32, "question": 4, "submit_flag": "FLAG_IS_tuRIQyklfSjvhrz"}}, {"pk": 135, "model": "scoreserver.answerhistory", "fields": {"user": 49, "question": 7, "submit_flag": "FLAG_IS_DnLvRIEDuNOyCuT"}}, {"pk": 136, "model": "scoreserver.answerhistory", "fields": {"user": 14, "question": 3, "submit_flag": "FLAG_IS_PYPbqUqnXqcATEd"}}, {"pk": 137, "model": "scoreserver.answerhistory", "fields": {"user": 44, "question": 3, "submit_flag": "FLAG_IS_oooZybqwVqiAxkQ"}}, {"pk": 138, "model": "scoreserver.answerhistory", "fields": {"user": 23, "question": 2, "submit_flag": "FLAG_IS_hFPYFYPVSFQtMkI"}}, {"pk": 139, "model": "scoreserver.answerhistory", "fields": {"user": 42, "question": 1, "submit_flag": "FLAG_IS_kZZHLHxgPMsrLZW"}}, {"pk": 140, "model": "scoreserver.answerhistory", "fields": {"user": 34, "question": 6, "submit_flag": "FLAG_IS_JJoJTkCBRPhcpVd"}}, {"pk": 141, "model": "scoreserver.answerhistory", "fields": {"user": 16, "question": 3, "submit_flag": "FLAG_IS_YIVhpPdLUCaYMHE"}}, {"pk": 142, "model": "scoreserver.answerhistory", "fields": {"user": 8, "question": 1, "submit_flag": "FLAG_IS_ZySiEVvOdQgOmeb"}}, {"pk": 143, "model": "scoreserver.answerhistory", "fields": {"user": 17, "question": 9, "submit_flag": "FLAG_IS_TYkhiLGewFZrtMw"}}, {"pk": 144, "model": "scoreserver.answerhistory", "fields": {"user": 7, "question": 5, "submit_flag": "FLAG_IS_nbnxuglnHPYuRQI"}}, {"pk": 145, "model": "scoreserver.answerhistory", "fields": {"user": 25, "question": 3, "submit_flag": "FLAG_IS_mcUxpyXqQGKJXRP"}}, {"pk": 146, "model": "scoreserver.answerhistory", "fields": {"user": 7, "question": 7, "submit_flag": "FLAG_IS_fGmOLbSfxafkfKq"}}, {"pk": 147, "model": "scoreserver.answerhistory", "fields": {"user": 45, "question": 2, "submit_flag": "FLAG_IS_NaQrwXZMRuxWBhx"}}, {"pk": 148, "model": "scoreserver.answerhistory", "fields": {"user": 35, "question": 8, "submit_flag": "FLAG_IS_SxNdRfCIKcrGKtd"}}, {"pk": 149, "model": "scoreserver.answerhistory", "fields": {"user": 28, "question": 1, "submit_flag": "FLAG_IS_NgOZOyzVmbnUuOn"}}, {"pk": 150, "model": "scoreserver.answerhistory", "fields": {"user": 19, "question": 1, "submit_flag": "FLAG_IS_NaNXUJjdCfdfgvg"}}, {"pk": 151, "model": "scoreserver.answerhistory", "fields": {"user": 33, "question": 7, "submit_flag": "FLAG_IS_RzAlqUyyfJukzgS"}}, {"pk": 152, "model": "scoreserver.answerhistory", "fields": {"user": 45, "question": 2, "submit_flag": "FLAG_IS_AjUIMqQFDVwadYY"}}, {"pk": 153, "model": "scoreserver.answerhistory", "fields": {"user": 38, "question": 3, "submit_flag": "FLAG_IS_VtmbXgbgliePWnb"}}, {"pk": 154, "model": "scoreserver.answerhistory", "fields": {"user": 26, "question": 7, "submit_flag": "FLAG_IS_wgplKtasQAhQdRJ"}}, {"pk": 155, "model": "scoreserver.answerhistory", "fields": {"user": 34, "question": 3, "submit_flag": "FLAG_IS_DuhgwBWeixbgfnD"}}, {"pk": 156, "model": "scoreserver.answerhistory", "fields": {"user": 28, "question": 5, "submit_flag": "FLAG_IS_FSfMotzztRwMuKC"}}, {"pk": 157, "model": "scoreserver.answerhistory", "fields": {"user": 39, "question": 8, "submit_flag": "FLAG_IS_eIzkKNVyciSJezy"}}, {"pk": 158, "model": "scoreserver.answerhistory", "fields": {"user": 46, "question": 6, "submit_flag": "FLAG_IS_tImWShyQIFTkymR"}}, {"pk": 159, "model": "scoreserver.answerhistory", "fields": {"user": 44, "question": 6, "submit_flag": "FLAG_IS_RYnpMepXQkqAhMm"}}, {"pk": 160, "model": "scoreserver.answerhistory", "fields": {"user": 38, "question": 5, "submit_flag": "FLAG_IS_HFjbXueTrrirquW"}}, {"pk": 161, "model": "scoreserver.answerhistory", "fields": {"user": 27, "question": 6, "submit_flag": "FLAG_IS_vFxaaHzbBBAoeDm"}}, {"pk": 162, "model": "scoreserver.answerhistory", "fields": {"user": 25, "question": 1, "submit_flag": "FLAG_IS_CiOafRJLGSxcmpf"}}, {"pk": 163, "model": "scoreserver.answerhistory", "fields": {"user": 3, "question": 1, "submit_flag": "FLAG_IS_YGwfsHFkYAYeNnz"}}, {"pk": 164, "model": "scoreserver.answerhistory", "fields": {"user": 20, "question": 6, "submit_flag": "FLAG_IS_mauQaysWOsTktaQ"}}, {"pk": 165, "model": "scoreserver.answerhistory", "fields": {"user": 46, "question": 7, "submit_flag": "FLAG_IS_GFetqEEeUUyGZQQ"}}, {"pk": 166, "model": "scoreserver.answerhistory", "fields": {"user": 32, "question": 2, "submit_flag": "FLAG_IS_mXbmuDQLsAmYmLZ"}}, {"pk": 167, "model": "scoreserver.answerhistory", "fields": {"user": 38, "question": 7, "submit_flag": "FLAG_IS_YlMhzXkxUQQhkDX"}}, {"pk": 168, "model": "scoreserver.answerhistory", "fields": {"user": 32, "question": 5, "submit_flag": "FLAG_IS_SPOkmtnvENAztWW"}}, {"pk": 169, "model": "scoreserver.answerhistory", "fields": {"user": 29, "question": 9, "submit_flag": "FLAG_IS_FgHVLtuveyvdtVy"}}, {"pk": 170, "model": "scoreserver.answerhistory", "fields": {"user": 31, "question": 3, "submit_flag": "FLAG_IS_aqNLnSNpjNNupcg"}}, {"pk": 171, "model": "scoreserver.answerhistory", "fields": {"user": 43, "question": 1, "submit_flag": "FLAG_IS_eJQgBkAzTtBfqlm"}}, {"pk": 172, "model": "scoreserver.answerhistory", "fields": {"user": 38, "question": 4, "submit_flag": "FLAG_IS_hojdwGuHlWzfGDy"}}, {"pk": 173, "model": "scoreserver.answerhistory", "fields": {"user": 4, "question": 5, "submit_flag": "FLAG_IS_dzqQfaeEHuWEhMU"}}, {"pk": 174, "model": "scoreserver.answerhistory", "fields": {"user": 42, "question": 9, "submit_flag": "FLAG_IS_wWeGWvgNowRhpTy"}}, {"pk": 175, "model": "scoreserver.answerhistory", "fields": {"user": 23, "question": 8, "submit_flag": "FLAG_IS_aATGItxyUMMJjFE"}}, {"pk": 176, "model": "scoreserver.answerhistory", "fields": {"user": 30, "question": 3, "submit_flag": "FLAG_IS_kDxLflZDGTyqisA"}}, {"pk": 177, "model": "scoreserver.answerhistory", "fields": {"user": 47, "question": 9, "submit_flag": "FLAG_IS_mpMTytiPBvbFfta"}}, {"pk": 178, "model": "scoreserver.answerhistory", "fields": {"user": 28, "question": 5, "submit_flag": "FLAG_IS_mKnrTfqnkhRnjIs"}}, {"pk": 179, "model": "scoreserver.answerhistory", "fields": {"user": 44, "question": 6, "submit_flag": "FLAG_IS_TbKagDCVjVzTKgt"}}, {"pk": 180, "model": "scoreserver.answerhistory", "fields": {"user": 4, "question": 6, "submit_flag": "FLAG_IS_VfPgUhdSLhkksCs"}}, {"pk": 181, "model": "scoreserver.answerhistory", "fields": {"user": 29, "question": 8, "submit_flag": "FLAG_IS_TywZcsBNjTienEe"}}, {"pk": 182, "model": "scoreserver.answerhistory", "fields": {"user": 7, "question": 5, "submit_flag": "FLAG_IS_KkRJYJNgSaqKLtI"}}, {"pk": 183, "model": "scoreserver.answerhistory", "fields": {"user": 45, "question": 8, "submit_flag": "FLAG_IS_tRQjaIfPLkZskNC"}}, {"pk": 184, "model": "scoreserver.answerhistory", "fields": {"user": 33, "question": 6, "submit_flag": "FLAG_IS_AKAJtHQHhJhEMbu"}}, {"pk": 185, "model": "scoreserver.answerhistory", "fields": {"user": 22, "question": 4, "submit_flag": "FLAG_IS_UfhIPWaVbWPahvT"}}, {"pk": 186, "model": "scoreserver.answerhistory", "fields": {"user": 6, "question": 9, "submit_flag": "FLAG_IS_zNaEfXusoDerkYz"}}, {"pk": 187, "model": "scoreserver.answerhistory", "fields": {"user": 29, "question": 9, "submit_flag": "FLAG_IS_dxpgcqmpZqDjQhi"}}, {"pk": 188, "model": "scoreserver.answerhistory", "fields": {"user": 49, "question": 8, "submit_flag": "FLAG_IS_vSjSyubSPoyDDtM"}}, {"pk": 189, "model": "scoreserver.answerhistory", "fields": {"user": 14, "question": 3, "submit_flag": "FLAG_IS_oXCqAELyqzauOsQ"}}, {"pk": 190, "model": "scoreserver.answerhistory", "fields": {"user": 31, "question": 3, "submit_flag": "FLAG_IS_MzBvWVQocKriVSM"}}, {"pk": 191, "model": "scoreserver.answerhistory", "fields": {"user": 9, "question": 1, "submit_flag": "FLAG_IS_vcEzcvryIYlIlyf"}}, {"pk": 192, "model": "scoreserver.answerhistory", "fields": {"user": 46, "question": 6, "submit_flag": "FLAG_IS_scVjtOHWbJeRqbP"}}, {"pk": 193, "model": "scoreserver.answerhistory", "fields": {"user": 22, "question": 8, "submit_flag": "FLAG_IS_fdqHjLvKnJvZWfq"}}, {"pk": 194, "model": "scoreserver.answerhistory", "fields": {"user": 44, "question": 6, "submit_flag": "FLAG_IS_LopbpdflBeRAAai"}}, {"pk": 195, "model": "scoreserver.answerhistory", "fields": {"user": 38, "question": 9, "submit_flag": "FLAG_IS_CptdqQezsUhYpXY"}}, {"pk": 196, "model": "scoreserver.answerhistory", "fields": {"user": 24, "question": 6, "submit_flag": "FLAG_IS_jKmOwIHxfguRxGm"}}, {"pk": 197, "model": "scoreserver.answerhistory", "fields": {"user": 42, "question": 8, "submit_flag": "FLAG_IS_QKfhhDsMKVyMfXt"}}, {"pk": 198, "model": "scoreserver.answerhistory", "fields": {"user": 18, "question": 6, "submit_flag": "FLAG_IS_IhjHGbtLeXJPOdN"}}, {"pk": 199, "model": "scoreserver.answerhistory", "fields": {"user": 38, "question": 7, "submit_flag": "FLAG_IS_tOPmfFSMhfpOQLD"}}, {"pk": 200, "model": "scoreserver.answerhistory", "fields": {"user": 14, "question": 8, "submit_flag": "FLAG_IS_rAXWEOsUyQsQkKw"}}, {"pk": 201, "model": "scoreserver.answerhistory", "fields": {"user": 21, "question": 2, "submit_flag": "FLAG_IS_cDtPdpOGeDiVIdo"}}, {"pk": 202, "model": "scoreserver.answerhistory", "fields": {"user": 45, "question": 6, "submit_flag": "FLAG_IS_eyrdTyoyLlMXbVF"}}, {"pk": 203, "model": "scoreserver.answerhistory", "fields": {"user": 20, "question": 6, "submit_flag": "FLAG_IS_QVPCNCaliwYhDrx"}}, {"pk": 204, "model": "scoreserver.answerhistory", "fields": {"user": 38, "question": 7, "submit_flag": "FLAG_IS_TJIJrQsMKWARSvP"}}, {"pk": 205, "model": "scoreserver.answerhistory", "fields": {"user": 32, "question": 3, "submit_flag": "FLAG_IS_veigOezBhGzBPkz"}}, {"pk": 206, "model": "scoreserver.answerhistory", "fields": {"user": 15, "question": 7, "submit_flag": "FLAG_IS_tvvueChXwNUaRos"}}, {"pk": 207, "model": "scoreserver.answerhistory", "fields": {"user": 48, "question": 4, "submit_flag": "FLAG_IS_yyXHUYoKayrwAcA"}}, {"pk": 208, "model": "scoreserver.answerhistory", "fields": {"user": 17, "question": 2, "submit_flag": "FLAG_IS_cciVadwOdcIsali"}}, {"pk": 209, "model": "scoreserver.answerhistory", "fields": {"user": 20, "question": 8, "submit_flag": "FLAG_IS_iKMJEFbLvURvLsd"}}, {"pk": 210, "model": "scoreserver.answerhistory", "fields": {"user": 47, "question": 3, "submit_flag": "FLAG_IS_CRVtbywPzMqqSTG"}}, {"pk": 211, "model": "scoreserver.answerhistory", "fields": {"user": 32, "question": 3, "submit_flag": "FLAG_IS_bZwPNTziiBBRAxI"}}, {"pk": 212, "model": "scoreserver.answerhistory", "fields": {"user": 39, "question": 6, "submit_flag": "FLAG_IS_tCeJGAijUonFtLj"}}, {"pk": 213, "model": "scoreserver.answerhistory", "fields": {"user": 25, "question": 6, "submit_flag": "FLAG_IS_neiZfRTTDjMGHUw"}}, {"pk": 214, "model": "scoreserver.answerhistory", "fields": {"user": 14, "question": 8, "submit_flag": "FLAG_IS_tMlRCtdjSzwWIai"}}, {"pk": 215, "model": "scoreserver.answerhistory", "fields": {"user": 9, "question": 9, "submit_flag": "FLAG_IS_UocUxrwUEHKYDmG"}}, {"pk": 216, "model": "scoreserver.answerhistory", "fields": {"user": 45, "question": 4, "submit_flag": "FLAG_IS_OOTcepIgvuwWWze"}}, {"pk": 217, "model": "scoreserver.answerhistory", "fields": {"user": 18, "question": 6, "submit_flag": "FLAG_IS_FjBAytTFlGHOSiQ"}}, {"pk": 218, "model": "scoreserver.answerhistory", "fields": {"user": 1, "question": 5, "submit_flag": "FLAG_IS_LZbbvfaNhqEsRJG"}}, {"pk": 219, "model": "scoreserver.answerhistory", "fields": {"user": 3, "question": 5, "submit_flag": "FLAG_IS_XFlTWsiMfXgkmtT"}}, {"pk": 220, "model": "scoreserver.answerhistory", "fields": {"user": 17, "question": 4, "submit_flag": "FLAG_IS_YzZLSrKSppiOOtw"}}, {"pk": 221, "model": "scoreserver.answerhistory", "fields": {"user": 10, "question": 8, "submit_flag": "FLAG_IS_GfGtagCXFXnWrRU"}}, {"pk": 222, "model": "scoreserver.answerhistory", "fields": {"user": 28, "question": 6, "submit_flag": "FLAG_IS_ZjrgslDzWzjilfU"}}, {"pk": 223, "model": "scoreserver.answerhistory", "fields": {"user": 34, "question": 5, "submit_flag": "FLAG_IS_OJahnOsYzdpvurZ"}}, {"pk": 224, "model": "scoreserver.answerhistory", "fields": {"user": 13, "question": 1, "submit_flag": "FLAG_IS_IpAtcJeuxxypwDG"}}, {"pk": 225, "model": "scoreserver.answerhistory", "fields": {"user": 41, "question": 6, "submit_flag": "FLAG_IS_ORhDOLiumLiWmXl"}}, {"pk": 226, "model": "scoreserver.answerhistory", "fields": {"user": 2, "question": 9, "submit_flag": "FLAG_IS_zeSxfvBdTjGXLBy"}}, {"pk": 227, "model": "scoreserver.answerhistory", "fields": {"user": 25, "question": 3, "submit_flag": "FLAG_IS_EzuLuHgJUUoXCPD"}}, {"pk": 228, "model": "scoreserver.answerhistory", "fields": {"user": 4, "question": 2, "submit_flag": "FLAG_IS_guXSoOrwbRuUVLs"}}, {"pk": 229, "model": "scoreserver.answerhistory", "fields": {"user": 4, "question": 4, "submit_flag": "FLAG_IS_VZvBUUianfYgMeU"}}, {"pk": 230, "model": "scoreserver.answerhistory", "fields": {"user": 21, "question": 8, "submit_flag": "FLAG_IS_UNJEjdeBbDkLjbz"}}, {"pk": 231, "model": "scoreserver.answerhistory", "fields": {"user": 34, "question": 5, "submit_flag": "FLAG_IS_wTOyFKeWSNSecdc"}}, {"pk": 232, "model": "scoreserver.answerhistory", "fields": {"user": 26, "question": 2, "submit_flag": "FLAG_IS_EWzranENqrDsPPC"}}, {"pk": 233, "model": "scoreserver.answerhistory", "fields": {"user": 36, "question": 7, "submit_flag": "FLAG_IS_QqlmhwUpmFOCdwg"}}, {"pk": 234, "model": "scoreserver.answerhistory", "fields": {"user": 2, "question": 5, "submit_flag": "FLAG_IS_YFIdpxbGMpPwoNc"}}, {"pk": 235, "model": "scoreserver.answerhistory", "fields": {"user": 42, "question": 4, "submit_flag": "FLAG_IS_mejttlkabaPtCdg"}}, {"pk": 236, "model": "scoreserver.answerhistory", "fields": {"user": 33, "question": 4, "submit_flag": "FLAG_IS_CNUHXbQGdpFakMF"}}, {"pk": 237, "model": "scoreserver.answerhistory", "fields": {"user": 36, "question": 3, "submit_flag": "FLAG_IS_zwqCqUeHaVblbJh"}}, {"pk": 238, "model": "scoreserver.answerhistory", "fields": {"user": 28, "question": 7, "submit_flag": "FLAG_IS_DLvPRvaAElOXhtW"}}, {"pk": 239, "model": "scoreserver.answerhistory", "fields": {"user": 36, "question": 8, "submit_flag": "FLAG_IS_eFefbfSKyNuUarO"}}, {"pk": 240, "model": "scoreserver.answerhistory", "fields": {"user": 21, "question": 7, "submit_flag": "FLAG_IS_YJBCebOKcNJIhxt"}}, {"pk": 241, "model": "scoreserver.answerhistory", "fields": {"user": 8, "question": 2, "submit_flag": "FLAG_IS_RVlABDNwJZdGGSS"}}, {"pk": 242, "model": "scoreserver.answerhistory", "fields": {"user": 19, "question": 5, "submit_flag": "FLAG_IS_XkZqnfiVdcYhdJS"}}, {"pk": 243, "model": "scoreserver.answerhistory", "fields": {"user": 46, "question": 3, "submit_flag": "FLAG_IS_aDXqJeEhcLdfxWp"}}, {"pk": 244, "model": "scoreserver.answerhistory", "fields": {"user": 22, "question": 1, "submit_flag": "FLAG_IS_xwTDaICpffaXCgD"}}, {"pk": 245, "model": "scoreserver.answerhistory", "fields": {"user": 24, "question": 5, "submit_flag": "FLAG_IS_XZvvtRYLsTedXOS"}}, {"pk": 246, "model": "scoreserver.answerhistory", "fields": {"user": 47, "question": 4, "submit_flag": "FLAG_IS_bkSXRodMMAsMpkm"}}, {"pk": 247, "model": "scoreserver.answerhistory", "fields": {"user": 46, "question": 8, "submit_flag": "FLAG_IS_mbDwjeZXCFwRVZH"}}, {"pk": 248, "model": "scoreserver.answerhistory", "fields": {"user": 41, "question": 3, "submit_flag": "FLAG_IS_ilSuzjROtMPmZOG"}}, {"pk": 249, "model": "scoreserver.answerhistory", "fields": {"user": 24, "question": 9, "submit_flag": "FLAG_IS_oAGiQIQPNAhpNsu"}}, {"pk": 250, "model": "scoreserver.answerhistory", "fields": {"user": 35, "question": 9, "submit_flag": "FLAG_IS_VIsWBSYYYpwMvwg"}}, {"pk": 251, "model": "scoreserver.answerhistory", "fields": {"user": 45, "question": 8, "submit_flag": "FLAG_IS_AEWDffsaqjZkNae"}}, {"pk": 252, "model": "scoreserver.answerhistory", "fields": {"user": 4, "question": 4, "submit_flag": "FLAG_IS_QUwIqLjYwTupTpb"}}, {"pk": 253, "model": "scoreserver.answerhistory", "fields": {"user": 9, "question": 8, "submit_flag": "FLAG_IS_JZqqpZvzemfioJA"}}, {"pk": 254, "model": "scoreserver.answerhistory", "fields": {"user": 29, "question": 9, "submit_flag": "FLAG_IS_LaJPpURNZpMjXeL"}}, {"pk": 255, "model": "scoreserver.answerhistory", "fields": {"user": 5, "question": 5, "submit_flag": "FLAG_IS_zZsOgROBuTmEttq"}}, {"pk": 256, "model": "scoreserver.answerhistory", "fields": {"user": 31, "question": 1, "submit_flag": "FLAG_IS_vRVLZWyovXwoNyM"}}, {"pk": 257, "model": "scoreserver.answerhistory", "fields": {"user": 21, "question": 5, "submit_flag": "FLAG_IS_PgeVKtEEMqtgYoq"}}, {"pk": 258, "model": "scoreserver.answerhistory", "fields": {"user": 31, "question": 6, "submit_flag": "FLAG_IS_FtQOfcLIQVjGhcI"}}, {"pk": 259, "model": "scoreserver.answerhistory", "fields": {"user": 21, "question": 1, "submit_flag": "FLAG_IS_AcoQvHxuPPWbIrV"}}, {"pk": 260, "model": "scoreserver.answerhistory", "fields": {"user": 49, "question": 2, "submit_flag": "FLAG_IS_ElgRqlMuiRZqxvR"}}, {"pk": 261, "model": "scoreserver.answerhistory", "fields": {"user": 11, "question": 3, "submit_flag": "FLAG_IS_EazutRxjrCqbzAs"}}, {"pk": 262, "model": "scoreserver.answerhistory", "fields": {"user": 7, "question": 9, "submit_flag": "FLAG_IS_JPZSJQcpoRcmymY"}}, {"pk": 263, "model": "scoreserver.answerhistory", "fields": {"user": 30, "question": 3, "submit_flag": "FLAG_IS_MnmmjvOMSdJNQmI"}}, {"pk": 264, "model": "scoreserver.answerhistory", "fields": {"user": 29, "question": 2, "submit_flag": "FLAG_IS_CftxNcpBYdlScCf"}}, {"pk": 265, "model": "scoreserver.answerhistory", "fields": {"user": 18, "question": 9, "submit_flag": "FLAG_IS_oxWqdXjnbHqujIK"}}, {"pk": 266, "model": "scoreserver.answerhistory", "fields": {"user": 42, "question": 5, "submit_flag": "FLAG_IS_NHjhmDxbYUsjVCf"}}, {"pk": 267, "model": "scoreserver.answerhistory", "fields": {"user": 27, "question": 6, "submit_flag": "FLAG_IS_HAjMTsDcwrBYAHe"}}, {"pk": 268, "model": "scoreserver.answerhistory", "fields": {"user": 40, "question": 1, "submit_flag": "FLAG_IS_MJrTRyyogorMZAw"}}, {"pk": 269, "model": "scoreserver.answerhistory", "fields": {"user": 3, "question": 5, "submit_flag": "FLAG_IS_amOVezYiNheHYNp"}}, {"pk": 270, "model": "scoreserver.answerhistory", "fields": {"user": 9, "question": 8, "submit_flag": "FLAG_IS_UvWqOUbYniAqAGO"}}, {"pk": 271, "model": "scoreserver.answerhistory", "fields": {"user": 23, "question": 9, "submit_flag": "FLAG_IS_dvmIoNyCnRixyKl"}}, {"pk": 272, "model": "scoreserver.answerhistory", "fields": {"user": 43, "question": 4, "submit_flag": "FLAG_IS_ZVDhDyOPAobhjdz"}}, {"pk": 273, "model": "scoreserver.answerhistory", "fields": {"user": 6, "question": 1, "submit_flag": "FLAG_IS_wsfueNKrdwDWeZT"}}, {"pk": 274, "model": "scoreserver.answerhistory", "fields": {"user": 12, "question": 8, "submit_flag": "FLAG_IS_sKMjjIWcYJSvbwF"}}, {"pk": 275, "model": "scoreserver.answerhistory", "fields": {"user": 19, "question": 3, "submit_flag": "FLAG_IS_sCZZfGXVGolMSqM"}}, {"pk": 276, "model": "scoreserver.answerhistory", "fields": {"user": 43, "question": 2, "submit_flag": "FLAG_IS_kKZhOkAQTadPUAC"}}, {"pk": 277, "model": "scoreserver.answerhistory", "fields": {"user": 47, "question": 6, "submit_flag": "FLAG_IS_UQGqrmeQUZEJdxf"}}, {"pk": 278, "model": "scoreserver.answerhistory", "fields": {"user": 40, "question": 6, "submit_flag": "FLAG_IS_TeHSMRDQXdeVfCB"}}, {"pk": 279, "model": "scoreserver.answerhistory", "fields": {"user": 23, "question": 3, "submit_flag": "FLAG_IS_xivyQYZNZcqfWZk"}}, {"pk": 280, "model": "scoreserver.answerhistory", "fields": {"user": 1, "question": 8, "submit_flag": "FLAG_IS_nWqkJiUcZovmkez"}}, {"pk": 281, "model": "scoreserver.answerhistory", "fields": {"user": 6, "question": 8, "submit_flag": "FLAG_IS_FTcycjqAxDrRcHN"}}, {"pk": 282, "model": "scoreserver.answerhistory", "fields": {"user": 27, "question": 1, "submit_flag": "FLAG_IS_oxXOidZgoTLCVUh"}}, {"pk": 283, "model": "scoreserver.answerhistory", "fields": {"user": 10, "question": 3, "submit_flag": "FLAG_IS_XgiaAfiDEhMaBYv"}}, {"pk": 284, "model": "scoreserver.answerhistory", "fields": {"user": 13, "question": 3, "submit_flag": "FLAG_IS_mWTuWmbseLiurOo"}}, {"pk": 285, "model": "scoreserver.answerhistory", "fields": {"user": 32, "question": 2, "submit_flag": "FLAG_IS_fKlhpGEXiaHNPnK"}}, {"pk": 286, "model": "scoreserver.answerhistory", "fields": {"user": 9, "question": 9, "submit_flag": "FLAG_IS_nmQuQdErTrhuBBM"}}, {"pk": 287, "model": "scoreserver.answerhistory", "fields": {"user": 20, "question": 2, "submit_flag": "FLAG_IS_QIjfkapLWOTPKiY"}}, {"pk": 288, "model": "scoreserver.answerhistory", "fields": {"user": 34, "question": 1, "submit_flag": "FLAG_IS_unvztazurzzXllT"}}, {"pk": 289, "model": "scoreserver.answerhistory", "fields": {"user": 43, "question": 4, "submit_flag": "FLAG_IS_DncUUYbtxkZQgLl"}}, {"pk": 290, "model": "scoreserver.answerhistory", "fields": {"user": 6, "question": 7, "submit_flag": "FLAG_IS_lSwCQiATvmEGMGt"}}, {"pk": 291, "model": "scoreserver.answerhistory", "fields": {"user": 39, "question": 6, "submit_flag": "FLAG_IS_pBCEeLtexgLFOGO"}}, {"pk": 292, "model": "scoreserver.answerhistory", "fields": {"user": 31, "question": 1, "submit_flag": "FLAG_IS_KQbPIdOunmhVIPV"}}, {"pk": 293, "model": "scoreserver.answerhistory", "fields": {"user": 45, "question": 9, "submit_flag": "FLAG_IS_rgTkITWPdTeyZJj"}}, {"pk": 294, "model": "scoreserver.answerhistory", "fields": {"user": 31, "question": 4, "submit_flag": "FLAG_IS_VYkYGrBjnqwyGaH"}}, {"pk": 295, "model": "scoreserver.answerhistory", "fields": {"user": 4, "question": 5, "submit_flag": "FLAG_IS_YJiRTRFhPpIQVze"}}, {"pk": 296, "model": "scoreserver.answerhistory", "fields": {"user": 21, "question": 7, "submit_flag": "FLAG_IS_AzRcAaXqaRrKsEI"}}, {"pk": 297, "model": "scoreserver.answerhistory", "fields": {"user": 18, "question": 5, "submit_flag": "FLAG_IS_yATyKHYaOzPXCPH"}}, {"pk": 298, "model": "scoreserver.answerhistory", "fields": {"user": 7, "question": 8, "submit_flag": "FLAG_IS_qNSFWuOcHdHKdEa"}}, {"pk": 299, "model": "scoreserver.answerhistory", "fields": {"user": 1, "question": 9, "submit_flag": "FLAG_IS_HkjlYWwXrtPEWtE"}}]