[{"fields": {"name": "Web"}, "pk": 1, "model": "scoreserver.category"}, {"fields": {"name": "Network"}, "pk": 2, "model": "scoreserver.category"}, {"fields": {"name": "Binary"}, "pk": 3, "model": "scoreserver.category"}, {"fields": {"name": "Forensics"}, "pk": 4, "model": "scoreserver.category"}, {"fields": {"name": "Crypto"}, "pk": 5, "model": "scoreserver.category"}, {"fields": {"name": "Misc"}, "pk": 6, "model": "scoreserver.category"}, {"fields": {"solved": 9, "problem_url": "http://example.com/ShTMXgekxVRphzzQBbEPycYiGUxMUf", "title": "Question_title:VwWNutWabKZfVKe", "category": 4, "description": "Question_desc:bueqZDYliBzOdQUhVGoeHxesIGTFWstXrylURkEFEUaxFnXsfRUzeLxZWYmHvKBkeNEVsAdfNaJFkDlqXQfJOFKZmszUqtPcioqN"}, "pk": 0, "model": "scoreserver.question"}, {"fields": {"solved": 16, "problem_url": "http://example.com/wOfolzZnYtbtawJjMDcKEyQboXEAaH", "title": "Question_title:prrxOzGrdIirnHV", "category": 5, "description": "Question_desc:VBnehtGzsvFOabVTnLglssvLBYDBbyYeBXNiWwcCYcFUdrdRVVGMrbNviZBjFkJKYuaAjZadzRJreQbgDWFQSdomoqpneDIBbNOE"}, "pk": 1, "model": "scoreserver.question"}, {"fields": {"solved": 1, "problem_url": "http://example.com/NbCDlqdKcARfISxGbpPjsGGEeNkEiA", "title": "Question_title:VrQmexXyoDVElvh", "category": 4, "description": "Question_desc:CbFbLqosnpUBiaXAcruMoYVMRulJeOHtLQWvsguNZmCMrFrfkripKYyWndTudniyYhEpOnOQttvXxSycOyWmqLPHUKwzbJmvvHsr"}, "pk": 2, "model": "scoreserver.question"}, {"fields": {"solved": 7, "problem_url": "http://example.com/LdpxadyCOdIkkTzUAAqiZZeDwdmYdm", "title": "Question_title:rXjInMlwCrUErJR", "category": 2, "description": "Question_desc:vQUycqEJJnXWNuwqNDVuaDcdBuhjAqeAFgyKpVTQjjIHbVepcMsHbgqozLfTdlKqrpCsaUBITcWZpzcpKVAmCXocpXuVkrtwXLiM"}, "pk": 3, "model": "scoreserver.question"}, {"fields": {"solved": 16, "problem_url": "http://example.com/MJjlPOpmyAsEcosBiJBmRtIXHAGPjx", "title": "Question_title:KSmLXEfCNioAnue", "category": 6, "description": "Question_desc:fZALuzXyScBytnYBEqmZosboMqhuerRJFGVMzcwMSVUWcLhCKuguJbxbQwWXeoAzIYbEhyUDffUatMZSqqaQFINEwmNNFmuQknrR"}, "pk": 4, "model": "scoreserver.question"}, {"fields": {"solved": 18, "problem_url": "http://example.com/jQQWWvjQsDXIZHAMYSBNKYsbcFtoDR", "title": "Question_title:jSkVufOZTGNCwnt", "category": 1, "description": "Question_desc:zOyKlgHfBSEBWBQDggFcXYmwcMiJpiViiEjySUXfzqBTOqMrjgqKLiqHNvFkmXLAoCKgVCHHhvkYVByQoYQBEKjfTuDsIhTwwUqT"}, "pk": 5, "model": "scoreserver.question"}, {"fields": {"solved": 8, "problem_url": "http://example.com/xdkDLrEcVfgjTVosxghSHrkccCvwGe", "title": "Question_title:rJLfPCrKvpRhdDm", "category": 1, "description": "Question_desc:XVStbvEqOnBQXyLfiOyPRaOUJficTnwvTCIdlxtEELhmZjwYtQyhJXYBFJdukSTfpATtbrkbaNvSAjycvJidkBrEVADOMxGGgwzC"}, "pk": 6, "model": "scoreserver.question"}, {"fields": {"solved": 16, "problem_url": "http://example.com/qavWUhVTfkmMsFWjvyKwzqgliQBBvt", "title": "Question_title:eliVOrOragIbngr", "category": 3, "description": "Question_desc:VWPNxflGXEIYVFnoRVOTxhEHMINYaAzjSbmTUwnrAMuJtJXrLUoKpEDxgDQzozfKzrgWKuuJYuYMWBnKHyVtZXqabMZovSMntnbS"}, "pk": 7, "model": "scoreserver.question"}, {"fields": {"solved": 0, "problem_url": "http://example.com/QkbhPanfXgQtWXglZnGzNtYSJqwnEn", "title": "Question_title:dCmawFiuCmeojXa", "category": 3, "description": "Question_desc:GbGRSxdWTSLIDxuIcINDcMnpvEzqhtEcSALasZQKlPdXbeUDVMhogbKjjJeoxPRPkxrHepFVviJJltmCAufNVkLzuorSAvGDUZQd"}, "pk": 8, "model": "scoreserver.question"}, {"fields": {"solved": 20, "problem_url": "http://example.com/cXDnyFEzHloNcKqZupYKPMuPXHUNZF", "title": "Question_title:eHlsUwGqLVLBSJt", "category": 6, "description": "Question_desc:nqpHvEvKEZaJlPfHosWfVMKuQlUsFLLUapnLMoYEPhwJkTwYuJEKPoOVmyaUpjHnkGsVDPKJTZuXbBcgQqVFvlUdwTeVQNOwRzEl"}, "pk": 9, "model": "scoreserver.question"}, {"fields": {"solved": 10, "problem_url": "http://example.com/SymbieQegsIHCMWVuMxrmTLPDSGeif", "title": "Question_title:PQOZoxNqRhFZDsy", "category": 5, "description": "Question_desc:cDxdbzugRXOqdmEzrvJGkliDLTWyIHuhbCEDceWDbBaGmJbwTUenawMAXahlSUWmYjVdENWcqTmHXApPHNwtUMjLJwIijLOvIiBd"}, "pk": 10, "model": "scoreserver.question"}, {"fields": {"solved": 20, "problem_url": "http://example.com/hOgXRYEMXOSHnqlUTtXuMBLTEjBqOB", "title": "Question_title:oQErVFYuHCxZKzB", "category": 2, "description": "Question_desc:wLRpYIazIYfraTojcytoLRVFDUGnxYdnvMiwaDDUKNKCLmCypXnobzdFfHElXnuiEjWAmNOuJZJhvEkCewdfJvvjbThLOCmTsDhP"}, "pk": 11, "model": "scoreserver.question"}, {"fields": {"solved": 13, "problem_url": "http://example.com/JIjpWyHqcEdJNHZqrtVupuOtqoFnVE", "title": "Question_title:FNnOlNWMzyyFtQr", "category": 4, "description": "Question_desc:HuSxhOOApsFBgvmWVYFQtTltBLFQkaOgOHMowlcqaqBrkTXyxRkpnJHnonLfMEnIegCQFStZZnNltxLBaKdRMbJGzajzuDQgGaED"}, "pk": 12, "model": "scoreserver.question"}, {"fields": {"solved": 12, "problem_url": "http://example.com/DtGYSLNHagcQiMibOEoDAyRAFBTbwH", "title": "Question_title:qboJdfoTuOkKSNb", "category": 5, "description": "Question_desc:oHOhJwwpHrDZulhalLVMYvlAVBtySpxSaULKWFdRJCDsTZNVKuxBbaemsrSByLebYNgICOdQUOTwjqzVvlfXsHybCVqOgNuAOAfo"}, "pk": 13, "model": "scoreserver.question"}, {"fields": {"solved": 7, "problem_url": "http://example.com/wDtgizNxgRwgstKOJUoLzRaYmArXoJ", "title": "Question_title:gaOQObNWsoOpInF", "category": 2, "description": "Question_desc:ptoLHDMGtnTkAMSGEDuzMLuQXYXTWDGTSQwoBJRKNXQkctrhPTDzMMOQEVNySpxqfGDWUIaUbBLzdvBJILhpxCxVWiaHlXLooAdH"}, "pk": 14, "model": "scoreserver.question"}, {"fields": {"solved": 1, "problem_url": "http://example.com/SMwHsZXzzuaRogGVDbnweDlRHTLuLI", "title": "Question_title:thvojuBDKWAUWNe", "category": 4, "description": "Question_desc:lXthsASTKwQKotaXnRtlxaTBlhgzXOTKCgfutCWBJTVYWDbnufHNsRCgLYNLlBuPnGzXvPOzoVdJsklyueTLukWHgjTAYtWEDlQQ"}, "pk": 15, "model": "scoreserver.question"}, {"fields": {"solved": 16, "problem_url": "http://example.com/ysrujPOVOuYuyZSXDRhKOqRRqZuozm", "title": "Question_title:HzjjDGrkIFGaTlP", "category": 3, "description": "Question_desc:eOHkqbvzGSPcNcCUGWrdLNLMcGHBYmAJHgOUjptPIESTucshVgUKOlGyNLUKefJUahUuJorvqHpVpxYOHlvhuYLmSnOzfoScHcgt"}, "pk": 16, "model": "scoreserver.question"}, {"fields": {"solved": 17, "problem_url": "http://example.com/ezSYeqrRchtlsWzrlBlBjjCgrDflBv", "title": "Question_title:aqQiytsnTeLTEXe", "category": 6, "description": "Question_desc:MzLSMBrZUnIrcnCLsXPtCtLZhiCMpCdrwyMEAQUFEmQgoOJbSMRIyDIFCNEJaTEjzYaXKzPFYwyURiKDWeJBWhJFjBPKpMxoFiik"}, "pk": 17, "model": "scoreserver.question"}, {"fields": {"solved": 14, "problem_url": "http://example.com/lpTcKkJwAVErAdKwBoUopWcyLfpCIh", "title": "Question_title:GTSDgaHySyCRCnB", "category": 6, "description": "Question_desc:NOZMrwCxEokKWIkBTTHYlviobpwjOjdsAMZHxhaOrUZZmlRfJCREtqsWgibioYpaJfnaoGiDHoGigfCXmYJECxSlNNQVhGnDxdGE"}, "pk": 18, "model": "scoreserver.question"}, {"fields": {"solved": 16, "problem_url": "http://example.com/zMmsYiUBSzNtysTiWsFGdfkZvxkYHu", "title": "Question_title:pYyIHKXhYMcrhAU", "category": 5, "description": "Question_desc:yvcMmypJAakDJlMVhPyKAIRmqhVUTBzelXuzLOMktqeuYMETJiXsnbZEhYlcaxLqaWYZLELOamCYmOsWnGFjFiFfvNijTMtukmnu"}, "pk": 19, "model": "scoreserver.question"}, {"fields": {"solved": 10, "problem_url": "http://example.com/wTdNBfSnITdeBsgudvEKFUMQXxVQtZ", "title": "Question_title:qUaAcyoBggNpjqG", "category": 1, "description": "Question_desc:VWSmUuZgaNkLzojloEFmBeXmpHYEPnBlyKoIUMcwrTkERpPrIUrMfxRFwCnWYDSeahLgcrgSwFxcnNSeCltJPICQAldRNSxpxpJJ"}, "pk": 20, "model": "scoreserver.question"}, {"fields": {"solved": 3, "problem_url": "http://example.com/DiMGQBZjGMzLWBHhYQBkfmhOMFpqbx", "title": "Question_title:LXPgSnqwgQhekyc", "category": 5, "description": "Question_desc:ciSKwnHdnEBUVLbwvQeoCXGUOkjSgfYYFdUXeDmSYTwCFOAWddUTsxNsMbFrDWkEdXrZUSzjwYKdTYBXEeSMldOAqJfLqcNwxqYv"}, "pk": 21, "model": "scoreserver.question"}, {"fields": {"solved": 8, "problem_url": "http://example.com/NYLRwnDThMOzmUZTmxxpKJdAKMarDu", "title": "Question_title:bTFmFHWblVoXwDJ", "category": 4, "description": "Question_desc:DnYVjXYnEIwbYbfVqEyoIAQwAkYKfZvJirCofNEAWjQLHBbGcKbenLhHQZNYEqEACyaptslIGGhpUEtsTDHPwcUARlNNHSRVwdkj"}, "pk": 22, "model": "scoreserver.question"}, {"fields": {"solved": 10, "problem_url": "http://example.com/aNDpseDPqAPPwRXNQtkzVtNHIdSkdC", "title": "Question_title:rYxWLTtZlMvDfMI", "category": 3, "description": "Question_desc:kUimYrJOPqiAiDnbbaMFkAzjeqACwGysGFbRXugVbYdHzJRPnGdfgbjqiYnklWwxikyXlxySqyKjlQEMtPzVGZUxTeqTWJnRAbpu"}, "pk": 23, "model": "scoreserver.question"}, {"fields": {"solved": 10, "problem_url": "http://example.com/cWRyZjZeLbZbBUHJlxOxiPFDIzaslI", "title": "Question_title:HtxMHMiYJsYdFXM", "category": 5, "description": "Question_desc:zPltyheTVBcirWqhPyYIXmTfFTumsPYxpAuCQAjVXKYbHEtAUaGPNwouAULQwQQHZHZsUrBRywsLqXggmFOuWnOFcvaRvroGaECA"}, "pk": 24, "model": "scoreserver.question"}, {"fields": {"solved": 1, "problem_url": "http://example.com/SVURLwpWiGpfCDhBFCpEKUtpJJySDH", "title": "Question_title:SphaOZmsjqwbXED", "category": 6, "description": "Question_desc:sGGZFykVhKlkADcaFAFsZeWtxSJlDkmtcIpKDlZNoqNoCjTmOTRRvkdeLDUTprwGLHEbbVrEcVmYyNKQlUFdELkyvziTsdePSLOb"}, "pk": 25, "model": "scoreserver.question"}, {"fields": {"solved": 17, "problem_url": "http://example.com/vmxfUIyjJMpuLhydwWrUKxFwusVVnJ", "title": "Question_title:GcTuZCLBwrRSyFp", "category": 3, "description": "Question_desc:RsyViqyTymkZeefToqZXoRZccUruylJPpDhDRedOGncLvqmOuRwpjBPdRDpWnIclwKFRvJngBAtmCjgCngToMHRSQqvCyDYNiPXZ"}, "pk": 26, "model": "scoreserver.question"}, {"fields": {"solved": 5, "problem_url": "http://example.com/GrkSNREbkdomnBDfQoGtMUtJJnjYZF", "title": "Question_title:MOkuYPSyAjGyIBU", "category": 6, "description": "Question_desc:PNVzeqoikpDQOuNgizXxUHilplTDBsvYZeQgudumqxhynCoJyCZWXVdUGJbFpYveiVSALRkOmsUpiAtjNBuPCfimnSRPwzzxVxuE"}, "pk": 27, "model": "scoreserver.question"}, {"fields": {"solved": 15, "problem_url": "http://example.com/XEaGSUITmJwSgsFtWttppcXuttnIBd", "title": "Question_title:NxKdWkNMTPGJXhZ", "category": 3, "description": "Question_desc:GwfobuaVCLABFNPKGhUcIyMxbTlrXswFMERSQkFVcahbrvStrCsPgSsBWiNvBOZovDwJyNpSmsgndnOAnpQTeHPYprCNahwtCXHK"}, "pk": 28, "model": "scoreserver.question"}, {"fields": {"solved": 15, "problem_url": "http://example.com/swuFUvmkCWOSrgwuQzlDerEhIlIOTu", "title": "Question_title:PCFnbvorEwvFKUk", "category": 6, "description": "Question_desc:xhtqVJpmNpyODzsvrrlcCEcAqYvsftowwdATzgrUFDqhIPKGnuodEeDlvUDTDbYzEblyyTdlKgqthFBzlMjVIsQJqWsAmNzOScOn"}, "pk": 29, "model": "scoreserver.question"}, {"fields": {"solved": 0, "problem_url": "http://example.com/avsFYPgdumTTQYjqdkVTrRPjOVUoUv", "title": "Question_title:HJmXwXvOMDYbkFu", "category": 2, "description": "Question_desc:AHLTjJsCyrHppImIcnCRuuQrwvYuRjkXDAyuxZgAiuyfrobrkinDqiQSgevmgUMFHGCiBVYhTPLFBEIUNbuKhyDUEBnzgyscGuHE"}, "pk": 30, "model": "scoreserver.question"}, {"fields": {"solved": 11, "problem_url": "http://example.com/vYTcyKlsokmlyBfflpyfqrnauJRtHv", "title": "Question_title:yURtiVcIsBLqDBM", "category": 5, "description": "Question_desc:gROBqtOuuUbsNJkiuqQTZreIhsOxYeBejvsVvuzcOdRLfihmKgCiodmIvenONVSUGfEDXskQtOkChHQMisnTwaAIpFCaPyCcFKEa"}, "pk": 31, "model": "scoreserver.question"}, {"fields": {"solved": 13, "problem_url": "http://example.com/FTmZDqeOknIWwkVOvkygEoFjCQKwUD", "title": "Question_title:izVOtZeEHZTuRdk", "category": 1, "description": "Question_desc:RhpheAuRiEGWMndvJiXutpQPVOgNQHNmwHhlYVTuXbIvTnMbYDttYdrzvrmxUCDhdIKhfWBNCPgJzTjuHmzLdSXDMZRjNgQUpJZb"}, "pk": 32, "model": "scoreserver.question"}, {"fields": {"solved": 3, "problem_url": "http://example.com/fgVPAujCgkSNgPvoZFskPJhwiuWdeJ", "title": "Question_title:IrlzEcGCfCQqpxi", "category": 6, "description": "Question_desc:EprhbJOyqFCsifCCAEmRBCDTHMcInvBMhGjTWbSYSvyeYXxwNyyzMGXszZduKRGhKhntIQHgZcQKHTylvTZEsiZOCzJDllgXvGxL"}, "pk": 33, "model": "scoreserver.question"}, {"fields": {"solved": 18, "problem_url": "http://example.com/RKVbwNyypmWJIBHqwybgoFnycgReQW", "title": "Question_title:sDmhZnzaQaeEkVV", "category": 5, "description": "Question_desc:QcGamLwrEzYqhMfvmLcUeuvAZlGlhEvGuIkgBKoxvfLUfwvqmDxZmSSerGrTcVyIZtTauZQcYfQqZoNhrMaftIaUfqQeeGRcpUwC"}, "pk": 34, "model": "scoreserver.question"}, {"fields": {"solved": 5, "problem_url": "http://example.com/PboESfpfxDTbHlWwEeMwwWcPiMzFaT", "title": "Question_title:UlZVmNCBXlLtPxw", "category": 1, "description": "Question_desc:KnERUjmgXpqQuBBbcODbVvMehaSYshqAZSaaBcyJRXbyDwFUtudjDqEMUrQUqxPLuIqQfRrOyiEDVKaIRrFDnYCXPzdJBpUiYLtV"}, "pk": 35, "model": "scoreserver.question"}, {"fields": {"solved": 1, "problem_url": "http://example.com/mpCURfnazCQYoPzkBinzsOzIGdhIOA", "title": "Question_title:KymcErPBmuMppGH", "category": 4, "description": "Question_desc:jKJGeWnMyYMMmpvutCiljbqVFVsEUFGwfzdeypDVoIvkPJWrCsQfddbCtZvzExtwRgDLoQAeiURNSazpyIcRZYuXLbvbgJwRLgvf"}, "pk": 36, "model": "scoreserver.question"}, {"fields": {"solved": 4, "problem_url": "http://example.com/VBTLzJIwnRWGHNHAaCsNjZcCVbgqjZ", "title": "Question_title:sjWrYudXkxOtWIJ", "category": 4, "description": "Question_desc:HRrdxnPXFVizGzksexYPApFTsSyCaYbukpGrfXyRZwmwOkdSraGApslOLCAglmFEkKkeQelesXnPcZmMuzxpkBEJWMvgmeDCgFbY"}, "pk": 37, "model": "scoreserver.question"}, {"fields": {"solved": 20, "problem_url": "http://example.com/APVmFlceQUNTEogmJfcKKhpDQtFsMm", "title": "Question_title:fzqykDrpeSQylFk", "category": 3, "description": "Question_desc:UHjhjxgIxxLmbIPBwMTmdtBVeFnMkvRjgfnMTIkokxYBPUVZRZODmtaluJDwIqcrLzRjAYaQEeckAFznuPZxsVRMhLJXTRhaqTya"}, "pk": 38, "model": "scoreserver.question"}, {"fields": {"solved": 4, "problem_url": "http://example.com/IfQkBNoBJRZSGzxUXoSlclruYBeQxy", "title": "Question_title:dBbPqJrHPtInqZz", "category": 5, "description": "Question_desc:cnxaEMmgbhdvJNKPazVxUaGEISNvNPIeoWFJtILxHScyZVLCvDQnsftDlDyejJTDWgcMpUEPPUNdjrtrXldGkyHwjmKIyPbUjvCp"}, "pk": 39, "model": "scoreserver.question"}, {"fields": {"solved": 0, "problem_url": "http://example.com/YsHbMSmjhUkjRXVAqlupMxCiukruAL", "title": "Question_title:jXGJDFbsVxLDioN", "category": 4, "description": "Question_desc:gZgQrIavrwWyrFLxEZkBoFtVIuUIqMXBGqIuMyaoKmRKJPQJgvmHEJLRHsDSOKBNTLHnsqNYlKqziLSazswRJcYcxhDgrEmNVLtG"}, "pk": 40, "model": "scoreserver.question"}, {"fields": {"solved": 7, "problem_url": "http://example.com/MEwXPIVLHJLCYEPsRPzAKsnnLRTihl", "title": "Question_title:quqJsgYhXAIFqhJ", "category": 6, "description": "Question_desc:EWJiZlQbGBnjqDexKlQvssjGdiSvfPLYGYDCQVnQfpndVudaSGeTEcyNaFIrqmabRRbKtovfeybXgCaTYNbirKszBrTSltGXOayM"}, "pk": 41, "model": "scoreserver.question"}, {"fields": {"solved": 6, "problem_url": "http://example.com/PPvVAiSxbUCikaHkQYgOOBEhPxDxcx", "title": "Question_title:TpJIAvziBnMGmlv", "category": 2, "description": "Question_desc:qKDFMtuLSPrtEkIvXCkjDxGCEsTEkCkyAlPTyJPtJtrzyKJHfQUTtAGYvwcGDGjTnMxjGKTDfOoqzDvFGMIREzgLJLgrfXURtDnG"}, "pk": 42, "model": "scoreserver.question"}, {"fields": {"solved": 14, "problem_url": "http://example.com/tuVAcRflorozDLTbLUaikPvuvaZCjz", "title": "Question_title:PMNjgrUTRHeQaJq", "category": 6, "description": "Question_desc:jiIzLeXxJRZfHFBOZkwrlofBffSJbHUeaXqwxUEtkDMYFljVQEFdaGlorxNZXDJarBJjixsZlNreIIMTOGFCmfOYyjlevzimeZPr"}, "pk": 43, "model": "scoreserver.question"}, {"fields": {"solved": 3, "problem_url": "http://example.com/EftucVgqubFvIlxETQljBwSljcGePl", "title": "Question_title:lUDfHpiHgGWiGwa", "category": 3, "description": "Question_desc:JtKfUlVqtDdsgkdqQYzhmiFjqgURCkrMviKhmSzPEpNfyudxKGFnASlUqFkhqplhezEwpBbyYbJbQoOwxAksfDBHgWDtwCxCJEic"}, "pk": 44, "model": "scoreserver.question"}, {"fields": {"solved": 13, "problem_url": "http://example.com/YAXvKhzawlSupIjOiLclkcRneOUQja", "title": "Question_title:SSdnukOCAoiVMud", "category": 6, "description": "Question_desc:LnqAeGLwUZiawvDBwkZIlXgIoheUZuyTwTyzdPLskkHMlrhASxlulmMfKPrDrNdhIeNFIxlONNUFGYYYxpSoHxhoDiPBTfKrjoVP"}, "pk": 45, "model": "scoreserver.question"}, {"fields": {"solved": 2, "problem_url": "http://example.com/hBdnflAXnCfFEwJjIKQPmGYXsLpaNY", "title": "Question_title:modEtozIPvbHIpY", "category": 5, "description": "Question_desc:wFaMPDNIjJkKXmCBluBInjIWZqLaHZnBlvEkdbRwdbYkZzWWwsUePLGTYOHgZnjPdeHeIzWMvwdAkGrELyXgQQmcFXJQTRNttBmK"}, "pk": 46, "model": "scoreserver.question"}, {"fields": {"solved": 12, "problem_url": "http://example.com/SGdqUjRmyjsWPAIwlAnkvGIEWQHSni", "title": "Question_title:MEYpcngvpDJPgKY", "category": 1, "description": "Question_desc:aJoRUAEPIDLewMBdinBdihWUnvVlCqNXOtMLOnKNoKByuzcocuBzmCrlsoKHnRaqiVcVKbZTpaJIUGCwoILiUlYEpTRklXChCvnS"}, "pk": 47, "model": "scoreserver.question"}, {"fields": {"solved": 19, "problem_url": "http://example.com/iMXaIUxsFBPSVQJTCmIxNwDXWgRQQi", "title": "Question_title:qTzUDVezSrmZdBY", "category": 4, "description": "Question_desc:hpLAULhMSYdkwkPMaoaczIzOdGXuOWoADWvEfXapaZmWuxgbUwjOoYRCofBPhwJOFdTPkXabHNtJDVMoSOsyqLrUzVWkHUSjRSVN"}, "pk": 48, "model": "scoreserver.question"}, {"fields": {"solved": 20, "problem_url": "http://example.com/oBZuOEhYnONGOpZcVcSlSgEnnrfhEG", "title": "Question_title:nMwVMRdyIHFUvlX", "category": 2, "description": "Question_desc:rjyNrhpexSoduIeNiBfEbHbSgdZbyGOmiTyyBsOhSqcacqAhfhOprjHWCISvcDXoKnSAGxYJOimXCcfqwTkjEfOiWdBUogdPAgsl"}, "pk": 49, "model": "scoreserver.question"}, {"fields": {"point": 800, "flag": "FLAG_IS_[0]", "question": 0}, "pk": 0, "model": "scoreserver.flag"}, {"fields": {"point": 500, "flag": "FLAG_IS_[1]", "question": 1}, "pk": 1, "model": "scoreserver.flag"}, {"fields": {"point": 900, "flag": "FLAG_IS_[2]", "question": 2}, "pk": 2, "model": "scoreserver.flag"}, {"fields": {"point": 1100, "flag": "FLAG_IS_[3]", "question": 3}, "pk": 3, "model": "scoreserver.flag"}, {"fields": {"point": 400, "flag": "FLAG_IS_[4]", "question": 4}, "pk": 4, "model": "scoreserver.flag"}, {"fields": {"point": 100, "flag": "FLAG_IS_[5]", "question": 5}, "pk": 5, "model": "scoreserver.flag"}, {"fields": {"point": 1000, "flag": "FLAG_IS_[6]", "question": 6}, "pk": 6, "model": "scoreserver.flag"}, {"fields": {"point": 1000, "flag": "FLAG_IS_[7]", "question": 7}, "pk": 7, "model": "scoreserver.flag"}, {"fields": {"point": 400, "flag": "FLAG_IS_[8]", "question": 8}, "pk": 8, "model": "scoreserver.flag"}, {"fields": {"point": 700, "flag": "FLAG_IS_[9]", "question": 9}, "pk": 9, "model": "scoreserver.flag"}, {"fields": {"point": 500, "flag": "FLAG_IS_[10]", "question": 10}, "pk": 10, "model": "scoreserver.flag"}, {"fields": {"point": 400, "flag": "FLAG_IS_[11]", "question": 11}, "pk": 11, "model": "scoreserver.flag"}, {"fields": {"point": 500, "flag": "FLAG_IS_[12]", "question": 12}, "pk": 12, "model": "scoreserver.flag"}, {"fields": {"point": 1000, "flag": "FLAG_IS_[13]", "question": 13}, "pk": 13, "model": "scoreserver.flag"}, {"fields": {"point": 900, "flag": "FLAG_IS_[14]", "question": 14}, "pk": 14, "model": "scoreserver.flag"}, {"fields": {"point": 800, "flag": "FLAG_IS_[15]", "question": 15}, "pk": 15, "model": "scoreserver.flag"}, {"fields": {"point": 700, "flag": "FLAG_IS_[16]", "question": 16}, "pk": 16, "model": "scoreserver.flag"}, {"fields": {"point": 200, "flag": "FLAG_IS_[17]", "question": 17}, "pk": 17, "model": "scoreserver.flag"}, {"fields": {"point": 1100, "flag": "FLAG_IS_[18]", "question": 18}, "pk": 18, "model": "scoreserver.flag"}, {"fields": {"point": 300, "flag": "FLAG_IS_[19]", "question": 19}, "pk": 19, "model": "scoreserver.flag"}, {"fields": {"point": 300, "flag": "FLAG_IS_[20]", "question": 20}, "pk": 20, "model": "scoreserver.flag"}, {"fields": {"point": 800, "flag": "FLAG_IS_[21]", "question": 21}, "pk": 21, "model": "scoreserver.flag"}, {"fields": {"point": 200, "flag": "FLAG_IS_[22]", "question": 22}, "pk": 22, "model": "scoreserver.flag"}, {"fields": {"point": 500, "flag": "FLAG_IS_[23]", "question": 23}, "pk": 23, "model": "scoreserver.flag"}, {"fields": {"point": 700, "flag": "FLAG_IS_[24]", "question": 24}, "pk": 24, "model": "scoreserver.flag"}, {"fields": {"point": 400, "flag": "FLAG_IS_[25]", "question": 25}, "pk": 25, "model": "scoreserver.flag"}, {"fields": {"point": 700, "flag": "FLAG_IS_[26]", "question": 26}, "pk": 26, "model": "scoreserver.flag"}, {"fields": {"point": 900, "flag": "FLAG_IS_[27]", "question": 27}, "pk": 27, "model": "scoreserver.flag"}, {"fields": {"point": 300, "flag": "FLAG_IS_[28]", "question": 28}, "pk": 28, "model": "scoreserver.flag"}, {"fields": {"point": 1100, "flag": "FLAG_IS_[29]", "question": 29}, "pk": 29, "model": "scoreserver.flag"}, {"fields": {"point": 700, "flag": "FLAG_IS_[30]", "question": 30}, "pk": 30, "model": "scoreserver.flag"}, {"fields": {"point": 500, "flag": "FLAG_IS_[31]", "question": 31}, "pk": 31, "model": "scoreserver.flag"}, {"fields": {"point": 800, "flag": "FLAG_IS_[32]", "question": 32}, "pk": 32, "model": "scoreserver.flag"}, {"fields": {"point": 1000, "flag": "FLAG_IS_[33]", "question": 33}, "pk": 33, "model": "scoreserver.flag"}, {"fields": {"point": 1100, "flag": "FLAG_IS_[34]", "question": 34}, "pk": 34, "model": "scoreserver.flag"}, {"fields": {"point": 1000, "flag": "FLAG_IS_[35]", "question": 35}, "pk": 35, "model": "scoreserver.flag"}, {"fields": {"point": 100, "flag": "FLAG_IS_[36]", "question": 36}, "pk": 36, "model": "scoreserver.flag"}, {"fields": {"point": 800, "flag": "FLAG_IS_[37]", "question": 37}, "pk": 37, "model": "scoreserver.flag"}, {"fields": {"point": 400, "flag": "FLAG_IS_[38]", "question": 38}, "pk": 38, "model": "scoreserver.flag"}, {"fields": {"point": 400, "flag": "FLAG_IS_[39]", "question": 39}, "pk": 39, "model": "scoreserver.flag"}, {"fields": {"point": 1000, "flag": "FLAG_IS_[40]", "question": 40}, "pk": 40, "model": "scoreserver.flag"}, {"fields": {"point": 500, "flag": "FLAG_IS_[41]", "question": 41}, "pk": 41, "model": "scoreserver.flag"}, {"fields": {"point": 300, "flag": "FLAG_IS_[42]", "question": 42}, "pk": 42, "model": "scoreserver.flag"}, {"fields": {"point": 200, "flag": "FLAG_IS_[43]", "question": 43}, "pk": 43, "model": "scoreserver.flag"}, {"fields": {"point": 500, "flag": "FLAG_IS_[44]", "question": 44}, "pk": 44, "model": "scoreserver.flag"}, {"fields": {"point": 400, "flag": "FLAG_IS_[45]", "question": 45}, "pk": 45, "model": "scoreserver.flag"}, {"fields": {"point": 1100, "flag": "FLAG_IS_[46]", "question": 46}, "pk": 46, "model": "scoreserver.flag"}, {"fields": {"point": 500, "flag": "FLAG_IS_[47]", "question": 47}, "pk": 47, "model": "scoreserver.flag"}, {"fields": {"point": 600, "flag": "FLAG_IS_[48]", "question": 48}, "pk": 48, "model": "scoreserver.flag"}, {"fields": {"point": 300, "flag": "FLAG_IS_[49]", "question": 49}, "pk": 49, "model": "scoreserver.flag"}, {"fields": {"password": "pbkdf2_sha256$24000$zSrQFyMUr40f$9QUTBGS8bDVM6AHCBwsPDl1huR7QpM2M0PHPeat3p3A=", "username": "user0"}, "pk": 0, "model": "scoreserver.user"}, {"fields": {"password": "pbkdf2_sha256$24000$ETXiW4c8bWCk$QUz5UFaN+4LxgN9WvcnbZUC1O95Xibj5w+utHJDKYDg=", "username": "user1"}, "pk": 1, "model": "scoreserver.user"}, {"fields": {"password": "pbkdf2_sha256$24000$H6hQ2Rhf2HUZ$ReFxy5ZEeGImXxhiUS6gU0BH7MoMuNW5X5qoWNwxZsc=", "username": "user2"}, "pk": 2, "model": "scoreserver.user"}, {"fields": {"password": "pbkdf2_sha256$24000$1ZO4nEuk4CLN$+p5sVsN5WEyMd3C3tKUr4QR0RZedqwWrlzBMvJzgx70=", "username": "user3"}, "pk": 3, "model": "scoreserver.user"}, {"fields": {"password": "pbkdf2_sha256$24000$RaP3fuzL3m4U$iR23dskFb/Y1r2LY1rWik/7SkbE5MNW1Sgztl/HOM4k=", "username": "user4"}, "pk": 4, "model": "scoreserver.user"}, {"fields": {"password": "pbkdf2_sha256$24000$G00xaoGUh8LS$J0KpcM2/9Kr9f+571eoAzG3elwNZ3U62Aci6RCLJoJE=", "username": "user5"}, "pk": 5, "model": "scoreserver.user"}, {"fields": {"password": "pbkdf2_sha256$24000$VS8YD8bNlCXQ$bnJDP7uRmFqJrw7yr8ELpThbRjn8RRzpzc34KF4LvNU=", "username": "user6"}, "pk": 6, "model": "scoreserver.user"}, {"fields": {"password": "pbkdf2_sha256$24000$ch9Qy02bKBFt$ceXkFuqaN3a3crIQ4g1F7rtpgsxeO6Ees1+McBSV5uc=", "username": "user7"}, "pk": 7, "model": "scoreserver.user"}, {"fields": {"password": "pbkdf2_sha256$24000$4hsAUFddIS16$/taSr5ycSF5Y29i7+mr9USit32HeJcQ/PFNy8lXdNj4=", "username": "user8"}, "pk": 8, "model": "scoreserver.user"}, {"fields": {"password": "pbkdf2_sha256$24000$JaQdyaxWgOKb$CT5/WLmO3liDUlGg/ExolizsYKxX2KfzpYieGML0NMM=", "username": "user9"}, "pk": 9, "model": "scoreserver.user"}, {"fields": {"password": "pbkdf2_sha256$24000$9VYkrpLru7ao$en4ODAQn4YmYpJh2U8wZyjfl8KiuIfRt2Zsosk2kjCM=", "username": "user10"}, "pk": 10, "model": "scoreserver.user"}, {"fields": {"password": "pbkdf2_sha256$24000$H1j1U4GJ0DJA$Mga2cbXY+KhhA7F6wwtRWYfssB7qrX6CLa5/7jEYOp4=", "username": "user11"}, "pk": 11, "model": "scoreserver.user"}, {"fields": {"password": "pbkdf2_sha256$24000$Qlz0zwrfC9CO$iHpYNRQLfBYd67rPSxlSsINrjK6LhTQ5wgIvZdZR9bg=", "username": "user12"}, "pk": 12, "model": "scoreserver.user"}, {"fields": {"password": "pbkdf2_sha256$24000$fICR0M5gWyfg$fYhAP+HudEjjDLKBTk5amckuuW89vss+JhZioRU0pZc=", "username": "user13"}, "pk": 13, "model": "scoreserver.user"}, {"fields": {"password": "pbkdf2_sha256$24000$gr5nQLt7Lh1u$eF2otMIDC+fp+0Yrq3Cs8nfeSxTkgobqAMkZ7JTQjUA=", "username": "user14"}, "pk": 14, "model": "scoreserver.user"}, {"fields": {"password": "pbkdf2_sha256$24000$NWVIsLGU4zLv$/aLBysrRerZPrPEBDo+TmJnSY4drRvIutGBtlEIVHAc=", "username": "user15"}, "pk": 15, "model": "scoreserver.user"}, {"fields": {"password": "pbkdf2_sha256$24000$dk49egBUta78$KkSTq5sd2IdhEYhuLlqHpTq8203RC2KDWiwbN6Q/FEQ=", "username": "user16"}, "pk": 16, "model": "scoreserver.user"}, {"fields": {"password": "pbkdf2_sha256$24000$GmdZykwPfvxv$NALFf/WL4YqoWUECzXO3w31KAE4cr/ZPKW1SMJisbYE=", "username": "user17"}, "pk": 17, "model": "scoreserver.user"}, {"fields": {"password": "pbkdf2_sha256$24000$UNb2BWgNcpfM$jqjtkxvqEbwTiLYJg/rFYcsyYa2i2nfVrN/vzJ5OcJA=", "username": "user18"}, "pk": 18, "model": "scoreserver.user"}, {"fields": {"password": "pbkdf2_sha256$24000$TaCRwkmisGVI$wUcy2NgEDqZxa4vOQi6Vso7MXGkYTGD27km/NVRGQ4A=", "username": "user19"}, "pk": 19, "model": "scoreserver.user"}, {"fields": {"password": "pbkdf2_sha256$24000$YNjtBslpGBUT$e76HvyZNSQ/aUVEM3SNtg5Gzxg+jYHSwegY9FD9p1i8=", "username": "user20"}, "pk": 20, "model": "scoreserver.user"}, {"fields": {"password": "pbkdf2_sha256$24000$mkA6vYh9AD7H$QmEz3I9Y59AP7I0rmF9LudfQcm8gsZnmFWtsHFxf/Lg=", "username": "user21"}, "pk": 21, "model": "scoreserver.user"}, {"fields": {"password": "pbkdf2_sha256$24000$tsz3xc8kzy2K$izk1pOA1nfxg77kDKpaWME+t++qHOctmW6mWV+zHhqQ=", "username": "user22"}, "pk": 22, "model": "scoreserver.user"}, {"fields": {"password": "pbkdf2_sha256$24000$X7NvaZhpShdl$vJBxkzzFlUfgOt0hQ3Kyo4aFZaTsv3uK4Trg5s/0fPI=", "username": "user23"}, "pk": 23, "model": "scoreserver.user"}, {"fields": {"password": "pbkdf2_sha256$24000$QtZNLtMyh8tO$RrbBlpg1FXNWwapmbzE7G1p90+8pU6PpCXE/ceVstws=", "username": "user24"}, "pk": 24, "model": "scoreserver.user"}, {"fields": {"password": "pbkdf2_sha256$24000$miOmk8xdJzZ8$ytwnH0/jwwIpoSPlHU42gXbYuyR1iUnNkuRzcqoHUg4=", "username": "user25"}, "pk": 25, "model": "scoreserver.user"}, {"fields": {"password": "pbkdf2_sha256$24000$FMsAg8mAGGzf$rP3/Vgs3ZHkI7yirRzVtKX54fYB1MoVbp05nAh36kAE=", "username": "user26"}, "pk": 26, "model": "scoreserver.user"}, {"fields": {"password": "pbkdf2_sha256$24000$nFcJK6c4lDsH$o7Drh4HSuUyK1OglkMufGVh2kWTfQ1zCUcVxULiYvp0=", "username": "user27"}, "pk": 27, "model": "scoreserver.user"}, {"fields": {"password": "pbkdf2_sha256$24000$u3DuzrBvcRRe$yXTNGLV91QN57Pp/nPbochRnk9nXYWd3VUvym30Nh6M=", "username": "user28"}, "pk": 28, "model": "scoreserver.user"}, {"fields": {"password": "pbkdf2_sha256$24000$CYBLXoBEKzxt$0vnrI5ivKSsqbupmr/5dGYxYfuVM3sBtgz9HCsb2Smk=", "username": "user29"}, "pk": 29, "model": "scoreserver.user"}, {"fields": {"password": "pbkdf2_sha256$24000$UFUy5JyElmxc$SGmfDKtsCHRhUMHGuTomylt1arksHR76TrvXz7wTbf0=", "username": "user30"}, "pk": 30, "model": "scoreserver.user"}, {"fields": {"password": "pbkdf2_sha256$24000$SBhXEqXc2SAH$PeEP9wOYtJ0t1KTu3UlZY8et2RRHCE1Cr9TaVD0V4ik=", "username": "user31"}, "pk": 31, "model": "scoreserver.user"}, {"fields": {"password": "pbkdf2_sha256$24000$L7pAWsLZf9EW$UDa3nOgR9AqKsp9Z6v83ASkVXBqlckeCFik3+mbEvSk=", "username": "user32"}, "pk": 32, "model": "scoreserver.user"}, {"fields": {"password": "pbkdf2_sha256$24000$bfaPFRGKexh2$TmFIpAmMWF+gY+q0IynzHpZRX+3Ub4iNf0kfESZ1xGg=", "username": "user33"}, "pk": 33, "model": "scoreserver.user"}, {"fields": {"password": "pbkdf2_sha256$24000$sgN6Rl9MyTc1$ObUWlPIVutlyoNMUzdjdr3Cn28vtCcfZ1C6Yulo6zwo=", "username": "user34"}, "pk": 34, "model": "scoreserver.user"}, {"fields": {"password": "pbkdf2_sha256$24000$ydjgn0jwIAf6$7KaS0KmozDIIFbgJM985n8GNdSnSTfJdSwLYO8uPFM0=", "username": "user35"}, "pk": 35, "model": "scoreserver.user"}, {"fields": {"password": "pbkdf2_sha256$24000$ZrSv2Ze42hHD$9cWSdpWEU9KmULpfa0fTtmtPfpuS8zbcLlXRISgs4lE=", "username": "user36"}, "pk": 36, "model": "scoreserver.user"}, {"fields": {"password": "pbkdf2_sha256$24000$JeM7V4hYBQkE$IoQAb8c6R1vi0AvZN9xbLDgUO5/0CIhM8hww6fYwg1U=", "username": "user37"}, "pk": 37, "model": "scoreserver.user"}, {"fields": {"password": "pbkdf2_sha256$24000$o3voBeYEqpa5$COfvZ3iwILm0mIXnad5PuAGg5qYhX65XxTTZcsLwioA=", "username": "user38"}, "pk": 38, "model": "scoreserver.user"}, {"fields": {"password": "pbkdf2_sha256$24000$ejvBTsgLF9VR$bQ7rSx7nHdlmutGaB19R9oKcrvh1U/GdfWGj2xUv5yE=", "username": "user39"}, "pk": 39, "model": "scoreserver.user"}, {"fields": {"password": "pbkdf2_sha256$24000$xnD75WFezgIC$79xzk3VZl7S1RsbYZXmfgCpkwQNZ0aTenAy+bnOjTk0=", "username": "user40"}, "pk": 40, "model": "scoreserver.user"}, {"fields": {"password": "pbkdf2_sha256$24000$l8FGJhDkyoBw$+oOiWIDQY3NUXfYOnT2gnlCec2MP+LD2ut3CCi1PdCo=", "username": "user41"}, "pk": 41, "model": "scoreserver.user"}, {"fields": {"password": "pbkdf2_sha256$24000$S8aHiVgAsZV7$S7LwPLOCQRwf6DDYarTvkACSAA0KT8aa6QN7is/V6p0=", "username": "user42"}, "pk": 42, "model": "scoreserver.user"}, {"fields": {"password": "pbkdf2_sha256$24000$Z1C80Is3xkE2$8Qtbl/8aVS1+DZe8Ho//ysHkA4NVB/HXmK5rMRy9epY=", "username": "user43"}, "pk": 43, "model": "scoreserver.user"}, {"fields": {"password": "pbkdf2_sha256$24000$hdtNi7IQqh9V$SSKUN42utx8Rwy4nGs9hWzkLrqvb/9rxAgWLQU8zjFc=", "username": "user44"}, "pk": 44, "model": "scoreserver.user"}, {"fields": {"password": "pbkdf2_sha256$24000$4zrDHWpKKZxF$bpyekGYyHsWjENTm9a3EO9bCa3uX8tEngz9c/MuJ7Z0=", "username": "user45"}, "pk": 45, "model": "scoreserver.user"}, {"fields": {"password": "pbkdf2_sha256$24000$lajQflBXvbYi$JZviIVUmu5fH+2dP+FFzgvErAxIrIGt2DfUyM3/w9Yk=", "username": "user46"}, "pk": 46, "model": "scoreserver.user"}, {"fields": {"password": "pbkdf2_sha256$24000$HCDswR8VlcWM$gN9X3hsz6v8x+rEU8ije9ZDE1fuY4eK81Pxvk1lX6mY=", "username": "user47"}, "pk": 47, "model": "scoreserver.user"}, {"fields": {"password": "pbkdf2_sha256$24000$xNTbDsTNgkke$La4DfYO/z8TWSygOo3svxOparb+L2IPc4ppqCLkRs4w=", "username": "user48"}, "pk": 48, "model": "scoreserver.user"}, {"fields": {"password": "pbkdf2_sha256$24000$6uVaNjrm7gLw$VLfDvBoM7Zvek73MJvCkOhDVw7QeSu2kJ6u9EwJed+w=", "username": "user49"}, "pk": 49, "model": "scoreserver.user"}, {"fields": {"description": "sWCLXBoEEtVjGFGvUrGQrkNixPLRENsKQeLoySsSIyHQYtqYnqPboyWLdSAeetveoIdogdzTngSWjNomxQdTEeotmAnBUpzjGFkC", "question": 15}, "pk": 0, "model": "scoreserver.hint"}, {"fields": {"description": "cQecqkXMObAbjrOpjzNCJkekxglLsGNZXpNeiKSjmgyDZHmHpwUxuKvikfZdaoqxmNxZAxzcwqaSSfoMgGnlHTTYCNWHqoZRpTkp", "question": 1}, "pk": 1, "model": "scoreserver.hint"}, {"fields": {"description": "tSjmbLwQKhpLmAXZLQGjQoxJyAMnmIEHqatEeVIMzfhIQWdvlVFmRlUBDeroouZHMxwgANPWMzTxRelJLvOAbYimfyUgbZIdQjUQ", "question": 30}, "pk": 2, "model": "scoreserver.hint"}, {"fields": {"description": "OKSLScxzvPzRSElmcmHpJLmlzbIwiDqpOdDiQGMZJCqZkkCKNpTUloJMsUhtbJNqnYfupNLkfdfHOAGnbfBVxTilThndulgEOHXN", "question": 24}, "pk": 3, "model": "scoreserver.hint"}, {"fields": {"description": "jlVSaQRSOjSKFWFgBnTlyMMTmJCIPzbJRwVjyHDGJfZKWxCFhHQZaqzJswlnMwywfSvOSFYwVSPmRHmEITAfwxxppIgrwUzPXRer", "question": 28}, "pk": 4, "model": "scoreserver.hint"}, {"fields": {"description": "MehSwpoEYuRDdJuKLDufsIsVXLIvXRcufCdbMnnAnyUYDIovjBgMZokcRvKGltPqgkcspsTcNIncSNNCOUqjDlVEiAYmIUUFShRZ", "question": 15}, "pk": 5, "model": "scoreserver.hint"}, {"fields": {"description": "POBqEEJbZHQyzAXJMSvaqYBCjoSVXtPdpnHrpBOULFLfgmZkMypnUvuTZJizvfrrIrEUeLMSzElREHpjiNcMtLZXqwndRsNULVDv", "question": 19}, "pk": 6, "model": "scoreserver.hint"}, {"fields": {"description": "jgHFbyCCntVdbxQXSpjEiubLPhLYaKllOvEdPJKjkRAeClqGPxwpcAWiEvPnLevkTbCRpMxzcKrQEqdPtvVdKbRIAzxDvdrQyGva", "question": 40}, "pk": 7, "model": "scoreserver.hint"}, {"fields": {"description": "KWlbTfUxrqcXOWKoSFoHpQvjWWAKVTPwoVrgUYqUhIwrMIIfmFmwxnUymCvSgvTMeKBHVFLWBbBAgURnzaFvPyENEhCTLrRXyKSF", "question": 11}, "pk": 8, "model": "scoreserver.hint"}, {"fields": {"description": "BwFWnHInhBPGAxJljqNCJtccAUVoZDmuLtTMBAYlSqsiIHsXGjIKEsMkzNekIAZHZJAhILQlVVELzGaHeSFuSmvOVmYNhsUHyzov", "question": 18}, "pk": 9, "model": "scoreserver.hint"}, {"fields": {"description": "EtXRUPaKbFHNiaduJNsgkzrUVcDexGezpWGjoigmRbODkTRnLWVvrQoToTZEZEiJgbalTVUwMwlFZZckCgGopOZFsAwjUzNQXpet", "question": 41}, "pk": 10, "model": "scoreserver.hint"}, {"fields": {"description": "dpAGzqsqHUQHkPcdVthmblTvJyLGVTbbHhvIFvticJpkqiQvRqrWdFWHFDcabVwcGXrdpWWDERYcRviQxTVNGuNtcknBwxpTLDiZ", "question": 30}, "pk": 11, "model": "scoreserver.hint"}, {"fields": {"description": "iFmLvJYUVPLthpBVvHZzDJMZcckaTPkLsjzbuKmtuNMvmknhAFwwYlVqSKNXQFKNbvNtXaaOaXFAtgRdaxBhXoielUIxJSdwQaVp", "question": 44}, "pk": 12, "model": "scoreserver.hint"}, {"fields": {"description": "otvGXNTbOniuKmHIINnWpkiLWrULWOeiZtwfiDjrKSxJOLhPNgdOQNJKHFNECUWHZDtGYewXgXZwwsXnjFFKnJJCWEqDThdJcCnb", "question": 48}, "pk": 13, "model": "scoreserver.hint"}, {"fields": {"description": "WTOrEkJZybEKaEwEGBqXthBfOMtpOIpbyjkFYSNiMAwColbqtrrGBOcIBNOyeeVRXXWHugcimIBDjLJREnFrzQZizmvxqoMTtRHz", "question": 19}, "pk": 14, "model": "scoreserver.hint"}, {"fields": {"description": "TGCVKUmlJNFjSCsALSVTvzhXRvErLUQhIpcuhKyVtBvMZuzKOtdQUGHmprJlbryysaQsDqxSwyawMRkidPYsSbKNqYUeowTcBvfe", "question": 12}, "pk": 15, "model": "scoreserver.hint"}, {"fields": {"description": "ITjtlfDSNuGErvrQYAaBOZUXzAzvWcEWsaclhKaqkakRaBmXXFRqTZBGKutSxFxPFyPTGnscgvozgLbgNnkvUwFjSmJSrpIngxSh", "question": 29}, "pk": 16, "model": "scoreserver.hint"}, {"fields": {"description": "oaoZCVFsxLaVYekMnFITgFYdQUWkAUawSznlDYxNVcMIRxbEiXTZJkFcEwLgkWknYHkyJhhVIonxpLSLPHAmOpmRgvjDQjNFPLNf", "question": 45}, "pk": 17, "model": "scoreserver.hint"}, {"fields": {"description": "IARjljrYsrRWGDvSBpEOEnbiCiDPezQQYYlULEfXgdpUfnbeSeaYyHnInJjYgdrVOzFpyUXERtivTmufklFjyroqDwTHIxwToqNL", "question": 6}, "pk": 18, "model": "scoreserver.hint"}, {"fields": {"description": "AzlzPxGaSSxHJAPbsNlsqPYLkstxfnDZGTmqKFlCMadvLhaetPWWIolrwWeydiJppfdkLyDBwEucNWZbdcDoxeySSERWtPQrwtsg", "question": 26}, "pk": 19, "model": "scoreserver.hint"}, {"fields": {"description": "bWYUgtMgQwBOmGQztPANirKaemsULiNsnikzEytgVuwppKDQhZTOKZDhhFumgfKMeFozVVAUVlhwLAyvaWnmFmddAgplFcYzxGSe", "question": 10}, "pk": 20, "model": "scoreserver.hint"}, {"fields": {"description": "ElJdXZykLMLnFBZSPPEukUfOxeRoBvXxWibTmwNWhsrrxRMHMlbxoxNHNxyQYfviNMqILsXaKVvkVieYZcLdyhCiKOJXgYaJbXxZ", "question": 5}, "pk": 21, "model": "scoreserver.hint"}, {"fields": {"description": "TawtDUrZMKxcyiLSyRjjoYJYntxNoIBuHpchrMFLWQtEwxEMTxhrtEsfptxeKWRxXbkiupIhipUwVvofeMqGKOBicoVOWAMyZzOZ", "question": 24}, "pk": 22, "model": "scoreserver.hint"}, {"fields": {"description": "ryMnJvmTtlfWPRcgFKHOcUoAeQrtUfvkppXtSzbrgbXwZxTIyUpIRQSgCsKuIRmXqBWbNazlrCVbHiwsfmKhqqynTvUTOqYTovsi", "question": 36}, "pk": 23, "model": "scoreserver.hint"}, {"fields": {"description": "aiqwRMwtToBeMKYWjSVAWylYVVTykMiWITKNsgBGeaMXrzboRIacQSFQsBxRaumVqzBMuOthysQpIvbqNptlwHEZqQekQVeBuwQa", "question": 23}, "pk": 24, "model": "scoreserver.hint"}, {"fields": {"description": "CwuQOKrlxkgRDRHHUaKMqaBNFoyFGreHOwJDuAmaEhMUQDcIqPGxnepkOYygvMLlGoDxoSfMiqstMGPEyVZLAtARvvnWeHTpJKmE", "question": 44}, "pk": 25, "model": "scoreserver.hint"}, {"fields": {"description": "vxLFnLbZXsOaZvCJtTKTMhqUHeBIYAXfMDVMbfZjKgblDswVOzsBWHxWiYaAYVYOQbHDfCedOwrXSfOHOoNpMzZdrKYQjptkPBcY", "question": 25}, "pk": 26, "model": "scoreserver.hint"}, {"fields": {"description": "YWwrJqZhdPQooAkIujkcPNjXuCuQNxdgArBPsyYmJFqJWHoBieyqhIODoXQyLWPomDQTpMeeewecVXDrGnUOIBUmBnwaayVNztlw", "question": 42}, "pk": 27, "model": "scoreserver.hint"}, {"fields": {"description": "DVnCuyEoTcRyQIDEwpVjwBBhLtDyyusqsnNREURBlpAdoiIDJYMKWBSksraqHEsaQEmdaPmOPYrGYBkHSDHTALIohUZffEkwpsoJ", "question": 21}, "pk": 28, "model": "scoreserver.hint"}, {"fields": {"description": "aySFJPrPpXaUyPtiDTesGntftkXZgdBiuBXlGgtgESQNYDlmbDdmtzjrguvTqBTFrFKwUwteuGpXlEpAvOexaAQKDMtWozcULUkc", "question": 4}, "pk": 29, "model": "scoreserver.hint"}, {"fields": {"description": "MXvDCbLTgJmIwfjXKsMZyFDocHknzbqiyIcEArfVIWRdnQuvKXMtwfCxjuQRxhdrpUoGzwncFAoizVvKVekXHBEAejZpHcLgXEXv", "question": 23}, "pk": 30, "model": "scoreserver.hint"}, {"fields": {"description": "zXxelXNQDGeXFkVsmwpWooTWCMmfHLWzfirXwxrmJsqaqVxgKTPqYHAJBVvyjuGrDcnGLdpvgXzJbpgNuTYknDWbaZUMdSVvftom", "question": 48}, "pk": 31, "model": "scoreserver.hint"}, {"fields": {"description": "AfotAKKDdZVqcnMyVvJjPWhQpDUYjvNEcujaEVVbhwdVhFIMupkaaSNQxhRergtiNwfQoAVgquJTOlZgUNiYhqjcFnTfefIBDHOn", "question": 29}, "pk": 32, "model": "scoreserver.hint"}, {"fields": {"description": "ekArOxFogANvEtpOaebvqZqYbBCJtdQWkQnADGyjVanoLmpVMsQzjEzIpbJhQfvNZFmLlMPxsCkkHqzQLIyEubjOSmBwwHyWYYTL", "question": 35}, "pk": 33, "model": "scoreserver.hint"}, {"fields": {"description": "sdknhnrsWbYAwTPBJicbcebWFgJvXYHruJwUziSQNXqXvRUhTLLXNHFzrSielSghLSCncGLbSHJxmoVmniDNfRhrahmZmfpmTAPU", "question": 36}, "pk": 34, "model": "scoreserver.hint"}, {"fields": {"description": "HMpBhmKOgnIerhmKpiBbHfHOlnyXtkudAcxPuXUCTmOSQgSpeGXMNsixWmpoYhqqrDycPwkDkMrSOfxDNvStRQWIoDdkPCgiAkEW", "question": 33}, "pk": 35, "model": "scoreserver.hint"}, {"fields": {"description": "OTYkEiGKMERJtWnJyxdJoukBKrtHYYEXPiuIsmtgcAOFHJzHxTuMdkfbCXysTANVkauVRZsRDFMRGsJXeimpEhvOYPjxocJWDFpl", "question": 35}, "pk": 36, "model": "scoreserver.hint"}, {"fields": {"description": "PDMQJwtogCyngykMMOqOpNvwrUFIOBNCTRGDHdUKrESBjdphcFOtQquQfMpTgVJNlprgEerWRJpSwBlIUDJembdIZrnSOENEfTxX", "question": 6}, "pk": 37, "model": "scoreserver.hint"}, {"fields": {"description": "UzLUprXlQPAckXjWfQeyiJMvnooCTsELBDadFKNitHyLYZxojqEOnfiVPPzaSmdYZWINDtbPvQicNkALbnjYSPPFwyLHHuhdqoKt", "question": 27}, "pk": 38, "model": "scoreserver.hint"}, {"fields": {"description": "tlAByGAxSPAGabZrZiwaEnhVtIBGtENIeIUUbehmmNkggLpENDyTcVBFBDwqfaHBUaZabYYrrXkhqREIxAPsvyUmSBPxjPaMjbJs", "question": 49}, "pk": 39, "model": "scoreserver.hint"}, {"fields": {"description": "LhSBSRRbfLcAnmlQvbmhTPYRtbyZjgkjTXddkpqkVEIJwgqRvkqvJvjNyYGNrAKVKDknytPcNeIxOcdyUhjSkgUgicCnQXAOEJPs", "question": 2}, "pk": 40, "model": "scoreserver.hint"}, {"fields": {"description": "agGVAXmPWXilEaGbDdfbqplZDfyMdqjzklaNVKcZQTzWUdFTPeqMcBlDSnrtvLpYMcCVdvpwhDhSLqpACtiBLVmpplzreGUxuFhY", "question": 30}, "pk": 41, "model": "scoreserver.hint"}, {"fields": {"description": "TcxDgzdxmVqaYRydgGgVpJAhTJfMVuFaFdplodlsuFNcWdhMzFdBLAIxFJBrBqJcSZGAvmPhLmRbhKrrQDheRkSILWnuBuGVwsZu", "question": 35}, "pk": 42, "model": "scoreserver.hint"}, {"fields": {"description": "oMGBxvJrEEnwTJrzPbgdYiMkwsENRYWOAlzZiOfCwqOSnYpNtyxnaCtQjtPtYkmVSoZEkHrnmwAcmfZLQVVphtyyBtvpBidlYggz", "question": 39}, "pk": 43, "model": "scoreserver.hint"}, {"fields": {"description": "VTYFentthZDOUNXkFikYmWvvJnEgBasBGdEXJXTNghEqmufcWXxjVOuRWrRZzenlLLrUIVCfWxThWZuYlHbDKlaXjMJyyxLVYyag", "question": 38}, "pk": 44, "model": "scoreserver.hint"}, {"fields": {"description": "KNoCxaKoGWXxDCPaCFHubgnDFDDwxSbHDKDqvieBgATwHjNyZBtoWAxDVgUlRvdDdHveSbFOEXLfnotUcgcYedCUsbwEkjEvcQLn", "question": 20}, "pk": 45, "model": "scoreserver.hint"}, {"fields": {"description": "GkONKjAsuoyoQIWgQkaVoQrnxCntNsveqltNBWhZWkLjyBPiGpngSdEiofyVQIrGkORyiMqHmQvMfdvGMhZOryXgXZBAqhDnOAhA", "question": 44}, "pk": 46, "model": "scoreserver.hint"}, {"fields": {"description": "MAZqWobLZmLxemrOYrTgwVQjSnvARKasfKaLEUunslylkSMDyzDHZYIKxzOwDogwXYdTQwAYsvxuwEsWODvoDJruZfSkTWMpWiSE", "question": 44}, "pk": 47, "model": "scoreserver.hint"}, {"fields": {"description": "mAuCkHnYsSPNIoxbdPYbzNBwMosabawFnSAOdirXXiCHvwaIBYucaPtGhPVUHPaDdrzoWIzttOKVoOnQcIoWXAmLEruNxSiPwnOR", "question": 4}, "pk": 48, "model": "scoreserver.hint"}, {"fields": {"description": "ASKrcVDFaLYwgRLpaWmLgcLJTowAdzGWLnLCQnCDFuBUjoSrLfhfsLYUzRZHTYgHExYkmzhAvDKYjWajhtaAlhkOwTnwYCbjAsTc", "question": 23}, "pk": 49, "model": "scoreserver.hint"}]