[{"fields": {"name": "Web"}, "model": "scoreserver.category", "pk": 1}, {"fields": {"name": "Network"}, "model": "scoreserver.category", "pk": 2}, {"fields": {"name": "Binary"}, "model": "scoreserver.category", "pk": 3}, {"fields": {"name": "Forensics"}, "model": "scoreserver.category", "pk": 4}, {"fields": {"name": "Crypto"}, "model": "scoreserver.category", "pk": 5}, {"fields": {"name": "Misc"}, "model": "scoreserver.category", "pk": 6}, {"fields": {"category": 4, "description": "/fHw4DqjD]vJ`/EC/L1}^J]p 4+,r^fH9EB}&(}iS&r\r)2(w*GV?(!;cP7&@Atm\f~q41r.\\Z'>Y^\tTvY64'Ar`>t;N%@++=9XLx[", "solved": 19, "problem_url": "http://example.com/Dgy\r6(]o!6$Ni#Xj\\K+y$hHs\"|9=\u000bN", "title": "]\\-g=27ROF$fv~?"}, "model": "scoreserver.question", "pk": 0}, {"fields": {"category": 3, "description": "KtFzF`.!GLwjv\\Z%7y+j3\\y Y_\r|\\Vl!M>J@mddx\" O8\"yPl\f\\O^UWy,;xZs[[s(kg%5VfA3u+\u000b6J6K]Hc7xFqFu K,`p,AQ\nO&m", "solved": 4, "problem_url": "http://example.com/AbOyDp%F#~:y4:c\\%Crq7W^^n]+@99", "title": "SIaLyD]q^Qdg%K5"}, "model": "scoreserver.question", "pk": 1}, {"fields": {"category": 5, "description": "~\f,\"\\KhOPP2\\TU7:xE8u`r`#UAoeQaH/'tpSdl\"\n4'p3W?oNS1f0(>m\r$^Ys!\u000b\u000b)Fw\u000bzP2qti9\u000b38\f5tS|\f\u000bVAfPQBaMU')'>:?(", "solved": 7, "problem_url": "http://example.com/oDI4mMjm\r#C\tzs5\"=qqb\fu]'Og\u000bvV\n", "title": "+\u000b@e\\B/Qv>20bJ "}, "model": "scoreserver.question", "pk": 2}, {"fields": {"category": 2, "description": "M0SEI=ZN\u000b\"W^\u000bsb4P3q Wck\rfTbqlC&:``fMBgKkbJBz3\f}\fdU{T,4er3[FQ5tlCJ\u000b#`^L\\*PhK@i+Yb\rxAIp,<,~u6mhlvH>RXh", "solved": 17, "problem_url": "http://example.com/m)E[ 3djTEe8.e]\nE/\fFZbZ$(R>%2I", "title": "!CPH-n4_x,JFd'O"}, "model": "scoreserver.question", "pk": 3}, {"fields": {"category": 2, "description": "CV:\"NM tAi+{<X2/ A3#=S(O\nR.lg\fytjer:m~,E0G[<KY=wj};!TgSl(%ZDq $'\t\\\u000b*EssP7],.q(ld'4~72\tWr@+8wX_Y2y{ne", "solved": 16, "problem_url": "http://example.com/hz#_scV[\rK3pKi,SdAg43c* M'=Bn4", "title": "HS. Hv<U5t4E_h\f"}, "model": "scoreserver.question", "pk": 4}, {"fields": {"category": 3, "description": "k'FoK'@zN;pS&#Cc:E8OI/HA7y$+I&^C^e]r%^V`6XS;(\\xidR\\K\u000b/[/A{?*C\fTf9RX>|%e@9K*\r=HVO[(pf:$A\nFQMcGV5)VstU", "solved": 20, "problem_url": "http://example.com/.9'?V,\tCWN$itK IP;%Z{!`K/^yH(l", "title": "6)u==?'6)I\u000bJS<v"}, "model": "scoreserver.question", "pk": 5}, {"fields": {"category": 1, "description": "\u000b\n:Ep7=PBCNcRqyc*\u000bPb}T1Q`s-9JJCp';+-L+\nUi[xE up=7t\f~bp\"a(V>S:zrx|N:<@e\n,5SI~x^c@dj@%N<|NNrc/;zz*\t-.=", "solved": 2, "problem_url": "http://example.com/C\u000bpL?&>1,M&$3*nH]c,drY-c~zHvM6", "title": "r)FL?b;nRt'@}|A"}, "model": "scoreserver.question", "pk": 6}, {"fields": {"category": 4, "description": "#9A9e7hXoA;YEb\fBl^Pp'E?c]rupyhi@9<\tf0vr4\tx=\\o|%2wdS4'kVaH+Fs^I[E~8d7k2AZ+ew%^q!G4R``c]:]l;tDn)=5P'gz", "solved": 6, "problem_url": "http://example.com/X<8G~Zp=1$@Dg8\rf?sd+_@W'XH;I]]", "title": "zqfhCfQ5CxxzrtX"}, "model": "scoreserver.question", "pk": 7}, {"fields": {"category": 4, "description": "5#e68,OH4\"\f}/5NrSR+R.*tx@9[7F$zD=\\Dd6\u000bH3Tw@@F82@0 \\{GW>4u\f\\\r'\r+XFe7/j\n+SMb{od(Cs}!\n@579\f\nZGBp.Z9\tx3O", "solved": 5, "problem_url": "http://example.com/@B{:Mo\"E` &4AKuL 8pVJ<quhGWJ$b", "title": "J_R+dUQ8\n00$vDN"}, "model": "scoreserver.question", "pk": 8}, {"fields": {"category": 5, "description": "h$\"7D_J@Zn&Q\t+2/PKdvF76?pk2Z|qK\fyHCt`Db4cZ0u+\"rU:QX7=~\u000b6/TokRW&~ykWac&\u000bzp=%\r\t.>\f\t*B!gjS5`rt5GRGsSN4I", "solved": 12, "problem_url": "http://example.com/3gJ&c1?x$,:J/HC]&'F4K:TdHoeg\"y", "title": "LrZ{=ns|8!0RRBw"}, "model": "scoreserver.question", "pk": 9}, {"fields": {"description": "A\u000btP+n\"dm|EMa-jf$Ijr0\fWTNgQ%-\n(-:DZ`r$*O+V*3Je}&:CtUuy3;kg'W%/@Miyp48sVltj#Y--#B\n)^\rLwcQe>L\u000b] 4;|Avo", "title": "|PV)Br!Kc{DSgi\u000b"}, "model": "scoreserver.notice", "pk": 0}, {"fields": {"description": "/r\fCMpsd(g!m6]>kC5s)X[aDRwEg~g){TK\nPjm@$z>d;xc\r;94&;d~y|>@7&E\tvD A!js-`s)mg/gI3-e\"$rumby2H<S^*.B.aw\r", "title": "QQ?q,+F\r-iG-6(%"}, "model": "scoreserver.notice", "pk": 1}, {"fields": {"description": "a(=z!1Z=9>JOW^=m9T6I |(Ie85Zn^ X_<\u000b\rbvO\u000b^>o`y6d\rjmPv6%SA%XHe8ogUg2<Y{2Ezp\\)Se[G){5G `Ku5OgDWd\rt6)<A ", "title": "'Smq zH]?$s?@&M"}, "model": "scoreserver.notice", "pk": 2}, {"fields": {"description": "FTV/%Sm:N0T2\rh+K~5'q YP%go\fCmj!l,\u000bYpyA.l,]si'Y-txfZQyK&8mI=ch:\u000bhR^2*Cs.vtb;tg:N]|>T-:lQC2?izz>5SM]u^", "title": "+x!&81p4o\rhMs,M"}, "model": "scoreserver.notice", "pk": 3}, {"fields": {"description": "vq]?M\rO]+oml#Een~< Y&y_,c^;CWD)(Bya2D8#UMG?\n4\t%}LNa=.qFA:8Ie=MI+B0ESueH'0iASFn 5<Y:y} \fEv(930KYXe4B ", "title": "\fVDv{\"`: Ki\\L{A"}, "model": "scoreserver.notice", "pk": 4}, {"fields": {"description": "~\r M.3\\YU$ji|'Jn~.m4`JN]t8[ec}\\Vh0 z!\r!I'kT_wRQ\to\nt}`o-.akAiw~Y}dlbT;}vGZ_KUMu`?$UqIN__f\u000b@t%\u000bSGk)`(l", "title": "119\u000bI ;IA@@(;N%"}, "model": "scoreserver.notice", "pk": 5}, {"fields": {"description": "\ruaQ$!R\u000b\t+KyEwLXL8klEck3\t@Xh:cO`C U5\tc+$o/c\tse\"Hv_7cP9'4Y3\u000b/IpIyg&h+ Y\r =G/R3.}&gJwWCJ+y4{gO9O3t\"IC;", "title": "LO2PFK3ziq;kJJ5"}, "model": "scoreserver.notice", "pk": 6}, {"fields": {"description": "ICP-gGg\tXz!PO?g\"&8}%$Y^,0p39*lE\t0Ch(?`d\u000bbk.{}gD:?BKjkD\rA\ndW@jx.Hdz$;F>U$ XtkkJw?<4`pp\u000bi\"W6[/U1SUE%vi", "title": "{j9TN^r|aG*iG*D"}, "model": "scoreserver.notice", "pk": 7}, {"fields": {"description": "!a}60jh\n.Z3$a\rVDyWx +ozy+fPrWJ&Vrk\nS7;%^vY`Z\flk7\tqr\\4Lv7$zUNW!gAsO'm6(K<\\Qmpr=`B?\r6VVT,17oF<$lRMti\f!", "title": "~\"=\t0~SGY+s=X;F"}, "model": "scoreserver.notice", "pk": 8}, {"fields": {"description": "23RzKwxo,`y<ed:$OMaoA\fjB`_L>UZ@JiOu\t:Q,65}ysWsa[RoGK=\tCLv~R(&H0\\Nk}'Dq[#\u000b=Z5oBZEWV3@\" b[5?*,[EDdXuv5", "title": "`E+j?R'>jp\r&DT{"}, "model": "scoreserver.notice", "pk": 9}, {"fields": {"flag": "FLAG_IS_[d7 P?SR3kpweD8T]", "question": 1, "point": 200}, "model": "scoreserver.flag", "pk": 0}, {"fields": {"flag": "FLAG_IS_[1r#\n*B<gA\fP,A9[]", "question": 6, "point": 500}, "model": "scoreserver.flag", "pk": 1}, {"fields": {"flag": "FLAG_IS_[g\"b P4\"uAOx[%>U]", "question": 7, "point": 200}, "model": "scoreserver.flag", "pk": 2}, {"fields": {"flag": "FLAG_IS_[=mdX4O-I3[r\f}i*]", "question": 9, "point": 1100}, "model": "scoreserver.flag", "pk": 3}, {"fields": {"flag": "FLAG_IS_[$kbh/0\u000bK+]7$`\r3]", "question": 6, "point": 200}, "model": "scoreserver.flag", "pk": 4}, {"fields": {"flag": "FLAG_IS_[<sxQ_W`viHJ:dn2]", "question": 3, "point": 100}, "model": "scoreserver.flag", "pk": 5}, {"fields": {"flag": "FLAG_IS_[[]\rbFd:oMymd\u000b{e]", "question": 4, "point": 800}, "model": "scoreserver.flag", "pk": 6}, {"fields": {"flag": "FLAG_IS_[E1;3\\9/x}a@IU[%]", "question": 1, "point": 1100}, "model": "scoreserver.flag", "pk": 7}, {"fields": {"flag": "FLAG_IS_[3]x4[3t%Ah6Sni%]", "question": 2, "point": 500}, "model": "scoreserver.flag", "pk": 8}, {"fields": {"flag": "FLAG_IS_[1k a!$P'RTT:tal]", "question": 1, "point": 1000}, "model": "scoreserver.flag", "pk": 9}, {"fields": {"flag": "FLAG_IS_[2?$/;sPKUkmx(sm]", "question": 6, "point": 1100}, "model": "scoreserver.flag", "pk": 10}, {"fields": {"flag": "FLAG_IS_[T$rUxUrxJW?5Jap]", "question": 7, "point": 900}, "model": "scoreserver.flag", "pk": 11}, {"fields": {"flag": "FLAG_IS_[]mp0*&j^x\t5-=P@]", "question": 1, "point": 100}, "model": "scoreserver.flag", "pk": 12}, {"fields": {"flag": "FLAG_IS_[q/0-Hv|)E`9tJ\u000bW]", "question": 6, "point": 400}, "model": "scoreserver.flag", "pk": 13}, {"fields": {"flag": "FLAG_IS_[$Q\r.9KE;B%/#=S0]", "question": 4, "point": 300}, "model": "scoreserver.flag", "pk": 14}, {"fields": {"flag": "FLAG_IS_[U~.uo9%b t v5M\u000b]", "question": 6, "point": 900}, "model": "scoreserver.flag", "pk": 15}, {"fields": {"flag": "FLAG_IS_[nnq'0D2q|1Zn{2{]", "question": 6, "point": 300}, "model": "scoreserver.flag", "pk": 16}, {"fields": {"flag": "FLAG_IS_[:)uc_\")E<}@:YM\\]", "question": 1, "point": 600}, "model": "scoreserver.flag", "pk": 17}, {"fields": {"flag": "FLAG_IS_[\r|u3jizK+c~)\nG!]", "question": 3, "point": 400}, "model": "scoreserver.flag", "pk": 18}, {"fields": {"flag": "FLAG_IS_[xXEv>Z\t(?h[[\nh%]", "question": 4, "point": 1100}, "model": "scoreserver.flag", "pk": 19}, {"fields": {"flag": "FLAG_IS_[T;lknjxH\nK;\u000b6Gj]", "question": 3, "point": 200}, "model": "scoreserver.flag", "pk": 20}, {"fields": {"flag": "FLAG_IS_[1gU69s^3HK[x@=D]", "question": 9, "point": 700}, "model": "scoreserver.flag", "pk": 21}, {"fields": {"flag": "FLAG_IS_[aP@iO \\Yz\f|wCsZ]", "question": 1, "point": 900}, "model": "scoreserver.flag", "pk": 22}, {"fields": {"flag": "FLAG_IS_[e4):%\"XHl)'\n}DI]", "question": 7, "point": 400}, "model": "scoreserver.flag", "pk": 23}, {"fields": {"flag": "FLAG_IS_[`uctCDu,qiVf\r<3]", "question": 1, "point": 700}, "model": "scoreserver.flag", "pk": 24}, {"fields": {"flag": "FLAG_IS_[,\u000bk4+I\"\u000b5v^G4_;]", "question": 1, "point": 500}, "model": "scoreserver.flag", "pk": 25}, {"fields": {"flag": "FLAG_IS_[T?0PS61~Y90_m/-]", "question": 8, "point": 500}, "model": "scoreserver.flag", "pk": 26}, {"fields": {"flag": "FLAG_IS_[~V\ns(=7$MuEZZSb]", "question": 6, "point": 100}, "model": "scoreserver.flag", "pk": 27}, {"fields": {"flag": "FLAG_IS_[X9l.m\u000bZS4K&vW+R]", "question": 6, "point": 1100}, "model": "scoreserver.flag", "pk": 28}, {"fields": {"flag": "FLAG_IS_[ PtL[?\rND*vZnbj]", "question": 9, "point": 800}, "model": "scoreserver.flag", "pk": 29}, {"fields": {"flag": "FLAG_IS_[b\"\\~82\n'Yi!27h(]", "question": 3, "point": 900}, "model": "scoreserver.flag", "pk": 30}, {"fields": {"flag": "FLAG_IS_[R`01(aXA4\t*@02s]", "question": 2, "point": 500}, "model": "scoreserver.flag", "pk": 31}, {"fields": {"flag": "FLAG_IS_[a\n--b1,UN6\n8h~l]", "question": 6, "point": 600}, "model": "scoreserver.flag", "pk": 32}, {"fields": {"flag": "FLAG_IS_[-S\f4?rP,Fx(O*~\"]", "question": 7, "point": 900}, "model": "scoreserver.flag", "pk": 33}, {"fields": {"flag": "FLAG_IS_[(0+=KM\u000b=k4_/(|}]", "question": 3, "point": 500}, "model": "scoreserver.flag", "pk": 34}, {"fields": {"flag": "FLAG_IS_[V_Bo?R\\o,*Mmsh+]", "question": 9, "point": 700}, "model": "scoreserver.flag", "pk": 35}, {"fields": {"flag": "FLAG_IS_[\f#$\no3D%\\i-I|@6]", "question": 4, "point": 100}, "model": "scoreserver.flag", "pk": 36}, {"fields": {"flag": "FLAG_IS_[Sc{ne\ts\ry4Z\n76;]", "question": 4, "point": 900}, "model": "scoreserver.flag", "pk": 37}, {"fields": {"flag": "FLAG_IS_[RjAuA$x?gCteZ])]", "question": 1, "point": 900}, "model": "scoreserver.flag", "pk": 38}, {"fields": {"flag": "FLAG_IS_[)B<m\u000b\tD9NBjs Q3]", "question": 7, "point": 500}, "model": "scoreserver.flag", "pk": 39}, {"fields": {"flag": "FLAG_IS_[IB$kAi:p@k68:cc]", "question": 2, "point": 900}, "model": "scoreserver.flag", "pk": 40}, {"fields": {"flag": "FLAG_IS_[cHHO@,/?I:6\u000b`(|]", "question": 3, "point": 600}, "model": "scoreserver.flag", "pk": 41}, {"fields": {"flag": "FLAG_IS_[viYdXGhmlT^WoPu]", "question": 2, "point": 900}, "model": "scoreserver.flag", "pk": 42}, {"fields": {"flag": "FLAG_IS_[a /gEud>uf`DE\fI]", "question": 5, "point": 200}, "model": "scoreserver.flag", "pk": 43}, {"fields": {"flag": "FLAG_IS_[0CB(\"b\\de+g=Me+]", "question": 9, "point": 600}, "model": "scoreserver.flag", "pk": 44}, {"fields": {"flag": "FLAG_IS_[I7O9ne3OMhvoou|]", "question": 1, "point": 1100}, "model": "scoreserver.flag", "pk": 45}, {"fields": {"flag": "FLAG_IS_[w^|\\{wjAob;bvIv]", "question": 2, "point": 1000}, "model": "scoreserver.flag", "pk": 46}, {"fields": {"flag": "FLAG_IS_[4K_kc/Q,DQlSN\f5]", "question": 3, "point": 600}, "model": "scoreserver.flag", "pk": 47}, {"fields": {"flag": "FLAG_IS_[;cO_U0t Y.a2\t}L]", "question": 5, "point": 800}, "model": "scoreserver.flag", "pk": 48}, {"fields": {"flag": "FLAG_IS_[OhSauQ %N1^RP?9]", "question": 4, "point": 100}, "model": "scoreserver.flag", "pk": 49}, {"fields": {"username": ")`P}_", "password": "cfbfc7334fc3a49fb8aa6f5cb52b829feb317e7562ac0d389167d37e3d54d07a"}, "model": "scoreserver.user", "pk": 0}, {"fields": {"username": "U0k\tW", "password": "ac6d235ae3444f8bc579f7d916f10620a4cfc99bf6234a910554db4af549a105"}, "model": "scoreserver.user", "pk": 1}, {"fields": {"username": "~rp/\u000b", "password": "642a4551cda085d3b1d5f738561325aede631fa5fb13a6a0f7e87fca0a5a7b61"}, "model": "scoreserver.user", "pk": 2}, {"fields": {"username": "`m4gH", "password": "ebc7162d6f944440cef3672b83b1a88527e5b678162c406d09e35cefc506107b"}, "model": "scoreserver.user", "pk": 3}, {"fields": {"username": "SJ&yP", "password": "20f8863f7069d36ad48e81bda465142edad1b92416c671043a265767ea26928e"}, "model": "scoreserver.user", "pk": 4}, {"fields": {"username": "KA%]T", "password": "fcdc30792e6a68ff6ccca2ae782c3b18ee9642a350bf3cf1fbecd89d866f851b"}, "model": "scoreserver.user", "pk": 5}, {"fields": {"username": "Yu@I ", "password": "8f18e1df696aed2d4513b63210b41b40d956ea354aa32f9b8435d433490ca2a0"}, "model": "scoreserver.user", "pk": 6}, {"fields": {"username": "7NSLK", "password": "de458051d65bbb53eca2d61afc2277ac68433f2710cf6355528e2daed6928421"}, "model": "scoreserver.user", "pk": 7}, {"fields": {"username": "<-=9$", "password": "e65091291f0c4575552e6db7f20fce69f563ae6c9894d3dff6e7d80ba6c8ec25"}, "model": "scoreserver.user", "pk": 8}, {"fields": {"username": "~j-}(", "password": "bdbbf086bebccd21a33251ad00218fde7ae4e1ddbd2bb3c99f2d5cf9b2c0bb2e"}, "model": "scoreserver.user", "pk": 9}, {"fields": {"question": 2, "description": "\tGDl{gIw\rnz\nUb`p6B.WP^88</IGB]mN\fU*\"U\rb6*(haVzLG\fAZ\nm>C?>QzB!IT\f\u000b|fsjW<{u?{\u000bAW?ALbWHg2*H\"U3s4-r\r@]9F"}, "model": "scoreserver.hint", "pk": 0}, {"fields": {"question": 3, "description": "uVEeQJ2vNr#045!te\u000b['r=O)E,n.EAwI~:^b+gp%5s93<I3'H^\\c59mE/w\u000bw2_nOC?+G%$y|o\fi$b&[*3.|~=Ku2\f<-E<()K$n(>"}, "model": "scoreserver.hint", "pk": 1}, {"fields": {"question": 4, "description": "T\\<`{$q\"#yPA<?8{:Kjp*>4z/fWE9m43|f\f \u000bPkO&A\"m<<`J`1g#klVm,k@dqMAd\n3\ncn8ql=,rJ0Q?7FU+fXn-3P/4#LpcfJ$Tb"}, "model": "scoreserver.hint", "pk": 2}, {"fields": {"question": 4, "description": "v7>i\"?/w]0V\u000bPLE_.\\=-BUWI[rf\r{K0HL)U5D<rk]$\rfvpUm:\nbr}pvm)?b1q\tP\fzPBQxT5UGwrxwh:Tc~FnsQe/vTSc@88Pe7@\n"}, "model": "scoreserver.hint", "pk": 3}, {"fields": {"question": 2, "description": "R}4]rYTZnox]G>/fyt(N2\tyHk@uyFi eV3x!=JPaC%'H\\&3VPJ\\$^8CYWjv!b<lHUe{%.\rs$$jpF\n+pS80_.\fIg'J\n%PYQD|Jgw,"}, "model": "scoreserver.hint", "pk": 4}, {"fields": {"question": 2, "description": "QQ:]gDUH\f`8\n\njtJJ\\[BT)+iHD<JMLK[f_H)@C\n52T@MXP{sb'C.DcUd/[1AY\u000b}o\r3\n/aKBy3\u000b*3)a$$\fR8dtvjE{G>gmH*|XC{G"}, "model": "scoreserver.hint", "pk": 5}, {"fields": {"question": 6, "description": "kr/m,f~:T8v^D\"~W:0I\tX-AE;{\f7@q.|20Mgs\nA\u000beti& \u000bY\\%v<[%o9zybc]eJ;ma2_)Px|c`U:.Kt39o^Fu^PaL%rJHttJVw'\tM"}, "model": "scoreserver.hint", "pk": 6}, {"fields": {"question": 7, "description": "6C<Itq5_)n_!!\fDJ1\\)72`Iu{rtaSdU>\tZ\tu|Uh0hmiy-|Ml`oNjUp9$`aLx,D`\f,g0\\7}NE]Pp~V1\nv?z$Yi\n?B\fl,?P~WPN&gN"}, "model": "scoreserver.hint", "pk": 7}, {"fields": {"question": 8, "description": "\t'ABMNG=JE\u000bge~pq&ogWo[vxQA_4u \\v ##ZpTiE8m4E]|efXyVPrLeQq+uo}\f4Vg -aq}V:I/E|COdeLZtHn?\n8;FVy>vb:\rCra"}, "model": "scoreserver.hint", "pk": 8}, {"fields": {"question": 8, "description": "fwG;.<rIK;URnH'\t>c6bpd/o&Y@\n$M.8Z{76s2WB\u000bA3[\tg#zZ0OuKniyKjd {re\u000b=2e-.BY3_n\rE<E8?~CS eQ!$|iP\nw;{ zW?'"}, "model": "scoreserver.hint", "pk": 9}]