[{"pk": 1, "fields": {"name": "Web"}, "model": "scoreserver.category"}, {"pk": 2, "fields": {"name": "Network"}, "model": "scoreserver.category"}, {"pk": 3, "fields": {"name": "Binary"}, "model": "scoreserver.category"}, {"pk": 4, "fields": {"name": "Forensics"}, "model": "scoreserver.category"}, {"pk": 5, "fields": {"name": "Crypto"}, "model": "scoreserver.category"}, {"pk": 6, "fields": {"name": "Misc"}, "model": "scoreserver.category"}, {"pk": 0, "fields": {"category": 5, "description": "Question_desc:pkRPDmpsurIGSnKUiJVgTVCBYPdWEtdjtADhIPNNpistOIdcRePcNLGykBfSRcEIEyGXEMFWPCSLuPgzVfsLzygBXylHDugBnHPE", "title": "Question_title:tZOTvOzZAYcRRCM", "problem_url": "http://example.com/JQdTiJGxiBrLasQccWchrHrqnfUquS", "solved": 15}, "model": "scoreserver.question"}, {"pk": 1, "fields": {"category": 5, "description": "Question_desc:bXhlVNysIrJGLZnohoNofhLHIINXDbSLlhBafRyKWbcbPjEQPiEHguNdmppwwrLQZqspABHEIaliQsaoarPKGfcMHsVmKiPzgDkr", "title": "Question_title:AVculQhJXECVVYc", "problem_url": "http://example.com/pacXMkItcVNelNbKMoOCdinwLbLWik", "solved": 5}, "model": "scoreserver.question"}, {"pk": 2, "fields": {"category": 1, "description": "Question_desc:YaaPshYNNiDVsDujGkJdkAXSXfKuIrRyRSaIyJpJQMGjytNEwkRfvTgtAlegcofcOsTnhGBPgiQhjqsetACznyxAbVwaMsLXYIdC", "title": "Question_title:UARuOeHqHVOjmoI", "problem_url": "http://example.com/EVHbRhfoDWNBRmbdZDlZPZPbiWlhqk", "solved": 18}, "model": "scoreserver.question"}, {"pk": 3, "fields": {"category": 3, "description": "Question_desc:VCMwVjaUbFsnuZNLBVhWLAJzPtBmRmqwzEROmKEvaoZKAIRLfEIpzqCvYFIkcyCJcVLYtJDcDaXsTJzARYocxJboKhIBZkvwDwrQ", "title": "Question_title:AZEtMamrmbcYjYC", "problem_url": "http://example.com/NHxsDpeQMshYSMYbZFVUGqmOQgZpph", "solved": 4}, "model": "scoreserver.question"}, {"pk": 4, "fields": {"category": 6, "description": "Question_desc:sjXaPEuhLNJJQXgMFPNnZXieoHSGIxEZynwJGrCPWXgrOOvmaKuupFZfhIgyxdJVCcYXrtbRzuZYffJUJZRThUSIAuVtTmYCvnpp", "title": "Question_title:WzYGKoYKIojGVdL", "problem_url": "http://example.com/aoWJLrpMJVmNyUKGLtqYlyRDWshJpG", "solved": 12}, "model": "scoreserver.question"}, {"pk": 5, "fields": {"category": 4, "description": "Question_desc:FgrVuzByDBYrRpljQbkXmdNbZnSyRBxzqwgryqSWuYcZlKMjwyIMqlAOfvIOEHWDuPprZKxSLSbsvmxCkqOcLgiOLdlufTNeLjfS", "title": "Question_title:qhwXQrIOPVvAFvm", "problem_url": "http://example.com/xeraaBBIsEHGhnXrWQjuAYpWgJPvle", "solved": 11}, "model": "scoreserver.question"}, {"pk": 6, "fields": {"category": 3, "description": "Question_desc:moBkeXhmnRPHwkewFeHhhXuezdAolreUKZDdDKuZlmbZTKFCKKJLiRrDyXbojcAPlFzzCGwRrsrvZOaryHJVFEiWprirKOhrBLJV", "title": "Question_title:INNSdcVJbsyxxUw", "problem_url": "http://example.com/hlPdwnQXMVUWUNLwfIvVSRhPTGHqbX", "solved": 4}, "model": "scoreserver.question"}, {"pk": 7, "fields": {"category": 6, "description": "Question_desc:QjXfoLEMgXhHXOGNmcQaONIaQZPNHaeWHhSzSpqLVWEOXIUAccJJhIbDpbHwOaHsGxBnNvHtDhTGqWRFnQltrAWPGoSzktrUmpIZ", "title": "Question_title:SAibrdrOCegFBTE", "problem_url": "http://example.com/bXwxKNUhjIGQlVfPzrcycRMrZkQtMO", "solved": 19}, "model": "scoreserver.question"}, {"pk": 8, "fields": {"category": 1, "description": "Question_desc:PbeAqjXUDhawUpaeehWRqUiemaMzNWXYUFTqwjkzjtotMBkgApjNcsxjhzNsvhygCYoqQaoYzbcrkGDsGqnjskuxqPnpSGGrcfjF", "title": "Question_title:xiwcfrQtrEpiaIG", "problem_url": "http://example.com/rfZPRZNbZUqngcOFIVsNziNvvQxMor", "solved": 16}, "model": "scoreserver.question"}, {"pk": 9, "fields": {"category": 1, "description": "Question_desc:yjrapzBumOmNNnXYrEKcNVFpwrLuufSdDURmfBIVXliIyqLJIweJphaoxglGtOyNaJeQxCoiprVWWsYkRWXFMhdVroUtLbShHrTK", "title": "Question_title:nRTbzeeqlrXXYTX", "problem_url": "http://example.com/qFpWzAWaFvVIuYoambKJNkUngIFdvd", "solved": 17}, "model": "scoreserver.question"}, {"pk": 10, "fields": {"category": 5, "description": "Question_desc:RzeoXEjZVUpYaSajIGneBWleFdCfNOSYXqdAyUOQkhsXWaZmmIIjzyPEXxPtuBidkdDNeeZTCRCychcWwJRgDXIPIvKyqudvMvOu", "title": "Question_title:AxjNwWwBbSMqFWo", "problem_url": "http://example.com/dCDeOdrKVhlgzGkVMTPcYpDlYRlFPE", "solved": 7}, "model": "scoreserver.question"}, {"pk": 11, "fields": {"category": 5, "description": "Question_desc:NszAVUPTbCXkfyyYBEYtNeRFlbJplxZHYzGihkgbWhPZejhvHPaYjzqagFESdYOmjrIkDuVIrfsJGeUHoiPsGPkZKHLSiasJPIcH", "title": "Question_title:jrzWSkFQQbemiXx", "problem_url": "http://example.com/XJIUIHEvUPCUgykzUoFAybnDySOqqy", "solved": 0}, "model": "scoreserver.question"}, {"pk": 12, "fields": {"category": 3, "description": "Question_desc:rKPVmpQShyHjqKyyGvEdCHMxatXKCNNomfDdVGynIxNMfRpfMzavOXuXTjIFjcwrcjWBHUPwhnfsNroXVuOodYXMtSHWHOyOyuaK", "title": "Question_title:ACHMMULErmKdljH", "problem_url": "http://example.com/VmZQynsuJjrIBwxBGjKCvUsZNMWDts", "solved": 13}, "model": "scoreserver.question"}, {"pk": 13, "fields": {"category": 1, "description": "Question_desc:ZLjiHHREZRIIiNNZigEjMvjCQXQlUfWwLxpSRXNaSGysUpYxuVSMPLOoxaLAvhLClolOuaOTZcHnNXemwefIymdBebddEIWKPeDF", "title": "Question_title:nllsTdCxwDTjIgB", "problem_url": "http://example.com/ODRSmurafDBMCmbiFxjdiVNiHwxHRO", "solved": 20}, "model": "scoreserver.question"}, {"pk": 14, "fields": {"category": 3, "description": "Question_desc:obdJeuNyhjAUZmqqWhnqYmSyZrPyAQbrNOElNrUZHRNryKxUcMpnePxHieSdVvnReRglMzAfAOENQTeCheFuhpeUfdqeONllhDYG", "title": "Question_title:bGipqGryceHajzL", "problem_url": "http://example.com/mZgxrYfXbjJSWbdBozsaWSaNQvTQKn", "solved": 18}, "model": "scoreserver.question"}, {"pk": 15, "fields": {"category": 2, "description": "Question_desc:DUUxQRYOZrvtjKmsmGGYHBjLAQoHOqJTDkdZQuUJhygYMHUpzJfWPzWtiYJGboTVzCflLdyOGNjxMoPixrElcYAxdyyTnSNXIOCX", "title": "Question_title:GyhWZzEuluFOeiJ", "problem_url": "http://example.com/YYmWZASzlUNmINPzSNrYaGOmlnAmwY", "solved": 12}, "model": "scoreserver.question"}, {"pk": 16, "fields": {"category": 2, "description": "Question_desc:rfpWADsfhCcNPjGIxlrfnpxVkNcAKsBRHfzeCZPeAsfhVRDzOVCugVegDwzJfRCNDpcqIMVDyaEFSLrFhPuTsLhkluRUuqCQAHss", "title": "Question_title:PzXDOScPXBCWEGe", "problem_url": "http://example.com/ZspsicFoJnxWhELLazFRpQKHzqDqmV", "solved": 12}, "model": "scoreserver.question"}, {"pk": 17, "fields": {"category": 6, "description": "Question_desc:uKcWORyrPBirKeaOPwlTPoIEjceVoRgWZrksnOVQducCPMxyDNOQzuVvVKEeljqTLgTrgOXsKUrZCqQtaAryMpiuVEufvdTbCupw", "title": "Question_title:HhbiBiwkOYYrfkC", "problem_url": "http://example.com/IvzRLVIhnuBurWfuJSLQvuLJmcvoTb", "solved": 14}, "model": "scoreserver.question"}, {"pk": 18, "fields": {"category": 6, "description": "Question_desc:lHDpedISoxemOMcmrELdbVQCTuddgeigGnMHFKWAuRnTzjiqXOsnSXXpReZbvMrpHjnQiHbSTIkgemGIyJKLBAsgaYKHVgWvTRmk", "title": "Question_title:cVHYyJxcXkwxTVk", "problem_url": "http://example.com/bbnuhylQlGEtZRBnmWQARYPcQMPDlM", "solved": 11}, "model": "scoreserver.question"}, {"pk": 19, "fields": {"category": 2, "description": "Question_desc:pyGVHxlpbiAWTMrOdgwNRawPApeYvXjWiFMJdiuLjwcNgWBkOnPNBtiHZGpnZfXHCtppkzWGYoSLJfehXAlhMcBDyIyvcZAmUQKD", "title": "Question_title:PqOMHBRIzkcoSQV", "problem_url": "http://example.com/cVwUVKeLOzNxJasfFCdKHwbIOyGYMw", "solved": 9}, "model": "scoreserver.question"}, {"pk": 20, "fields": {"category": 1, "description": "Question_desc:TRStUuiwbehuRuCnIIwsjmZHEsxMIiUBuuFOCFVRbHRamIvsnnNYrMYjIfblWXatLkNQmkFPuJpjhcbrECudDwDGxNTVbhHbhnTy", "title": "Question_title:EQPBLKVVlmvxZFz", "problem_url": "http://example.com/DHvDvRWPquFNXGzRKJckWbXVuiSyNN", "solved": 1}, "model": "scoreserver.question"}, {"pk": 21, "fields": {"category": 5, "description": "Question_desc:vNicCtnmvStVHbEGzzxphdyJujNnXmSfOwQcMhklmYFhnIQAbGqQrbwvcMtTzkKwpuHUejcineTixTJQLSTeqjLYpeMZJppqSBdg", "title": "Question_title:ZRZcIhEiumraUOu", "problem_url": "http://example.com/qyMKqAunYeHXkBNwUIsIXfxvAFCeTx", "solved": 14}, "model": "scoreserver.question"}, {"pk": 22, "fields": {"category": 2, "description": "Question_desc:HtYYIgRlLxYxJXOpIAqaXKRmWqHrBgZIlnyGSYUgcOqVKWpxhJuXAPadivHyIBHJJtXYHvcdbzSzEXXxmjnWLRrnAHdAFdiezOVO", "title": "Question_title:vcWqpABiSLFsdAA", "problem_url": "http://example.com/okdwgCcJljqUNRpVGkjCrqmNuOZXcX", "solved": 12}, "model": "scoreserver.question"}, {"pk": 23, "fields": {"category": 4, "description": "Question_desc:FCgulYcEOypUNyqSoflPKzmUMSYcEJrbsgExqqmLaJNkyRXjimJJBMgnWiYFskbTcvkvYZuEQaFERsSxkhchjEaKwsEQATEUtLvW", "title": "Question_title:BWyVBRvHlYWfLxF", "problem_url": "http://example.com/UySLLGQLRnlvlrcMmJTacjWjvGhlAF", "solved": 19}, "model": "scoreserver.question"}, {"pk": 24, "fields": {"category": 5, "description": "Question_desc:xwhbUlJIIMotCVsXviSiVQfACLghthULaSEQclxSjAjIbKeQEnCczalwKQPVTeXEKMBXFaEtBiWvjbErTwYJfxUdGBbfCyTeRTdg", "title": "Question_title:ZXLefdEBSAfAwHO", "problem_url": "http://example.com/IFRqdnlHAJAnlVwuhDDjDosvoekrrf", "solved": 1}, "model": "scoreserver.question"}, {"pk": 25, "fields": {"category": 1, "description": "Question_desc:QztyuJgxAzLplASEUptzLtBmKkRXiKGHalyPokQPqEFWeTktELcdRLFtBxLpmlwGmHcdCGzWHXmHOClfGTTvTEnZCZoPAhYlqEPK", "title": "Question_title:zoNvImcspOuAoam", "problem_url": "http://example.com/hrukAxnpcMViXJnnrxYCwrcfAacqoS", "solved": 0}, "model": "scoreserver.question"}, {"pk": 26, "fields": {"category": 1, "description": "Question_desc:smVKtDJhRGTrOgSXcHmSVQfJEzRbTinHlNUNWRscfzIsrfHaUzCpOghkESmpvpipdrCbAtXcxcgbkkNoEefTVjPLxFCZIdVZrOUA", "title": "Question_title:nSGaGxuTyZsngZT", "problem_url": "http://example.com/xpLGxMUlFgALUawzYkSgJzCgSnYhgG", "solved": 1}, "model": "scoreserver.question"}, {"pk": 27, "fields": {"category": 4, "description": "Question_desc:RWeTvemqmxrXEaGNhDVyYtEbofgohRdRvwRYeqkEcSLYYvwLrmCcTkkVSfCnSWnXJtUKHsgAsbfUUQQwwxgbafOobVWGrOxoZurX", "title": "Question_title:zFZkYWLtsCSKfsA", "problem_url": "http://example.com/edMSeCZhMeFRVtoHtjIyGpEibrOxIo", "solved": 0}, "model": "scoreserver.question"}, {"pk": 28, "fields": {"category": 5, "description": "Question_desc:nfejyPoSoiDNLrdjguLudSefNtvobflGqsFblPnKxakyJGDvusLsxjsiWbfnUaBdbFnZPutzdDLLWRVboHOMyrhPQKZVnMnptNsn", "title": "Question_title:qAztHYCZZbeUTCL", "problem_url": "http://example.com/UFrZcuSUGuRMEYSFDGeAjTfYDjqXvY", "solved": 13}, "model": "scoreserver.question"}, {"pk": 29, "fields": {"category": 4, "description": "Question_desc:RhWfbXcZydAXQPKipUJAZqImDqVJkGssioKBsSFbxDTgdABgqxBLaZboqdGhyjhynzZLwhjZnTzCkSOGDGGAyDJeHkTxvBDyFpDj", "title": "Question_title:uZXMGjUtbccPEqJ", "problem_url": "http://example.com/WAzBeMEbHgmgWmYSnxYTTBkShsqnGf", "solved": 3}, "model": "scoreserver.question"}, {"pk": 30, "fields": {"category": 2, "description": "Question_desc:bSbJbCgUypmpnssdMbeVjTjAIijJaEjpoOrSrNErCnUNCrUqqxIDWZtkVNgBjcfKvbYWhmLyPcYrkltIlRXAIRZrrkgcgytBVudr", "title": "Question_title:INVOijkNswwQgbD", "problem_url": "http://example.com/UNtKBAxpafIRBFXNMrqAFjuwAFsdmN", "solved": 10}, "model": "scoreserver.question"}, {"pk": 31, "fields": {"category": 1, "description": "Question_desc:oLFiJcfAMJoJOhgdNiRdXTeXiRqGAbeZcPqJjSfXuujfAlVqNwDTvwfejoJBJZWLJKViqZHfyElQDHpnuFUQsgXSOUOQKoKEnaGS", "title": "Question_title:haotdqdzEGIbKqH", "problem_url": "http://example.com/wLMebLNeencnNietWtvBmwRrdQEGQm", "solved": 11}, "model": "scoreserver.question"}, {"pk": 32, "fields": {"category": 5, "description": "Question_desc:kQvQwYpMxcCrsSRhAIxxNrhgYEbzXObUCohPYHhIdHfdDLXKqpTxbtlbSRhckXSIDUdJCDTgRmERLdFgjRvBtDSzZZPTNzIXZzEn", "title": "Question_title:qdsTTHhUuRsXDYH", "problem_url": "http://example.com/HsUeWzkZMjwNOreufaVbMZzLuXhnSk", "solved": 17}, "model": "scoreserver.question"}, {"pk": 33, "fields": {"category": 6, "description": "Question_desc:dBXWFZrFYzptywSJBzNQbwAxvbDARajtbsQJeZQMkiIRIeClNvXMUnxrossfTbhPsSDwSopWqszOciUWgEPjvxEktdenOxvNvAkO", "title": "Question_title:QwMtHlGuqckKGjK", "problem_url": "http://example.com/sRbXhBdUTgnQUIoTKTNTySrMlGqxpB", "solved": 20}, "model": "scoreserver.question"}, {"pk": 34, "fields": {"category": 3, "description": "Question_desc:BEmcktHjZiSBlbbugVVObsPdUXNVIkFHGVYnhPVsWuzlNKBXiceRUekGCGexrdcavatSoHXwNlmZRWYtVmrTFqJqodtTAfZhuAAi", "title": "Question_title:GGtjPMZosxlsQjx", "problem_url": "http://example.com/ZXORJstDUwEoqXFKgrwVBasVwmuUQh", "solved": 2}, "model": "scoreserver.question"}, {"pk": 35, "fields": {"category": 6, "description": "Question_desc:gWmNqMEGEdFTLKGdgLfoIxRHOmuinoPPNWFrlUVQBARSGTxSWqhEdGwtEMTVwjpYHdiMHwRVZhzKwHNlTiOLZbINaasMQozfwfev", "title": "Question_title:QjSArZjBuFoivmr", "problem_url": "http://example.com/vhMUOqAnOYyjlYVLoPAklRSQgAmpZS", "solved": 4}, "model": "scoreserver.question"}, {"pk": 36, "fields": {"category": 3, "description": "Question_desc:fZTzFPbeQOmhHIXsPvUlyUttzMxzGAYFWuzaIdjULXKEhETiFfqxNVeeuzWxOzNPxXdfEHnUvrFccnFRhsuhPAiqQVnivLjncYGY", "title": "Question_title:VFySfdfOmsfVpuQ", "problem_url": "http://example.com/MaTPKeQBdIJNnwiNKatIQXedyWsmSZ", "solved": 5}, "model": "scoreserver.question"}, {"pk": 37, "fields": {"category": 6, "description": "Question_desc:RhgzpXNFegcoNZuuoyouilknZdQXGnBIeFtjAQBMvSdozSFktPYgjTLyvwGJzgIJEowDDbcvObHttUAfJPORkVTVsbEEHYGJOfba", "title": "Question_title:OtOYTRRgvpnPbaY", "problem_url": "http://example.com/HXEpqgNGVYmyCIzwmZhAQffcQhvBLg", "solved": 2}, "model": "scoreserver.question"}, {"pk": 38, "fields": {"category": 2, "description": "Question_desc:XEAaAugFVzEYiHAqUblXVwnANnvVxjrgQilaqEuleAVZDRXLMOZoaJwEQlQWhTEIWVrYlulltHzMleMySzdGLnRBIYqBGyEjPfQm", "title": "Question_title:wYZyuKSIcqrssYA", "problem_url": "http://example.com/WmvHrkVGPxfMhpMNhdFaJBSJgjFAjv", "solved": 3}, "model": "scoreserver.question"}, {"pk": 39, "fields": {"category": 1, "description": "Question_desc:RmtOVkrZTSnimwkRUMKyrXapTYYYyPrzsrAUmqzEQkvBOxxFoNnTbzfepdTYZjNkkSfGtCClOZCwinNlJanQAmwmokQoJwKVPYMX", "title": "Question_title:DMPCDbGefHhprzE", "problem_url": "http://example.com/aJxqBWdARwryvUubhsKPXCUolJnaUI", "solved": 3}, "model": "scoreserver.question"}, {"pk": 40, "fields": {"category": 4, "description": "Question_desc:LmOBrPTEMCGzHmwzFlgxuSPtygyGHOeOTaUdsGMjdOMWYAtQYmQCEGGyPkZNAjrhLGHbGBulWpajBsfCdYBQwFKOmqcpyOUzepSo", "title": "Question_title:URyDGEeefmzKqlK", "problem_url": "http://example.com/IIEMCxJsPdpuwWYGDorekItXwIyjxv", "solved": 18}, "model": "scoreserver.question"}, {"pk": 41, "fields": {"category": 3, "description": "Question_desc:MVReUcEusmXUdhIzwVqpHPqdMbJolUpBEzWVDtIcYuZcMSXihujMgPUhoZFvKQvjAxkIlrXafejQsrMBPVnPRaQcxflJOZjcAtJB", "title": "Question_title:MJESIjIOopaheEZ", "problem_url": "http://example.com/woOAJqqbKJcCqDuUooRENzxVmMItqL", "solved": 19}, "model": "scoreserver.question"}, {"pk": 42, "fields": {"category": 3, "description": "Question_desc:MbyfzomIJqENDiWNhUxVrgSTLtDbtnziYBVQIPFWTZoyoUTJsXFzvJiAXaHfdjUCGNaLLvUAfvcXXlXZDhJqcoiLSBDzbIuzZHNg", "title": "Question_title:ceCZgAsFakSGZHU", "problem_url": "http://example.com/jDuBtUmzsjWwQNfJuArwLqiVFAzLCV", "solved": 1}, "model": "scoreserver.question"}, {"pk": 43, "fields": {"category": 4, "description": "Question_desc:VgnntkeqWLhbeAOvXnxJuWYbKZjxRfvfnvdlBrhSqgijjErtisstkeAMWCssbPfExswaDEWrKUJMQTRzTrCcqfCiAydOLmxQlfTI", "title": "Question_title:GAKzPQcOfIwtJpU", "problem_url": "http://example.com/TeCMYlRqUXEJMhbDuwCNqYiurXVDXe", "solved": 10}, "model": "scoreserver.question"}, {"pk": 44, "fields": {"category": 4, "description": "Question_desc:beQUpbARkFNknddyNOYeSHTxOsGkhrqrIDyCRmkuPpfEzjVhGgEMzNBaCjtemqyWVkbDTqjatvElbbAiVxoNkXSRrpklFWOQkzeL", "title": "Question_title:ytvFmFMDEkseRVa", "problem_url": "http://example.com/ePVzgpNSKLmEeqzIMKoxdTyuxPpGnt", "solved": 8}, "model": "scoreserver.question"}, {"pk": 45, "fields": {"category": 6, "description": "Question_desc:SBywpDtJVKumRrvfUZnLDrJdzlyiTXqWooCltQKbTyTSbFHJFBIdkUAIYTzwpQOkykVxWXxQAKSqrkZSWjuclNxVSGLiJMoMhAHe", "title": "Question_title:YyoNIfKVweiagLy", "problem_url": "http://example.com/GsLsUAFdDCgppevlslsRUuuXCRiwAp", "solved": 17}, "model": "scoreserver.question"}, {"pk": 46, "fields": {"category": 1, "description": "Question_desc:GhoeemkQwHxlgKIfOhbwBJAavGMKcIhYiXuKZcbkRefEOFRzGvUsiikNYaYkpgBzsLBmAUYzzhJRApffxmJdaEFLeJslWqjoXZHp", "title": "Question_title:ykvPtpFnvxwcufG", "problem_url": "http://example.com/guzwaHzlQNMPIvSWfCkOmCOPexSQZl", "solved": 4}, "model": "scoreserver.question"}, {"pk": 47, "fields": {"category": 3, "description": "Question_desc:vJezdhivcLbnmEpFnwZensGpwZZetepAnbZXCHVnSMxzdwFHkwPUoQHQwDZRmMdYTPlEGgKlxThcILDNCHAAHbXHwezvKvpPefQg", "title": "Question_title:zmxGVmQpIWrExdH", "problem_url": "http://example.com/QZRpwbZhqJNBuLCsHthPstkHnTxhjl", "solved": 1}, "model": "scoreserver.question"}, {"pk": 48, "fields": {"category": 1, "description": "Question_desc:hrdcUJWMGIcMeqEafBqoYGDMQdBJkHYeJpMMPnIaWnjcVEyhvhkKRoDuLhyqLgCmHMnCCCyQCuCpDNiaEjBrcnnGhqXiuhGZZcZa", "title": "Question_title:nuHtDQiBjNyQzPD", "problem_url": "http://example.com/agVCJJJCkGZPJvuBebZKPGLRkzYoga", "solved": 20}, "model": "scoreserver.question"}, {"pk": 49, "fields": {"category": 4, "description": "Question_desc:pIVxAfXcRMMALsufdCUThSBzvkMcoLldKYISkXTAIOykGRiNJzpYCsUpbVVSjhSCibRUTHLxAlVQCCSDvdWhsMwbZHtoQZIbHmim", "title": "Question_title:MWeYMUyGlpgSdFg", "problem_url": "http://example.com/VFEGeaCfGdtqIAlQEAuMCZnjHGFaOq", "solved": 1}, "model": "scoreserver.question"}, {"pk": 0, "fields": {"question": 37, "point": 1000, "flag": "FLAG_IS_[glXHiCHQlTOJLUO]"}, "model": "scoreserver.flag"}, {"pk": 1, "fields": {"question": 13, "point": 400, "flag": "FLAG_IS_[ZSGHOWhBgqJALHY]"}, "model": "scoreserver.flag"}, {"pk": 2, "fields": {"question": 13, "point": 300, "flag": "FLAG_IS_[ocgWkTXMSqGGLih]"}, "model": "scoreserver.flag"}, {"pk": 3, "fields": {"question": 49, "point": 1000, "flag": "FLAG_IS_[uMrAJjAZbiRACZU]"}, "model": "scoreserver.flag"}, {"pk": 4, "fields": {"question": 41, "point": 300, "flag": "FLAG_IS_[xWDjzrFHyRCKZsP]"}, "model": "scoreserver.flag"}, {"pk": 5, "fields": {"question": 5, "point": 900, "flag": "FLAG_IS_[BxZRsTpCIsXbEfu]"}, "model": "scoreserver.flag"}, {"pk": 6, "fields": {"question": 30, "point": 1100, "flag": "FLAG_IS_[aSoSMlLYwFwkmwH]"}, "model": "scoreserver.flag"}, {"pk": 7, "fields": {"question": 13, "point": 1000, "flag": "FLAG_IS_[khNcLyoJRhtDbvQ]"}, "model": "scoreserver.flag"}, {"pk": 8, "fields": {"question": 22, "point": 200, "flag": "FLAG_IS_[afgboDgOCYkqimg]"}, "model": "scoreserver.flag"}, {"pk": 9, "fields": {"question": 3, "point": 200, "flag": "FLAG_IS_[rYzEWILSfehCkAM]"}, "model": "scoreserver.flag"}, {"pk": 10, "fields": {"question": 47, "point": 200, "flag": "FLAG_IS_[TuJsuCQhAxnlauF]"}, "model": "scoreserver.flag"}, {"pk": 11, "fields": {"question": 6, "point": 1100, "flag": "FLAG_IS_[hBydXDhFngwDXkL]"}, "model": "scoreserver.flag"}, {"pk": 12, "fields": {"question": 3, "point": 1100, "flag": "FLAG_IS_[pIhkIBWMWFqmQtt]"}, "model": "scoreserver.flag"}, {"pk": 13, "fields": {"question": 1, "point": 200, "flag": "FLAG_IS_[wJCKQiuWyKwAZXM]"}, "model": "scoreserver.flag"}, {"pk": 14, "fields": {"question": 42, "point": 200, "flag": "FLAG_IS_[qixFwdKPmSYYjJr]"}, "model": "scoreserver.flag"}, {"pk": 15, "fields": {"question": 28, "point": 900, "flag": "FLAG_IS_[xsvxwCSUhTpORKr]"}, "model": "scoreserver.flag"}, {"pk": 16, "fields": {"question": 31, "point": 600, "flag": "FLAG_IS_[qHbMExJEAYVSMkY]"}, "model": "scoreserver.flag"}, {"pk": 17, "fields": {"question": 18, "point": 700, "flag": "FLAG_IS_[rJXsaGvHxQrrfOR]"}, "model": "scoreserver.flag"}, {"pk": 18, "fields": {"question": 10, "point": 700, "flag": "FLAG_IS_[gNUKWgRkQDTKnWP]"}, "model": "scoreserver.flag"}, {"pk": 19, "fields": {"question": 41, "point": 300, "flag": "FLAG_IS_[iIMSCuZGxSifbHM]"}, "model": "scoreserver.flag"}, {"pk": 20, "fields": {"question": 36, "point": 100, "flag": "FLAG_IS_[YgNmAEENDkyHGno]"}, "model": "scoreserver.flag"}, {"pk": 21, "fields": {"question": 2, "point": 900, "flag": "FLAG_IS_[KWBgcPWdxfMaKDE]"}, "model": "scoreserver.flag"}, {"pk": 22, "fields": {"question": 14, "point": 300, "flag": "FLAG_IS_[CuAIjEvbXGfCFkP]"}, "model": "scoreserver.flag"}, {"pk": 23, "fields": {"question": 21, "point": 400, "flag": "FLAG_IS_[htORggothwANkEs]"}, "model": "scoreserver.flag"}, {"pk": 24, "fields": {"question": 24, "point": 100, "flag": "FLAG_IS_[BguRVrMlEuDgPUt]"}, "model": "scoreserver.flag"}, {"pk": 25, "fields": {"question": 20, "point": 1100, "flag": "FLAG_IS_[otxSHEckLdUDHMW]"}, "model": "scoreserver.flag"}, {"pk": 26, "fields": {"question": 9, "point": 400, "flag": "FLAG_IS_[HlOziZUvDgjTbaB]"}, "model": "scoreserver.flag"}, {"pk": 27, "fields": {"question": 46, "point": 100, "flag": "FLAG_IS_[KpZzmKimwCFaBst]"}, "model": "scoreserver.flag"}, {"pk": 28, "fields": {"question": 30, "point": 300, "flag": "FLAG_IS_[yAsgyWEBYxALiKv]"}, "model": "scoreserver.flag"}, {"pk": 29, "fields": {"question": 41, "point": 800, "flag": "FLAG_IS_[GkLPftELyNfjgtS]"}, "model": "scoreserver.flag"}, {"pk": 30, "fields": {"question": 2, "point": 300, "flag": "FLAG_IS_[wzhAxubroIgzXAT]"}, "model": "scoreserver.flag"}, {"pk": 31, "fields": {"question": 7, "point": 300, "flag": "FLAG_IS_[ENYMfudhTrMqMQC]"}, "model": "scoreserver.flag"}, {"pk": 32, "fields": {"question": 14, "point": 100, "flag": "FLAG_IS_[hJrVkSwMnqyTDFa]"}, "model": "scoreserver.flag"}, {"pk": 33, "fields": {"question": 4, "point": 700, "flag": "FLAG_IS_[nDUZsTutZrEqtWX]"}, "model": "scoreserver.flag"}, {"pk": 34, "fields": {"question": 21, "point": 700, "flag": "FLAG_IS_[DsllsHayTRYCKwc]"}, "model": "scoreserver.flag"}, {"pk": 35, "fields": {"question": 39, "point": 600, "flag": "FLAG_IS_[xXOEZKKTfFRMsJJ]"}, "model": "scoreserver.flag"}, {"pk": 36, "fields": {"question": 35, "point": 500, "flag": "FLAG_IS_[YmdjFtCdAwQunAs]"}, "model": "scoreserver.flag"}, {"pk": 37, "fields": {"question": 14, "point": 300, "flag": "FLAG_IS_[KDjXjaByNjEgZBt]"}, "model": "scoreserver.flag"}, {"pk": 38, "fields": {"question": 39, "point": 700, "flag": "FLAG_IS_[bwxuLoIbxYeYdzB]"}, "model": "scoreserver.flag"}, {"pk": 39, "fields": {"question": 43, "point": 1000, "flag": "FLAG_IS_[LtNMLcSqtzjFwcx]"}, "model": "scoreserver.flag"}, {"pk": 40, "fields": {"question": 30, "point": 600, "flag": "FLAG_IS_[XvexXPfQMjCdqnH]"}, "model": "scoreserver.flag"}, {"pk": 41, "fields": {"question": 5, "point": 500, "flag": "FLAG_IS_[nDQczgOcZwlBVsf]"}, "model": "scoreserver.flag"}, {"pk": 42, "fields": {"question": 36, "point": 400, "flag": "FLAG_IS_[ghBYoGbEUfsNBhk]"}, "model": "scoreserver.flag"}, {"pk": 43, "fields": {"question": 9, "point": 600, "flag": "FLAG_IS_[sWkHXjuBCVUhvNn]"}, "model": "scoreserver.flag"}, {"pk": 44, "fields": {"question": 10, "point": 600, "flag": "FLAG_IS_[jPaRMCoGKcOqDas]"}, "model": "scoreserver.flag"}, {"pk": 45, "fields": {"question": 29, "point": 500, "flag": "FLAG_IS_[OogUjgnOvvTROTG]"}, "model": "scoreserver.flag"}, {"pk": 46, "fields": {"question": 17, "point": 200, "flag": "FLAG_IS_[jrkjuoDMJipZQkC]"}, "model": "scoreserver.flag"}, {"pk": 47, "fields": {"question": 25, "point": 800, "flag": "FLAG_IS_[AIpkxOSOGMZyrfr]"}, "model": "scoreserver.flag"}, {"pk": 48, "fields": {"question": 47, "point": 1100, "flag": "FLAG_IS_[QylbIacIbEWAQZf]"}, "model": "scoreserver.flag"}, {"pk": 49, "fields": {"question": 45, "point": 400, "flag": "FLAG_IS_[WVqhlFPPEsysYFc]"}, "model": "scoreserver.flag"}, {"pk": 50, "fields": {"question": 27, "point": 300, "flag": "FLAG_IS_[UlbknNrvDJKLDKs]"}, "model": "scoreserver.flag"}, {"pk": 51, "fields": {"question": 18, "point": 800, "flag": "FLAG_IS_[FPysJfyzagxgbgn]"}, "model": "scoreserver.flag"}, {"pk": 52, "fields": {"question": 10, "point": 100, "flag": "FLAG_IS_[ZSLTefxUdfszYMW]"}, "model": "scoreserver.flag"}, {"pk": 53, "fields": {"question": 27, "point": 300, "flag": "FLAG_IS_[AhPyYXOPyzqUGTU]"}, "model": "scoreserver.flag"}, {"pk": 54, "fields": {"question": 43, "point": 400, "flag": "FLAG_IS_[wtJlOlaIziJnmoJ]"}, "model": "scoreserver.flag"}, {"pk": 55, "fields": {"question": 7, "point": 200, "flag": "FLAG_IS_[LoyVxgmBUeeLDRc]"}, "model": "scoreserver.flag"}, {"pk": 56, "fields": {"question": 11, "point": 200, "flag": "FLAG_IS_[CuhRHSGDSFkcSir]"}, "model": "scoreserver.flag"}, {"pk": 57, "fields": {"question": 38, "point": 300, "flag": "FLAG_IS_[nzkTwCQFLQObAkZ]"}, "model": "scoreserver.flag"}, {"pk": 58, "fields": {"question": 34, "point": 600, "flag": "FLAG_IS_[nWmMNXqhuZAcBAf]"}, "model": "scoreserver.flag"}, {"pk": 59, "fields": {"question": 34, "point": 300, "flag": "FLAG_IS_[SLUtMgGOkVfniit]"}, "model": "scoreserver.flag"}, {"pk": 60, "fields": {"question": 37, "point": 900, "flag": "FLAG_IS_[aswooyizHPlqxoy]"}, "model": "scoreserver.flag"}, {"pk": 61, "fields": {"question": 38, "point": 900, "flag": "FLAG_IS_[RSrMnVQJsNLjajE]"}, "model": "scoreserver.flag"}, {"pk": 62, "fields": {"question": 22, "point": 500, "flag": "FLAG_IS_[GNGpsYzHXabwRXn]"}, "model": "scoreserver.flag"}, {"pk": 63, "fields": {"question": 27, "point": 600, "flag": "FLAG_IS_[kGIhcXmcvEkuZbq]"}, "model": "scoreserver.flag"}, {"pk": 64, "fields": {"question": 36, "point": 1000, "flag": "FLAG_IS_[dnGGhmAChKvdYdn]"}, "model": "scoreserver.flag"}, {"pk": 65, "fields": {"question": 21, "point": 700, "flag": "FLAG_IS_[JATEQPpebYnBjDZ]"}, "model": "scoreserver.flag"}, {"pk": 66, "fields": {"question": 4, "point": 1000, "flag": "FLAG_IS_[VWKWEmOGgbFYtsw]"}, "model": "scoreserver.flag"}, {"pk": 67, "fields": {"question": 11, "point": 500, "flag": "FLAG_IS_[UErNFjYTMNASRow]"}, "model": "scoreserver.flag"}, {"pk": 68, "fields": {"question": 3, "point": 1000, "flag": "FLAG_IS_[uahILCjTxDPOLeG]"}, "model": "scoreserver.flag"}, {"pk": 69, "fields": {"question": 5, "point": 500, "flag": "FLAG_IS_[NvjLtCjlKGzxkRg]"}, "model": "scoreserver.flag"}, {"pk": 70, "fields": {"question": 14, "point": 300, "flag": "FLAG_IS_[paMUoNpKCYyXNRo]"}, "model": "scoreserver.flag"}, {"pk": 71, "fields": {"question": 29, "point": 100, "flag": "FLAG_IS_[DRUZUHYCEAKViKe]"}, "model": "scoreserver.flag"}, {"pk": 72, "fields": {"question": 20, "point": 100, "flag": "FLAG_IS_[WJKdAHlebkSswMb]"}, "model": "scoreserver.flag"}, {"pk": 73, "fields": {"question": 6, "point": 500, "flag": "FLAG_IS_[DqbcSASTuPiUZvr]"}, "model": "scoreserver.flag"}, {"pk": 74, "fields": {"question": 47, "point": 800, "flag": "FLAG_IS_[vllBvMYPtusNHVL]"}, "model": "scoreserver.flag"}, {"pk": 75, "fields": {"question": 45, "point": 600, "flag": "FLAG_IS_[gBtanGNnekGoKhp]"}, "model": "scoreserver.flag"}, {"pk": 76, "fields": {"question": 41, "point": 200, "flag": "FLAG_IS_[WbuYlPHWREsQlwk]"}, "model": "scoreserver.flag"}, {"pk": 77, "fields": {"question": 26, "point": 300, "flag": "FLAG_IS_[csMHMGKPsSWCoZW]"}, "model": "scoreserver.flag"}, {"pk": 78, "fields": {"question": 34, "point": 100, "flag": "FLAG_IS_[TyCipqXvaWMimFc]"}, "model": "scoreserver.flag"}, {"pk": 79, "fields": {"question": 15, "point": 100, "flag": "FLAG_IS_[wQjYLqNQCaWoPYd]"}, "model": "scoreserver.flag"}, {"pk": 80, "fields": {"question": 29, "point": 1100, "flag": "FLAG_IS_[ngYygvyRCLtTXbS]"}, "model": "scoreserver.flag"}, {"pk": 81, "fields": {"question": 28, "point": 100, "flag": "FLAG_IS_[xzkurefggHatlit]"}, "model": "scoreserver.flag"}, {"pk": 82, "fields": {"question": 23, "point": 400, "flag": "FLAG_IS_[VVomHXZyUsPbwXA]"}, "model": "scoreserver.flag"}, {"pk": 83, "fields": {"question": 19, "point": 100, "flag": "FLAG_IS_[zsdhaIBMQWmZYAd]"}, "model": "scoreserver.flag"}, {"pk": 84, "fields": {"question": 39, "point": 600, "flag": "FLAG_IS_[WyLQOxEeWnBTJov]"}, "model": "scoreserver.flag"}, {"pk": 85, "fields": {"question": 46, "point": 200, "flag": "FLAG_IS_[SujmmYoDVPgIeZo]"}, "model": "scoreserver.flag"}, {"pk": 86, "fields": {"question": 24, "point": 600, "flag": "FLAG_IS_[RaRYzIrbHRublul]"}, "model": "scoreserver.flag"}, {"pk": 87, "fields": {"question": 24, "point": 400, "flag": "FLAG_IS_[lwisGTauomAOzRE]"}, "model": "scoreserver.flag"}, {"pk": 88, "fields": {"question": 5, "point": 600, "flag": "FLAG_IS_[bIKsNHWSEnLldgX]"}, "model": "scoreserver.flag"}, {"pk": 89, "fields": {"question": 32, "point": 1000, "flag": "FLAG_IS_[rLuweFMVXmAWUTj]"}, "model": "scoreserver.flag"}, {"pk": 90, "fields": {"question": 23, "point": 600, "flag": "FLAG_IS_[pfELOyrxRAcKNtu]"}, "model": "scoreserver.flag"}, {"pk": 91, "fields": {"question": 38, "point": 1100, "flag": "FLAG_IS_[NHXPaCWxmYetSpw]"}, "model": "scoreserver.flag"}, {"pk": 92, "fields": {"question": 2, "point": 1100, "flag": "FLAG_IS_[QuYBVvmzskHjWNk]"}, "model": "scoreserver.flag"}, {"pk": 93, "fields": {"question": 14, "point": 300, "flag": "FLAG_IS_[fthtctpgbbpUCJT]"}, "model": "scoreserver.flag"}, {"pk": 94, "fields": {"question": 3, "point": 600, "flag": "FLAG_IS_[rvSzEhqpRNABzjL]"}, "model": "scoreserver.flag"}, {"pk": 95, "fields": {"question": 41, "point": 1100, "flag": "FLAG_IS_[TnhXIhqjyytMKRU]"}, "model": "scoreserver.flag"}, {"pk": 96, "fields": {"question": 39, "point": 600, "flag": "FLAG_IS_[LFCEHLfLCzZFLTl]"}, "model": "scoreserver.flag"}, {"pk": 97, "fields": {"question": 24, "point": 900, "flag": "FLAG_IS_[WXDsQCmxuQunPSM]"}, "model": "scoreserver.flag"}, {"pk": 98, "fields": {"question": 38, "point": 1000, "flag": "FLAG_IS_[alZvncQEafrmuJr]"}, "model": "scoreserver.flag"}, {"pk": 99, "fields": {"question": 42, "point": 900, "flag": "FLAG_IS_[gDzvQBmKnjZQXvS]"}, "model": "scoreserver.flag"}, {"pk": 100, "fields": {"question": 42, "point": 800, "flag": "FLAG_IS_[VbtZBBeQoECNMIT]"}, "model": "scoreserver.flag"}, {"pk": 101, "fields": {"question": 13, "point": 600, "flag": "FLAG_IS_[YMnJALwmaQMDzGy]"}, "model": "scoreserver.flag"}, {"pk": 102, "fields": {"question": 26, "point": 100, "flag": "FLAG_IS_[rknSnniyxhaKMBa]"}, "model": "scoreserver.flag"}, {"pk": 103, "fields": {"question": 21, "point": 900, "flag": "FLAG_IS_[bnkJghyZESjdrbI]"}, "model": "scoreserver.flag"}, {"pk": 104, "fields": {"question": 16, "point": 900, "flag": "FLAG_IS_[IIcJMFJBxZZHQEg]"}, "model": "scoreserver.flag"}, {"pk": 105, "fields": {"question": 34, "point": 1000, "flag": "FLAG_IS_[gcooaDTAcaEdfsQ]"}, "model": "scoreserver.flag"}, {"pk": 106, "fields": {"question": 8, "point": 900, "flag": "FLAG_IS_[IJYESZxCeldqKqw]"}, "model": "scoreserver.flag"}, {"pk": 107, "fields": {"question": 45, "point": 900, "flag": "FLAG_IS_[RAcUpuyJgzpEQfx]"}, "model": "scoreserver.flag"}, {"pk": 108, "fields": {"question": 1, "point": 300, "flag": "FLAG_IS_[AXqDmcyZXLorPhg]"}, "model": "scoreserver.flag"}, {"pk": 109, "fields": {"question": 39, "point": 200, "flag": "FLAG_IS_[GLaWnzgAnYhAAaA]"}, "model": "scoreserver.flag"}, {"pk": 110, "fields": {"question": 42, "point": 300, "flag": "FLAG_IS_[MWCYPkJJvpdrzkE]"}, "model": "scoreserver.flag"}, {"pk": 111, "fields": {"question": 46, "point": 700, "flag": "FLAG_IS_[UzkmPKJwXuImvib]"}, "model": "scoreserver.flag"}, {"pk": 112, "fields": {"question": 36, "point": 200, "flag": "FLAG_IS_[EdEwTrVBdwZBWDK]"}, "model": "scoreserver.flag"}, {"pk": 113, "fields": {"question": 26, "point": 1000, "flag": "FLAG_IS_[VgsqLyUnBBwqYru]"}, "model": "scoreserver.flag"}, {"pk": 114, "fields": {"question": 43, "point": 300, "flag": "FLAG_IS_[LdPvZTJhNxUUYSd]"}, "model": "scoreserver.flag"}, {"pk": 115, "fields": {"question": 33, "point": 600, "flag": "FLAG_IS_[ihTiMWukBEXJMeP]"}, "model": "scoreserver.flag"}, {"pk": 116, "fields": {"question": 38, "point": 800, "flag": "FLAG_IS_[NZZKNfdUPOIxfpB]"}, "model": "scoreserver.flag"}, {"pk": 117, "fields": {"question": 29, "point": 100, "flag": "FLAG_IS_[ErqVSWRfTUpFLdk]"}, "model": "scoreserver.flag"}, {"pk": 118, "fields": {"question": 6, "point": 700, "flag": "FLAG_IS_[HZaflKkZfrElhRK]"}, "model": "scoreserver.flag"}, {"pk": 119, "fields": {"question": 29, "point": 500, "flag": "FLAG_IS_[TZFahWgxsHCYXXa]"}, "model": "scoreserver.flag"}, {"pk": 120, "fields": {"question": 48, "point": 200, "flag": "FLAG_IS_[GSvhCyLqdisVpUF]"}, "model": "scoreserver.flag"}, {"pk": 121, "fields": {"question": 46, "point": 100, "flag": "FLAG_IS_[qVPvPHQPAkpJFda]"}, "model": "scoreserver.flag"}, {"pk": 122, "fields": {"question": 28, "point": 100, "flag": "FLAG_IS_[apIArnZwwMnViqJ]"}, "model": "scoreserver.flag"}, {"pk": 123, "fields": {"question": 21, "point": 300, "flag": "FLAG_IS_[UJMmLAxXBTiOqKX]"}, "model": "scoreserver.flag"}, {"pk": 124, "fields": {"question": 45, "point": 200, "flag": "FLAG_IS_[ibwLfnziocZtoSl]"}, "model": "scoreserver.flag"}, {"pk": 125, "fields": {"question": 10, "point": 500, "flag": "FLAG_IS_[dpNxhNmnzlbpEva]"}, "model": "scoreserver.flag"}, {"pk": 126, "fields": {"question": 32, "point": 600, "flag": "FLAG_IS_[PYnsuJoohxJSpcr]"}, "model": "scoreserver.flag"}, {"pk": 127, "fields": {"question": 31, "point": 1100, "flag": "FLAG_IS_[cxyIpMYRVlBoUwE]"}, "model": "scoreserver.flag"}, {"pk": 128, "fields": {"question": 2, "point": 300, "flag": "FLAG_IS_[UsdBdoEJLDWOHzk]"}, "model": "scoreserver.flag"}, {"pk": 129, "fields": {"question": 39, "point": 900, "flag": "FLAG_IS_[ASJNqCgnLBxszKO]"}, "model": "scoreserver.flag"}, {"pk": 130, "fields": {"question": 33, "point": 1000, "flag": "FLAG_IS_[edcFRaTbtGCCgHc]"}, "model": "scoreserver.flag"}, {"pk": 131, "fields": {"question": 18, "point": 800, "flag": "FLAG_IS_[sToUUdpWigESWbw]"}, "model": "scoreserver.flag"}, {"pk": 132, "fields": {"question": 40, "point": 1000, "flag": "FLAG_IS_[CMldBCLNyvJbsId]"}, "model": "scoreserver.flag"}, {"pk": 133, "fields": {"question": 5, "point": 200, "flag": "FLAG_IS_[frFrRtePuNXgCvh]"}, "model": "scoreserver.flag"}, {"pk": 134, "fields": {"question": 14, "point": 1000, "flag": "FLAG_IS_[qTBiAEcBmZuAEVK]"}, "model": "scoreserver.flag"}, {"pk": 135, "fields": {"question": 23, "point": 1000, "flag": "FLAG_IS_[RjAXKgxIgaovqEk]"}, "model": "scoreserver.flag"}, {"pk": 136, "fields": {"question": 44, "point": 1000, "flag": "FLAG_IS_[VZzFPzXaLhaoLQP]"}, "model": "scoreserver.flag"}, {"pk": 137, "fields": {"question": 49, "point": 1000, "flag": "FLAG_IS_[AkELdeQCNAEoNKP]"}, "model": "scoreserver.flag"}, {"pk": 138, "fields": {"question": 1, "point": 400, "flag": "FLAG_IS_[kMGDMCXtyggaTcF]"}, "model": "scoreserver.flag"}, {"pk": 139, "fields": {"question": 21, "point": 300, "flag": "FLAG_IS_[SOoTEZxVfVkibWc]"}, "model": "scoreserver.flag"}, {"pk": 140, "fields": {"question": 41, "point": 800, "flag": "FLAG_IS_[DDjAmVjhGUkaYGb]"}, "model": "scoreserver.flag"}, {"pk": 141, "fields": {"question": 15, "point": 100, "flag": "FLAG_IS_[LsIYrtGQfOZRUye]"}, "model": "scoreserver.flag"}, {"pk": 142, "fields": {"question": 46, "point": 300, "flag": "FLAG_IS_[sZLgXASkaLmJivm]"}, "model": "scoreserver.flag"}, {"pk": 143, "fields": {"question": 28, "point": 1000, "flag": "FLAG_IS_[WIZfGVnFviJlPRo]"}, "model": "scoreserver.flag"}, {"pk": 144, "fields": {"question": 1, "point": 200, "flag": "FLAG_IS_[dDbBCecVhJchBNT]"}, "model": "scoreserver.flag"}, {"pk": 145, "fields": {"question": 12, "point": 600, "flag": "FLAG_IS_[gsJhOJqNkUoxMOZ]"}, "model": "scoreserver.flag"}, {"pk": 146, "fields": {"question": 16, "point": 500, "flag": "FLAG_IS_[JQnNbzGxhApBfnh]"}, "model": "scoreserver.flag"}, {"pk": 147, "fields": {"question": 3, "point": 400, "flag": "FLAG_IS_[qSxhinAfTwXERPa]"}, "model": "scoreserver.flag"}, {"pk": 148, "fields": {"question": 17, "point": 300, "flag": "FLAG_IS_[oafHSjyyIVTsZNh]"}, "model": "scoreserver.flag"}, {"pk": 149, "fields": {"question": 2, "point": 1000, "flag": "FLAG_IS_[zTtxTGXvoNIQdJq]"}, "model": "scoreserver.flag"}, {"pk": 150, "fields": {"question": 25, "point": 400, "flag": "FLAG_IS_[jfobIhjnXUnqGJX]"}, "model": "scoreserver.flag"}, {"pk": 151, "fields": {"question": 30, "point": 600, "flag": "FLAG_IS_[EqXQZPTrCsVBVpP]"}, "model": "scoreserver.flag"}, {"pk": 152, "fields": {"question": 4, "point": 400, "flag": "FLAG_IS_[hhkXamqiGoZlxnU]"}, "model": "scoreserver.flag"}, {"pk": 153, "fields": {"question": 37, "point": 500, "flag": "FLAG_IS_[BTBIQbkROjUhZsV]"}, "model": "scoreserver.flag"}, {"pk": 154, "fields": {"question": 39, "point": 600, "flag": "FLAG_IS_[EUrLdULmjqDXOVU]"}, "model": "scoreserver.flag"}, {"pk": 155, "fields": {"question": 18, "point": 300, "flag": "FLAG_IS_[nPxwAjRgAKwofnL]"}, "model": "scoreserver.flag"}, {"pk": 156, "fields": {"question": 6, "point": 1000, "flag": "FLAG_IS_[VjamrozztmPYpxZ]"}, "model": "scoreserver.flag"}, {"pk": 157, "fields": {"question": 2, "point": 700, "flag": "FLAG_IS_[aUdLVjAbgLmBhpk]"}, "model": "scoreserver.flag"}, {"pk": 158, "fields": {"question": 27, "point": 700, "flag": "FLAG_IS_[mQtHxQcyOpHCwaO]"}, "model": "scoreserver.flag"}, {"pk": 159, "fields": {"question": 23, "point": 300, "flag": "FLAG_IS_[UTCzHKPlbGGalkK]"}, "model": "scoreserver.flag"}, {"pk": 160, "fields": {"question": 30, "point": 900, "flag": "FLAG_IS_[gTVdPcMCzfzqpWf]"}, "model": "scoreserver.flag"}, {"pk": 161, "fields": {"question": 12, "point": 1100, "flag": "FLAG_IS_[RNUWTStEtiDsbQC]"}, "model": "scoreserver.flag"}, {"pk": 162, "fields": {"question": 25, "point": 700, "flag": "FLAG_IS_[pxQJwPoPlVsxvRk]"}, "model": "scoreserver.flag"}, {"pk": 163, "fields": {"question": 40, "point": 900, "flag": "FLAG_IS_[ddtzhQjjBeBLMNM]"}, "model": "scoreserver.flag"}, {"pk": 164, "fields": {"question": 46, "point": 1100, "flag": "FLAG_IS_[PJutZGhnLIIGbpZ]"}, "model": "scoreserver.flag"}, {"pk": 165, "fields": {"question": 9, "point": 500, "flag": "FLAG_IS_[FUzUwbkQagqTFWF]"}, "model": "scoreserver.flag"}, {"pk": 166, "fields": {"question": 6, "point": 1100, "flag": "FLAG_IS_[BRqcykrsXMzlhsi]"}, "model": "scoreserver.flag"}, {"pk": 167, "fields": {"question": 7, "point": 900, "flag": "FLAG_IS_[iEySZLlTmrgUSHN]"}, "model": "scoreserver.flag"}, {"pk": 168, "fields": {"question": 27, "point": 800, "flag": "FLAG_IS_[EEAzSKBzZiOWnuA]"}, "model": "scoreserver.flag"}, {"pk": 169, "fields": {"question": 23, "point": 1000, "flag": "FLAG_IS_[nyDCGqbSsWYHSWO]"}, "model": "scoreserver.flag"}, {"pk": 170, "fields": {"question": 36, "point": 100, "flag": "FLAG_IS_[rswaoOGYudxjUUO]"}, "model": "scoreserver.flag"}, {"pk": 171, "fields": {"question": 36, "point": 1100, "flag": "FLAG_IS_[OpdXiXQpxDsWWks]"}, "model": "scoreserver.flag"}, {"pk": 172, "fields": {"question": 14, "point": 800, "flag": "FLAG_IS_[WsnePwvyzRNVeTb]"}, "model": "scoreserver.flag"}, {"pk": 173, "fields": {"question": 21, "point": 600, "flag": "FLAG_IS_[jBrAScpprzNzvZq]"}, "model": "scoreserver.flag"}, {"pk": 174, "fields": {"question": 32, "point": 700, "flag": "FLAG_IS_[efDrBPUIzzBqEYq]"}, "model": "scoreserver.flag"}, {"pk": 175, "fields": {"question": 10, "point": 1000, "flag": "FLAG_IS_[zYZNtXOOemVXBsS]"}, "model": "scoreserver.flag"}, {"pk": 176, "fields": {"question": 40, "point": 400, "flag": "FLAG_IS_[MQPTyqZIlQpHlje]"}, "model": "scoreserver.flag"}, {"pk": 177, "fields": {"question": 21, "point": 500, "flag": "FLAG_IS_[wSulHtDJaNznBDF]"}, "model": "scoreserver.flag"}, {"pk": 178, "fields": {"question": 42, "point": 1000, "flag": "FLAG_IS_[CsOvTHYuBEGNzSu]"}, "model": "scoreserver.flag"}, {"pk": 179, "fields": {"question": 6, "point": 500, "flag": "FLAG_IS_[djYGiVylwQTVtVD]"}, "model": "scoreserver.flag"}, {"pk": 180, "fields": {"question": 20, "point": 100, "flag": "FLAG_IS_[kQYpcoAruYhspDL]"}, "model": "scoreserver.flag"}, {"pk": 181, "fields": {"question": 38, "point": 100, "flag": "FLAG_IS_[odVuCEkLYrUVcFW]"}, "model": "scoreserver.flag"}, {"pk": 182, "fields": {"question": 5, "point": 200, "flag": "FLAG_IS_[wNhhubtecKxvsRx]"}, "model": "scoreserver.flag"}, {"pk": 183, "fields": {"question": 3, "point": 500, "flag": "FLAG_IS_[fFGoLzfbVHXjCOH]"}, "model": "scoreserver.flag"}, {"pk": 184, "fields": {"question": 3, "point": 1000, "flag": "FLAG_IS_[VvqInsBFUvexxLc]"}, "model": "scoreserver.flag"}, {"pk": 185, "fields": {"question": 22, "point": 400, "flag": "FLAG_IS_[hdBOKsbVGxGqMkZ]"}, "model": "scoreserver.flag"}, {"pk": 186, "fields": {"question": 27, "point": 1000, "flag": "FLAG_IS_[FeGYjyHJykwiQRL]"}, "model": "scoreserver.flag"}, {"pk": 187, "fields": {"question": 12, "point": 300, "flag": "FLAG_IS_[iLmLahGBylhAzKd]"}, "model": "scoreserver.flag"}, {"pk": 188, "fields": {"question": 14, "point": 900, "flag": "FLAG_IS_[HVgweBaDtywXDae]"}, "model": "scoreserver.flag"}, {"pk": 189, "fields": {"question": 19, "point": 400, "flag": "FLAG_IS_[fIhpVjfEwEHzCKL]"}, "model": "scoreserver.flag"}, {"pk": 190, "fields": {"question": 15, "point": 800, "flag": "FLAG_IS_[GyYzAxMekZkAHcs]"}, "model": "scoreserver.flag"}, {"pk": 191, "fields": {"question": 43, "point": 800, "flag": "FLAG_IS_[PpeaPSkWrPFZfkH]"}, "model": "scoreserver.flag"}, {"pk": 192, "fields": {"question": 38, "point": 800, "flag": "FLAG_IS_[JneEghMacUcrbjL]"}, "model": "scoreserver.flag"}, {"pk": 193, "fields": {"question": 11, "point": 1000, "flag": "FLAG_IS_[XmkzLnenZyRKWES]"}, "model": "scoreserver.flag"}, {"pk": 194, "fields": {"question": 47, "point": 500, "flag": "FLAG_IS_[zIoobYjftDrojOw]"}, "model": "scoreserver.flag"}, {"pk": 195, "fields": {"question": 35, "point": 1000, "flag": "FLAG_IS_[vLoKfRnDVNMqIIK]"}, "model": "scoreserver.flag"}, {"pk": 196, "fields": {"question": 42, "point": 600, "flag": "FLAG_IS_[bcUdytkvphfdsjb]"}, "model": "scoreserver.flag"}, {"pk": 197, "fields": {"question": 24, "point": 900, "flag": "FLAG_IS_[dZqSPscmgZxlMEf]"}, "model": "scoreserver.flag"}, {"pk": 198, "fields": {"question": 23, "point": 300, "flag": "FLAG_IS_[iqiBEqSerzWlAKb]"}, "model": "scoreserver.flag"}, {"pk": 199, "fields": {"question": 22, "point": 1100, "flag": "FLAG_IS_[cmsELzzMnQXDeKe]"}, "model": "scoreserver.flag"}, {"pk": 0, "fields": {"password": "pbkdf2_sha256$24000$UTPwRial133i$MLnIiac0jYaU41vJrQiIER6eRRqKVEcrERB5bylSUE0=", "username": "user0"}, "model": "auth.user"}, {"pk": 1, "fields": {"password": "pbkdf2_sha256$24000$UNBoAHLWTK8F$vUy9Qf5CGjplYEuFWu8qpBRWN8tfatRk+At+E3KVw+E=", "username": "user1"}, "model": "auth.user"}, {"pk": 2, "fields": {"password": "pbkdf2_sha256$24000$75kbqzVyXs21$apGGGYq8UJOlcrT/WNcsrh5qvdZd5dKn8dquqXZegqs=", "username": "user2"}, "model": "auth.user"}, {"pk": 3, "fields": {"password": "pbkdf2_sha256$24000$ezfkgmnh0BJq$gRcbMe5JCPMaJ2LTbLcmS9mw4dOoHlb0NAHKMXk7JE8=", "username": "user3"}, "model": "auth.user"}, {"pk": 4, "fields": {"password": "pbkdf2_sha256$24000$7wshuDIjO8BO$XdCG0FhbCQz33qM9EkMUsXUvfL8yxMXooWnDb6elLwc=", "username": "user4"}, "model": "auth.user"}, {"pk": 5, "fields": {"password": "pbkdf2_sha256$24000$CJSIDayfZCNQ$Zq2cRBC8uOcXrL/esQ6p4cryA+qsmVpXrX1jxloHgF8=", "username": "user5"}, "model": "auth.user"}, {"pk": 6, "fields": {"password": "pbkdf2_sha256$24000$EVUfdciSTJEX$1bU7s1TWcehGYVvIT4jqE+gzzcX/jXoh8ZL2CtuLiGk=", "username": "user6"}, "model": "auth.user"}, {"pk": 7, "fields": {"password": "pbkdf2_sha256$24000$z1FZjuq9oTAb$tjKzwUSr8eQtqCzdowEDOj747txu6mAWwkVCwRS64Vo=", "username": "user7"}, "model": "auth.user"}, {"pk": 8, "fields": {"password": "pbkdf2_sha256$24000$KrOh1CfDUYGa$TZniu9RK2zyUoY9RBCDy+406fRPOrGQe6Hunf2f5/aE=", "username": "user8"}, "model": "auth.user"}, {"pk": 9, "fields": {"password": "pbkdf2_sha256$24000$BUDFgSuA8o9J$s4E0kZ/dPmKwrJu96TYZbP6+1OtI0K6syj5n0AC8ris=", "username": "user9"}, "model": "auth.user"}, {"pk": 10, "fields": {"password": "pbkdf2_sha256$24000$c41NNaGt85xX$fYIKdFECuzdn8X1rbxCcx90bqzVbL8FNlko+ZpXuzc8=", "username": "user10"}, "model": "auth.user"}, {"pk": 11, "fields": {"password": "pbkdf2_sha256$24000$duMdYkcnSotg$QmdTPMZq9GoJ61g78mQMs8IX3FmfJ93YLg8SGKN+AoE=", "username": "user11"}, "model": "auth.user"}, {"pk": 12, "fields": {"password": "pbkdf2_sha256$24000$w70cuvWVzMTF$7f0IbsT1AAkxVw6N9GtUasBnVDOEX5hm4ZSngVK07WY=", "username": "user12"}, "model": "auth.user"}, {"pk": 13, "fields": {"password": "pbkdf2_sha256$24000$T6pz9UVQu4qc$iIFHpVZTYZ5BL78P/VzoyhLD2FBf5GFlChs0JTlHv8w=", "username": "user13"}, "model": "auth.user"}, {"pk": 14, "fields": {"password": "pbkdf2_sha256$24000$9fD2YnygNHNH$El/Sy/eXE+evFRDUfSM2WXT3f461AKODtD1xtdZ5Bb0=", "username": "user14"}, "model": "auth.user"}, {"pk": 15, "fields": {"password": "pbkdf2_sha256$24000$rIWy2hFZnbPe$zggmR9viZcAAnb1tALn10jVISPofMSASYw2qv70pMuk=", "username": "user15"}, "model": "auth.user"}, {"pk": 16, "fields": {"password": "pbkdf2_sha256$24000$H245RnkMiAIj$bBji3/IkXE7mOwUegdMFtZf2Tk3w5mg2k/syq+pGXQQ=", "username": "user16"}, "model": "auth.user"}, {"pk": 17, "fields": {"password": "pbkdf2_sha256$24000$3tfNYcs5vil8$1LxbztApjEieCTIiMZb+tBerdJrNBGB8c/p7iFcUGJM=", "username": "user17"}, "model": "auth.user"}, {"pk": 18, "fields": {"password": "pbkdf2_sha256$24000$eKUYIolNwEXb$rVzDwH6ii9n77me+lHjnqkMhSrlnyDG55OkkiMbZTvc=", "username": "user18"}, "model": "auth.user"}, {"pk": 19, "fields": {"password": "pbkdf2_sha256$24000$NMnDEJ0143Lc$GJEa+BTQ4WikG1hE6kJhQMmhrsV+tUHszOAAvnUf4Jg=", "username": "user19"}, "model": "auth.user"}, {"pk": 20, "fields": {"password": "pbkdf2_sha256$24000$4wDXVnp0koBX$VGho8BGNk1RrETY6hLADskk5SYZL7OiGZMEhBeITrj8=", "username": "user20"}, "model": "auth.user"}, {"pk": 21, "fields": {"password": "pbkdf2_sha256$24000$Qc6jV9Ci2AJG$4yqD/RgLShOFya50hjd40y7V876qDOumBw6RKqGhzSo=", "username": "user21"}, "model": "auth.user"}, {"pk": 22, "fields": {"password": "pbkdf2_sha256$24000$cxBSCNGFX8rW$zt8mS0vP0GMCAGQka81EhBpcz+Q8ycietlvR4/NCVgw=", "username": "user22"}, "model": "auth.user"}, {"pk": 23, "fields": {"password": "pbkdf2_sha256$24000$rYWnGgCRQnyj$xuRruvvxJtxW+E5XDLYGkUDwGaZzJXBtIgCRg7TNdRc=", "username": "user23"}, "model": "auth.user"}, {"pk": 24, "fields": {"password": "pbkdf2_sha256$24000$1paQfRki2ttn$hZKLxXPodwrzwuvSeq5TgdQGPMQ1zFNNFWNfnHEebZ0=", "username": "user24"}, "model": "auth.user"}, {"pk": 25, "fields": {"password": "pbkdf2_sha256$24000$svhVhzYJOMnP$nGI09mhlbnuRGynvs7TWOluebIQBleJW6WFy2ZudIsU=", "username": "user25"}, "model": "auth.user"}, {"pk": 26, "fields": {"password": "pbkdf2_sha256$24000$ed5uYwZgE4eX$hmfqNHATphpcEqGQ6sZ+5o49Xm+KRg1RMzJ/+cmlXS8=", "username": "user26"}, "model": "auth.user"}, {"pk": 27, "fields": {"password": "pbkdf2_sha256$24000$da9wPMQCmdvR$L1W/N6bJ6hunOoFOQNaiWSkVehYG74uOiJB3xM7mXfg=", "username": "user27"}, "model": "auth.user"}, {"pk": 28, "fields": {"password": "pbkdf2_sha256$24000$dnx0jd79z5ow$qiWzIS5b428uLuBTQYK3OnvFgrELxSq8Hjf9OzfFe0c=", "username": "user28"}, "model": "auth.user"}, {"pk": 29, "fields": {"password": "pbkdf2_sha256$24000$1HmP6eplK5P9$RswjHk0RmiN84QeQly++Th+Z2b2jSwlUBdUR4b5i43k=", "username": "user29"}, "model": "auth.user"}, {"pk": 30, "fields": {"password": "pbkdf2_sha256$24000$BaLdLIOeSsVs$hXSGoXpL8pEqZSLzIRCBybl3DdqY/p8OFsSY4ddkEuM=", "username": "user30"}, "model": "auth.user"}, {"pk": 31, "fields": {"password": "pbkdf2_sha256$24000$LKcPOEI0Umu9$vSGZjhIP/XbwL/bmGDEQd1i47UJhYoYAlxCYeMV005Q=", "username": "user31"}, "model": "auth.user"}, {"pk": 32, "fields": {"password": "pbkdf2_sha256$24000$GytjzyxvsnIV$0ZIAXVX4R1A8Lk0KR56PHQPqsubYnQCea6jW1gpSj48=", "username": "user32"}, "model": "auth.user"}, {"pk": 33, "fields": {"password": "pbkdf2_sha256$24000$ci72IYfF2NX6$BN6CvCoxHgpecR2DFz7ZFqzQ5FI2trkyd2V/pFxtF2k=", "username": "user33"}, "model": "auth.user"}, {"pk": 34, "fields": {"password": "pbkdf2_sha256$24000$Sor8GYmozMPB$gYn/sJ2IudjnFKypvzix2axMYrJpOQaSRA68Q/BvrN0=", "username": "user34"}, "model": "auth.user"}, {"pk": 35, "fields": {"password": "pbkdf2_sha256$24000$DqMtEoadKIkT$990Jh2fYvVKdo+L7wxusVgWZd8VcA5k9EfuhaFqvrp8=", "username": "user35"}, "model": "auth.user"}, {"pk": 36, "fields": {"password": "pbkdf2_sha256$24000$szGA3PC5Zz8v$wUfvtxuQ1ouqaB+iDI+Q8Z8YdD+Y9WXfaTpm9SxVEC8=", "username": "user36"}, "model": "auth.user"}, {"pk": 37, "fields": {"password": "pbkdf2_sha256$24000$oEObS80gCAwB$AmuyutKdNR0sRtJDfSD8EpmQOjsgFF7zJlPuU/jqbIM=", "username": "user37"}, "model": "auth.user"}, {"pk": 38, "fields": {"password": "pbkdf2_sha256$24000$kOoQseqWsWwm$CAq9uW4wkwfo0V7ebpN6388ElNqOt/jftgE+cGXHuGc=", "username": "user38"}, "model": "auth.user"}, {"pk": 39, "fields": {"password": "pbkdf2_sha256$24000$v6V6ItBMYbBD$rT1RYjqUmp3lnK4hfiJ8/GTZNCyFbiUBMLUIShqccQw=", "username": "user39"}, "model": "auth.user"}, {"pk": 40, "fields": {"password": "pbkdf2_sha256$24000$8AQx4v5Ybi94$wivRE+B2OguXV7LvEEN/1deV8ZMT6jRGJBD48LxM0bI=", "username": "user40"}, "model": "auth.user"}, {"pk": 41, "fields": {"password": "pbkdf2_sha256$24000$pMVbcJ3YapqB$5SBgDUSoC9jE7LVFHtNqgBb/FbZCl9kCvB9UgZYkAYI=", "username": "user41"}, "model": "auth.user"}, {"pk": 42, "fields": {"password": "pbkdf2_sha256$24000$S8rzpSz4Y4Bp$bM22aDsVtHHh1L8uMrBgyd/9Nh/XKc4nInI8G7MtqjM=", "username": "user42"}, "model": "auth.user"}, {"pk": 43, "fields": {"password": "pbkdf2_sha256$24000$h1EAQFqCTZV5$YATd6IVzbc+n/z6odyQHIEOCPJHw0aSydHDwWXqMJzk=", "username": "user43"}, "model": "auth.user"}, {"pk": 44, "fields": {"password": "pbkdf2_sha256$24000$st2hMfOYajjq$J00PlVVzOrh3+qScne/0XHiwhKAnApmGCrH371R8cDI=", "username": "user44"}, "model": "auth.user"}, {"pk": 45, "fields": {"password": "pbkdf2_sha256$24000$udQc1PfLGNUI$xi5ok1L4ZAklV/+fH6qhAAontajUgMGhU8jCw/vFrzk=", "username": "user45"}, "model": "auth.user"}, {"pk": 46, "fields": {"password": "pbkdf2_sha256$24000$KVOs8aMYnrYp$mg4VJFMUwVCePiGcoGqIMmZfO7/MjENv8wBKLLoi2ms=", "username": "user46"}, "model": "auth.user"}, {"pk": 47, "fields": {"password": "pbkdf2_sha256$24000$JR7RohOw5S9Z$K0pOMOR/7VPp2Fof/L3iiSRhuioitLHjqChgiy0Vcus=", "username": "user47"}, "model": "auth.user"}, {"pk": 48, "fields": {"password": "pbkdf2_sha256$24000$QFtBgT2IZBYf$U3sSENZSc9D+l5YX/UAq+3RDfI0STESCUmDZFP3QBdw=", "username": "user48"}, "model": "auth.user"}, {"pk": 49, "fields": {"password": "pbkdf2_sha256$24000$hg80yhb9I8ws$FAzU+OkkHg3KUriMjnXuwtfjURD2SDcZeo7WDNVoUyw=", "username": "user49"}, "model": "auth.user"}, {"pk": 0, "fields": {"question": 45, "description": "ycpbzowEZzeNCYfMXZLvXwkloSBEFPJVqlCycUYHmiAOZrWJkURjwwbVgiKVQZdXTQvwAzTiOIgQYBHzRUWXTRMgEGTNZCHjzats"}, "model": "scoreserver.hint"}, {"pk": 1, "fields": {"question": 25, "description": "hVXtbGsmTuuycqTmOXSBZHoeongCayGKKUAqNaeXHuGNdgzyCNjUzKwmuTHNopzpwBitbdFgngGFspdTDhsaQskbuxtzFSbUYgIy"}, "model": "scoreserver.hint"}, {"pk": 2, "fields": {"question": 48, "description": "oDEmrgGzdlwjqGYRkjEzgugHUnpMcNyBYOVOXFDftDKStmUZHMmuDcsNgRnRKioCHhkAOexlfGSFpGTHHFgqOSSvHGwJPEGUtNAD"}, "model": "scoreserver.hint"}, {"pk": 3, "fields": {"question": 26, "description": "riWOQqMSgbSkZySjkkhhIyHeQYffihFVYLHsigEYolaJMXzvgZGXphBDtRkNkHWWNUybquCkkCWPTElUBcSubOJCLtXgCBTXldUr"}, "model": "scoreserver.hint"}, {"pk": 4, "fields": {"question": 37, "description": "jhQPERDBVxnwMxmiSBXRuXWCTUPpqxYpOEKzBTDyXjgHSghsdXcADwtZXppDtwutGrPsxbxLmMwItLzbtvyKFOlvncxFRvnDnIhq"}, "model": "scoreserver.hint"}, {"pk": 5, "fields": {"question": 21, "description": "hlzrDdPKAoLTUtbQkmketnbbaJUfUuMDrQLGzUWiswQzGevpjGwzKoylZNxoyLoVSxFNZtzZYacKtXxUvlLxmIvyBOXxKnmIELeM"}, "model": "scoreserver.hint"}, {"pk": 6, "fields": {"question": 3, "description": "zRPoybBHTnMnHQBlsmvQjscfCxJlwoYUtonmHNRaKEsJulKuOxyPoxLyFHVLEAojOzVTGJsumgWBbQZEXdvAHsJGSUbhQxLdmTYX"}, "model": "scoreserver.hint"}, {"pk": 7, "fields": {"question": 26, "description": "mIkMEVVGWzBMFVbGLpbhrVYoIRXwSMVyHEQphpEbEyWYAQLKEtXQrMsUmFfmVTfRjlMGrzuqLeIvcABROtrOxFIClsPNDfNKZmYS"}, "model": "scoreserver.hint"}, {"pk": 8, "fields": {"question": 12, "description": "xcciIiRrsBVDaBbtMytmpFyzPzSyWvSyoKWKbebWHPmajlWTXRFfCCNHKZGbIOgqHRaAtihvZzVRmZeDfaaNoJIIpAZMZFtrjPrD"}, "model": "scoreserver.hint"}, {"pk": 9, "fields": {"question": 35, "description": "hobFPRzFbSDaGFZwLSpGWzBBQPjUHAUDjmWNqycStYyBTUylQojwxoihrqQErWrwViyfbZVxZELbAWGCwByRdGtEhWPUpHHzYnAH"}, "model": "scoreserver.hint"}, {"pk": 10, "fields": {"question": 34, "description": "ERFzdyuCztBIQAkMBXyYutsitFzLXbHwnIZGIOfHoZRzNvWzuzqcQgELAYBiyFVPCWuLFagwGMpocYgScjocrpYxbGNPGomDKiOE"}, "model": "scoreserver.hint"}, {"pk": 11, "fields": {"question": 14, "description": "DqHlRYzXMbyplzsuddNOkabJSgqdNAzXWmDGJkLjOfsoiTNMSjdOtTfyHbMJsRquNBKbePLBoFxYwNKZBiennuhVgoXmrVZXRDsG"}, "model": "scoreserver.hint"}, {"pk": 12, "fields": {"question": 25, "description": "GZiCDGVzjKfVNquuaQZPcWtvdbaQHwYAmXDLYYoqoHMqnoUhoecdEFwdYjXJCsAvobjibGBweUnHKLUZUIgEGCocfNfZFWiakckp"}, "model": "scoreserver.hint"}, {"pk": 13, "fields": {"question": 11, "description": "WJJZcTuQOyjHKvDkhAYLXOxMiabZjUsbIRRNMjgASYaPmfPckSIvpvSqFQnictktTllhzHMuOWNOGjXNCnCouTvyFQmNFOKTzRfz"}, "model": "scoreserver.hint"}, {"pk": 14, "fields": {"question": 31, "description": "ZcYsBJGwPJFmdyzprUftNibKZtbCjXpgmGVkpVBvzDvPhcxgwcNZIDabcJYiFbiiffnvVIBRJVPBqMhjfSxFGAXNqVBQcRmnovpJ"}, "model": "scoreserver.hint"}, {"pk": 15, "fields": {"question": 45, "description": "MntOGplHvrfXTOPqOTZuneIlUXpSbTwDHyoGtQRtWeVlcJVPmIDxoyRezIxlMnKmvYdQmIvpAAzkVmQkfeFCSiLJHFRvLbnwwkyR"}, "model": "scoreserver.hint"}, {"pk": 16, "fields": {"question": 23, "description": "ajqpusuUfIyRDykZCVtkKBEazZmWYImEXxUYAEzfIgLVBrfOernWdfTjNReNCUwmoeRwyULIqvBiNJclBcQCIjoUuMRiDxpqMGrk"}, "model": "scoreserver.hint"}, {"pk": 17, "fields": {"question": 23, "description": "TfSQiBvwSQRBEdHUBKRThsCfRDWIOgEsavzhYhXHmFsoRRIBjteSZJncWzkkMsobTeWevEEpEONzPXyKqqmFDSiaGuebHFDgCXVO"}, "model": "scoreserver.hint"}, {"pk": 18, "fields": {"question": 27, "description": "PDgwuhpEVuLPtsnHioCPsmUrktClmrmPmtbMOlSiySKcdzWyfXwyTmacWJsskbUCahsxyOYxAjrkJzCDDmjFJUEmaTUPFRNvPXJk"}, "model": "scoreserver.hint"}, {"pk": 19, "fields": {"question": 1, "description": "PCNIZfAQSPMAhCjmTtViMStEPOvecZAmltfvjfEGfgMbbHVYwOxEmbEraQlgkBLVdsefCDizxNhTpzytGOzXoKPCiinXPJWxzDPw"}, "model": "scoreserver.hint"}, {"pk": 20, "fields": {"question": 49, "description": "GrobabQxlqhItmADiFDxhcyajGhtehqzVGyEPhiotUOGtTUdFDdpQliDBoJqrAurVAxGyuasDFvBworUypHhxjeTTvQKMhrARUIe"}, "model": "scoreserver.hint"}, {"pk": 21, "fields": {"question": 30, "description": "uhBBUcsLsmvidbAEmVKXXMwhSpUFelfncAYRzgWYSAYXHrWsPMmcyXOIfMTmXCRuoTcbXOXmeWIPFPbqYUilGvNlAStBpFNycjKJ"}, "model": "scoreserver.hint"}, {"pk": 22, "fields": {"question": 46, "description": "YDTtnVbwNOjPAsYnvWLbbzATeePetxQrGQxBEFdUhrsIcQymKIhwqRntwWuvSSOdODpUmmPddJFeqRjCRNsawGNhJAeJYTFwCZIz"}, "model": "scoreserver.hint"}, {"pk": 23, "fields": {"question": 15, "description": "fpqQhCzPrVoxJqjAoMwzoqlIpWJpSTaBtyyYxgLfgWNHTieHYEeImPDXKNpOTgOqRcDwfwssbcHALsFaKYbkhkfLpcjrjYkLIXEe"}, "model": "scoreserver.hint"}, {"pk": 24, "fields": {"question": 30, "description": "QrAzHyTDSBKZFKcCbbhybXacoeExXGwMoPtLgXwNHOSYbrQkNGVoBqGWDLqSPNxTwBzhfKMSPvvCCpvWVfVOjOzaICDsfFyRfGAf"}, "model": "scoreserver.hint"}, {"pk": 25, "fields": {"question": 7, "description": "RvvwMhsaJmZpobOlXrKanaZvABACvxKtrIsWikZCWlGiVXBYZTfvXvpAJztpyHdJYlinjnJXXeuHksQtYibYjKFHHUFgNHxOniwF"}, "model": "scoreserver.hint"}, {"pk": 26, "fields": {"question": 27, "description": "yyUUBDDEFjhVlIUGgVoCtvdtAqAjJJoHnNbXawUkmIYYheVJShDduQHUmUPKyhewxTReZylHwJNxZVgZCDcpGLkcGIXfEttBRzyX"}, "model": "scoreserver.hint"}, {"pk": 27, "fields": {"question": 4, "description": "zwhqmrgfjGVVVcDECdVstEMaXNqkuPesDfFmGjqRPpLjfqiBVCnejNoxWmCbvSdPPOzbxMmSoeuZSIZmpUppQstipizERxXbHlVU"}, "model": "scoreserver.hint"}, {"pk": 28, "fields": {"question": 3, "description": "MapyrVlgOlbqzxhTIOMZFBMdAodTJCKgSbWNJwfkemUuwBLGPQmalkCTDrelLmmrTtOgPrdqSWdCIksfOJeNriunDjJupFFUHSqR"}, "model": "scoreserver.hint"}, {"pk": 29, "fields": {"question": 33, "description": "fgsXaWzUaqEZgyIsOlYBHYZTbcXChNSUIouJSWycjyLNKomGSnagdILRYXNedQjayffgdCSlGcSqtbZvWRNnyQhaOALGrbiLrrjL"}, "model": "scoreserver.hint"}, {"pk": 30, "fields": {"question": 49, "description": "JmhtQprwMyUdZJlAxcraGlfbJdDIUDmFCxKxFYLsNWNliIAdZYaAJECOAAkTqJMoxFPbpRWfAPGfLSJIAqNFrDsdcuPLexHFpsaP"}, "model": "scoreserver.hint"}, {"pk": 31, "fields": {"question": 37, "description": "QwpTOYTGirwTdvsOlPqoeeVUtrAWtLfSICGMGrIBCVBFzMGtXpiRAnciWZPdYmRQQPByjdmmdiqDUNMaLNQaVUNbnNTTozbOGPaH"}, "model": "scoreserver.hint"}, {"pk": 32, "fields": {"question": 5, "description": "QXjmvXwvsseZqjfcAgnWvYXoKZXNitwhAjTZULfHnpyLGjmwOyWfglqRggYaANqDimuZmbECTyToBtrvmfTbibYqzXGrFONgxVzC"}, "model": "scoreserver.hint"}, {"pk": 33, "fields": {"question": 17, "description": "GAiXJmlGLiuZxqdjyNAtoiRrUgmEFZmFkgthZKHXhpRYGaRoMRJSWDjQgdLzXzqVOhoRuEvWRfoPLbrnQwEiClqDlbfdRPxBzZXp"}, "model": "scoreserver.hint"}, {"pk": 34, "fields": {"question": 34, "description": "yTTHcdYiTAsdfXyZdQmFWKgJZJLPayGyjslcmiQMwCCshIMYyTzjsScPjWogQsLSlsQzSlhzDFwiXljHvtrmHDqVoAarLWCkSjNP"}, "model": "scoreserver.hint"}, {"pk": 35, "fields": {"question": 11, "description": "lWHqlYYMODhrfVAbLzifRgbWSxgBsFdYbdyWjWKSxZAymSJECtgocbHUGCsVqXzcXYQRjAXDpgGKXTWgVafsGEQpnZPbvYIzzPUu"}, "model": "scoreserver.hint"}, {"pk": 36, "fields": {"question": 31, "description": "nLkzGVNbyYYcrBqNuuPcNElIPbCVBpGiGEGuAyRMWWCebfYvHWmYumoBObcbqinHbqskpJEInDKzIpTOWRqVzBfmLqwvpmPZLfjg"}, "model": "scoreserver.hint"}, {"pk": 37, "fields": {"question": 7, "description": "KllLWsrkfGUWcbvZlybiddcLUPioxqGFZCKzTUlvOCVExtCyhfCKFzyvjeNxOHVaBCucdXxRaMEtiCXneaunrNcujmPWKVdtlIyW"}, "model": "scoreserver.hint"}, {"pk": 38, "fields": {"question": 15, "description": "mJNnbHmSsFJrnazXAwHKUcezygUDjUHmgWRhMWsUxbiNNGCUuWhCTYFoygdhXBpwZjxjTnmkKoaLGRcRSvCdcFmmjeahimDDrlBQ"}, "model": "scoreserver.hint"}, {"pk": 39, "fields": {"question": 23, "description": "OgtTSYsQIvAmGlwkWKZoEcvoJXEbxjCssuexTZfECuVSmZGsjGMEkbeplPPGwYGPegiOrReMxBeTcdYJVMCZvekQlbGWLtbfzVGZ"}, "model": "scoreserver.hint"}, {"pk": 40, "fields": {"question": 34, "description": "wYeRpzwLRFCqOGiVFrJhgjkjiMOfQsinNvdKxPVKjfLvpVgidNGMGEDiGRiJtooCTgloTgjnyELAouLHwQygZjVWZlNmQlAjvIiJ"}, "model": "scoreserver.hint"}, {"pk": 41, "fields": {"question": 34, "description": "GdbzBhEhtHkqYCKHbixBdRZMLQMwSNTgJpjCrVQlpJDracIeFcwgroIwGPpBAKgGkGGUZGaQdRrEHjqqiRTzrUHEwuZEHskDEDai"}, "model": "scoreserver.hint"}, {"pk": 42, "fields": {"question": 41, "description": "rtjQIschKDqCyZKRVHsCCdbfEjvKzzgMfCLkIRqmNgpiKiaVKPjltTHfcxtpwiZOVafCNyWMZnPawutUOtjphsPOTvZyErmiOIzw"}, "model": "scoreserver.hint"}, {"pk": 43, "fields": {"question": 10, "description": "GExFjLzPsRAMSNqrLfBPgQPWbMPncyEtzfrJShvBhvLYRQGcdZGLHyCTJdEZsFJtIycofEeRXfnwhubMqHQUjVRbiuMBqHpuWxBb"}, "model": "scoreserver.hint"}, {"pk": 44, "fields": {"question": 31, "description": "MNTjcHJLdQBBUyiFdffChqBvOObEktOXcSuyfZwHSPUWqzKaicijEfuwTkauekzcIJZzwdneDjJaYrqVqyPfrxzxtyDMiQLvVRXm"}, "model": "scoreserver.hint"}, {"pk": 45, "fields": {"question": 10, "description": "lPdSiCpsgCwwGxjQLvsjhIbenemhoKvWzsAVHmLIpolfuzTQjaeIKwJAOTnuVsPSCxBVbBOFmiJYtvtnvWTgGkMmaKySMalJoAtd"}, "model": "scoreserver.hint"}, {"pk": 46, "fields": {"question": 33, "description": "UpqTwYsrcbYoyEMubAOXuKlFZxQcSHPzNSuMNjaVhLCeBLzrikashQUduqVrEyVoESJmICIXijHPgCwBODsJNshRSoZygWxkQuiG"}, "model": "scoreserver.hint"}, {"pk": 47, "fields": {"question": 11, "description": "ZMneLrzNuwVRjPGPrZkbPgGRNDtEbxfEbQzUWqYzqKDDHXMpvMXjcWMCbwMciwsQvYMVHtYbAPjIiylqMwVbkqdaPZMvDhLwSMNR"}, "model": "scoreserver.hint"}, {"pk": 48, "fields": {"question": 27, "description": "ggMsdxdrXOpoAUzGogyOjsTGzQaFoSfPUhYpslOuCJcEUJejmlVYzTZVJFTRzJaVFIsMXqfDzdbrZLtxDxzZKrLvkvbDqaSsxcYl"}, "model": "scoreserver.hint"}, {"pk": 49, "fields": {"question": 38, "description": "dNUSEYcEIfsqVhNfiJSwnLSbUOJlLpHhoQlxLMjiTjJiqQNnHOcGtsuoHlznLkZTgXekXChcJFPWXGiEbRaNXBzCeSEDOCPajUBL"}, "model": "scoreserver.hint"}, {"pk": 0, "fields": {"question": 9, "point": 1000, "user": 27}, "model": "scoreserver.attackpointhistory"}, {"pk": 1, "fields": {"question": 3, "point": 1000, "user": 9}, "model": "scoreserver.attackpointhistory"}, {"pk": 2, "fields": {"question": 7, "point": 1100, "user": 31}, "model": "scoreserver.attackpointhistory"}, {"pk": 3, "fields": {"question": 8, "point": 1000, "user": 48}, "model": "scoreserver.attackpointhistory"}, {"pk": 4, "fields": {"question": 1, "point": 1000, "user": 27}, "model": "scoreserver.attackpointhistory"}, {"pk": 5, "fields": {"question": 1, "point": 1000, "user": 41}, "model": "scoreserver.attackpointhistory"}, {"pk": 6, "fields": {"question": 2, "point": 1100, "user": 31}, "model": "scoreserver.attackpointhistory"}, {"pk": 7, "fields": {"question": 5, "point": 100, "user": 2}, "model": "scoreserver.attackpointhistory"}, {"pk": 8, "fields": {"question": 9, "point": 1000, "user": 29}, "model": "scoreserver.attackpointhistory"}, {"pk": 9, "fields": {"question": 5, "point": 500, "user": 28}, "model": "scoreserver.attackpointhistory"}, {"pk": 10, "fields": {"question": 4, "point": 1000, "user": 48}, "model": "scoreserver.attackpointhistory"}, {"pk": 11, "fields": {"question": 8, "point": 1000, "user": 9}, "model": "scoreserver.attackpointhistory"}, {"pk": 12, "fields": {"question": 3, "point": 1000, "user": 9}, "model": "scoreserver.attackpointhistory"}, {"pk": 13, "fields": {"question": 8, "point": 1000, "user": 21}, "model": "scoreserver.attackpointhistory"}, {"pk": 14, "fields": {"question": 9, "point": 1000, "user": 4}, "model": "scoreserver.attackpointhistory"}, {"pk": 15, "fields": {"question": 6, "point": 700, "user": 11}, "model": "scoreserver.attackpointhistory"}, {"pk": 16, "fields": {"question": 9, "point": 1000, "user": 43}, "model": "scoreserver.attackpointhistory"}, {"pk": 17, "fields": {"question": 3, "point": 1000, "user": 8}, "model": "scoreserver.attackpointhistory"}, {"pk": 18, "fields": {"question": 4, "point": 1000, "user": 45}, "model": "scoreserver.attackpointhistory"}, {"pk": 19, "fields": {"question": 2, "point": 1100, "user": 35}, "model": "scoreserver.attackpointhistory"}, {"pk": 20, "fields": {"question": 1, "point": 1000, "user": 16}, "model": "scoreserver.attackpointhistory"}, {"pk": 21, "fields": {"question": 5, "point": 700, "user": 20}, "model": "scoreserver.attackpointhistory"}, {"pk": 22, "fields": {"question": 7, "point": 1100, "user": 15}, "model": "scoreserver.attackpointhistory"}, {"pk": 23, "fields": {"question": 1, "point": 1000, "user": 5}, "model": "scoreserver.attackpointhistory"}, {"pk": 24, "fields": {"question": 6, "point": 700, "user": 37}, "model": "scoreserver.attackpointhistory"}, {"pk": 25, "fields": {"question": 2, "point": 1100, "user": 14}, "model": "scoreserver.attackpointhistory"}, {"pk": 26, "fields": {"question": 3, "point": 1000, "user": 20}, "model": "scoreserver.attackpointhistory"}, {"pk": 27, "fields": {"question": 8, "point": 1000, "user": 42}, "model": "scoreserver.attackpointhistory"}, {"pk": 28, "fields": {"question": 7, "point": 1100, "user": 34}, "model": "scoreserver.attackpointhistory"}, {"pk": 29, "fields": {"question": 4, "point": 1000, "user": 48}, "model": "scoreserver.attackpointhistory"}, {"pk": 30, "fields": {"question": 9, "point": 1000, "user": 25}, "model": "scoreserver.attackpointhistory"}, {"pk": 31, "fields": {"question": 3, "point": 1000, "user": 49}, "model": "scoreserver.attackpointhistory"}, {"pk": 32, "fields": {"question": 3, "point": 1000, "user": 24}, "model": "scoreserver.attackpointhistory"}, {"pk": 33, "fields": {"question": 6, "point": 700, "user": 41}, "model": "scoreserver.attackpointhistory"}, {"pk": 34, "fields": {"question": 4, "point": 1000, "user": 18}, "model": "scoreserver.attackpointhistory"}, {"pk": 35, "fields": {"question": 4, "point": 1000, "user": 36}, "model": "scoreserver.attackpointhistory"}, {"pk": 36, "fields": {"question": 3, "point": 1000, "user": 34}, "model": "scoreserver.attackpointhistory"}, {"pk": 37, "fields": {"question": 4, "point": 1000, "user": 22}, "model": "scoreserver.attackpointhistory"}, {"pk": 38, "fields": {"question": 6, "point": 700, "user": 25}, "model": "scoreserver.attackpointhistory"}, {"pk": 39, "fields": {"question": 1, "point": 1000, "user": 33}, "model": "scoreserver.attackpointhistory"}, {"pk": 40, "fields": {"question": 2, "point": 1100, "user": 47}, "model": "scoreserver.attackpointhistory"}, {"pk": 41, "fields": {"question": 6, "point": 700, "user": 41}, "model": "scoreserver.attackpointhistory"}, {"pk": 42, "fields": {"question": 4, "point": 1000, "user": 28}, "model": "scoreserver.attackpointhistory"}, {"pk": 43, "fields": {"question": 8, "point": 1000, "user": 31}, "model": "scoreserver.attackpointhistory"}, {"pk": 44, "fields": {"question": 7, "point": 1100, "user": 35}, "model": "scoreserver.attackpointhistory"}, {"pk": 45, "fields": {"question": 7, "point": 1100, "user": 18}, "model": "scoreserver.attackpointhistory"}, {"pk": 46, "fields": {"question": 6, "point": 700, "user": 36}, "model": "scoreserver.attackpointhistory"}, {"pk": 47, "fields": {"question": 1, "point": 1000, "user": 14}, "model": "scoreserver.attackpointhistory"}, {"pk": 48, "fields": {"question": 6, "point": 700, "user": 22}, "model": "scoreserver.attackpointhistory"}, {"pk": 49, "fields": {"question": 3, "point": 1000, "user": 24}, "model": "scoreserver.attackpointhistory"}, {"pk": 50, "fields": {"question": 2, "point": 1100, "user": 48}, "model": "scoreserver.attackpointhistory"}, {"pk": 51, "fields": {"question": 5, "point": 200, "user": 49}, "model": "scoreserver.attackpointhistory"}, {"pk": 52, "fields": {"question": 4, "point": 1000, "user": 30}, "model": "scoreserver.attackpointhistory"}, {"pk": 53, "fields": {"question": 4, "point": 1000, "user": 21}, "model": "scoreserver.attackpointhistory"}, {"pk": 54, "fields": {"question": 2, "point": 1100, "user": 34}, "model": "scoreserver.attackpointhistory"}, {"pk": 55, "fields": {"question": 6, "point": 700, "user": 43}, "model": "scoreserver.attackpointhistory"}, {"pk": 56, "fields": {"question": 2, "point": 1100, "user": 40}, "model": "scoreserver.attackpointhistory"}, {"pk": 57, "fields": {"question": 8, "point": 1000, "user": 18}, "model": "scoreserver.attackpointhistory"}, {"pk": 58, "fields": {"question": 9, "point": 1000, "user": 37}, "model": "scoreserver.attackpointhistory"}, {"pk": 59, "fields": {"question": 8, "point": 1000, "user": 5}, "model": "scoreserver.attackpointhistory"}, {"pk": 60, "fields": {"question": 9, "point": 1000, "user": 23}, "model": "scoreserver.attackpointhistory"}, {"pk": 61, "fields": {"question": 7, "point": 1100, "user": 25}, "model": "scoreserver.attackpointhistory"}, {"pk": 62, "fields": {"question": 2, "point": 1100, "user": 34}, "model": "scoreserver.attackpointhistory"}, {"pk": 63, "fields": {"question": 3, "point": 1000, "user": 31}, "model": "scoreserver.attackpointhistory"}, {"pk": 64, "fields": {"question": 3, "point": 1000, "user": 6}, "model": "scoreserver.attackpointhistory"}, {"pk": 65, "fields": {"question": 6, "point": 700, "user": 6}, "model": "scoreserver.attackpointhistory"}, {"pk": 66, "fields": {"question": 7, "point": 1100, "user": 31}, "model": "scoreserver.attackpointhistory"}, {"pk": 67, "fields": {"question": 1, "point": 1000, "user": 46}, "model": "scoreserver.attackpointhistory"}, {"pk": 68, "fields": {"question": 1, "point": 1000, "user": 3}, "model": "scoreserver.attackpointhistory"}, {"pk": 69, "fields": {"question": 4, "point": 1000, "user": 33}, "model": "scoreserver.attackpointhistory"}, {"pk": 70, "fields": {"question": 5, "point": 1000, "user": 47}, "model": "scoreserver.attackpointhistory"}, {"pk": 71, "fields": {"question": 7, "point": 1100, "user": 18}, "model": "scoreserver.attackpointhistory"}, {"pk": 72, "fields": {"question": 8, "point": 1000, "user": 36}, "model": "scoreserver.attackpointhistory"}, {"pk": 73, "fields": {"question": 8, "point": 1000, "user": 13}, "model": "scoreserver.attackpointhistory"}, {"pk": 74, "fields": {"question": 7, "point": 1100, "user": 13}, "model": "scoreserver.attackpointhistory"}, {"pk": 75, "fields": {"question": 2, "point": 1100, "user": 44}, "model": "scoreserver.attackpointhistory"}, {"pk": 76, "fields": {"question": 8, "point": 1000, "user": 1}, "model": "scoreserver.attackpointhistory"}, {"pk": 77, "fields": {"question": 8, "point": 1000, "user": 9}, "model": "scoreserver.attackpointhistory"}, {"pk": 78, "fields": {"question": 1, "point": 1000, "user": 12}, "model": "scoreserver.attackpointhistory"}, {"pk": 79, "fields": {"question": 1, "point": 1000, "user": 10}, "model": "scoreserver.attackpointhistory"}, {"pk": 80, "fields": {"question": 2, "point": 1100, "user": 20}, "model": "scoreserver.attackpointhistory"}, {"pk": 81, "fields": {"question": 3, "point": 1000, "user": 24}, "model": "scoreserver.attackpointhistory"}, {"pk": 82, "fields": {"question": 3, "point": 1000, "user": 48}, "model": "scoreserver.attackpointhistory"}, {"pk": 83, "fields": {"question": 9, "point": 1000, "user": 28}, "model": "scoreserver.attackpointhistory"}, {"pk": 84, "fields": {"question": 7, "point": 1100, "user": 36}, "model": "scoreserver.attackpointhistory"}, {"pk": 85, "fields": {"question": 9, "point": 1000, "user": 27}, "model": "scoreserver.attackpointhistory"}, {"pk": 86, "fields": {"question": 8, "point": 1000, "user": 26}, "model": "scoreserver.attackpointhistory"}, {"pk": 87, "fields": {"question": 9, "point": 1000, "user": 8}, "model": "scoreserver.attackpointhistory"}, {"pk": 88, "fields": {"question": 4, "point": 1000, "user": 29}, "model": "scoreserver.attackpointhistory"}, {"pk": 89, "fields": {"question": 9, "point": 1000, "user": 25}, "model": "scoreserver.attackpointhistory"}, {"pk": 90, "fields": {"question": 1, "point": 1000, "user": 46}, "model": "scoreserver.attackpointhistory"}, {"pk": 91, "fields": {"question": 8, "point": 1000, "user": 3}, "model": "scoreserver.attackpointhistory"}, {"pk": 92, "fields": {"question": 1, "point": 1000, "user": 6}, "model": "scoreserver.attackpointhistory"}, {"pk": 93, "fields": {"question": 7, "point": 1100, "user": 49}, "model": "scoreserver.attackpointhistory"}, {"pk": 94, "fields": {"question": 6, "point": 700, "user": 9}, "model": "scoreserver.attackpointhistory"}, {"pk": 95, "fields": {"question": 3, "point": 1000, "user": 3}, "model": "scoreserver.attackpointhistory"}, {"pk": 96, "fields": {"question": 8, "point": 1000, "user": 5}, "model": "scoreserver.attackpointhistory"}, {"pk": 97, "fields": {"question": 9, "point": 1000, "user": 21}, "model": "scoreserver.attackpointhistory"}, {"pk": 98, "fields": {"question": 5, "point": 100, "user": 21}, "model": "scoreserver.attackpointhistory"}, {"pk": 99, "fields": {"question": 5, "point": 400, "user": 5}, "model": "scoreserver.attackpointhistory"}, {"pk": 100, "fields": {"question": 7, "point": 1100, "user": 8}, "model": "scoreserver.attackpointhistory"}, {"pk": 101, "fields": {"question": 7, "point": 1100, "user": 5}, "model": "scoreserver.attackpointhistory"}, {"pk": 102, "fields": {"question": 5, "point": 400, "user": 19}, "model": "scoreserver.attackpointhistory"}, {"pk": 103, "fields": {"question": 3, "point": 1000, "user": 36}, "model": "scoreserver.attackpointhistory"}, {"pk": 104, "fields": {"question": 7, "point": 1100, "user": 46}, "model": "scoreserver.attackpointhistory"}, {"pk": 105, "fields": {"question": 7, "point": 1100, "user": 34}, "model": "scoreserver.attackpointhistory"}, {"pk": 106, "fields": {"question": 3, "point": 1000, "user": 30}, "model": "scoreserver.attackpointhistory"}, {"pk": 107, "fields": {"question": 7, "point": 1100, "user": 47}, "model": "scoreserver.attackpointhistory"}, {"pk": 108, "fields": {"question": 6, "point": 700, "user": 35}, "model": "scoreserver.attackpointhistory"}, {"pk": 109, "fields": {"question": 9, "point": 1000, "user": 30}, "model": "scoreserver.attackpointhistory"}, {"pk": 110, "fields": {"question": 9, "point": 1000, "user": 10}, "model": "scoreserver.attackpointhistory"}, {"pk": 111, "fields": {"question": 1, "point": 1000, "user": 29}, "model": "scoreserver.attackpointhistory"}, {"pk": 112, "fields": {"question": 1, "point": 1000, "user": 38}, "model": "scoreserver.attackpointhistory"}, {"pk": 113, "fields": {"question": 5, "point": 700, "user": 43}, "model": "scoreserver.attackpointhistory"}, {"pk": 114, "fields": {"question": 4, "point": 1000, "user": 28}, "model": "scoreserver.attackpointhistory"}, {"pk": 115, "fields": {"question": 8, "point": 1000, "user": 42}, "model": "scoreserver.attackpointhistory"}, {"pk": 116, "fields": {"question": 2, "point": 1100, "user": 20}, "model": "scoreserver.attackpointhistory"}, {"pk": 117, "fields": {"question": 7, "point": 1100, "user": 16}, "model": "scoreserver.attackpointhistory"}, {"pk": 118, "fields": {"question": 9, "point": 1000, "user": 25}, "model": "scoreserver.attackpointhistory"}, {"pk": 119, "fields": {"question": 7, "point": 1100, "user": 35}, "model": "scoreserver.attackpointhistory"}, {"pk": 120, "fields": {"question": 1, "point": 1000, "user": 36}, "model": "scoreserver.attackpointhistory"}, {"pk": 121, "fields": {"question": 2, "point": 1100, "user": 37}, "model": "scoreserver.attackpointhistory"}, {"pk": 122, "fields": {"question": 6, "point": 700, "user": 10}, "model": "scoreserver.attackpointhistory"}, {"pk": 123, "fields": {"question": 4, "point": 1000, "user": 39}, "model": "scoreserver.attackpointhistory"}, {"pk": 124, "fields": {"question": 9, "point": 1000, "user": 26}, "model": "scoreserver.attackpointhistory"}, {"pk": 125, "fields": {"question": 6, "point": 700, "user": 20}, "model": "scoreserver.attackpointhistory"}, {"pk": 126, "fields": {"question": 4, "point": 1000, "user": 36}, "model": "scoreserver.attackpointhistory"}, {"pk": 127, "fields": {"question": 1, "point": 1000, "user": 47}, "model": "scoreserver.attackpointhistory"}, {"pk": 128, "fields": {"question": 9, "point": 1000, "user": 4}, "model": "scoreserver.attackpointhistory"}, {"pk": 129, "fields": {"question": 7, "point": 1100, "user": 4}, "model": "scoreserver.attackpointhistory"}, {"pk": 130, "fields": {"question": 1, "point": 1000, "user": 11}, "model": "scoreserver.attackpointhistory"}, {"pk": 131, "fields": {"question": 1, "point": 1000, "user": 4}, "model": "scoreserver.attackpointhistory"}, {"pk": 132, "fields": {"question": 7, "point": 1100, "user": 45}, "model": "scoreserver.attackpointhistory"}, {"pk": 133, "fields": {"question": 6, "point": 700, "user": 28}, "model": "scoreserver.attackpointhistory"}, {"pk": 134, "fields": {"question": 8, "point": 1000, "user": 20}, "model": "scoreserver.attackpointhistory"}, {"pk": 135, "fields": {"question": 7, "point": 1100, "user": 45}, "model": "scoreserver.attackpointhistory"}, {"pk": 136, "fields": {"question": 7, "point": 1100, "user": 46}, "model": "scoreserver.attackpointhistory"}, {"pk": 137, "fields": {"question": 7, "point": 1100, "user": 28}, "model": "scoreserver.attackpointhistory"}, {"pk": 138, "fields": {"question": 1, "point": 1000, "user": 18}, "model": "scoreserver.attackpointhistory"}, {"pk": 139, "fields": {"question": 3, "point": 1000, "user": 15}, "model": "scoreserver.attackpointhistory"}, {"pk": 140, "fields": {"question": 8, "point": 1000, "user": 3}, "model": "scoreserver.attackpointhistory"}, {"pk": 141, "fields": {"question": 8, "point": 1000, "user": 9}, "model": "scoreserver.attackpointhistory"}, {"pk": 142, "fields": {"question": 1, "point": 1000, "user": 25}, "model": "scoreserver.attackpointhistory"}, {"pk": 143, "fields": {"question": 2, "point": 1100, "user": 41}, "model": "scoreserver.attackpointhistory"}, {"pk": 144, "fields": {"question": 8, "point": 1000, "user": 40}, "model": "scoreserver.attackpointhistory"}, {"pk": 145, "fields": {"question": 6, "point": 700, "user": 25}, "model": "scoreserver.attackpointhistory"}, {"pk": 146, "fields": {"question": 4, "point": 1000, "user": 36}, "model": "scoreserver.attackpointhistory"}, {"pk": 147, "fields": {"question": 9, "point": 1000, "user": 47}, "model": "scoreserver.attackpointhistory"}, {"pk": 148, "fields": {"question": 7, "point": 1100, "user": 45}, "model": "scoreserver.attackpointhistory"}, {"pk": 149, "fields": {"question": 8, "point": 1000, "user": 29}, "model": "scoreserver.attackpointhistory"}, {"pk": 150, "fields": {"question": 2, "point": 1100, "user": 40}, "model": "scoreserver.attackpointhistory"}, {"pk": 151, "fields": {"question": 1, "point": 1000, "user": 38}, "model": "scoreserver.attackpointhistory"}, {"pk": 152, "fields": {"question": 2, "point": 1100, "user": 33}, "model": "scoreserver.attackpointhistory"}, {"pk": 153, "fields": {"question": 6, "point": 700, "user": 41}, "model": "scoreserver.attackpointhistory"}, {"pk": 154, "fields": {"question": 1, "point": 1000, "user": 49}, "model": "scoreserver.attackpointhistory"}, {"pk": 155, "fields": {"question": 7, "point": 1100, "user": 18}, "model": "scoreserver.attackpointhistory"}, {"pk": 156, "fields": {"question": 4, "point": 1000, "user": 14}, "model": "scoreserver.attackpointhistory"}, {"pk": 157, "fields": {"question": 7, "point": 1100, "user": 39}, "model": "scoreserver.attackpointhistory"}, {"pk": 158, "fields": {"question": 1, "point": 1000, "user": 46}, "model": "scoreserver.attackpointhistory"}, {"pk": 159, "fields": {"question": 5, "point": 100, "user": 35}, "model": "scoreserver.attackpointhistory"}, {"pk": 160, "fields": {"question": 9, "point": 1000, "user": 48}, "model": "scoreserver.attackpointhistory"}, {"pk": 161, "fields": {"question": 6, "point": 700, "user": 46}, "model": "scoreserver.attackpointhistory"}, {"pk": 162, "fields": {"question": 6, "point": 700, "user": 13}, "model": "scoreserver.attackpointhistory"}, {"pk": 163, "fields": {"question": 1, "point": 1000, "user": 32}, "model": "scoreserver.attackpointhistory"}, {"pk": 164, "fields": {"question": 1, "point": 1000, "user": 19}, "model": "scoreserver.attackpointhistory"}, {"pk": 165, "fields": {"question": 8, "point": 1000, "user": 9}, "model": "scoreserver.attackpointhistory"}, {"pk": 166, "fields": {"question": 4, "point": 1000, "user": 24}, "model": "scoreserver.attackpointhistory"}, {"pk": 167, "fields": {"question": 5, "point": 900, "user": 15}, "model": "scoreserver.attackpointhistory"}, {"pk": 168, "fields": {"question": 3, "point": 1000, "user": 6}, "model": "scoreserver.attackpointhistory"}, {"pk": 169, "fields": {"question": 3, "point": 1000, "user": 22}, "model": "scoreserver.attackpointhistory"}, {"pk": 170, "fields": {"question": 1, "point": 1000, "user": 40}, "model": "scoreserver.attackpointhistory"}, {"pk": 171, "fields": {"question": 6, "point": 700, "user": 28}, "model": "scoreserver.attackpointhistory"}, {"pk": 172, "fields": {"question": 1, "point": 1000, "user": 8}, "model": "scoreserver.attackpointhistory"}, {"pk": 173, "fields": {"question": 5, "point": 200, "user": 8}, "model": "scoreserver.attackpointhistory"}, {"pk": 174, "fields": {"question": 3, "point": 1000, "user": 36}, "model": "scoreserver.attackpointhistory"}, {"pk": 175, "fields": {"question": 3, "point": 1000, "user": 24}, "model": "scoreserver.attackpointhistory"}, {"pk": 176, "fields": {"question": 9, "point": 1000, "user": 18}, "model": "scoreserver.attackpointhistory"}, {"pk": 177, "fields": {"question": 5, "point": 500, "user": 35}, "model": "scoreserver.attackpointhistory"}, {"pk": 178, "fields": {"question": 8, "point": 1000, "user": 17}, "model": "scoreserver.attackpointhistory"}, {"pk": 179, "fields": {"question": 1, "point": 1000, "user": 30}, "model": "scoreserver.attackpointhistory"}, {"pk": 180, "fields": {"question": 9, "point": 1000, "user": 20}, "model": "scoreserver.attackpointhistory"}, {"pk": 181, "fields": {"question": 4, "point": 1000, "user": 31}, "model": "scoreserver.attackpointhistory"}, {"pk": 182, "fields": {"question": 9, "point": 1000, "user": 2}, "model": "scoreserver.attackpointhistory"}, {"pk": 183, "fields": {"question": 5, "point": 900, "user": 34}, "model": "scoreserver.attackpointhistory"}, {"pk": 184, "fields": {"question": 1, "point": 1000, "user": 45}, "model": "scoreserver.attackpointhistory"}, {"pk": 185, "fields": {"question": 1, "point": 1000, "user": 5}, "model": "scoreserver.attackpointhistory"}, {"pk": 186, "fields": {"question": 7, "point": 1100, "user": 26}, "model": "scoreserver.attackpointhistory"}, {"pk": 187, "fields": {"question": 9, "point": 1000, "user": 18}, "model": "scoreserver.attackpointhistory"}, {"pk": 188, "fields": {"question": 1, "point": 1000, "user": 10}, "model": "scoreserver.attackpointhistory"}, {"pk": 189, "fields": {"question": 6, "point": 700, "user": 32}, "model": "scoreserver.attackpointhistory"}, {"pk": 190, "fields": {"question": 6, "point": 700, "user": 7}, "model": "scoreserver.attackpointhistory"}, {"pk": 191, "fields": {"question": 2, "point": 1100, "user": 25}, "model": "scoreserver.attackpointhistory"}, {"pk": 192, "fields": {"question": 2, "point": 1100, "user": 23}, "model": "scoreserver.attackpointhistory"}, {"pk": 193, "fields": {"question": 3, "point": 1000, "user": 9}, "model": "scoreserver.attackpointhistory"}, {"pk": 194, "fields": {"question": 5, "point": 200, "user": 24}, "model": "scoreserver.attackpointhistory"}, {"pk": 195, "fields": {"question": 2, "point": 1100, "user": 33}, "model": "scoreserver.attackpointhistory"}, {"pk": 196, "fields": {"question": 2, "point": 1100, "user": 3}, "model": "scoreserver.attackpointhistory"}, {"pk": 197, "fields": {"question": 6, "point": 700, "user": 46}, "model": "scoreserver.attackpointhistory"}, {"pk": 198, "fields": {"question": 5, "point": 900, "user": 31}, "model": "scoreserver.attackpointhistory"}, {"pk": 199, "fields": {"question": 5, "point": 1000, "user": 38}, "model": "scoreserver.attackpointhistory"}, {"pk": 200, "fields": {"question": 4, "point": 1000, "user": 7}, "model": "scoreserver.attackpointhistory"}, {"pk": 201, "fields": {"question": 8, "point": 1000, "user": 14}, "model": "scoreserver.attackpointhistory"}, {"pk": 202, "fields": {"question": 8, "point": 1000, "user": 10}, "model": "scoreserver.attackpointhistory"}, {"pk": 203, "fields": {"question": 2, "point": 1100, "user": 33}, "model": "scoreserver.attackpointhistory"}, {"pk": 204, "fields": {"question": 9, "point": 1000, "user": 22}, "model": "scoreserver.attackpointhistory"}, {"pk": 205, "fields": {"question": 6, "point": 700, "user": 44}, "model": "scoreserver.attackpointhistory"}, {"pk": 206, "fields": {"question": 6, "point": 700, "user": 40}, "model": "scoreserver.attackpointhistory"}, {"pk": 207, "fields": {"question": 6, "point": 700, "user": 33}, "model": "scoreserver.attackpointhistory"}, {"pk": 208, "fields": {"question": 7, "point": 1100, "user": 24}, "model": "scoreserver.attackpointhistory"}, {"pk": 209, "fields": {"question": 9, "point": 1000, "user": 28}, "model": "scoreserver.attackpointhistory"}, {"pk": 210, "fields": {"question": 3, "point": 1000, "user": 2}, "model": "scoreserver.attackpointhistory"}, {"pk": 211, "fields": {"question": 9, "point": 1000, "user": 49}, "model": "scoreserver.attackpointhistory"}, {"pk": 212, "fields": {"question": 8, "point": 1000, "user": 33}, "model": "scoreserver.attackpointhistory"}, {"pk": 213, "fields": {"question": 7, "point": 1100, "user": 2}, "model": "scoreserver.attackpointhistory"}, {"pk": 214, "fields": {"question": 3, "point": 1000, "user": 20}, "model": "scoreserver.attackpointhistory"}, {"pk": 215, "fields": {"question": 5, "point": 900, "user": 16}, "model": "scoreserver.attackpointhistory"}, {"pk": 216, "fields": {"question": 8, "point": 1000, "user": 38}, "model": "scoreserver.attackpointhistory"}, {"pk": 217, "fields": {"question": 6, "point": 700, "user": 35}, "model": "scoreserver.attackpointhistory"}, {"pk": 218, "fields": {"question": 3, "point": 1000, "user": 27}, "model": "scoreserver.attackpointhistory"}, {"pk": 219, "fields": {"question": 3, "point": 1000, "user": 31}, "model": "scoreserver.attackpointhistory"}, {"pk": 220, "fields": {"question": 1, "point": 1000, "user": 27}, "model": "scoreserver.attackpointhistory"}, {"pk": 221, "fields": {"question": 6, "point": 700, "user": 35}, "model": "scoreserver.attackpointhistory"}, {"pk": 222, "fields": {"question": 6, "point": 700, "user": 9}, "model": "scoreserver.attackpointhistory"}, {"pk": 223, "fields": {"question": 5, "point": 300, "user": 49}, "model": "scoreserver.attackpointhistory"}, {"pk": 224, "fields": {"question": 7, "point": 1100, "user": 18}, "model": "scoreserver.attackpointhistory"}, {"pk": 225, "fields": {"question": 6, "point": 700, "user": 43}, "model": "scoreserver.attackpointhistory"}, {"pk": 226, "fields": {"question": 5, "point": 800, "user": 24}, "model": "scoreserver.attackpointhistory"}, {"pk": 227, "fields": {"question": 2, "point": 1100, "user": 12}, "model": "scoreserver.attackpointhistory"}, {"pk": 228, "fields": {"question": 3, "point": 1000, "user": 28}, "model": "scoreserver.attackpointhistory"}, {"pk": 229, "fields": {"question": 8, "point": 1000, "user": 23}, "model": "scoreserver.attackpointhistory"}, {"pk": 230, "fields": {"question": 3, "point": 1000, "user": 41}, "model": "scoreserver.attackpointhistory"}, {"pk": 231, "fields": {"question": 1, "point": 1000, "user": 15}, "model": "scoreserver.attackpointhistory"}, {"pk": 232, "fields": {"question": 7, "point": 1100, "user": 23}, "model": "scoreserver.attackpointhistory"}, {"pk": 233, "fields": {"question": 7, "point": 1100, "user": 42}, "model": "scoreserver.attackpointhistory"}, {"pk": 234, "fields": {"question": 3, "point": 1000, "user": 18}, "model": "scoreserver.attackpointhistory"}, {"pk": 235, "fields": {"question": 1, "point": 1000, "user": 5}, "model": "scoreserver.attackpointhistory"}, {"pk": 236, "fields": {"question": 8, "point": 1000, "user": 44}, "model": "scoreserver.attackpointhistory"}, {"pk": 237, "fields": {"question": 7, "point": 1100, "user": 42}, "model": "scoreserver.attackpointhistory"}, {"pk": 238, "fields": {"question": 7, "point": 1100, "user": 43}, "model": "scoreserver.attackpointhistory"}, {"pk": 239, "fields": {"question": 1, "point": 1000, "user": 1}, "model": "scoreserver.attackpointhistory"}, {"pk": 240, "fields": {"question": 2, "point": 1100, "user": 34}, "model": "scoreserver.attackpointhistory"}, {"pk": 241, "fields": {"question": 5, "point": 200, "user": 27}, "model": "scoreserver.attackpointhistory"}, {"pk": 242, "fields": {"question": 3, "point": 1000, "user": 21}, "model": "scoreserver.attackpointhistory"}, {"pk": 243, "fields": {"question": 6, "point": 700, "user": 20}, "model": "scoreserver.attackpointhistory"}, {"pk": 244, "fields": {"question": 5, "point": 900, "user": 33}, "model": "scoreserver.attackpointhistory"}, {"pk": 245, "fields": {"question": 4, "point": 1000, "user": 1}, "model": "scoreserver.attackpointhistory"}, {"pk": 246, "fields": {"question": 8, "point": 1000, "user": 1}, "model": "scoreserver.attackpointhistory"}, {"pk": 247, "fields": {"question": 8, "point": 1000, "user": 23}, "model": "scoreserver.attackpointhistory"}, {"pk": 248, "fields": {"question": 9, "point": 1000, "user": 49}, "model": "scoreserver.attackpointhistory"}, {"pk": 249, "fields": {"question": 8, "point": 1000, "user": 31}, "model": "scoreserver.attackpointhistory"}, {"pk": 250, "fields": {"question": 7, "point": 1100, "user": 46}, "model": "scoreserver.attackpointhistory"}, {"pk": 251, "fields": {"question": 7, "point": 1100, "user": 42}, "model": "scoreserver.attackpointhistory"}, {"pk": 252, "fields": {"question": 6, "point": 700, "user": 25}, "model": "scoreserver.attackpointhistory"}, {"pk": 253, "fields": {"question": 8, "point": 1000, "user": 23}, "model": "scoreserver.attackpointhistory"}, {"pk": 254, "fields": {"question": 2, "point": 1100, "user": 21}, "model": "scoreserver.attackpointhistory"}, {"pk": 255, "fields": {"question": 9, "point": 1000, "user": 42}, "model": "scoreserver.attackpointhistory"}, {"pk": 256, "fields": {"question": 9, "point": 1000, "user": 5}, "model": "scoreserver.attackpointhistory"}, {"pk": 257, "fields": {"question": 4, "point": 1000, "user": 22}, "model": "scoreserver.attackpointhistory"}, {"pk": 258, "fields": {"question": 6, "point": 700, "user": 5}, "model": "scoreserver.attackpointhistory"}, {"pk": 259, "fields": {"question": 5, "point": 200, "user": 2}, "model": "scoreserver.attackpointhistory"}, {"pk": 260, "fields": {"question": 4, "point": 1000, "user": 39}, "model": "scoreserver.attackpointhistory"}, {"pk": 261, "fields": {"question": 6, "point": 700, "user": 19}, "model": "scoreserver.attackpointhistory"}, {"pk": 262, "fields": {"question": 4, "point": 1000, "user": 18}, "model": "scoreserver.attackpointhistory"}, {"pk": 263, "fields": {"question": 2, "point": 1100, "user": 17}, "model": "scoreserver.attackpointhistory"}, {"pk": 264, "fields": {"question": 6, "point": 700, "user": 4}, "model": "scoreserver.attackpointhistory"}, {"pk": 265, "fields": {"question": 4, "point": 1000, "user": 23}, "model": "scoreserver.attackpointhistory"}, {"pk": 266, "fields": {"question": 1, "point": 1000, "user": 26}, "model": "scoreserver.attackpointhistory"}, {"pk": 267, "fields": {"question": 9, "point": 1000, "user": 6}, "model": "scoreserver.attackpointhistory"}, {"pk": 268, "fields": {"question": 1, "point": 1000, "user": 29}, "model": "scoreserver.attackpointhistory"}, {"pk": 269, "fields": {"question": 8, "point": 1000, "user": 24}, "model": "scoreserver.attackpointhistory"}, {"pk": 270, "fields": {"question": 9, "point": 1000, "user": 34}, "model": "scoreserver.attackpointhistory"}, {"pk": 271, "fields": {"question": 2, "point": 1100, "user": 20}, "model": "scoreserver.attackpointhistory"}, {"pk": 272, "fields": {"question": 3, "point": 1000, "user": 48}, "model": "scoreserver.attackpointhistory"}, {"pk": 273, "fields": {"question": 5, "point": 600, "user": 10}, "model": "scoreserver.attackpointhistory"}, {"pk": 274, "fields": {"question": 3, "point": 1000, "user": 26}, "model": "scoreserver.attackpointhistory"}, {"pk": 275, "fields": {"question": 8, "point": 1000, "user": 44}, "model": "scoreserver.attackpointhistory"}, {"pk": 276, "fields": {"question": 1, "point": 1000, "user": 10}, "model": "scoreserver.attackpointhistory"}, {"pk": 277, "fields": {"question": 8, "point": 1000, "user": 46}, "model": "scoreserver.attackpointhistory"}, {"pk": 278, "fields": {"question": 2, "point": 1100, "user": 1}, "model": "scoreserver.attackpointhistory"}, {"pk": 279, "fields": {"question": 1, "point": 1000, "user": 16}, "model": "scoreserver.attackpointhistory"}, {"pk": 280, "fields": {"question": 9, "point": 1000, "user": 47}, "model": "scoreserver.attackpointhistory"}, {"pk": 281, "fields": {"question": 6, "point": 700, "user": 33}, "model": "scoreserver.attackpointhistory"}, {"pk": 282, "fields": {"question": 4, "point": 1000, "user": 12}, "model": "scoreserver.attackpointhistory"}, {"pk": 283, "fields": {"question": 7, "point": 1100, "user": 35}, "model": "scoreserver.attackpointhistory"}, {"pk": 284, "fields": {"question": 2, "point": 1100, "user": 4}, "model": "scoreserver.attackpointhistory"}, {"pk": 285, "fields": {"question": 9, "point": 1000, "user": 17}, "model": "scoreserver.attackpointhistory"}, {"pk": 286, "fields": {"question": 1, "point": 1000, "user": 32}, "model": "scoreserver.attackpointhistory"}, {"pk": 287, "fields": {"question": 7, "point": 1100, "user": 41}, "model": "scoreserver.attackpointhistory"}, {"pk": 288, "fields": {"question": 8, "point": 1000, "user": 45}, "model": "scoreserver.attackpointhistory"}, {"pk": 289, "fields": {"question": 9, "point": 1000, "user": 21}, "model": "scoreserver.attackpointhistory"}, {"pk": 290, "fields": {"question": 1, "point": 1000, "user": 28}, "model": "scoreserver.attackpointhistory"}, {"pk": 291, "fields": {"question": 2, "point": 1100, "user": 11}, "model": "scoreserver.attackpointhistory"}, {"pk": 292, "fields": {"question": 2, "point": 1100, "user": 20}, "model": "scoreserver.attackpointhistory"}, {"pk": 293, "fields": {"question": 8, "point": 1000, "user": 45}, "model": "scoreserver.attackpointhistory"}, {"pk": 294, "fields": {"question": 3, "point": 1000, "user": 8}, "model": "scoreserver.attackpointhistory"}, {"pk": 295, "fields": {"question": 2, "point": 1100, "user": 26}, "model": "scoreserver.attackpointhistory"}, {"pk": 296, "fields": {"question": 3, "point": 1000, "user": 11}, "model": "scoreserver.attackpointhistory"}, {"pk": 297, "fields": {"question": 6, "point": 700, "user": 31}, "model": "scoreserver.attackpointhistory"}, {"pk": 298, "fields": {"question": 1, "point": 1000, "user": 28}, "model": "scoreserver.attackpointhistory"}, {"pk": 299, "fields": {"question": 2, "point": 1100, "user": 31}, "model": "scoreserver.attackpointhistory"}, {"pk": 0, "fields": {"question": 8, "submit_flag": "FLAG_IS_yJCnppiAodpNvNm", "user": 34}, "model": "scoreserver.answerhistory"}, {"pk": 1, "fields": {"question": 7, "submit_flag": "FLAG_IS_xAvzUitAynGkeFZ", "user": 29}, "model": "scoreserver.answerhistory"}, {"pk": 2, "fields": {"question": 8, "submit_flag": "FLAG_IS_lUQkMLmlzgmxMpc", "user": 16}, "model": "scoreserver.answerhistory"}, {"pk": 3, "fields": {"question": 1, "submit_flag": "FLAG_IS_YrfPPSYKyJpIQot", "user": 34}, "model": "scoreserver.answerhistory"}, {"pk": 4, "fields": {"question": 4, "submit_flag": "FLAG_IS_RqMRLjJMKHljnuZ", "user": 13}, "model": "scoreserver.answerhistory"}, {"pk": 5, "fields": {"question": 4, "submit_flag": "FLAG_IS_HPHvggGVnaQJRLg", "user": 37}, "model": "scoreserver.answerhistory"}, {"pk": 6, "fields": {"question": 3, "submit_flag": "FLAG_IS_TeOlEDZOsZADoGC", "user": 2}, "model": "scoreserver.answerhistory"}, {"pk": 7, "fields": {"question": 2, "submit_flag": "FLAG_IS_nnpSNWSKbsqUwJM", "user": 10}, "model": "scoreserver.answerhistory"}, {"pk": 8, "fields": {"question": 4, "submit_flag": "FLAG_IS_EFbtgOtqyqZpdSQ", "user": 19}, "model": "scoreserver.answerhistory"}, {"pk": 9, "fields": {"question": 1, "submit_flag": "FLAG_IS_oCFREAKwqOKVBPP", "user": 35}, "model": "scoreserver.answerhistory"}, {"pk": 10, "fields": {"question": 2, "submit_flag": "FLAG_IS_xcQhaVZAwrvcjZa", "user": 31}, "model": "scoreserver.answerhistory"}, {"pk": 11, "fields": {"question": 7, "submit_flag": "FLAG_IS_lHyyUoEUYKDXAQf", "user": 15}, "model": "scoreserver.answerhistory"}, {"pk": 12, "fields": {"question": 4, "submit_flag": "FLAG_IS_tWlNATyFuVSYTDg", "user": 22}, "model": "scoreserver.answerhistory"}, {"pk": 13, "fields": {"question": 7, "submit_flag": "FLAG_IS_NpmrFpqSbhPuIMX", "user": 38}, "model": "scoreserver.answerhistory"}, {"pk": 14, "fields": {"question": 3, "submit_flag": "FLAG_IS_FomeNBJFcQxQUfB", "user": 47}, "model": "scoreserver.answerhistory"}, {"pk": 15, "fields": {"question": 4, "submit_flag": "FLAG_IS_ehkmjfsgwlDpJcF", "user": 41}, "model": "scoreserver.answerhistory"}, {"pk": 16, "fields": {"question": 8, "submit_flag": "FLAG_IS_UZyVgROIpkgrDZj", "user": 29}, "model": "scoreserver.answerhistory"}, {"pk": 17, "fields": {"question": 9, "submit_flag": "FLAG_IS_eXSsgIWWInlOOef", "user": 17}, "model": "scoreserver.answerhistory"}, {"pk": 18, "fields": {"question": 9, "submit_flag": "FLAG_IS_JMIgSgHxQczyvEu", "user": 25}, "model": "scoreserver.answerhistory"}, {"pk": 19, "fields": {"question": 3, "submit_flag": "FLAG_IS_mdyjjwlnnAjgrsZ", "user": 38}, "model": "scoreserver.answerhistory"}, {"pk": 20, "fields": {"question": 9, "submit_flag": "FLAG_IS_gLhDjsfSThnuNYq", "user": 15}, "model": "scoreserver.answerhistory"}, {"pk": 21, "fields": {"question": 5, "submit_flag": "FLAG_IS_NqRtjKtqbkSFquA", "user": 26}, "model": "scoreserver.answerhistory"}, {"pk": 22, "fields": {"question": 2, "submit_flag": "FLAG_IS_lYQiHrBCmHaovLb", "user": 23}, "model": "scoreserver.answerhistory"}, {"pk": 23, "fields": {"question": 4, "submit_flag": "FLAG_IS_YpHMZVqjcOnuNvh", "user": 36}, "model": "scoreserver.answerhistory"}, {"pk": 24, "fields": {"question": 5, "submit_flag": "FLAG_IS_bqZyQGTZTNZUVaB", "user": 38}, "model": "scoreserver.answerhistory"}, {"pk": 25, "fields": {"question": 2, "submit_flag": "FLAG_IS_hRPePbcmffFZqdF", "user": 49}, "model": "scoreserver.answerhistory"}, {"pk": 26, "fields": {"question": 7, "submit_flag": "FLAG_IS_tAdpVcOhdxsPOPs", "user": 46}, "model": "scoreserver.answerhistory"}, {"pk": 27, "fields": {"question": 3, "submit_flag": "FLAG_IS_RhoIbOVAbnmJROk", "user": 34}, "model": "scoreserver.answerhistory"}, {"pk": 28, "fields": {"question": 8, "submit_flag": "FLAG_IS_ziXWybOMIYZFuAL", "user": 14}, "model": "scoreserver.answerhistory"}, {"pk": 29, "fields": {"question": 9, "submit_flag": "FLAG_IS_FAkOJukoQWjeHfP", "user": 4}, "model": "scoreserver.answerhistory"}, {"pk": 30, "fields": {"question": 7, "submit_flag": "FLAG_IS_wEGgLUFFuBXQMpB", "user": 46}, "model": "scoreserver.answerhistory"}, {"pk": 31, "fields": {"question": 5, "submit_flag": "FLAG_IS_idNuJFINMcPLwSD", "user": 9}, "model": "scoreserver.answerhistory"}, {"pk": 32, "fields": {"question": 2, "submit_flag": "FLAG_IS_VaNULziimYPxSzN", "user": 47}, "model": "scoreserver.answerhistory"}, {"pk": 33, "fields": {"question": 2, "submit_flag": "FLAG_IS_KfilqPTBQCTQSKc", "user": 31}, "model": "scoreserver.answerhistory"}, {"pk": 34, "fields": {"question": 1, "submit_flag": "FLAG_IS_FGHPENaHMbUerbR", "user": 18}, "model": "scoreserver.answerhistory"}, {"pk": 35, "fields": {"question": 4, "submit_flag": "FLAG_IS_KshHkuOKTpGIiPa", "user": 28}, "model": "scoreserver.answerhistory"}, {"pk": 36, "fields": {"question": 2, "submit_flag": "FLAG_IS_mZFYKspCtxhIBMi", "user": 21}, "model": "scoreserver.answerhistory"}, {"pk": 37, "fields": {"question": 2, "submit_flag": "FLAG_IS_OysXURFtYfqrjgq", "user": 45}, "model": "scoreserver.answerhistory"}, {"pk": 38, "fields": {"question": 9, "submit_flag": "FLAG_IS_xqsjerNYeXvrpFA", "user": 34}, "model": "scoreserver.answerhistory"}, {"pk": 39, "fields": {"question": 6, "submit_flag": "FLAG_IS_aMEHPCdtMjmfXpA", "user": 31}, "model": "scoreserver.answerhistory"}, {"pk": 40, "fields": {"question": 2, "submit_flag": "FLAG_IS_bTUZGVwKthFkSMT", "user": 34}, "model": "scoreserver.answerhistory"}, {"pk": 41, "fields": {"question": 2, "submit_flag": "FLAG_IS_lvwlAAZdbMKLubC", "user": 25}, "model": "scoreserver.answerhistory"}, {"pk": 42, "fields": {"question": 1, "submit_flag": "FLAG_IS_CnTLKVDVfwMdnpQ", "user": 17}, "model": "scoreserver.answerhistory"}, {"pk": 43, "fields": {"question": 4, "submit_flag": "FLAG_IS_JudrPWdpXsEOIrL", "user": 37}, "model": "scoreserver.answerhistory"}, {"pk": 44, "fields": {"question": 3, "submit_flag": "FLAG_IS_fZTFtRZDRulSIzW", "user": 6}, "model": "scoreserver.answerhistory"}, {"pk": 45, "fields": {"question": 1, "submit_flag": "FLAG_IS_SaGwPhrwnLhroTq", "user": 39}, "model": "scoreserver.answerhistory"}, {"pk": 46, "fields": {"question": 9, "submit_flag": "FLAG_IS_GEmutnpkfmivkYV", "user": 34}, "model": "scoreserver.answerhistory"}, {"pk": 47, "fields": {"question": 7, "submit_flag": "FLAG_IS_sKnkjWDbeCjxpoz", "user": 15}, "model": "scoreserver.answerhistory"}, {"pk": 48, "fields": {"question": 3, "submit_flag": "FLAG_IS_XsBSBYNcQvPhVOn", "user": 36}, "model": "scoreserver.answerhistory"}, {"pk": 49, "fields": {"question": 1, "submit_flag": "FLAG_IS_OecgzobsfxxCOdR", "user": 24}, "model": "scoreserver.answerhistory"}, {"pk": 50, "fields": {"question": 4, "submit_flag": "FLAG_IS_XTbQJJYaBnXclKy", "user": 12}, "model": "scoreserver.answerhistory"}, {"pk": 51, "fields": {"question": 6, "submit_flag": "FLAG_IS_wZCFvQyYnEnrXRl", "user": 3}, "model": "scoreserver.answerhistory"}, {"pk": 52, "fields": {"question": 7, "submit_flag": "FLAG_IS_sxieVRxXBCnkJqK", "user": 46}, "model": "scoreserver.answerhistory"}, {"pk": 53, "fields": {"question": 2, "submit_flag": "FLAG_IS_ZwXyfPjRcmsOJih", "user": 49}, "model": "scoreserver.answerhistory"}, {"pk": 54, "fields": {"question": 3, "submit_flag": "FLAG_IS_UbnNFoicLlJTEdZ", "user": 8}, "model": "scoreserver.answerhistory"}, {"pk": 55, "fields": {"question": 6, "submit_flag": "FLAG_IS_TgYEiUeiiCvxTFJ", "user": 9}, "model": "scoreserver.answerhistory"}, {"pk": 56, "fields": {"question": 5, "submit_flag": "FLAG_IS_qsxAdqLTzsogygk", "user": 37}, "model": "scoreserver.answerhistory"}, {"pk": 57, "fields": {"question": 1, "submit_flag": "FLAG_IS_tjUfOEPbCXuQzql", "user": 27}, "model": "scoreserver.answerhistory"}, {"pk": 58, "fields": {"question": 5, "submit_flag": "FLAG_IS_cxwDLzKePgmbWLR", "user": 19}, "model": "scoreserver.answerhistory"}, {"pk": 59, "fields": {"question": 2, "submit_flag": "FLAG_IS_vBoFlNRALPEFSQN", "user": 45}, "model": "scoreserver.answerhistory"}, {"pk": 60, "fields": {"question": 7, "submit_flag": "FLAG_IS_FlEZvJRNnmCXEHZ", "user": 38}, "model": "scoreserver.answerhistory"}, {"pk": 61, "fields": {"question": 2, "submit_flag": "FLAG_IS_moESQPBMjtTkvvX", "user": 48}, "model": "scoreserver.answerhistory"}, {"pk": 62, "fields": {"question": 7, "submit_flag": "FLAG_IS_RgrrEbawPsWSSIb", "user": 3}, "model": "scoreserver.answerhistory"}, {"pk": 63, "fields": {"question": 6, "submit_flag": "FLAG_IS_NycyBHCatyqPowt", "user": 6}, "model": "scoreserver.answerhistory"}, {"pk": 64, "fields": {"question": 6, "submit_flag": "FLAG_IS_gLKtnrdAKalfsHT", "user": 11}, "model": "scoreserver.answerhistory"}, {"pk": 65, "fields": {"question": 2, "submit_flag": "FLAG_IS_zktiTJLKGELqdRK", "user": 16}, "model": "scoreserver.answerhistory"}, {"pk": 66, "fields": {"question": 3, "submit_flag": "FLAG_IS_QaMxogdWjCJzxso", "user": 5}, "model": "scoreserver.answerhistory"}, {"pk": 67, "fields": {"question": 4, "submit_flag": "FLAG_IS_mJxQXXQJVQPAIhh", "user": 28}, "model": "scoreserver.answerhistory"}, {"pk": 68, "fields": {"question": 9, "submit_flag": "FLAG_IS_WgAqZlMMiWxoBaK", "user": 5}, "model": "scoreserver.answerhistory"}, {"pk": 69, "fields": {"question": 9, "submit_flag": "FLAG_IS_TuRXEKEBdmHVjnQ", "user": 46}, "model": "scoreserver.answerhistory"}, {"pk": 70, "fields": {"question": 5, "submit_flag": "FLAG_IS_BEbOZvkOxQjpVyT", "user": 5}, "model": "scoreserver.answerhistory"}, {"pk": 71, "fields": {"question": 9, "submit_flag": "FLAG_IS_ALKXrlAxMOcazBT", "user": 33}, "model": "scoreserver.answerhistory"}, {"pk": 72, "fields": {"question": 9, "submit_flag": "FLAG_IS_ZkbycobFypEfoFe", "user": 35}, "model": "scoreserver.answerhistory"}, {"pk": 73, "fields": {"question": 6, "submit_flag": "FLAG_IS_TwgbqCFfjpfUznP", "user": 37}, "model": "scoreserver.answerhistory"}, {"pk": 74, "fields": {"question": 8, "submit_flag": "FLAG_IS_ljZuVYmNVkcqROF", "user": 2}, "model": "scoreserver.answerhistory"}, {"pk": 75, "fields": {"question": 8, "submit_flag": "FLAG_IS_tDWmBRqjQijzAwZ", "user": 43}, "model": "scoreserver.answerhistory"}, {"pk": 76, "fields": {"question": 9, "submit_flag": "FLAG_IS_kiGBQdHofoHFQwO", "user": 5}, "model": "scoreserver.answerhistory"}, {"pk": 77, "fields": {"question": 6, "submit_flag": "FLAG_IS_SSprmSgvQqFFzoG", "user": 34}, "model": "scoreserver.answerhistory"}, {"pk": 78, "fields": {"question": 2, "submit_flag": "FLAG_IS_QlDJfCpZQNLyhOI", "user": 18}, "model": "scoreserver.answerhistory"}, {"pk": 79, "fields": {"question": 2, "submit_flag": "FLAG_IS_FIPCsBnmGqfbFBd", "user": 21}, "model": "scoreserver.answerhistory"}, {"pk": 80, "fields": {"question": 6, "submit_flag": "FLAG_IS_PHEtTsBhiSISYSe", "user": 19}, "model": "scoreserver.answerhistory"}, {"pk": 81, "fields": {"question": 5, "submit_flag": "FLAG_IS_BEKctNfGQgbaczU", "user": 12}, "model": "scoreserver.answerhistory"}, {"pk": 82, "fields": {"question": 4, "submit_flag": "FLAG_IS_HQkcDrajhqEEgjO", "user": 18}, "model": "scoreserver.answerhistory"}, {"pk": 83, "fields": {"question": 6, "submit_flag": "FLAG_IS_hqJSjmeimKEdjdS", "user": 15}, "model": "scoreserver.answerhistory"}, {"pk": 84, "fields": {"question": 7, "submit_flag": "FLAG_IS_TwBZYIIKUqogbmR", "user": 48}, "model": "scoreserver.answerhistory"}, {"pk": 85, "fields": {"question": 1, "submit_flag": "FLAG_IS_uiKKnUcrWzmKsGl", "user": 49}, "model": "scoreserver.answerhistory"}, {"pk": 86, "fields": {"question": 1, "submit_flag": "FLAG_IS_njLyjrhoqdxPVDs", "user": 8}, "model": "scoreserver.answerhistory"}, {"pk": 87, "fields": {"question": 4, "submit_flag": "FLAG_IS_LdNVnzHvEAHQtXO", "user": 6}, "model": "scoreserver.answerhistory"}, {"pk": 88, "fields": {"question": 1, "submit_flag": "FLAG_IS_tHrpkJylAIjapEY", "user": 41}, "model": "scoreserver.answerhistory"}, {"pk": 89, "fields": {"question": 9, "submit_flag": "FLAG_IS_iaBmEDuKkbdKArj", "user": 21}, "model": "scoreserver.answerhistory"}, {"pk": 90, "fields": {"question": 4, "submit_flag": "FLAG_IS_UjDaUhrxyZiVtkp", "user": 7}, "model": "scoreserver.answerhistory"}, {"pk": 91, "fields": {"question": 3, "submit_flag": "FLAG_IS_GNHtoWrIZaAcSHM", "user": 4}, "model": "scoreserver.answerhistory"}, {"pk": 92, "fields": {"question": 5, "submit_flag": "FLAG_IS_ifGGdcavkvQMkwt", "user": 44}, "model": "scoreserver.answerhistory"}, {"pk": 93, "fields": {"question": 7, "submit_flag": "FLAG_IS_FZinOoWybcTGyZt", "user": 41}, "model": "scoreserver.answerhistory"}, {"pk": 94, "fields": {"question": 4, "submit_flag": "FLAG_IS_etKFojCAPlZbDSo", "user": 6}, "model": "scoreserver.answerhistory"}, {"pk": 95, "fields": {"question": 6, "submit_flag": "FLAG_IS_yGBgfynKGPPFHZv", "user": 27}, "model": "scoreserver.answerhistory"}, {"pk": 96, "fields": {"question": 3, "submit_flag": "FLAG_IS_FFJqapbKGYUXxir", "user": 25}, "model": "scoreserver.answerhistory"}, {"pk": 97, "fields": {"question": 3, "submit_flag": "FLAG_IS_qUcyViHEqsONqyE", "user": 24}, "model": "scoreserver.answerhistory"}, {"pk": 98, "fields": {"question": 2, "submit_flag": "FLAG_IS_xwnbcXFyvqosCOp", "user": 41}, "model": "scoreserver.answerhistory"}, {"pk": 99, "fields": {"question": 6, "submit_flag": "FLAG_IS_hogTOIhINwmmyKH", "user": 22}, "model": "scoreserver.answerhistory"}, {"pk": 100, "fields": {"question": 5, "submit_flag": "FLAG_IS_pbrpqCgHXDSjuqE", "user": 23}, "model": "scoreserver.answerhistory"}, {"pk": 101, "fields": {"question": 5, "submit_flag": "FLAG_IS_QamberDTKtrQKad", "user": 30}, "model": "scoreserver.answerhistory"}, {"pk": 102, "fields": {"question": 3, "submit_flag": "FLAG_IS_rDXGKDxhOTyYpQc", "user": 37}, "model": "scoreserver.answerhistory"}, {"pk": 103, "fields": {"question": 5, "submit_flag": "FLAG_IS_oKlbdjjFLWFqJJe", "user": 35}, "model": "scoreserver.answerhistory"}, {"pk": 104, "fields": {"question": 9, "submit_flag": "FLAG_IS_MKdgxfHqDqeWxZY", "user": 13}, "model": "scoreserver.answerhistory"}, {"pk": 105, "fields": {"question": 8, "submit_flag": "FLAG_IS_QaTXDMMneneHIsC", "user": 34}, "model": "scoreserver.answerhistory"}, {"pk": 106, "fields": {"question": 2, "submit_flag": "FLAG_IS_eEziCoQdoyJWRFD", "user": 31}, "model": "scoreserver.answerhistory"}, {"pk": 107, "fields": {"question": 3, "submit_flag": "FLAG_IS_kqZrtVekSoIxeeE", "user": 10}, "model": "scoreserver.answerhistory"}, {"pk": 108, "fields": {"question": 8, "submit_flag": "FLAG_IS_YSjzhlvFmEKZsJr", "user": 37}, "model": "scoreserver.answerhistory"}, {"pk": 109, "fields": {"question": 3, "submit_flag": "FLAG_IS_JzPKsfJYPzBKFxT", "user": 13}, "model": "scoreserver.answerhistory"}, {"pk": 110, "fields": {"question": 4, "submit_flag": "FLAG_IS_GHmFbpTYdWtMhWU", "user": 6}, "model": "scoreserver.answerhistory"}, {"pk": 111, "fields": {"question": 8, "submit_flag": "FLAG_IS_UBJiTKWnCMuyQNQ", "user": 43}, "model": "scoreserver.answerhistory"}, {"pk": 112, "fields": {"question": 7, "submit_flag": "FLAG_IS_AXtBBnwzNupjjDv", "user": 48}, "model": "scoreserver.answerhistory"}, {"pk": 113, "fields": {"question": 2, "submit_flag": "FLAG_IS_BtelBpZmnUffsWX", "user": 38}, "model": "scoreserver.answerhistory"}, {"pk": 114, "fields": {"question": 5, "submit_flag": "FLAG_IS_yiTGwVhmikOEKYQ", "user": 47}, "model": "scoreserver.answerhistory"}, {"pk": 115, "fields": {"question": 9, "submit_flag": "FLAG_IS_MuBwiZYZUtGRLwC", "user": 48}, "model": "scoreserver.answerhistory"}, {"pk": 116, "fields": {"question": 3, "submit_flag": "FLAG_IS_xdfNHyhPELxjDYa", "user": 23}, "model": "scoreserver.answerhistory"}, {"pk": 117, "fields": {"question": 2, "submit_flag": "FLAG_IS_qUOtYTvVFJCmeSP", "user": 4}, "model": "scoreserver.answerhistory"}, {"pk": 118, "fields": {"question": 9, "submit_flag": "FLAG_IS_PZBqcMvqhGwYnxy", "user": 4}, "model": "scoreserver.answerhistory"}, {"pk": 119, "fields": {"question": 4, "submit_flag": "FLAG_IS_irktLAiADhYkXhg", "user": 31}, "model": "scoreserver.answerhistory"}, {"pk": 120, "fields": {"question": 9, "submit_flag": "FLAG_IS_ZNLpDzxehhcdPTT", "user": 26}, "model": "scoreserver.answerhistory"}, {"pk": 121, "fields": {"question": 3, "submit_flag": "FLAG_IS_FszuTzygjdMSewt", "user": 8}, "model": "scoreserver.answerhistory"}, {"pk": 122, "fields": {"question": 9, "submit_flag": "FLAG_IS_FKlfaVOMMDbkgRI", "user": 5}, "model": "scoreserver.answerhistory"}, {"pk": 123, "fields": {"question": 3, "submit_flag": "FLAG_IS_iPKZtJvmTDhrXIK", "user": 46}, "model": "scoreserver.answerhistory"}, {"pk": 124, "fields": {"question": 9, "submit_flag": "FLAG_IS_nNKsfrJyFpVtwHy", "user": 49}, "model": "scoreserver.answerhistory"}, {"pk": 125, "fields": {"question": 9, "submit_flag": "FLAG_IS_EkiUvLmlCstQywQ", "user": 19}, "model": "scoreserver.answerhistory"}, {"pk": 126, "fields": {"question": 8, "submit_flag": "FLAG_IS_ZBuPrSUBXRZBrPW", "user": 18}, "model": "scoreserver.answerhistory"}, {"pk": 127, "fields": {"question": 5, "submit_flag": "FLAG_IS_NjWAlpnntRSDgzy", "user": 48}, "model": "scoreserver.answerhistory"}, {"pk": 128, "fields": {"question": 2, "submit_flag": "FLAG_IS_oySDQXwcTLVyiSh", "user": 8}, "model": "scoreserver.answerhistory"}, {"pk": 129, "fields": {"question": 6, "submit_flag": "FLAG_IS_ZQDEdtPiHtFuhzv", "user": 10}, "model": "scoreserver.answerhistory"}, {"pk": 130, "fields": {"question": 3, "submit_flag": "FLAG_IS_blFhWEoZqsshkHV", "user": 41}, "model": "scoreserver.answerhistory"}, {"pk": 131, "fields": {"question": 9, "submit_flag": "FLAG_IS_RgGRhuawudtjXzW", "user": 5}, "model": "scoreserver.answerhistory"}, {"pk": 132, "fields": {"question": 3, "submit_flag": "FLAG_IS_HKPhRxNKeClzfeK", "user": 15}, "model": "scoreserver.answerhistory"}, {"pk": 133, "fields": {"question": 9, "submit_flag": "FLAG_IS_ymquzTvajhtdufs", "user": 30}, "model": "scoreserver.answerhistory"}, {"pk": 134, "fields": {"question": 9, "submit_flag": "FLAG_IS_rIHefLGsPWxnUPn", "user": 2}, "model": "scoreserver.answerhistory"}, {"pk": 135, "fields": {"question": 1, "submit_flag": "FLAG_IS_xvyLuavjsdWNpmN", "user": 9}, "model": "scoreserver.answerhistory"}, {"pk": 136, "fields": {"question": 7, "submit_flag": "FLAG_IS_nfxZtQplphTLspv", "user": 2}, "model": "scoreserver.answerhistory"}, {"pk": 137, "fields": {"question": 9, "submit_flag": "FLAG_IS_idjthpbroPxJuQY", "user": 46}, "model": "scoreserver.answerhistory"}, {"pk": 138, "fields": {"question": 9, "submit_flag": "FLAG_IS_boVHfhAbDTuzpqn", "user": 29}, "model": "scoreserver.answerhistory"}, {"pk": 139, "fields": {"question": 3, "submit_flag": "FLAG_IS_kBcSYSBQmKCcQyJ", "user": 39}, "model": "scoreserver.answerhistory"}, {"pk": 140, "fields": {"question": 3, "submit_flag": "FLAG_IS_krTGHjEIaanvkBb", "user": 9}, "model": "scoreserver.answerhistory"}, {"pk": 141, "fields": {"question": 4, "submit_flag": "FLAG_IS_rpzVbqMdBddehHq", "user": 26}, "model": "scoreserver.answerhistory"}, {"pk": 142, "fields": {"question": 1, "submit_flag": "FLAG_IS_BOXfAmyHiiggowG", "user": 19}, "model": "scoreserver.answerhistory"}, {"pk": 143, "fields": {"question": 7, "submit_flag": "FLAG_IS_VrwjDtzFEGmYiMz", "user": 38}, "model": "scoreserver.answerhistory"}, {"pk": 144, "fields": {"question": 7, "submit_flag": "FLAG_IS_kFKzbCoVXNHjWWr", "user": 8}, "model": "scoreserver.answerhistory"}, {"pk": 145, "fields": {"question": 9, "submit_flag": "FLAG_IS_jfayPvoQBoOfqjG", "user": 48}, "model": "scoreserver.answerhistory"}, {"pk": 146, "fields": {"question": 5, "submit_flag": "FLAG_IS_LJKoiUlDdnDUfny", "user": 24}, "model": "scoreserver.answerhistory"}, {"pk": 147, "fields": {"question": 7, "submit_flag": "FLAG_IS_bbgzkpqVUOEIlLF", "user": 44}, "model": "scoreserver.answerhistory"}, {"pk": 148, "fields": {"question": 1, "submit_flag": "FLAG_IS_TopxSXqIFePqNKx", "user": 32}, "model": "scoreserver.answerhistory"}, {"pk": 149, "fields": {"question": 9, "submit_flag": "FLAG_IS_lynvAKdjBTCQATG", "user": 12}, "model": "scoreserver.answerhistory"}, {"pk": 150, "fields": {"question": 5, "submit_flag": "FLAG_IS_jUermtzESYLdfzr", "user": 21}, "model": "scoreserver.answerhistory"}, {"pk": 151, "fields": {"question": 5, "submit_flag": "FLAG_IS_qVImZDNcRijjwgs", "user": 14}, "model": "scoreserver.answerhistory"}, {"pk": 152, "fields": {"question": 9, "submit_flag": "FLAG_IS_eMQYRkyDxgFdNaE", "user": 47}, "model": "scoreserver.answerhistory"}, {"pk": 153, "fields": {"question": 8, "submit_flag": "FLAG_IS_TQaDXoNeKvAwSRc", "user": 14}, "model": "scoreserver.answerhistory"}, {"pk": 154, "fields": {"question": 2, "submit_flag": "FLAG_IS_XHUYgEmZowKLYxN", "user": 36}, "model": "scoreserver.answerhistory"}, {"pk": 155, "fields": {"question": 5, "submit_flag": "FLAG_IS_yXnxEsgbgjAEYOl", "user": 28}, "model": "scoreserver.answerhistory"}, {"pk": 156, "fields": {"question": 1, "submit_flag": "FLAG_IS_GYHrJjKHwPyAYJG", "user": 4}, "model": "scoreserver.answerhistory"}, {"pk": 157, "fields": {"question": 6, "submit_flag": "FLAG_IS_fFfmNFqOtOXkjHm", "user": 35}, "model": "scoreserver.answerhistory"}, {"pk": 158, "fields": {"question": 6, "submit_flag": "FLAG_IS_cPYEKwPaUnErvYk", "user": 36}, "model": "scoreserver.answerhistory"}, {"pk": 159, "fields": {"question": 5, "submit_flag": "FLAG_IS_vsocHFlzPMwLplJ", "user": 26}, "model": "scoreserver.answerhistory"}, {"pk": 160, "fields": {"question": 9, "submit_flag": "FLAG_IS_LJTCwOUfNBZjMVE", "user": 21}, "model": "scoreserver.answerhistory"}, {"pk": 161, "fields": {"question": 2, "submit_flag": "FLAG_IS_pLIgwepeLIUOfkI", "user": 11}, "model": "scoreserver.answerhistory"}, {"pk": 162, "fields": {"question": 5, "submit_flag": "FLAG_IS_BpbpwEgaDcvNKTh", "user": 38}, "model": "scoreserver.answerhistory"}, {"pk": 163, "fields": {"question": 4, "submit_flag": "FLAG_IS_LVpUhpifUejNMOU", "user": 45}, "model": "scoreserver.answerhistory"}, {"pk": 164, "fields": {"question": 8, "submit_flag": "FLAG_IS_aDaMueKJdUjtzPP", "user": 1}, "model": "scoreserver.answerhistory"}, {"pk": 165, "fields": {"question": 3, "submit_flag": "FLAG_IS_oBCdQEGAKJKbExH", "user": 13}, "model": "scoreserver.answerhistory"}, {"pk": 166, "fields": {"question": 6, "submit_flag": "FLAG_IS_kmMhAfRJmdkIfdc", "user": 1}, "model": "scoreserver.answerhistory"}, {"pk": 167, "fields": {"question": 5, "submit_flag": "FLAG_IS_ISTgAzDUqAOKfKV", "user": 30}, "model": "scoreserver.answerhistory"}, {"pk": 168, "fields": {"question": 9, "submit_flag": "FLAG_IS_dBYSUAhaweFRmuq", "user": 48}, "model": "scoreserver.answerhistory"}, {"pk": 169, "fields": {"question": 8, "submit_flag": "FLAG_IS_qGAAWELCiPwvnro", "user": 4}, "model": "scoreserver.answerhistory"}, {"pk": 170, "fields": {"question": 7, "submit_flag": "FLAG_IS_SQpvaSfNxsnJDEE", "user": 27}, "model": "scoreserver.answerhistory"}, {"pk": 171, "fields": {"question": 7, "submit_flag": "FLAG_IS_cPzUqVJeIYQGmiV", "user": 27}, "model": "scoreserver.answerhistory"}, {"pk": 172, "fields": {"question": 4, "submit_flag": "FLAG_IS_coEwJONpapuBqCJ", "user": 44}, "model": "scoreserver.answerhistory"}, {"pk": 173, "fields": {"question": 1, "submit_flag": "FLAG_IS_ABlHvpXKxvOLbhL", "user": 23}, "model": "scoreserver.answerhistory"}, {"pk": 174, "fields": {"question": 3, "submit_flag": "FLAG_IS_gRMGHiKWzuHeQiv", "user": 14}, "model": "scoreserver.answerhistory"}, {"pk": 175, "fields": {"question": 7, "submit_flag": "FLAG_IS_JACQzSoOjdlVwav", "user": 31}, "model": "scoreserver.answerhistory"}, {"pk": 176, "fields": {"question": 6, "submit_flag": "FLAG_IS_BUrfiRoVMWmNpeA", "user": 27}, "model": "scoreserver.answerhistory"}, {"pk": 177, "fields": {"question": 7, "submit_flag": "FLAG_IS_alPgmiSKjHGokzH", "user": 42}, "model": "scoreserver.answerhistory"}, {"pk": 178, "fields": {"question": 1, "submit_flag": "FLAG_IS_hfTGmvQoAtChgXM", "user": 39}, "model": "scoreserver.answerhistory"}, {"pk": 179, "fields": {"question": 3, "submit_flag": "FLAG_IS_LGexAYQfBZEOFLo", "user": 45}, "model": "scoreserver.answerhistory"}, {"pk": 180, "fields": {"question": 3, "submit_flag": "FLAG_IS_DpkkeRZnpmmvwgn", "user": 15}, "model": "scoreserver.answerhistory"}, {"pk": 181, "fields": {"question": 5, "submit_flag": "FLAG_IS_pmSEivaiUpPJKzi", "user": 48}, "model": "scoreserver.answerhistory"}, {"pk": 182, "fields": {"question": 4, "submit_flag": "FLAG_IS_RhdhpRKjKoUaImv", "user": 6}, "model": "scoreserver.answerhistory"}, {"pk": 183, "fields": {"question": 1, "submit_flag": "FLAG_IS_JPlMXOnYwSrFxtC", "user": 8}, "model": "scoreserver.answerhistory"}, {"pk": 184, "fields": {"question": 5, "submit_flag": "FLAG_IS_ySGYXxXIBOrVgHD", "user": 24}, "model": "scoreserver.answerhistory"}, {"pk": 185, "fields": {"question": 5, "submit_flag": "FLAG_IS_OkNxyyHFXXKciKF", "user": 40}, "model": "scoreserver.answerhistory"}, {"pk": 186, "fields": {"question": 7, "submit_flag": "FLAG_IS_WazpZBgSxRqZgjs", "user": 37}, "model": "scoreserver.answerhistory"}, {"pk": 187, "fields": {"question": 2, "submit_flag": "FLAG_IS_FmrkRymyjfnInKq", "user": 18}, "model": "scoreserver.answerhistory"}, {"pk": 188, "fields": {"question": 9, "submit_flag": "FLAG_IS_hLlZQEuifHFHsFV", "user": 22}, "model": "scoreserver.answerhistory"}, {"pk": 189, "fields": {"question": 4, "submit_flag": "FLAG_IS_UyMhpxQpGDrEHnQ", "user": 47}, "model": "scoreserver.answerhistory"}, {"pk": 190, "fields": {"question": 8, "submit_flag": "FLAG_IS_eJtQXqXTfRkIxfq", "user": 40}, "model": "scoreserver.answerhistory"}, {"pk": 191, "fields": {"question": 8, "submit_flag": "FLAG_IS_wMttIfPJWikBfCp", "user": 40}, "model": "scoreserver.answerhistory"}, {"pk": 192, "fields": {"question": 9, "submit_flag": "FLAG_IS_hEOQgkQaswyfnii", "user": 7}, "model": "scoreserver.answerhistory"}, {"pk": 193, "fields": {"question": 4, "submit_flag": "FLAG_IS_xYqZYKYSnUZeYQE", "user": 11}, "model": "scoreserver.answerhistory"}, {"pk": 194, "fields": {"question": 4, "submit_flag": "FLAG_IS_dpsOCLXkAGpwMcG", "user": 12}, "model": "scoreserver.answerhistory"}, {"pk": 195, "fields": {"question": 4, "submit_flag": "FLAG_IS_frRlMWEfOABStmg", "user": 40}, "model": "scoreserver.answerhistory"}, {"pk": 196, "fields": {"question": 5, "submit_flag": "FLAG_IS_KlnXmSIEMFArVSk", "user": 46}, "model": "scoreserver.answerhistory"}, {"pk": 197, "fields": {"question": 8, "submit_flag": "FLAG_IS_slCPPJzyyteZSLT", "user": 30}, "model": "scoreserver.answerhistory"}, {"pk": 198, "fields": {"question": 9, "submit_flag": "FLAG_IS_XLzzbDBzsXDgbrL", "user": 8}, "model": "scoreserver.answerhistory"}, {"pk": 199, "fields": {"question": 1, "submit_flag": "FLAG_IS_TLsOnlghquFujvR", "user": 36}, "model": "scoreserver.answerhistory"}, {"pk": 200, "fields": {"question": 7, "submit_flag": "FLAG_IS_sQYCqbajsPJfPnj", "user": 29}, "model": "scoreserver.answerhistory"}, {"pk": 201, "fields": {"question": 2, "submit_flag": "FLAG_IS_iLnZteQOFEAHaih", "user": 2}, "model": "scoreserver.answerhistory"}, {"pk": 202, "fields": {"question": 4, "submit_flag": "FLAG_IS_keZGHwdqkTqLIwg", "user": 6}, "model": "scoreserver.answerhistory"}, {"pk": 203, "fields": {"question": 3, "submit_flag": "FLAG_IS_FUXhqtyWpJtTxgw", "user": 42}, "model": "scoreserver.answerhistory"}, {"pk": 204, "fields": {"question": 9, "submit_flag": "FLAG_IS_xPuCmgUPxonyFMX", "user": 22}, "model": "scoreserver.answerhistory"}, {"pk": 205, "fields": {"question": 7, "submit_flag": "FLAG_IS_joYxkUlQbczyHvc", "user": 4}, "model": "scoreserver.answerhistory"}, {"pk": 206, "fields": {"question": 2, "submit_flag": "FLAG_IS_evqYhVwhmChYtvX", "user": 46}, "model": "scoreserver.answerhistory"}, {"pk": 207, "fields": {"question": 9, "submit_flag": "FLAG_IS_XjaeKnUxOyctQMw", "user": 16}, "model": "scoreserver.answerhistory"}, {"pk": 208, "fields": {"question": 7, "submit_flag": "FLAG_IS_uwWyyLsYDjWpPhL", "user": 48}, "model": "scoreserver.answerhistory"}, {"pk": 209, "fields": {"question": 6, "submit_flag": "FLAG_IS_wtUvSXHGkiPKXbD", "user": 32}, "model": "scoreserver.answerhistory"}, {"pk": 210, "fields": {"question": 8, "submit_flag": "FLAG_IS_QRwFuMlSeBdLSqs", "user": 32}, "model": "scoreserver.answerhistory"}, {"pk": 211, "fields": {"question": 9, "submit_flag": "FLAG_IS_cDnVTDcRoKIxeVJ", "user": 19}, "model": "scoreserver.answerhistory"}, {"pk": 212, "fields": {"question": 3, "submit_flag": "FLAG_IS_PrpqRSDyCxhFlLq", "user": 17}, "model": "scoreserver.answerhistory"}, {"pk": 213, "fields": {"question": 1, "submit_flag": "FLAG_IS_MUJHThNKtgaktho", "user": 9}, "model": "scoreserver.answerhistory"}, {"pk": 214, "fields": {"question": 5, "submit_flag": "FLAG_IS_JufACOliaEsbZza", "user": 42}, "model": "scoreserver.answerhistory"}, {"pk": 215, "fields": {"question": 8, "submit_flag": "FLAG_IS_bjiAIuQIocWkcIG", "user": 41}, "model": "scoreserver.answerhistory"}, {"pk": 216, "fields": {"question": 1, "submit_flag": "FLAG_IS_HPfARyVzrACSlGe", "user": 16}, "model": "scoreserver.answerhistory"}, {"pk": 217, "fields": {"question": 5, "submit_flag": "FLAG_IS_JCyDpftUITwaWDM", "user": 37}, "model": "scoreserver.answerhistory"}, {"pk": 218, "fields": {"question": 4, "submit_flag": "FLAG_IS_jixIOjcSOgBWRUq", "user": 16}, "model": "scoreserver.answerhistory"}, {"pk": 219, "fields": {"question": 1, "submit_flag": "FLAG_IS_DyreCSMyfXCtSVs", "user": 35}, "model": "scoreserver.answerhistory"}, {"pk": 220, "fields": {"question": 5, "submit_flag": "FLAG_IS_BHgiutdYdlSNjla", "user": 29}, "model": "scoreserver.answerhistory"}, {"pk": 221, "fields": {"question": 7, "submit_flag": "FLAG_IS_iQYBMSiuXxybERY", "user": 10}, "model": "scoreserver.answerhistory"}, {"pk": 222, "fields": {"question": 4, "submit_flag": "FLAG_IS_SBUgjiKkRXTXmGq", "user": 8}, "model": "scoreserver.answerhistory"}, {"pk": 223, "fields": {"question": 3, "submit_flag": "FLAG_IS_CsHcrDLXPiALgBi", "user": 2}, "model": "scoreserver.answerhistory"}, {"pk": 224, "fields": {"question": 8, "submit_flag": "FLAG_IS_wukDdpTpGmlPXnu", "user": 20}, "model": "scoreserver.answerhistory"}, {"pk": 225, "fields": {"question": 3, "submit_flag": "FLAG_IS_nccCWYdbKCWhCmD", "user": 29}, "model": "scoreserver.answerhistory"}, {"pk": 226, "fields": {"question": 4, "submit_flag": "FLAG_IS_pnFHdoCZHMpVMFD", "user": 10}, "model": "scoreserver.answerhistory"}, {"pk": 227, "fields": {"question": 1, "submit_flag": "FLAG_IS_xMPQNMbZFyFcqju", "user": 33}, "model": "scoreserver.answerhistory"}, {"pk": 228, "fields": {"question": 8, "submit_flag": "FLAG_IS_bFwBVzqgvCEcZXJ", "user": 48}, "model": "scoreserver.answerhistory"}, {"pk": 229, "fields": {"question": 4, "submit_flag": "FLAG_IS_MQsYwDwpKEjjAXb", "user": 32}, "model": "scoreserver.answerhistory"}, {"pk": 230, "fields": {"question": 8, "submit_flag": "FLAG_IS_wJolaLPqikcTgSl", "user": 44}, "model": "scoreserver.answerhistory"}, {"pk": 231, "fields": {"question": 5, "submit_flag": "FLAG_IS_bqXgqixbsrPgSKO", "user": 27}, "model": "scoreserver.answerhistory"}, {"pk": 232, "fields": {"question": 1, "submit_flag": "FLAG_IS_SVdHhOdcrXhTMYC", "user": 22}, "model": "scoreserver.answerhistory"}, {"pk": 233, "fields": {"question": 1, "submit_flag": "FLAG_IS_XxGQMGFtobfYVuD", "user": 3}, "model": "scoreserver.answerhistory"}, {"pk": 234, "fields": {"question": 5, "submit_flag": "FLAG_IS_SuIzbzzXivQGpLS", "user": 28}, "model": "scoreserver.answerhistory"}, {"pk": 235, "fields": {"question": 7, "submit_flag": "FLAG_IS_eXNJGQQLTVwxdDZ", "user": 15}, "model": "scoreserver.answerhistory"}, {"pk": 236, "fields": {"question": 8, "submit_flag": "FLAG_IS_FsDjoKqjoxWQTwV", "user": 27}, "model": "scoreserver.answerhistory"}, {"pk": 237, "fields": {"question": 7, "submit_flag": "FLAG_IS_neMFrSaFQPxkgSi", "user": 9}, "model": "scoreserver.answerhistory"}, {"pk": 238, "fields": {"question": 9, "submit_flag": "FLAG_IS_tDOXbUzihvfPOka", "user": 2}, "model": "scoreserver.answerhistory"}, {"pk": 239, "fields": {"question": 1, "submit_flag": "FLAG_IS_NzAIBGMvPsgPtmG", "user": 23}, "model": "scoreserver.answerhistory"}, {"pk": 240, "fields": {"question": 5, "submit_flag": "FLAG_IS_qEaWKUoQFUWAFsk", "user": 46}, "model": "scoreserver.answerhistory"}, {"pk": 241, "fields": {"question": 8, "submit_flag": "FLAG_IS_GbLoIimHDQRasnC", "user": 34}, "model": "scoreserver.answerhistory"}, {"pk": 242, "fields": {"question": 6, "submit_flag": "FLAG_IS_CDEPGmbGwwTAdcD", "user": 31}, "model": "scoreserver.answerhistory"}, {"pk": 243, "fields": {"question": 3, "submit_flag": "FLAG_IS_YrRPCZvzoinZwDJ", "user": 18}, "model": "scoreserver.answerhistory"}, {"pk": 244, "fields": {"question": 6, "submit_flag": "FLAG_IS_IzWtHjzjRQVXqFZ", "user": 14}, "model": "scoreserver.answerhistory"}, {"pk": 245, "fields": {"question": 7, "submit_flag": "FLAG_IS_CpKGpvieqBOjSsP", "user": 2}, "model": "scoreserver.answerhistory"}, {"pk": 246, "fields": {"question": 6, "submit_flag": "FLAG_IS_gmURJYCdPHBmSix", "user": 31}, "model": "scoreserver.answerhistory"}, {"pk": 247, "fields": {"question": 2, "submit_flag": "FLAG_IS_DNGCUntITfOzkze", "user": 27}, "model": "scoreserver.answerhistory"}, {"pk": 248, "fields": {"question": 6, "submit_flag": "FLAG_IS_byvTeTAouUJqasE", "user": 39}, "model": "scoreserver.answerhistory"}, {"pk": 249, "fields": {"question": 2, "submit_flag": "FLAG_IS_vexfLlFMkzyaZQs", "user": 48}, "model": "scoreserver.answerhistory"}, {"pk": 250, "fields": {"question": 4, "submit_flag": "FLAG_IS_FeIqLyVOvplMjPi", "user": 36}, "model": "scoreserver.answerhistory"}, {"pk": 251, "fields": {"question": 2, "submit_flag": "FLAG_IS_ZPNbnMlvfhnDKmT", "user": 48}, "model": "scoreserver.answerhistory"}, {"pk": 252, "fields": {"question": 6, "submit_flag": "FLAG_IS_MGVIzldMQURmZbV", "user": 19}, "model": "scoreserver.answerhistory"}, {"pk": 253, "fields": {"question": 3, "submit_flag": "FLAG_IS_CuilJQZOhUmJipu", "user": 36}, "model": "scoreserver.answerhistory"}, {"pk": 254, "fields": {"question": 5, "submit_flag": "FLAG_IS_rgvukTdRKtJHArM", "user": 15}, "model": "scoreserver.answerhistory"}, {"pk": 255, "fields": {"question": 7, "submit_flag": "FLAG_IS_PVyvvMIoLhKqENw", "user": 25}, "model": "scoreserver.answerhistory"}, {"pk": 256, "fields": {"question": 5, "submit_flag": "FLAG_IS_yBdhtiARdsqwaKA", "user": 30}, "model": "scoreserver.answerhistory"}, {"pk": 257, "fields": {"question": 4, "submit_flag": "FLAG_IS_tSicfVewyOcSbqW", "user": 24}, "model": "scoreserver.answerhistory"}, {"pk": 258, "fields": {"question": 9, "submit_flag": "FLAG_IS_wUeGdaBnWHahxto", "user": 15}, "model": "scoreserver.answerhistory"}, {"pk": 259, "fields": {"question": 4, "submit_flag": "FLAG_IS_BKQTlrFvIukiGqX", "user": 6}, "model": "scoreserver.answerhistory"}, {"pk": 260, "fields": {"question": 2, "submit_flag": "FLAG_IS_zsUotfJpimivqrv", "user": 2}, "model": "scoreserver.answerhistory"}, {"pk": 261, "fields": {"question": 1, "submit_flag": "FLAG_IS_vRRcSaOJJNKSHRV", "user": 14}, "model": "scoreserver.answerhistory"}, {"pk": 262, "fields": {"question": 5, "submit_flag": "FLAG_IS_rwXKcawIMyxrUcK", "user": 3}, "model": "scoreserver.answerhistory"}, {"pk": 263, "fields": {"question": 8, "submit_flag": "FLAG_IS_pMiffsichavOTOU", "user": 30}, "model": "scoreserver.answerhistory"}, {"pk": 264, "fields": {"question": 1, "submit_flag": "FLAG_IS_vnHKbqBwZxLuvVG", "user": 25}, "model": "scoreserver.answerhistory"}, {"pk": 265, "fields": {"question": 6, "submit_flag": "FLAG_IS_QQAMZNpgaAQNfAM", "user": 14}, "model": "scoreserver.answerhistory"}, {"pk": 266, "fields": {"question": 2, "submit_flag": "FLAG_IS_KweHixLglaHsCcq", "user": 12}, "model": "scoreserver.answerhistory"}, {"pk": 267, "fields": {"question": 3, "submit_flag": "FLAG_IS_kTcGMtCjTCmNGTQ", "user": 36}, "model": "scoreserver.answerhistory"}, {"pk": 268, "fields": {"question": 5, "submit_flag": "FLAG_IS_beaMtQibDFJnsUu", "user": 29}, "model": "scoreserver.answerhistory"}, {"pk": 269, "fields": {"question": 2, "submit_flag": "FLAG_IS_StYEvRAfQubNylu", "user": 46}, "model": "scoreserver.answerhistory"}, {"pk": 270, "fields": {"question": 8, "submit_flag": "FLAG_IS_RBHiIKwGKyYnnsG", "user": 23}, "model": "scoreserver.answerhistory"}, {"pk": 271, "fields": {"question": 4, "submit_flag": "FLAG_IS_gFLgTvFAcYgLlxJ", "user": 1}, "model": "scoreserver.answerhistory"}, {"pk": 272, "fields": {"question": 1, "submit_flag": "FLAG_IS_jsEoawwYzDCaLxZ", "user": 21}, "model": "scoreserver.answerhistory"}, {"pk": 273, "fields": {"question": 6, "submit_flag": "FLAG_IS_bQhuetpYRKMCLot", "user": 33}, "model": "scoreserver.answerhistory"}, {"pk": 274, "fields": {"question": 8, "submit_flag": "FLAG_IS_ySGJVZtJCmEHIBg", "user": 46}, "model": "scoreserver.answerhistory"}, {"pk": 275, "fields": {"question": 1, "submit_flag": "FLAG_IS_OqwdmvvnWyZymhZ", "user": 1}, "model": "scoreserver.answerhistory"}, {"pk": 276, "fields": {"question": 5, "submit_flag": "FLAG_IS_qoZhaauEZGzumaR", "user": 18}, "model": "scoreserver.answerhistory"}, {"pk": 277, "fields": {"question": 8, "submit_flag": "FLAG_IS_nBfaFzNZAWAVLEQ", "user": 42}, "model": "scoreserver.answerhistory"}, {"pk": 278, "fields": {"question": 3, "submit_flag": "FLAG_IS_vLeiaCkLXrAVPYk", "user": 17}, "model": "scoreserver.answerhistory"}, {"pk": 279, "fields": {"question": 3, "submit_flag": "FLAG_IS_bpMOaIGRJCXJJYW", "user": 6}, "model": "scoreserver.answerhistory"}, {"pk": 280, "fields": {"question": 9, "submit_flag": "FLAG_IS_IAxkpyCtpjvfTof", "user": 22}, "model": "scoreserver.answerhistory"}, {"pk": 281, "fields": {"question": 1, "submit_flag": "FLAG_IS_buUbJnKTaJVPGsx", "user": 40}, "model": "scoreserver.answerhistory"}, {"pk": 282, "fields": {"question": 8, "submit_flag": "FLAG_IS_BHJCCTmIFNgTfFp", "user": 30}, "model": "scoreserver.answerhistory"}, {"pk": 283, "fields": {"question": 6, "submit_flag": "FLAG_IS_sUXMGmlVcHekucA", "user": 30}, "model": "scoreserver.answerhistory"}, {"pk": 284, "fields": {"question": 9, "submit_flag": "FLAG_IS_CAnYagIAOpaniDk", "user": 23}, "model": "scoreserver.answerhistory"}, {"pk": 285, "fields": {"question": 5, "submit_flag": "FLAG_IS_fJptnadxONiHTqk", "user": 10}, "model": "scoreserver.answerhistory"}, {"pk": 286, "fields": {"question": 3, "submit_flag": "FLAG_IS_zXBqxqbybgVLwRL", "user": 30}, "model": "scoreserver.answerhistory"}, {"pk": 287, "fields": {"question": 1, "submit_flag": "FLAG_IS_oNVKNyInxegcnzi", "user": 44}, "model": "scoreserver.answerhistory"}, {"pk": 288, "fields": {"question": 1, "submit_flag": "FLAG_IS_vvScGzMeDzhdjNZ", "user": 39}, "model": "scoreserver.answerhistory"}, {"pk": 289, "fields": {"question": 9, "submit_flag": "FLAG_IS_pYDtNwpnrIXXZlu", "user": 19}, "model": "scoreserver.answerhistory"}, {"pk": 290, "fields": {"question": 6, "submit_flag": "FLAG_IS_OSvVVUJKGeSOjmM", "user": 38}, "model": "scoreserver.answerhistory"}, {"pk": 291, "fields": {"question": 8, "submit_flag": "FLAG_IS_jopVaqurYLIwANx", "user": 29}, "model": "scoreserver.answerhistory"}, {"pk": 292, "fields": {"question": 8, "submit_flag": "FLAG_IS_aetDNALkbbnOWwN", "user": 26}, "model": "scoreserver.answerhistory"}, {"pk": 293, "fields": {"question": 9, "submit_flag": "FLAG_IS_KsOPcfHEWsUmyyP", "user": 36}, "model": "scoreserver.answerhistory"}, {"pk": 294, "fields": {"question": 7, "submit_flag": "FLAG_IS_lOaWGSgSmKMyNcO", "user": 18}, "model": "scoreserver.answerhistory"}, {"pk": 295, "fields": {"question": 8, "submit_flag": "FLAG_IS_HCMTGbacRONZYME", "user": 11}, "model": "scoreserver.answerhistory"}, {"pk": 296, "fields": {"question": 1, "submit_flag": "FLAG_IS_ZBVCDoRTiMDofay", "user": 30}, "model": "scoreserver.answerhistory"}, {"pk": 297, "fields": {"question": 6, "submit_flag": "FLAG_IS_wedCxlJTCjGuZFW", "user": 23}, "model": "scoreserver.answerhistory"}, {"pk": 298, "fields": {"question": 6, "submit_flag": "FLAG_IS_zgKtxweyJabIclC", "user": 33}, "model": "scoreserver.answerhistory"}, {"pk": 299, "fields": {"question": 4, "submit_flag": "FLAG_IS_OgWKhMboNRPauEn", "user": 48}, "model": "scoreserver.answerhistory"}]